StandardizedName	StrainName	Paper	SRA	Coverage	GeographicOrigin	EcoOrigin	Country	Continent	Comment	PositionOnTree	Clade	SuperClade	Ploidy	NbHetSNPs	Heterozygosity	Zygosity	Aneuploidy
AAA	RM11-1a	Peter et al. 2018	ERR1309487	217.5	California_USA	Wine	USA	North America		476.0	6. West Europe Wine	S1. Wine	1	17.0	1.81e-06	Homozygous	euploid
AAB	CBS422a	Peter et al. 2018	ERR1308784	205.91	Odessa_Ukraine	Beer	Ukraine	Europe		1331.0	12. Belgium Beer 1		1	163.0	1.74e-05	Homozygous	euploid
AAC	CBS2165a	Peter et al. 2018	ERR1309038	270.71	England	Beer	United Kingdom	Europe		1719.0	19. UK Beer	S2. Beer	2	17206.0	0.00183649	Heterozygous	euploid
AAD	CBS436a	Peter et al. 2018	ERR1308805	205.23	Japan	Sake	Japan	Asia		2470.0	29. Sake	S3. Asian Fermentation	2	65.0	6.94e-06	Homozygous	aneu;+1*8;
AAE	CBS2806a	Peter et al. 2018	ERR1309410	227.87	Slovakia	Wine	Slovakia	Europe		448.0	5. Georgian Wine	S1. Wine	1	8.0	8.54e-07	Homozygous	euploid
AAG	CBS428a	Peter et al. 2018	ERR1308974	212.53						2227.0			1	59.0	6.3e-06	Homozygous	aneu;+2*11;
AAH	CBS1388a	Peter et al. 2018	ERR1309088	264.18						1638.0			1	130.0	1.39e-05	Homozygous	euploid
AAI	CBS2966a	Peter et al. 2018	ERR1309457	242.7	Denmark	Distillery	Denmark	Europe		191.0	1. AU Wine 1	S1. Wine	1	9.0	9.61e-07	Homozygous	euploid
AAK	CBS4093a	Peter et al. 2018	ERR1308664	266.68	Spain	Wine	Spain	Europe		393.0	5. Georgian Wine	S1. Wine	1	7.0	7.47e-07	Homozygous	euploid
AAL	CBS1236-a	Peter et al. 2018	ERR1309297	188.19	France	Bakery	France	Europe		1772.0	20. Mixed Origins 1	S2. Beer	2	25614.0	0.00273392	Heterozygous	aneu;-1*6;
AAM	CLIB192_1b	Peter et al. 2018	ERR1308737	188.01	France	Bakery	France	Europe		1773.0	20. Mixed Origins 1	S2. Beer	1	95.0	1.01e-05	Homozygous	euploid
AAN	CLIB274_1	Peter et al. 2018	ERR1308608	188.91	Czech Republic	Bakery	Czech Republic	Czech Republic		1859.0	20. Mixed Origins 1	S2. Beer	2	27712.0	0.00295785	Heterozygous	aneu;-1*3;
AAP	CLIB326_1	Peter et al. 2018	ERR1309494	196.51	Australia	Bakery	Australia	Oceania		1854.0	20. Mixed Origins 1	S2. Beer	2	25057.0	0.00267446	Heterozygous	euploid
AAQ	CLIB272_2	Peter et al. 2018	ERR1309237	164.93	USA	Beer	USA	North America		1333.0	12. Belgium Beer 1		1	280.0	2.99e-05	Homozygous	euploid
AAR	CLIB382_1b	Peter et al. 2018	ERR1308657	215.96	Ireland	Beer	Ireland	Europe		1377.0	12. Belgium Beer 1		1	201.0	2.15e-05	Homozygous	euploid
AAS	YJM145_b	Peter et al. 2018	ERR1309268	177.06	USA	Human_clinical	USA	North America		2126.0	25. US Clinical 1		1	87.0	9.29e-06	Homozygous	euploid
AAT	YJM280_b	Peter et al. 2018	ERR1308747	200.89	USA	Human_clinical	USA	North America		2119.0	25. US Clinical 1		1	95.0	1.01e-05	Homozygous	aneu;+1*1;
AAV	YJM320b	Peter et al. 2018	ERR1309414	188.09	California_USA	Human_clinical	USA	North America		2140.0	25. US Clinical 1		1	119.0	1.27e-05	Homozygous	euploid
ABA	YJM326_b	Peter et al. 2018	ERR1308820	216.88	California_USA	Human_clinical	USA	North America		2132.0			1	194.0	2.07e-05	Homozygous	euploid
ABB	YJM413_b	Peter et al. 2018	ERR1308725	196.77	USA	Human_clinical	USA	North America		2562.0	30. Mantou	S3. Asian Fermentation	1	87.0	9.29e-06	Homozygous	euploid
ABC	YJM421_b	Peter et al. 2018	ERR1309192	204.43	USA	Human_clinical	USA	North America		2634.0	32. US Clinical 3		1	161.0	1.72e-05	Homozygous	euploid
ABD	YJM428_1b	Peter et al. 2018	ERR1309216	206.14	California_USA	Human_clinical	USA	North America		2180.0			2	100.0	1.07e-05	Homozygous	aneu;+2*16;
ABE	YJM434_1b	Peter et al. 2018	ERR1309094	196.82		Human_clinical				125.0	1. AU Wine 1	S1. Wine	1	9.0	9.61e-07	Homozygous	euploid
ABF	YJM436_1b	Peter et al. 2018	ERR1308756	183.13		Human_clinical				2295.0			1	126.0	1.34e-05	Homozygous	euploid
ABG	YJM440_1b	Peter et al. 2018	ERR1308928	177.41		Human_clinical				2113.0	25. US Clinical 1		1	110.0	1.17e-05	Homozygous	euploid
ABH	YJM454_1b	Peter et al. 2018	ERR1309451	182.62		Human_clinical				2213.0			1	83.0	8.86e-06	Homozygous	euploid
ABI	YJM653_1b	Peter et al. 2018	ERR1309242	208.24	USA	Human_clinical	USA	North America		2096.0	25. US Clinical 1		1	89.0	9.5e-06	Homozygous	euploid
ABK	YJM678_1b	Peter et al. 2018	ERR1309051	202.3		Human_clinical				2128.0	25. US Clinical 1		1	95.0	1.01e-05	Homozygous	euploid
ABL	CBS2888_1b	Peter et al. 2018	ERR1309450	294.93	South Africa	Soil	South Africa	Africa		2819.0	36. North American Wild	S4. Wild	1	53.0	5.66e-06	Homozygous	euploid
ABM	CBS3093_1b	Peter et al. 2018	ERR1309305	198.27	Spain	Industrial	Spain	Europe		307.0	3. Alpechin		1	283.0	3.02e-05	Homozygous	euploid
ABP	CECT10109_1b	Peter et al. 2018	ERR1309483	214.87	Spain	Fruit	Spain	Europe		683.0	7. AU Wine 3	S1. Wine	1	46.0	4.9100000000000004e-06	Homozygous	euploid
ABQ	DBVPG1788_1b	Peter et al. 2018	ERR1309108	202.47	Finland	Soil	Finland	Europe		30.0	1. AU Wine 1	S1. Wine	1	18.0	1.92e-06	Homozygous	euploid
ABR	DBVPG1794_1b	Peter et al. 2018	ERR1308614	189.0	Finland	Soil	Finland	Europe		29.0	1. AU Wine 1	S1. Wine	1	17.0	1.81e-06	Homozygous	euploid
ABS	DBVPG3591_1b	Peter et al. 2018	ERR1309033	297.09		Nature				533.0	6. West Europe Wine	S1. Wine	1	12.0	1.28e-06	Homozygous	euploid
ABT	DBVPG4651_1b	Peter et al. 2018	ERR1308686	209.22	Italy	Nature	Italy	Europe		672.0	7. AU Wine 3	S1. Wine	1	25.0	2.67e-06	Homozygous	euploid
ABV	DBVPG6861	Peter et al. 2018	ERR1308582	240.55	Tijuca forest_Rio de Janeiro_Brazil	Water	Brazil	South America		1844.0	20. Mixed Origins 1	S2. Beer	3	43462.0	0.00463892	Heterozygous	aneu;+1*1;+1*9;
ACA	EM93_3	Peter et al. 2018	ERR1309429	229.96	California_USA	Fruit	USA	North America		2060.0	24. Lab Strains		1	7.0	7.47e-07	Homozygous	euploid
ACB	TL229S2.2	Peter et al. 2018	ERR1308825	249.29	France	Dairy	France	Europe		2061.0	24. Lab Strains		1	7.0	7.47e-07	Homozygous	euploid
ACC	YPS1000_1b	Peter et al. 2018	ERR1308993	244.99	USA	Tree	USA	North America		2710.0	34. South American Wild	S4. Wild	1	91.0	9.71e-06	Homozygous	euploid
ACD	YPS163_1b	Peter et al. 2018	ERR1308915	202.43	USA	Tree	USA	North America		3023.0	39. Asian Oak	S4. Wild	1	78.0	8.33e-06	Homozygous	euploid
ACF	CLIB294_1b	Peter et al. 2018	ERR1309423	202.32	France	Distillery	France	Europe		74.0	1. AU Wine 1	S1. Wine	1	12.0	1.28e-06	Homozygous	euploid
ACG	CLIB413_1b	Peter et al. 2018	ERR1309431	177.98	China	Fermentation	China	Asia		1285.0			1	80.0	8.54e-06	Homozygous	euploid
ACH	CLIB483_1b	Peter et al. 2018	ERR1309194	204.14	Brittany_France	Cider	France	Europe		1286.0			1	80.0	8.54e-06	Homozygous	euploid
ACI	Y10_1b	Peter et al. 2018	ERR1309154	183.1	Philippines	Fruit	Philippines	Asia		2639.0			1	144.0	1.54e-05	Homozygous	euploid
ACK	Y12_1b	Peter et al. 2018	ERR1308893	222.82	Ivory Coast	Palm wine	Ivory Coast	Africa		2561.0	30. Mantou	S3. Asian Fermentation	1	86.0	9.18e-06	Homozygous	euploid
ACL	Y3_1b	Peter et al. 2018	ERR1309459	211.88		Palm wine				2292.0			1	147.0	1.57e-05	Homozygous	aneu;+1*12;
ACM	Y9_4	Peter et al. 2018	ERR1308607	216.15	Indonesia	Fermentation	Indonesia	Asia		2558.0	30. Mantou	S3. Asian Fermentation	1	85.0	9.07e-06	Homozygous	euploid
ACN	YJM269_1b	Peter et al. 2018	ERR1308890	190.73	Austria	Wine	Austria	Europe		2047.0	24. Lab Strains		1	13.0	1.39e-06	Homozygous	euploid
ACP	CLIB154_1b	Peter et al. 2018	ERR1308665	241.15	Russia	Wine	Russia	Europe		165.0	1. AU Wine 1	S1. Wine	1	10.0	1.07e-06	Homozygous	euploid
ACQ	CLIB219_2b	Peter et al. 2018	ERR1308618	217.71	Russia	Wine	Russia	Europe		2744.0	35. Chinese Wild	S4. Wild	1	115.0	1.23e-05	Homozygous	euploid
ACR	DBVPG1339_1b	Peter et al. 2018	ERR1309466	272.7	Netherlands	Wine	Netherlands	Europe		558.0	6. West Europe Wine	S1. Wine	1	22.0	2.35e-06	Homozygous	euploid
ACS	I14_1b	Peter et al. 2018	ERR1309144	238.47	Italy	Wine	Italy	Europe		1539.0			1	48.0	5.12e-06	Homozygous	euploid
ACT	UC8_1b	Peter et al. 2018	ERR1308791	242.82	South Africa	Wine	South Africa	Africa		816.0	7. AU Wine 3	S1. Wine	1	19.0	2.03e-06	Homozygous	aneu;+1*1;
ACV	WE372_1b	Peter et al. 2018	ERR1308596	255.93	South Africa	Wine	South Africa	Africa		817.0	7. AU Wine 3	S1. Wine	1	24.0	2.56e-06	Homozygous	aneu;+1*1;
ADA	Y55_1b	Peter et al. 2018	ERR1309427	267.17	France	Wine	France	Europe		2055.0			1	94.0	1e-05	Homozygous	euploid
ADB	Y9J_1b	Peter et al. 2018	ERR1309415	259.21	Japan	Wine	Japan	Asia		691.0	7. AU Wine 3	S1. Wine	1	70.0	7.47e-06	Homozygous	aneu;+2*10;+1*11;+1*3;+1*5;+1*8;
ADC	UC1_1b	Peter et al. 2018	ERR1308809	258.65	France	Wine	France	Europe		491.0	6. West Europe Wine	S1. Wine	1	8.0	8.54e-07	Homozygous	euploid
ADD	IL_01_b	Peter et al. 2018	ERR1308917	224.66	Illinois_USA	Soil	USA	North America		622.0	7. AU Wine 3	S1. Wine	1	2.0	2.13e-07	Homozygous	euploid
ADE	PW5_b	Peter et al. 2018	ERR1309020	261.47	Aba_Abia State_Nigeria	Palm wine	Nigeria	Africa		1958.0	22. French Guiana Human		1	98.0	1.05e-05	Homozygous	euploid
ADF	YPS1009_b	Peter et al. 2018	ERR1309089	270.63	USA	Tree	USA	North America		2683.0	33. African Palm Wine		1	98.0	1.05e-05	Homozygous	euploid
ADG	NC_02_b	Peter et al. 2018	ERR1308685	264.64	North Carolina_USA	Tree	USA	North America		2843.0	36. North American Wild	S4. Wild	1	94.0	1e-05	Homozygous	euploid
ADH	T7_b	Peter et al. 2018	ERR1309064	286.58	Babler State Park_MO_USA	Tree	USA	North America		2563.0	30. Mantou	S3. Asian Fermentation	1	88.0	9.39e-06	Homozygous	euploid
ADI	YJM981_b	Peter et al. 2018	ERR1308593	220.39	Italy	Human_clinical	Italy	Europe		618.0	7. AU Wine 3	S1. Wine	1	4.0	4.27e-07	Homozygous	euploid
ADK	CLIB208_1	Peter et al. 2018	ERR1308807	223.54	Shanaong_China	Bakery	China	Asia		2089.0			2	19676.0	0.00210012	Heterozygous	aneu;-1*9;
ADL	CLIB318_1	Peter et al. 2018	ERR1309122	216.23	Netherlands	Bakery	Netherlands	Europe		1892.0	21. Mixed Origins 2	S2. Beer	2	31211.0	0.00333131	Heterozygous	aneu;+1*1;+1*11;+1*6;+1*9;
ADM	CLIB324_2	Peter et al. 2018	ERR1309212	298.37	Vietnam	Bakery	Vietnam	Asia		1906.0	21. Mixed Origins 2	S2. Beer	2	28346.0	0.00302552	Heterozygous	euploid
ADN	K1_1	Peter et al. 2018	ERR1309159	207.33	Japan	Sake	Japan	Asia		2490.0	29. Sake	S3. Asian Fermentation	1	85.0	9.07e-06	Homozygous	euploid
ADP	Y6_b	Peter et al. 2018	ERR1308698	267.09	French Guiana		French Guiana	South America		1822.0	20. Mixed Origins 1	S2. Beer	2	2916.0	0.00031124	Heterozygous	aneu;-1*1;-1*10;-1*12;-1*13;-1*14;-1*15;-1*16;-1*2;-1*3;-1*4;-1*5;-1*6;-1*7;-1*8;
ADQ	K12_2	Peter et al. 2018	ERR1309029	208.05	Japan	Sake	Japan	Asia		2482.0	29. Sake	S3. Asian Fermentation	1	47.0	5.02e-06	Homozygous	euploid
ADR	M22_1b	Peter et al. 2018	ERR1308788	225.93	Italy	Wine	Italy	Europe		910.0	8. AU Wine 4	S1. Wine	1	11.0	1.17e-06	Homozygous	euploid
ADS	T73_1b	Peter et al. 2018	ERR1309526	210.41	Alicante_Spain	Wine	Spain	Europe		542.0	6. West Europe Wine	S1. Wine	2	9.0	9.61e-07	Homozygous	euploid
ADT	CBS7765	Peter et al. 2018	ERR1309028	266.88	Sweden_Goteborg	Nature	Sweden	Europe		2074.0	24. Lab Strains		1	0.0	0.0	Homozygous	euploid
ADV	CBS7903	Peter et al. 2018	ERR1309484	218.53	Nigeria	Palm wine	Nigeria	Africa		2664.0	33. African Palm Wine		1	103.0	1.1e-05	Homozygous	euploid
AEA	CBS7958	Peter et al. 2018	ERR1309406	208.71	Sao Paulo_Brazil	Industrial	Brazil	South America		1375.0	12. Belgium Beer 1		1	202.0	2.16e-05	Homozygous	euploid
AEB	CBS1171	Peter et al. 2018	ERR1309300	211.86	Oranjeboom brewery_Rotterdam_Netherlands	Beer	Netherlands	Europe		1675.0	18. Belgium Beer 2	S2. Beer	4	24794.0	0.00264639	Heterozygous	aneu;+1*15;+2*3;
AEC	CBS1248	Peter et al. 2018	ERR1309314	111.36		Beer				1700.0	19. UK Beer	S2. Beer	4	31307.0	0.00334156	Heterozygous	euploid
AEE	CBS2441	Peter et al. 2018	ERR1309047	222.67		Distillery				2267.0			3	26632.0	0.00284257	Heterozygous	aneu;+3*1;+1*5;+1*8;+1*9;
AEF	CBS6414	Peter et al. 2018	ERR1308873	251.63	Japan	Sake	Japan	Asia		2463.0	29. Sake	S3. Asian Fermentation	1	40.0	4.27e-06	Homozygous	euploid
AEG	CBS7962	Peter et al. 2018	ERR1308731	254.96	Brazil	Industrial	Brazil	South America		1294.0	11. Brazilian Bioethanol		1	155.0	1.65e-05	Homozygous	euploid
AEH	CBS7964	Peter et al. 2018	ERR1308847	270.27	Brazil	Industrial	Brazil	South America		1297.0	11. Brazilian Bioethanol		1	45.0	4.8e-06	Homozygous	euploid
AEI	CBS1428	Peter et al. 2018	ERR1308980	239.66		Bakery				2302.0			1	105.0	1.12e-05	Homozygous	euploid
AEK	CBS4079	Peter et al. 2018	ERR1308639	302.59	Spain	Wine	Spain	Europe		397.0	5. Georgian Wine	S1. Wine	1	7.0	7.47e-07	Homozygous	euploid
AEL	CBS1394	Peter et al. 2018	ERR1309101	212.62		Distillery				2262.0			2	24369.0	0.00260103	Heterozygous	aneu;+1*5;-1*8;
AEM	CBS2973	Peter et al. 2018	ERR1308627	201.34		Beer				1806.0	20. Mixed Origins 1	S2. Beer	1	2305.0	0.00024603	Heterozygous	aneu;+1*11;
AEN	CBS4454	Peter et al. 2018	ERR1309076	207.02	South Africa	Beer	South Africa	Africa		1518.0	15. African Beer		2	11479.0	0.00122521	Heterozygous	aneu;+1*1;+2*12;+2*3;+1*4;
AEP	CBS1508	Peter et al. 2018	ERR1309160	327.29		Distillery				2506.0	30. Mantou	S3. Asian Fermentation	2	152.0	1.62e-05	Homozygous	aneu;+2*1;
AEQ	CBS1782	Peter et al. 2018	ERR1309512	226.95	Japan	Beer	Japan	Asia		1378.0	12. Belgium Beer 1		1	213.0	2.27e-05	Homozygous	euploid
AER	CBS2970	Peter et al. 2018	ERR1309522	218.44	San Jose sugar mill_Rio Piedras_Puerto Rico	Industrial	Puerto Rico	North America		1609.0			1	4414.0	0.00047113	Heterozygous	aneu;+1*2;+1*4;
AES	CBS4054	Peter et al. 2018	ERR1309368	183.53	Spain	Wine	Spain	Europe		420.0	5. Georgian Wine	S1. Wine	1	8.0	8.54e-07	Homozygous	aneu;+1*2;
AET	CBS6007	Peter et al. 2018	ERR1308679	185.36	Spain	Wine	Spain	Europe		395.0	5. Georgian Wine	S1. Wine	1	6.0	6.4e-07	Homozygous	euploid
AEV	CBS6216	Peter et al. 2018	ERR1308650	228.34	Rotterdam_Netherlands	Water	Netherlands	Europe		1884.0		S2. Beer	2	22288.0	0.00237891	Heterozygous	aneu;-1*1;+1*7;
AFA	CBS6503	Peter et al. 2018	ERR1309420	202.66	UK	Beer	United Kingdom	Europe		1355.0	12. Belgium Beer 1		2	215.0	2.29e-05	Homozygous	aneu;-1*16;
AFB	CBS7371	Peter et al. 2018	ERR1308680	223.9	UK	Beer	United Kingdom	Europe		1360.0	12. Belgium Beer 1		1	226.0	2.41e-05	Homozygous	euploid
AFC	CBS7764	Peter et al. 2018	ERR1309327	293.9	Goteborg_Sweden	Fruit	Sweden	Europe		1811.0	20. Mixed Origins 1	S2. Beer	2	23560.0	0.00251468	Heterozygous	aneu;-1*14;+1*7;
AFD	CBS7960	Peter et al. 2018	ERR1308983	185.24	Sao Paulo_Brazil	Industrial	Brazil	South America		1298.0	11. Brazilian Bioethanol		1	45.0	4.8e-06	Homozygous	euploid
AFE	CBS8291	Peter et al. 2018	ERR1309127	187.94	Sweden	Water	Sweden	Europe		1795.0	20. Mixed Origins 1	S2. Beer	2	19835.0	0.00211709	Heterozygous	euploid
AFF	CBS1252	Peter et al. 2018	ERR1309131	212.61	France	Bakery	France	Europe		1635.0		S2. Beer	1	92.0	9.820000000000001e-06	Homozygous	euploid
AFG	CBS1387	Peter et al. 2018	ERR1309145	677.67		Bakery				2303.0			1	86.0	9.18e-06	Homozygous	euploid
AFH	CBS1509	Peter et al. 2018	ERR1309521	483.78		Distillery				2504.0	30. Mantou	S3. Asian Fermentation	1	35.0	3.74e-06	Homozygous	euploid
AFI	CBS2183	Peter et al. 2018	ERR1309513	407.18	Chateau Chalon France	Wine	France	Europe		421.0	5. Georgian Wine	S1. Wine	1	28.0	2.99e-06	Homozygous	euploid
AFK	CBS2992	Peter et al. 2018	ERR1308753	186.73	Pakistan	Palm wine	Pakistan	Asia		2915.0	38. Taiwan Wild 2	S4. Wild	2	115.0	1.23e-05	Homozygous	euploid
AFL	CBS4456	Peter et al. 2018	ERR1308843	191.7	South Africa	Beer	South Africa	Africa		1517.0	15. African Beer		1	707.0	7.55e-05	Heterozygous	aneu;+1*8;
AFM	CBS6412	Peter et al. 2018	ERR1308937	692.6	Japan	Sake	Japan	Asia		2486.0	29. Sake	S3. Asian Fermentation	1	153.0	1.63e-05	Homozygous	aneu;+1*1;
AFN	CBS6413	Peter et al. 2018	ERR1309509	251.4	Japan	Sake	Japan	Asia		2480.0	29. Sake	S3. Asian Fermentation	1	42.0	4.48e-06	Homozygous	euploid
AFP	CBS6505	Peter et al. 2018	ERR1309364	242.74	UK	Beer	United Kingdom	Europe		1357.0	12. Belgium Beer 1		2	235.0	2.51e-05	Homozygous	euploid
AFQ	CBS7993	Peter et al. 2018	ERR1308647	242.7	Rio de Janeiro_Tijuca National Forest_Cushvara River_Brazil	Water	Brazil	South America		1603.0			1	23.0	2.45e-06	Homozygous	euploid
AFR	CBS7959	Peter et al. 2018	ERR1309137	251.37	Sao Paulo_Brazil	Industrial	Brazil	South America		1291.0	11. Brazilian Bioethanol		1	361.0	3.85e-05	Homozygous	aneu;+1*1;
AFS	CBS1173	Peter et al. 2018	ERR1309114	236.57		Fruit				1637.0			2	8316.0	0.00088761	Heterozygous	aneu;+1*1;+1*12;+1*13;+1*14;+1*2;-1*4;+1*5;+1*7;+1*8;
AFT	CBS1464	Peter et al. 2018	ERR1308987	221.43	Austria	Human_clinical	Austria	Europe		1807.0	20. Mixed Origins 1	S2. Beer	4	168.0	1.79e-05	Homozygous	aneu;+1*1;-1*12;+1*3;+1*6;
AFV	CBS2814	Peter et al. 2018	ERR1308598	223.79	Slovakia	Wine	Slovakia	Europe		436.0	5. Georgian Wine	S1. Wine	2	9.0	9.61e-07	Homozygous	aneu;-1*5;
AGA	CBS3012	Peter et al. 2018	ERR1308814	232.73	Cadiz_Spain	Wine	Spain	Europe		669.0	7. AU Wine 3	S1. Wine	2	8.0	8.54e-07	Homozygous	aneu;+2*1;+2*8;
AGB	CBS6308	Peter et al. 2018	ERR1308892	60.21	South Yorkshire_UK	Beer	United Kingdom	Europe		1695.0	19. UK Beer	S2. Beer	2	19591.0	0.00209105	Heterozygous	euploid
AGC	CBS2444	Peter et al. 2018	ERR1309000	85.34	Seagrams distillery_Louisville_Kentucky	Distillery	USA	North America		1636.0			1	4695.0	0.00050112	Heterozygous	euploid
AGE	CBS1385	Peter et al. 2018	ERR1309444	211.39		Bakery				1796.0	20. Mixed Origins 1	S2. Beer	2	22955.0	0.00245011	Heterozygous	aneu;-1*6;
AGF	CBS1479	Peter et al. 2018	ERR1309486	474.81		Wine				3.0	1. AU Wine 1	S1. Wine	1	10.0	1.07e-06	Homozygous	euploid
AGG	CBS1480	Peter et al. 2018	ERR1308790	216.93		Distillery				2505.0	30. Mantou	S3. Asian Fermentation	2	3912.0	0.00041755	Heterozygous	euploid
AGH	CBS1582	Peter et al. 2018	ERR1309035	225.47	Portugal	Wine	Portugal	Europe		68.0	1. AU Wine 1	S1. Wine	1	9.0	9.61e-07	Homozygous	euploid
AGI	CBS1590	Peter et al. 2018	ERR1308800	327.56	Italy	Wine	Italy	Europe		33.0	1. AU Wine 1	S1. Wine	2	10.0	1.07e-06	Homozygous	aneu;+1*1;+1*3;+1*6;
AGK	CBS2361	Peter et al. 2018	ERR1308845	405.33	UK	Nature	United Kingdom	Europe		1793.0	20. Mixed Origins 1	S2. Beer	1	161.0	1.72e-05	Homozygous	euploid
AGL	CBS4458	Peter et al. 2018	ERR1308762	921.3	France	Wine	France	Europe		122.0	1. AU Wine 1	S1. Wine	1	21.0	2.24e-06	Homozygous	aneu;+1*1;
AGM	CBS7961	Peter et al. 2018	ERR1309110	434.45	Sao Paulo_Brazil	Industrial	Brazil	South America		1295.0	11. Brazilian Bioethanol		1	92.0	9.820000000000001e-06	Homozygous	euploid
AGN	CBS439	Peter et al. 2018	ERR1309412	189.88	Germany	Wine	Germany	Europe		104.0	1. AU Wine 1	S1. Wine	1	16.0	1.71e-06	Homozygous	euploid
AGP	CBS1544	Peter et al. 2018	ERR1308795	287.01	Netherlands	Fruit	Netherlands	Europe		2176.0			1	1916.0	0.00020451	Heterozygous	aneu;+1*1;+1*9;
AGR	CBS1594	Peter et al. 2018	ERR1309258	188.68		Nature				2921.0	38. Taiwan Wild 2	S4. Wild	1	138.0	1.47e-05	Homozygous	euploid
AGS	CBS3013	Peter et al. 2018	ERR1309241	220.43	Cadiz_Spain	Wine	Spain	Europe		670.0	7. AU Wine 3	S1. Wine	1	10.0	1.07e-06	Homozygous	euploid
AGT	CBS3078	Peter et al. 2018	ERR1308673	215.25						2298.0			1	56.0	5.98e-06	Homozygous	euploid
AGV	CBS6223	Peter et al. 2018	ERR1308636	208.92	Chile	Wine	Chile	South America		659.0	7. AU Wine 3	S1. Wine	1	13.0	1.39e-06	Homozygous	euploid
AHA	CBS6333	Peter et al. 2018	ERR1309481	193.64	Costa Rica	Fruit	Costa Rica	North America		2225.0			1	103.0	1.1e-05	Homozygous	euploid
AHB	CBS4734	Peter et al. 2018	ERR1309288	213.35		Nature				1289.0			1	36.0	3.84e-06	Homozygous	euploid
AHC	CBS7963	Peter et al. 2018	ERR1309041	186.21	Sao Paulo_Brazil	Industrial	Brazil	South America		1296.0	11. Brazilian Bioethanol		1	37.0	3.95e-06	Homozygous	euploid
AHD	CBS1192	Peter et al. 2018	ERR1309455	307.98		Wine				2.0	1. AU Wine 1	S1. Wine	1	7.0	7.47e-07	Homozygous	aneu;+1*1;
AHE	CBS1194	Peter et al. 2018	ERR1309472	214.81		Wine				4.0	1. AU Wine 1	S1. Wine	1	188.0	2.01e-05	Homozygous	aneu;+1*8;
AHF	CBS1540	Peter et al. 2018	ERR1309361	235.42	Switzerland	Nature	Switzerland	Europe		1253.0	10. AU Wine 6	S1. Wine	1	22.0	2.35e-06	Homozygous	euploid
AHG	CBS1586	Peter et al. 2018	ERR1308781	227.73		Fruit				8.0	1. AU Wine 1	S1. Wine	1	35.0	3.74e-06	Homozygous	aneu;+1*10;
AHH	CBS3000	Peter et al. 2018	ERR1308924	202.82	Denmark	Palm wine	Denmark	Europe		2916.0	38. Taiwan Wild 2	S4. Wild	1	121.0	1.29e-05	Homozygous	euploid
AHI	CBS6914	Peter et al. 2018	ERR1308956	243.89	Spain	Wine	Spain	Europe		560.0	6. West Europe Wine	S1. Wine	1	7.0	7.47e-07	Homozygous	aneu;+1*14;
AHK	CBS2247	Peter et al. 2018	ERR1308738	210.66	South Africa	Wine	South Africa	Africa		422.0	5. Georgian Wine	S1. Wine	1	5.0	5.34e-07	Homozygous	euploid
AHL	CBS3081	Peter et al. 2018	ERR1309499	235.65	Spain	Industrial	Spain	Europe		315.0	3. Alpechin		1	332.0	3.54e-05	Homozygous	euploid
AHM	CBS3093	Peter et al. 2018	ERR1308934	205.57	Spain	Industrial	Spain	Europe		308.0	3. Alpechin		1	254.0	2.71e-05	Homozygous	euploid
AHN	CBS5635	Peter et al. 2018	ERR1309240	209.11	South Africa	Wine	South Africa	Africa		800.0	7. AU Wine 3	S1. Wine	1	31.0	3.31e-06	Homozygous	euploid
AHP	CBS5835	Peter et al. 2018	ERR1309345	264.63	Spain	Wine	Spain	Europe		394.0	5. Georgian Wine	S1. Wine	2	2053.0	0.00021913	Heterozygous	aneu;-1*1;
AHQ	CBS440	Peter et al. 2018	ERR1309019	239.06	Taiwan	Industrial	Taiwan	Asia		2496.0	30. Mantou	S3. Asian Fermentation	1	91.0	9.71e-06	Homozygous	euploid
AHR	CBS1227	Peter et al. 2018	ERR1308770	268.29	Romania	Human_clinical	Romania	Europe		98.0	1. AU Wine 1	S1. Wine	1	22.0	2.35e-06	Homozygous	euploid
AHS	CBS1419	Peter et al. 2018	ERR1308920	290.18	Ghana	Wine	Ghana	Africa		2659.0	33. African Palm Wine		1	66.0	7.04e-06	Homozygous	aneu;+1*9;
AHT	CBS1460	Peter et al. 2018	ERR1309437	243.62	Indonesia	Fermentation	Indonesia	Asia		455.0	6. West Europe Wine	S1. Wine	1	4.0	4.27e-07	Homozygous	euploid
AHV	CBS1487	Peter et al. 2018	ERR1309271	191.58		Beer				1775.0	20. Mixed Origins 1	S2. Beer	1	1963.0	0.00020952	Heterozygous	aneu;+1*1;+1*11;
AIA	CBS2180	Peter et al. 2018	ERR1309200	174.73	Italy	Wine	Italy	Europe		434.0	5. Georgian Wine	S1. Wine	1	4.0	4.27e-07	Homozygous	euploid
AIB	CBS2805	Peter et al. 2018	ERR1308949	233.2	Slovakia	Wine	Slovakia	Europe		449.0	5. Georgian Wine	S1. Wine	1	3.0	3.2e-07	Homozygous	euploid
AIC	CBS2807	Peter et al. 2018	ERR1309173	202.28	Slovakia	Wine	Slovakia	Europe		438.0	5. Georgian Wine	S1. Wine	1	8.0	8.54e-07	Homozygous	aneu;+1*3;
AID	CBS2909	Peter et al. 2018	ERR1309135	200.49		Human				302.0	3. Alpechin		2	4990.0	0.00053261	Heterozygous	euploid
AIE	CBS2910	Peter et al. 2018	ERR1308671	203.0	Portugal	Human	Portugal	Europe		303.0	3. Alpechin		1	176.0	1.88e-05	Homozygous	aneu;+1*9;
AIF	CBS457	Peter et al. 2018	ERR1309471	223.96	Italy	Wine	Italy	Europe		15.0	1. AU Wine 1	S1. Wine	2	3204.0	0.00034198	Heterozygous	aneu;-1*1;+1*11;+1*14;+1*16;-1*6;
AIG	CBS1463	Peter et al. 2018	ERR1309438	171.62		Beer				1349.0	12. Belgium Beer 1		1	137.0	1.46e-05	Homozygous	euploid
AII	C6.1	Peter et al. 2018	ERR1308616	326.4	Cameroon	Palm wine	Cameroon	Africa		10.0	1. AU Wine 1	S1. Wine	2	1300.0	0.00013876	Heterozygous	aneu;+1*1;
AIK	C15.1	Peter et al. 2018	ERR1308901	278.07	Cameroon	Nature	Cameroon	Africa		197.0	1. AU Wine 1	S1. Wine	2	988.0	0.00010545	Heterozygous	euploid
AIL	C10.4	Peter et al. 2018	ERR1308977	211.95	Cameroon	Nature	Cameroon	Africa		733.0	7. AU Wine 3	S1. Wine	2	3150.0	0.00033622	Heterozygous	euploid
AIM	E4	Peter et al. 2018	ERR1309350	216.69	Umbria_Italy	Wine	Italy	Europe		383.0		S1. Wine	2	8662.0	0.00092454	Heterozygous	euploid
AIN	MC5	Peter et al. 2018	ERR1309152	218.25	Ascoli Piceno_Italy	Wine	Italy	Europe		127.0	1. AU Wine 1	S1. Wine	2	1996.0	0.00021304	Heterozygous	euploid
AIP	MC6	Peter et al. 2018	ERR1308832	232.63	Umbria_Italy	Wine	Italy	Europe		408.0	5. Georgian Wine	S1. Wine	2	3668.0	0.00039151	Heterozygous	aneu;+1*9;
AIQ	MC7	Peter et al. 2018	ERR1308643	251.11	Umbria_Italy	Fermentation	Italy	Europe		142.0	1. AU Wine 1	S1. Wine	2	5585.0	0.00059612	Heterozygous	euploid
AIR	MC8	Peter et al. 2018	ERR1308799	244.07	Ascoli Piceno_Italy	Wine	Italy	Europe		133.0	1. AU Wine 1	S1. Wine	2	21.0	2.24e-06	Homozygous	euploid
AIT	MC10	Peter et al. 2018	ERR1309206	236.63	Umbria_Italy	Wine	Italy	Europe		134.0	1. AU Wine 1	S1. Wine	2	22.0	2.35e-06	Homozygous	euploid
AKB	NPA07.1	Peter et al. 2018	ERR1309231	238.4	Nigeria	Palm wine	Nigeria	Africa		2684.0	33. African Palm Wine		2	3496.0	0.00037315	Heterozygous	euploid
AKC	NPA05a1	Peter et al. 2018	ERR1309493	225.2	Nigeria	Palm wine	Nigeria	Africa		2679.0	33. African Palm Wine		3	4476.0	0.00047775	Heterozygous	aneu;-1*1;+1*14;-1*3;-1*6;
AKD	NPA05b1	Peter et al. 2018	ERR1309113	200.95	Nigeria	Palm wine	Nigeria	Africa		2682.0	33. African Palm Wine		3	3055.0	0.00032608	Heterozygous	aneu;-1*1;-1*3;-1*6;
AKE	NPA03.1	Peter et al. 2018	ERR1308907	194.18	Nigeria	Palm wine	Nigeria	Africa		2680.0	33. African Palm Wine		2	164.0	1.75e-05	Homozygous	aneu;-1*1;-1*6;
AKG	NPA06.1	Peter et al. 2018	ERR1309112	224.0	Nigeria	Palm wine	Nigeria	Africa		2663.0	33. African Palm Wine		2	147.0	1.57e-05	Homozygous	aneu;-1*1;-1*3;-1*6;
AKH	NPA02-1	Peter et al. 2018	ERR1309124	233.55	Nigeria	Palm wine	Nigeria	Africa		2681.0	33. African Palm Wine		2	156.0	1.67e-05	Homozygous	euploid
AKI	DBVPG6044	Peter et al. 2018	ERR1308695	174.85	West Africa	Wine	West Africa	West Africa		2056.0			2	99.0	1.06e-05	Homozygous	aneu;-1*1;-1*6;
AKL	K12	Peter et al. 2018	ERR1308634	241.71	Japan	Sake	Japan	Asia		2559.0	30. Mantou	S3. Asian Fermentation	2	9598.0	0.00102444	Heterozygous	euploid
AKM	UWOPS03-461.4	Peter et al. 2018	ERR1309380	200.3	Malaysia	Tree	Malaysia	Asia		2721.0		S4. Wild	2	75.0	8.01e-06	Homozygous	euploid
AKN	YPS128	Peter et al. 2018	ERR1308708	244.68	Pennsylvania_USA	Soil	USA	North America		3025.0	39. Asian Oak	S4. Wild	2	77.0	8.22e-06	Homozygous	euploid
AKP	CLQCA_02-003	Peter et al. 2018	ERR1309507	208.39	Santo Domingo_Ecuador	Industrial	Ecuador	South America		820.0	7. AU Wine 3	S1. Wine	2	28.0	2.99e-06	Homozygous	euploid
AKQ	CLQCA_04-021	Peter et al. 2018	ERR1309442	224.0	Los Rios_Ecuador	Insect	Ecuador	South America		1544.0			2	77.0	8.22e-06	Homozygous	euploid
AKR	CLQCA_05-006	Peter et al. 2018	ERR1308765	298.58	Guayas_Ecuador	Fruit	Ecuador	South America		2623.0	31. Huangjiu	S3. Asian Fermentation	2	4005.0	0.00042747	Heterozygous	euploid
AKS	CLQCA_09-001	Peter et al. 2018	ERR1308945	206.69	Imbabura_Ecuador	Flower	Ecuador	South America		1548.0			2	83.0	8.86e-06	Homozygous	euploid
AKT	CLQCA_10-003	Peter et al. 2018	ERR1308849	186.49	Pichincha_Ecuador	Insect	Ecuador	South America		1910.0	21. Mixed Origins 2	S2. Beer	2	28598.0	0.00305241	Heterozygous	euploid
AKV	CLQCA_10-027	Peter et al. 2018	ERR1309390	246.34	Pichincha_Ecuador	Nature	Ecuador	South America		819.0	7. AU Wine 3	S1. Wine	2	24.0	2.56e-06	Homozygous	aneu;-1*1;-1*6;
ALA	CLQCA_10-619	Peter et al. 2018	ERR1309430	241.23	Pichincha_Ecuador	Insect	Ecuador	South America		2611.0	31. Huangjiu	S3. Asian Fermentation	2	3928.0	0.00041926	Heterozygous	euploid
ALB	CLQCA_10-620	Peter et al. 2018	ERR1308938	219.43	Pichincha_Ecuador	Insect	Ecuador	South America		2615.0	31. Huangjiu	S3. Asian Fermentation	2	4045.0	0.00043174	Heterozygous	aneu;-1*1;
ALC	CLQCA_11-024	Peter et al. 2018	ERR1308644	261.45	Cotopaxi_Ecuador	Nature	Ecuador	South America		2613.0	31. Huangjiu	S3. Asian Fermentation	2	3732.0	0.00039834	Heterozygous	aneu;-1*1;-1*3;-1*6;
ALD	CLQCA_13-023	Peter et al. 2018	ERR1308986	220.6	Bolivar_Ecuador	Nature	Ecuador	South America		1416.0	13. French Dairy		2	14828.0	0.00158267	Heterozygous	euploid
ALE	CLQCA_17-060	Peter et al. 2018	ERR1308834	248.12	Loja_Ecuador	Insect	Ecuador	South America		818.0	7. AU Wine 3	S1. Wine	2	13.0	1.39e-06	Homozygous	euploid
ALG	CLQCA_18-003	Peter et al. 2018	ERR1309039	225.58	Sucumbios_Ecuador	Fruit	Ecuador	South America		1549.0			2	41.0	4.38e-06	Homozygous	euploid
ALH	CLQCA_19-011	Peter et al. 2018	ERR1308972	198.3	Napo_Ecuador	Nature	Ecuador	South America		2624.0	31. Huangjiu	S3. Asian Fermentation	2	3964.0	0.0004231	Heterozygous	aneu;-1*1;-1*6;
ALI	CLQCA_20-060	Peter et al. 2018	ERR1309514	210.33	Yasuni National Park_Orellana_Ecuador	Water	Ecuador	South America		1961.0	22. French Guiana Human		2	12804.0	0.00136664	Heterozygous	euploid
ALK	CLQCA_24SC-235	Peter et al. 2018	ERR1308623	176.31	Galapagos_Ecuador	Tree	Ecuador	South America		2612.0	31. Huangjiu	S3. Asian Fermentation	2	3046.0	0.00032512	Heterozygous	aneu;+1*5;
ALL	36271	Peter et al. 2018	ERR1309208	263.42	Bratislava_Slovakia	Water	Slovakia	Europe		93.0	1. AU Wine 1	S1. Wine	2	4445.0	0.00047444	Heterozygous	euploid
ALM	21-4-101	Peter et al. 2018	ERR1308792	202.62	Bratislava_Slovakia	Water	Slovakia	Europe		94.0	1. AU Wine 1	S1. Wine	2	4220.0	0.00045042	Heterozygous	aneu;+1*9;
ALN	21-4-103	Peter et al. 2018	ERR1309320	218.35	Bratislava_Deninska Nova Ves_Slovakia	Water	Slovakia	Europe		1861.0	20. Mixed Origins 1	S2. Beer	2	27554.0	0.00294098	Heterozygous	aneu;-1*1;-1*6;
ALP	21-4-105	Peter et al. 2018	ERR1309260	222.87	Bratislava_Deninska Nova Ves_Slovakia	Water	Slovakia	Europe		1862.0	20. Mixed Origins 1	S2. Beer	2	25015.0	0.00266998	Heterozygous	aneu;-1*1;-1*6;+1*9;
ALQ	21-4-111	Peter et al. 2018	ERR1308863	251.03	Male Zaluzie_Slovakia	Tree	Slovakia	Europe		173.0	1. AU Wine 1	S1. Wine	2	6.0	6.4e-07	Homozygous	euploid
ALR	21-4-114	Peter et al. 2018	ERR1308879	221.62	Male levare_Slovakia	Tree	Slovakia	Europe		2284.0			3	38399.0	0.00409852	Heterozygous	aneu;-1*1;+1*11;+1*12;-1*6;
ALS	21-4-116	Peter et al. 2018	ERR1309003	227.5	Male levare_Slovakia	Flower	Slovakia	Europe		188.0	1. AU Wine 1	S1. Wine	2	19.0	2.03e-06	Homozygous	euploid
ALT	21-4-122	Peter et al. 2018	ERR1309227	221.89	Male Zaluzie_Slovakia	Flower	Slovakia	Europe		168.0	1. AU Wine 1	S1. Wine	2	8.0	8.54e-07	Homozygous	euploid
ALV	21-4-124	Peter et al. 2018	ERR1309155	194.6	Male Zaluzie_Slovakia	Fruit	Slovakia	Europe		1850.0	20. Mixed Origins 1	S2. Beer	3	44627.0	0.00476327	Heterozygous	aneu;+1*11;-1*3;-1*6;+1*7;
AMA	21-4-125	Peter et al. 2018	ERR1308966	232.09	Male Zaluzie_Slovakia	Fruit	Slovakia	Europe		172.0	1. AU Wine 1	S1. Wine	3	5934.0	0.00063337	Heterozygous	euploid
AMB	IY_03-5-30-1-1-1_(1)	Peter et al. 2018	ERR1308617	208.41	Louisiana_USA	Insect	USA	North America		2830.0	36. North American Wild	S4. Wild	2	100.0	1.07e-05	Homozygous	aneu;-1*1;-1*6;
AMC	IY_03-5-26-5-1-1_(1)	Peter et al. 2018	ERR1308975	211.67	Louisiana_USA	Insect	USA	North America		2831.0	36. North American Wild	S4. Wild	2	97.0	1.04e-05	Homozygous	euploid
AMD	ES4M07	Peter et al. 2018	ERR1308587	222.68	Dongpu_Sinyi Township_Nantou_Taiwan	Fruit	Taiwan	Asia		2967.0	39. Asian Oak	S4. Wild	2	118.0	1.26e-05	Homozygous	euploid
AMF	ES2M03	Peter et al. 2018	ERR1309335	195.33	Dongpu_Sinyi Township_Nantou_Taiwan	Fruit	Taiwan	Asia		2968.0	39. Asian Oak	S4. Wild	2	106.0	1.13e-05	Homozygous	euploid
AMG	SJ7L01	Peter et al. 2018	ERR1309347	188.53	Tuchih_Nantou_Taiwan	Tree	Taiwan	Asia		1830.0	20. Mixed Origins 1	S2. Beer	3	39283.0	0.00419288	Heterozygous	euploid
AMH	EN14S01	Peter et al. 2018	ERR1308682	228.36	Sinyi_Nantou_Taiwan	Soil	Taiwan	Asia		2790.0	35. Chinese Wild	S4. Wild	2	112.0	1.2e-05	Homozygous	euploid
AMI	SJ1L04	Peter et al. 2018	ERR1309063	250.67	Yuchih_Nantou_Taiwan	Tree	Taiwan	Asia		1828.0	20. Mixed Origins 1	S2. Beer	3	38727.0	0.00413353	Heterozygous	aneu;-1*6;
AMK	SJ6L01	Peter et al. 2018	ERR1309092	232.24	Tuchih_Nantou_Taiwan	Tree	Taiwan	Asia		1825.0	20. Mixed Origins 1	S2. Beer	3	36755.0	0.00392305	Heterozygous	aneu;-1*7;
AML	SJ5L11	Peter et al. 2018	ERR1308615	203.88	Tuchih_Nantou_Taiwan	Tree	Taiwan	Asia		1827.0	20. Mixed Origins 1	S2. Beer	3	35872.0	0.0038288	Heterozygous	euploid
AMM	SJ5L12	Peter et al. 2018	ERR1308766	212.28	Beinan_Taitung_Taiwan	Tree	Taiwan	Asia		2859.0		S4. Wild	2	134.0	1.43e-05	Homozygous	euploid
AMN	SJ5L13	Peter et al. 2018	ERR1309385	252.83	Tuchih_Nantou_Taiwan	Tree	Taiwan	Asia		1879.0	20. Mixed Origins 1	S2. Beer	4	49408.0	0.00527357	Heterozygous	aneu;-2*1;-1*3;-2*6;
AMP	SJ5L14	Peter et al. 2018	ERR1309121	182.54	Taian_Miaoli_Taiwan	Fruit	Taiwan	Asia		1254.0	10. AU Wine 6	S1. Wine	2	9070.0	0.00096809	Heterozygous	aneu;-1*6;
AMQ	SJ5L15	Peter et al. 2018	ERR1308864	190.71	Tuchih_Nantou_Taiwan	Tree	Taiwan	Asia		1831.0	20. Mixed Origins 1	S2. Beer	3	38696.0	0.00413022	Heterozygous	euploid
AMR	SJ5L16	Peter et al. 2018	ERR1309143	222.7	Jhuosi_Hualein_Taiwan	Soil	Taiwan	Asia		673.0	7. AU Wine 3	S1. Wine	2	30.0	3.2e-06	Homozygous	euploid
AMS	SJ5L17	Peter et al. 2018	ERR1308981	215.82	Austria	Probiotic	Austria	Europe		737.0	7. AU Wine 3	S1. Wine	2	3561.0	0.00038008	Heterozygous	euploid
AMT	SJ5L18	Peter et al. 2018	ERR1308624	251.24	Austria	Probiotic	Austria	Europe		606.0	6. West Europe Wine	S1. Wine	2	1328.0	0.00014174	Heterozygous	euploid
ANA	DBVPG6696	Peter et al. 2018	ERR1309098	246.93	Burundi	Wine	Burundi	Africa		2143.0			2	3159.0	0.00033718	Heterozygous	aneu;+1*12;
ANC	YPS129	Peter et al. 2018	ERR1309458	226.08	Pennsylvania_USA	Tree	USA	North America		3027.0	39. Asian Oak	S4. Wild	2	69.0	7.36e-06	Homozygous	euploid
AND	YPS133	Peter et al. 2018	ERR1309359	238.06	Pennsylvania_USA	Soil	USA	North America		3020.0	39. Asian Oak	S4. Wild	2	73.0	7.79e-06	Homozygous	euploid
ANE	YPS134	Peter et al. 2018	ERR1308867	193.17	Pennsylvania_USA	Soil	USA	North America		3028.0	39. Asian Oak	S4. Wild	2	76.0	8.11e-06	Homozygous	euploid
ANF	YPS139	Peter et al. 2018	ERR1308955	183.26	Pennsylvania_USA	Soil	USA	North America		3021.0	39. Asian Oak	S4. Wild	2	76.0	8.11e-06	Homozygous	euploid
ANG	YPS141	Peter et al. 2018	ERR1308936	214.96	Pennsylvania_USA	Soil	USA	North America		3026.0	39. Asian Oak	S4. Wild	2	77.0	8.22e-06	Homozygous	euploid
ANH	YPS142	Peter et al. 2018	ERR1308739	202.35	Pennsylvania_USA	Nature	USA	North America		3033.0	39. Asian Oak	S4. Wild	2	75.0	8.01e-06	Homozygous	euploid
ANI	YPS143	Peter et al. 2018	ERR1309448	271.64	Pennsylvania_USA	Soil	USA	North America		3032.0	39. Asian Oak	S4. Wild	2	70.0	7.47e-06	Homozygous	euploid
ANK	YPS154	Peter et al. 2018	ERR1309162	223.62	Pennsylvania_USA	Tree	USA	North America		3030.0	39. Asian Oak	S4. Wild	2	78.0	8.33e-06	Homozygous	euploid
ANL	A-6	Peter et al. 2018	ERR1308751	207.4	Ghana	Beer	Ghana	Africa		1504.0	15. African Beer		4	31821.0	0.00339642	Heterozygous	euploid
ANM	A-18	Peter et al. 2018	ERR1308960	210.95	Ghana	Beer	Ghana	Africa		1505.0	15. African Beer		4	30282.0	0.00323215	Heterozygous	euploid
ANN	AY529516	Peter et al. 2018	ERR1308724	206.65	Ghana	Fermentation	Ghana	Africa		2166.0	26. West African Cocoa		2	17012.0	0.00181578	Heterozygous	euploid
ANP	UWOPS83-883-2	Peter et al. 2018	ERR1309376	204.82	Navassa Island	Insect	Haiti	North America		1774.0	20. Mixed Origins 1	S2. Beer	2	31947.0	0.00340987	Heterozygous	aneu;-1*3;-1*6;+1*9;
ANQ	L-1191	Peter et al. 2018	ERR1309495	191.65	Valle de Ica_Peru	Wine	Peru	South America		525.0	6. West Europe Wine	S1. Wine	2	11.0	1.17e-06	Homozygous	aneu;-1*1;-1*6;
ANR	RIB0001	Peter et al. 2018	ERR1309353	196.77	Japan	Sake	Japan	Asia		2492.0	29. Sake	S3. Asian Fermentation	2	2623.0	0.00027997	Heterozygous	aneu;+1*1;
ANS	RIB0002	Peter et al. 2018	ERR1308880	196.39	Japan	Sake	Japan	Asia		2471.0	29. Sake	S3. Asian Fermentation	2	1233.0	0.0001316	Heterozygous	aneu;-1*6;
ANT	RIB0003	Peter et al. 2018	ERR1309011	218.37	Japan	Sake	Japan	Asia		2493.0	29. Sake	S3. Asian Fermentation	2	2749.0	0.00029342	Heterozygous	aneu;+1*8;
ANV	RIB0004	Peter et al. 2018	ERR1308740	216.95	Japan	Sake	Japan	Asia		2494.0	29. Sake	S3. Asian Fermentation	2	2709.0	0.00028915	Heterozygous	aneu;+1*8;
APA	RIB0005	Peter et al. 2018	ERR1308829	201.8	Japan	Sake	Japan	Asia		2484.0	29. Sake	S3. Asian Fermentation	2	1236.0	0.00013193	Heterozygous	euploid
APC	RIB1001	Peter et al. 2018	ERR1309055	283.56	Japan	Sake	Japan	Asia		2438.0	29. Sake	S3. Asian Fermentation	2	1662.0	0.00017739	Heterozygous	euploid
APD	RIB1002	Peter et al. 2018	ERR1308912	283.5	Japan	Sake	Japan	Asia		2439.0	29. Sake	S3. Asian Fermentation	2	1775.0	0.00018946	Heterozygous	aneu;+1*9;
APE	RIB1003	Peter et al. 2018	ERR1309140	220.09	Japan	Sake	Japan	Asia		2455.0	29. Sake	S3. Asian Fermentation	2	1062.0	0.00011335	Heterozygous	aneu;+1*11;+1*3;
APF	RIB1004	Peter et al. 2018	ERR1308759	209.91	Japan	Sake	Japan	Asia		2457.0	29. Sake	S3. Asian Fermentation	2	1213.0	0.00012947	Heterozygous	euploid
APG	VF8_(6)	Peter et al. 2018	ERR1309220	262.54	Araras_Sao Paulo_Brazil	Bioethanol	Brazil	South America		1311.0	11. Brazilian Bioethanol		1	137.0	1.46e-05	Homozygous	euploid
APH	M1.1	Peter et al. 2018	ERR1308918	206.8	Pirassununga_Sao Paulo_Brazil	Distillery	Brazil	South America		1301.0	11. Brazilian Bioethanol		2	15875.0	0.00169442	Heterozygous	euploid
API	YS20	Peter et al. 2018	ERR1308707	224.29	Korea	Bakery	South Korea	Asia		1814.0	20. Mixed Origins 1	S2. Beer	2	27129.0	0.00289562	Heterozygous	aneu;+1*8;+1*9;
APK	YS10(E)	Peter et al. 2018	ERR1308678	240.22	South Africa	Bakery	South Africa	Africa		1832.0	20. Mixed Origins 1	S2. Beer	3	39411.0	0.00420654	Heterozygous	euploid
APL	YS11(E)	Peter et al. 2018	ERR1309404	204.03	Turkey	Bakery	Turkey	Asia		1882.0		S2. Beer	2	28368.0	0.00302786	Heterozygous	euploid
APM	YS15	Peter et al. 2018	ERR1309296	215.38	Korea	Bakery	South Korea	Asia		1813.0	20. Mixed Origins 1	S2. Beer	2	21607.0	0.00230623	Heterozygous	aneu;+1*9;
APN	YS19	Peter et al. 2018	ERR1309119	271.52	Philippines	Bakery	Philippines	Asia		1829.0	20. Mixed Origins 1	S2. Beer	3	38446.0	0.00410354	Heterozygous	aneu;+1*1;
APP	CBS382	Peter et al. 2018	ERR1309259	229.6	Brazil_Rio de Janeiro	Beer	Brazil	South America		1346.0			3	15986.0	0.00170627	Heterozygous	aneu;+1*10;+1*9;
APQ	CBS400	Peter et al. 2018	ERR1309447	244.56	Ivory Coast	Palm wine	Ivory Coast	Africa		2669.0	33. African Palm Wine		2	86.0	9.18e-06	Homozygous	euploid
APR	CBS403	Peter et al. 2018	ERR1308871	264.89	West Africa	Beer	West Africa	West Africa		2670.0	33. African Palm Wine		2	88.0	9.39e-06	Homozygous	aneu;+1*9;
APS	CBS423	Peter et al. 2018	ERR1308939	218.59	Switzerland	Wine	Switzerland	Europe		1.0	1. AU Wine 1	S1. Wine	2	2564.0	0.00027367	Heterozygous	aneu;+2*1;+1*14;+1*8;
APT	CBS459	Peter et al. 2018	ERR1308651	295.29	Italy	Wine	Italy	Europe		38.0	1. AU Wine 1	S1. Wine	2	16.0	1.71e-06	Homozygous	aneu;+1*14;
APV	CBS1250	Peter et al. 2018	ERR1309025	225.57	Spain	Wine	Spain	Europe		120.0	1. AU Wine 1	S1. Wine	2	16.0	1.71e-06	Homozygous	euploid
AQA	CBS4903	Peter et al. 2018	ERR1309511	228.53	Spain	Industrial	Spain	Europe		309.0	3. Alpechin		2	7692.0	0.00082101	Heterozygous	euploid
AQB	CBS5112	Peter et al. 2018	ERR1308988	264.89	Spain	Wine	Spain	Europe		681.0	7. AU Wine 3	S1. Wine	2	52.0	5.55e-06	Homozygous	euploid
AQC	CBS5155	Peter et al. 2018	ERR1308897	180.51	South Armenia	Wine	Armenia	Asia		417.0	5. Georgian Wine	S1. Wine	2	1542.0	0.00016459	Heterozygous	euploid
AQD	CBS5378	Peter et al. 2018	ERR1309262	230.55	Spain	Industrial	Spain	Europe		310.0	3. Alpechin		2	8293.0	0.00088516	Heterozygous	aneu;+1*8;
AQE	CBS6006	Peter et al. 2018	ERR1308580	217.81	Spain	Wine	Spain	Europe		398.0	5. Georgian Wine	S1. Wine	2	1739.0	0.00018561	Heterozygous	euploid
AQG	CBS7539	Peter et al. 2018	ERR1308609	221.34	Plovdiv_Bulgaria	Beer	Bulgaria	Europe		1335.0	12. Belgium Beer 1		2	10709.0	0.00114303	Heterozygous	euploid
AQH	CBS7957	Peter et al. 2018	ERR1309146	219.98	Sao Paulo_Brazil	Industrial	Brazil	South America		1372.0	12. Belgium Beer 1		3	33980.0	0.00362686	Heterozygous	aneu;+1*3;
AQI	CBS8292	Peter et al. 2018	ERR1309318	201.59	Sweden	Water	Sweden	Europe		1808.0	20. Mixed Origins 1	S2. Beer	2	27282.0	0.00291195	Heterozygous	euploid
AQM	CBS420	Peter et al. 2018	ERR1308875	145.08	Italy	Dairy	Italy	Europe		1387.0	13. French Dairy		2	10619.0	0.00113342	Heterozygous	aneu;+1*16;+1*9;
AQN	CBS435	Peter et al. 2018	ERR1308777	220.59	Japan	Sake	Japan	Asia		2474.0	29. Sake	S3. Asian Fermentation	2	1717.0	0.00018326	Heterozygous	euploid
AQP	CBS462	Peter et al. 2018	ERR1309355	218.59	Spain	Wine	Spain	Europe		400.0	5. Georgian Wine	S1. Wine	2	1658.0	0.00017697	Heterozygous	aneu;+1*1;+1*9;
AQQ	CBS1175	Peter et al. 2018	ERR1308811	174.52	Switzerland	Wine	Switzerland	Europe		5.0	1. AU Wine 1	S1. Wine	2	1679.0	0.00017921	Heterozygous	aneu;+1*14;+1*9;
AQR	CBS1190	Peter et al. 2018	ERR1308923	215.93	Germany	Wine	Germany	Europe		16.0	1. AU Wine 1	S1. Wine	2	3156.0	0.00033686	Heterozygous	aneu;+1*11;+1*14;
AQS	CBS1196	Peter et al. 2018	ERR1308967	214.95	Indonesia	Distillery	Indonesia	Asia		2557.0	30. Mantou	S3. Asian Fermentation	2	1435.0	0.00015317	Heterozygous	aneu;+1*1;
AQT	CBS1230	Peter et al. 2018	ERR1309217	232.45	Belgium	Beer	Belgium	Europe		1657.0	18. Belgium Beer 2	S2. Beer	3	21071.0	0.00224902	Heterozygous	aneu;+1*14;+1*2;+2*6;
ARA	CBS1239	Peter et al. 2018	ERR1309080	226.22		Distillery				2266.0			4	27174.0	0.00290042	Heterozygous	aneu;+1*1;+1*8;
ARB	CBS1254	Peter et al. 2018	ERR1309422	240.73		Bakery				2268.0			4	26098.0	0.00278557	Heterozygous	aneu;+1*8;
ARC	CBS1257	Peter et al. 2018	ERR1308716	220.43	Germany	Wine	Germany	Europe		102.0	1. AU Wine 1	S1. Wine	2	1962.0	0.00020941	Heterozygous	aneu;+1*14;
ARE	CBS1398	Peter et al. 2018	ERR1309456	244.35		Tree				1350.0	12. Belgium Beer 1		2	11679.0	0.00124656	Heterozygous	aneu;+1*3;+1*6;+3*9;
ARG	CBS1576	Peter et al. 2018	ERR1308649	222.08	Celebes_Sulavesi_Indonesia	Tree	Indonesia	Asia		2922.0	38. Taiwan Wild 2	S4. Wild	2	120.0	1.28e-05	Homozygous	euploid
ARH	CBS1592	Peter et al. 2018	ERR1309054	210.93	Java_Indonesia	Fermentation	Indonesia	Asia		2913.0			2	4457.0	0.00047572	Heterozygous	aneu;+1*1;
ARI	CBS1593	Peter et al. 2018	ERR1308645	210.44	Java_Indonesia	Fermentation	Indonesia	Asia		2914.0			2	6782.0	0.00072388	Heterozygous	aneu;+1*1;+1*2;
ARK	CBS1602	Peter et al. 2018	ERR1308610	269.76		Fruit				115.0	1. AU Wine 1	S1. Wine	2	1207.0	0.00012883	Heterozygous	aneu;+1*13;+1*8;
ARL	CBS2087	Peter et al. 2018	ERR1309170	232.96	China	Flower	China	Asia		577.0	6. West Europe Wine	S1. Wine	2	2563.0	0.00027356	Heterozygous	aneu;+1*1;
ARM	CBS2188	Peter et al. 2018	ERR1308768	230.93	Japan	Fruit	Japan	Asia		2465.0	29. Sake	S3. Asian Fermentation	2	3060.0	0.00032661	Heterozygous	euploid
ARN	CBS2246	Peter et al. 2018	ERR1308612	201.81	Netherlands	Human_clinical	Netherlands	Europe		1403.0	13. French Dairy		3	30036.0	0.0032059	Heterozygous	euploid
ARP	CBS2270	Peter et al. 2018	ERR1309069	256.19	Japan	Wine	Japan	Asia		2461.0	29. Sake	S3. Asian Fermentation	2	1735.0	0.00018519	Heterozygous	euploid
ARQ	CBS2271	Peter et al. 2018	ERR1309201	195.84	Belgium	Wine	Belgium	Europe		116.0	1. AU Wine 1	S1. Wine	2	59.0	6.3e-06	Homozygous	euploid
ARR	CBS2272	Peter et al. 2018	ERR1309066	198.53	Delft_Netherlands	Dairy	Netherlands	Europe		1423.0	13. French Dairy		2	2491.0	0.00026588	Heterozygous	aneu;+1*1;+1*3;
ARS	CBS2421	Peter et al. 2018	ERR1308992	114.53		Nature				1396.0	13. French Dairy		2	19654.0	0.00209777	Heterozygous	aneu;+1*1;
ART	CBS2808	Peter et al. 2018	ERR1309369	190.8	Slovakia	Wine	Slovakia	Europe		437.0	5. Georgian Wine	S1. Wine	2	2941.0	0.00031391	Heterozygous	euploid
ARV	CBS2965	Peter et al. 2018	ERR1308660	253.2	Denmark	Distillery	Denmark	Europe		192.0	1. AU Wine 1	S1. Wine	2	24.0	2.56e-06	Homozygous	aneu;+1*1;
ASA	CBS4092	Peter et al. 2018	ERR1308769	172.2	Spain	Wine	Spain	Europe		401.0	5. Georgian Wine	S1. Wine	3	3562.0	0.00038019	Heterozygous	aneu;+1*9;
ASB	CBS4255	Peter et al. 2018	ERR1309421	247.09		Human_clinical				1345.0	12. Belgium Beer 1		2	22624.0	0.00241478	Heterozygous	euploid
ASC	CBS4455	Peter et al. 2018	ERR1309342	239.71	South Africa	Beer	South Africa	Africa		1519.0	15. African Beer		3	24402.0	0.00260455	Heterozygous	aneu;+2*1;
ASD	CBS4507	Peter et al. 2018	ERR1308866	239.36		Beer				95.0	1. AU Wine 1	S1. Wine	2	1203.0	0.0001284	Heterozygous	euploid
ASE	CBS4667	Peter et al. 2018	ERR1309317	225.96	Former Czechoslovakia	Wine	Slovakia	Europe		96.0	1. AU Wine 1	S1. Wine	2	1203.0	0.0001284	Heterozygous	euploid
ASG	CBS1489	Peter et al. 2018	ERR1308592	274.53	Italy	Human_clinical	Italy	Europe		6.0	1. AU Wine 1	S1. Wine	2	53.0	5.66e-06	Homozygous	aneu;+1*2;+1*3;
ASH	CLIB227	Peter et al. 2018	ERR1308979	149.24	Netherlands	Beer	Netherlands	Europe		1676.0	18. Belgium Beer 2	S2. Beer	4	22837.0	0.00243751	Heterozygous	aneu;-1*14;+1*16;+1*9;
ASL	CLIB340	Peter et al. 2018	ERR1309203	243.09	Anatolia_Turkey	Bakery	Turkey	Asia		1818.0	20. Mixed Origins 1	S2. Beer	2	22528.0	0.00240453	Heterozygous	aneu;+1*2;+1*9;
ASM	CLIB409	Peter et al. 2018	ERR1309452	247.4	Vietnam	Nature	Vietnam	Asia		2363.0	28. Baiju	S3. Asian Fermentation	3	14571.0	0.00155524	Heterozygous	aneu;+1*1;+1*6;+1*9;
ASN	CLIB630	Peter et al. 2018	ERR1309408	248.37	Normandy_France	Dairy	France	Europe		1412.0	13. French Dairy		2	22041.0	0.00235255	Heterozygous	aneu;+1*1;+1*3;+1*6;
ASP	B1	Peter et al. 2018	ERR1309151	205.02	France		France	Europe		1786.0	20. Mixed Origins 1	S2. Beer	2	32944.0	0.00351628	Heterozygous	euploid
ASR	M1	Peter et al. 2018	ERR1309292	250.93	Italy	Wine	Italy	Europe		349.0	4. Commercial Wine	S1. Wine	2	12119.0	0.00129352	Heterozygous	euploid
ASS	M5	Peter et al. 2018	ERR1309325	204.12	Italy	Wine	Italy	Europe		1146.0	8. AU Wine 4	S1. Wine	2	63.0	6.72e-06	Homozygous	euploid
AST	M6	Peter et al. 2018	ERR1309383	177.17	Italy	Wine	Italy	Europe		1241.0	10. AU Wine 6	S1. Wine	2	8536.0	0.00091109	Heterozygous	euploid
ASV	M9	Peter et al. 2018	ERR1308883	180.86	Italy	Wine	Italy	Europe		1260.0	10. AU Wine 6	S1. Wine	2	16056.0	0.00171374	Heterozygous	aneu;+1*9;
ATA	PR	Peter et al. 2018	ERR1309171	276.21	France	Wine	France	Europe		113.0	1. AU Wine 1	S1. Wine	2	21.0	2.24e-06	Homozygous	euploid
ATB	Y1	Peter et al. 2018	ERR1309490	214.63		Nature				2285.0			3	44122.0	0.00470937	Heterozygous	euploid
ATC	YJM308	Peter et al. 2018	ERR1308677	199.61		Human_clinical				2181.0			2	25500.0	0.00272175	Heterozygous	aneu;+1*11;
ATD	YJM339	Peter et al. 2018	ERR1309283	201.03		Human_clinical				2209.0			2	23.0	2.45e-06	Homozygous	euploid
ATE	YJM627	Peter et al. 2018	ERR1308595	256.33	France		France	Europe		2054.0			2	101.0	1.08e-05	Homozygous	euploid
ATH	UC4	Peter et al. 2018	ERR1308935	213.51	Germany	Wine	Germany	Europe		55.0	1. AU Wine 1	S1. Wine	2	1754.0	0.00018721	Heterozygous	euploid
ATM	UC10	Peter et al. 2018	ERR1308689	174.61	California_USA	Wine	USA	North America		1150.0	8. AU Wine 4	S1. Wine	2	13.0	1.39e-06	Homozygous	euploid
ATN	Y4	Peter et al. 2018	ERR1308590	235.07	Indonesia	Fruit	Indonesia	Asia		456.0	6. West Europe Wine	S1. Wine	2	5.0	5.34e-07	Homozygous	euploid
ATP	Y5	Peter et al. 2018	ERR1309036	347.52	West Africa	Palm wine	West Africa	West Africa		2672.0	33. African Palm Wine		2	76.0	8.11e-06	Homozygous	euploid
ATQ	CECT10497	Peter et al. 2018	ERR1309464	248.8	Spain	Industrial	Spain	Europe		311.0	3. Alpechin		2	558.0	5.96e-05	Heterozygous	aneu;+1*11;+2*9;
ATR	CECT10120	Peter et al. 2018	ERR1309498	198.75	Spain	Fruit	Spain	Europe		1810.0	20. Mixed Origins 1	S2. Beer	2	23045.0	0.00245971	Heterozygous	euploid
ATS	CECT10131	Peter et al. 2018	ERR1308978	247.58	Spain	Flower	Spain	Europe		1782.0	20. Mixed Origins 1	S2. Beer	2	25743.0	0.00274768	Heterozygous	euploid
ATV	CECT1462	Peter et al. 2018	ERR1309313	87.58	UK	Beer	United Kingdom	Europe		1696.0	19. UK Beer	S2. Beer	4	35242.0	0.00376156	Heterozygous	euploid
AVB	CECT10266	Peter et al. 2018	ERR1308690	197.88	Spain	Industrial	Spain	Europe		305.0	3. Alpechin		1	281.0	3e-05	Homozygous	euploid
AVC	CECT10711	Peter et al. 2018	ERR1309002	252.49	Japan	Sake	Japan	Asia		2440.0	29. Sake	S3. Asian Fermentation	2	1400.0	0.00014943	Heterozygous	aneu;-1*1;+1*15;+1*9;
AVD	CECT10712	Peter et al. 2018	ERR1308761	232.64	Japan	Sake	Japan	Asia		2456.0	29. Sake	S3. Asian Fermentation	2	1067.0	0.00011389	Heterozygous	aneu;+1*11;+1*3;
AVH	CECT1478	Peter et al. 2018	ERR1309257	265.85	Hungary	Wine	Hungary	Europe		97.0	1. AU Wine 1	S1. Wine	2	36.0	3.84e-06	Homozygous	aneu;+1*6;
AVI	YPS163	Peter et al. 2018	ERR1309496	166.64	Pennsylvanian	Soil	USA	North America		3024.0	39. Asian Oak	S4. Wild	2	78.0	8.33e-06	Homozygous	euploid
AVK	L-1194	Peter et al. 2018	ERR1308973	241.62	Valle de Ica_Peru	Wine	Peru	South America		526.0	6. West Europe Wine	S1. Wine	2	12.0	1.28e-06	Homozygous	euploid
AVL	RIB6008	Peter et al. 2018	ERR1308878	194.95	Japan	Sake	Japan	Asia		2444.0	29. Sake	S3. Asian Fermentation	2	1170.0	0.00012488	Heterozygous	aneu;+1*3;
AVM	RIB6009	Peter et al. 2018	ERR1309508	216.78	Japan	Sake	Japan	Asia		2454.0	29. Sake	S3. Asian Fermentation	2	923.0	9.85e-05	Heterozygous	aneu;+1*11;+1*3;
AVN	CH02	Peter et al. 2018	ERR1309191	291.55	Abengourou_Ivory Coast	Beer	Ivory Coast	Africa		1506.0	15. African Beer		4	29836.0	0.00318455	Heterozygous	euploid
AVP	CH06	Peter et al. 2018	ERR1309235	204.22	Abengourou_Ivory Coast	Beer	Ivory Coast	Africa		1507.0	15. African Beer		5	32454.0	0.00346398	Heterozygous	euploid
AVQ	CH10	Peter et al. 2018	ERR1309333	220.19	Abengourou_Ivory Coast	Beer	Ivory Coast	Africa		1508.0	15. African Beer		5	32960.0	0.00351799	Heterozygous	euploid
AVR	CH11	Peter et al. 2018	ERR1309185	218.32	Abengourou_Ivory Coast	Beer	Ivory Coast	Africa		1509.0	15. African Beer		5	33568.0	0.00358289	Heterozygous	euploid
AVS	CH14	Peter et al. 2018	ERR1308654	243.99	Abengourou_Ivory Coast	Beer	Ivory Coast	Africa		1510.0	15. African Beer		5	34541.0	0.00368674	Heterozygous	euploid
AVT	CH13	Peter et al. 2018	ERR1308900	229.0	Abengourou_Ivory Coast	Beer	Ivory Coast	Africa		1511.0	15. African Beer		5	33011.0	0.00352344	Heterozygous	euploid
AVV	DJ65	Peter et al. 2018	ERR1308833	306.74	Yoboki_Djibouti	Palm wine	Djibouti	Africa		2650.0			3	15663.0	0.00167179	Heterozygous	euploid
BAA	DJ66	Peter et al. 2018	ERR1309382	223.69	Yoboki_Djibouti	Palm wine	Djibouti	Africa		2651.0			3	14601.0	0.00155844	Heterozygous	euploid
BAB	DJ68	Peter et al. 2018	ERR1308961	268.12	Yoboki_Djibouti	Palm wine	Djibouti	Africa		2646.0			3	15993.0	0.00170702	Heterozygous	euploid
BAC	DJ70	Peter et al. 2018	ERR1308796	296.03	Yoboki_Djibouti	Palm wine	Djibouti	Africa		2647.0			3	15433.0	0.00164724	Heterozygous	euploid
BAD	DJ71	Peter et al. 2018	ERR1309504	260.0	Yoboki_Djibouti	Palm wine	Djibouti	Africa		2649.0			3	15522.0	0.00165674	Heterozygous	euploid
BAE	DJ73	Peter et al. 2018	ERR1308719	263.81	Yoboki_Djibouti	Palm wine	Djibouti	Africa		2648.0			3	15791.0	0.00168546	Heterozygous	euploid
BAF	DJ74	Peter et al. 2018	ERR1309149	202.44	Yoboki_Djibouti	Palm wine	Djibouti	Africa		2644.0			2	19284.0	0.00205828	Heterozygous	euploid
BAG	SX1	Peter et al. 2018	ERR1309520	200.68	Qinling Mountain_Shaanxi province_China	Tree	China	Asia		2768.0	35. Chinese Wild	S4. Wild	2	105.0	1.12e-05	Homozygous	euploid
BAH	SX3	Peter et al. 2018	ERR1309120	230.45	Qinling Mountain_Shaanxi province_China	Tree	China	Asia		2764.0	35. Chinese Wild	S4. Wild	2	98.0	1.05e-05	Homozygous	euploid
BAI	BJ6	Peter et al. 2018	ERR1309197	264.95	Changping_Beijing_China	Fruit	China	Asia		2761.0	35. Chinese Wild	S4. Wild	2	80.0	8.54e-06	Homozygous	euploid
BAK	BJ20	Peter et al. 2018	ERR1308953	266.24	Dongling Mountain_Beijing_China	Tree	China	Asia		2750.0	35. Chinese Wild	S4. Wild	2	131.0	1.4e-05	Homozygous	euploid
BAL	HN6	Peter et al. 2018	ERR1308996	237.42	Bawangling Mountain_Hainan province_China	Nature	China	Asia		2777.0	35. Chinese Wild	S4. Wild	2	63.0	6.72e-06	Homozygous	euploid
BAM	HN10	Peter et al. 2018	ERR1309243	221.45	Wuzhi Mountain_Hainan province_China	Nature	China	Asia		2852.0		S4. Wild	2	169.0	1.8e-05	Homozygous	euploid
BAN	HN15	Peter et al. 2018	ERR1309349	225.01	Wuzhi Mountain_Hainan province_China	Nature	China	Asia		2862.0	37. Taiwan Wild 1	S4. Wild	2	121.0	1.29e-05	Homozygous	euploid
BAP	HN16	Peter et al. 2018	ERR1309370	222.62	Wuzhi Mountain_Hainan province_China	Soil	China	Asia		2875.0	37. Taiwan Wild 1	S4. Wild	2	101.0	1.08e-05	Homozygous	euploid
BAQ	HN19	Peter et al. 2018	ERR1308854	236.13	Wuzhi Mountain_Hainan province_China	Tree	China	Asia		2853.0		S4. Wild	2	174.0	1.86e-05	Homozygous	euploid
BAR	PB56	Peter et al. 2018	ERR1308835	250.74	Montalcino in Italy	Tree	Italy	Europe		664.0	7. AU Wine 3	S1. Wine	2	4.0	4.27e-07	Homozygous	euploid
BAS	PB67	Peter et al. 2018	ERR1308632	228.81	Montalcino in Italy	Soil	Italy	Europe		663.0	7. AU Wine 3	S1. Wine	2	2.0	2.13e-07	Homozygous	euploid
BAT	PB94	Peter et al. 2018	ERR1309295	245.33	Montalcino in Italy	Soil	Italy	Europe		665.0	7. AU Wine 3	S1. Wine	2	4.0	4.27e-07	Homozygous	euploid
BAV	PB137	Peter et al. 2018	ERR1309479	261.77	Montalcino in Italy	Wine	Italy	Europe		793.0	7. AU Wine 3	S1. Wine	2	16.0	1.71e-06	Homozygous	euploid
BBA	PB197	Peter et al. 2018	ERR1308718	260.06	Montalcino in Italy	Soil	Italy	Europe		652.0	7. AU Wine 3	S1. Wine	2	9.0	9.61e-07	Homozygous	euploid
BBB	PB200	Peter et al. 2018	ERR1308613	181.34	Montalcino in Italy	Soil	Italy	Europe		786.0	7. AU Wine 3	S1. Wine	2	19.0	2.03e-06	Homozygous	euploid
BBC	CCY_21-4-88	Peter et al. 2018	ERR1308693	320.4	Laksarska Nova Ves_Slovakia	Fruit	Slovakia	Europe		1851.0	20. Mixed Origins 1	S2. Beer	3	41299.0	0.00440806	Heterozygous	euploid
BBD	CCY_21-4-97	Peter et al. 2018	ERR1309196	309.8	Jakubov_Slovakia	Water	Slovakia	Europe		1857.0	20. Mixed Origins 1	S2. Beer	2	25745.0	0.0027479	Heterozygous	aneu;+1*8;
BBE	CCY_21-4-98	Peter et al. 2018	ERR1309236	302.23	Jakubov_Slovakia	Water	Slovakia	Europe		1858.0	20. Mixed Origins 1	S2. Beer	2	22837.0	0.00243751	Heterozygous	aneu;+1*8;
BBF	CCY_21-4-102	Peter et al. 2018	ERR1308652	226.74	Bratislava_Slovakia	Water	Slovakia	Europe		1856.0	20. Mixed Origins 1	S2. Beer	2	24631.0	0.00262899	Heterozygous	euploid
BBG	CCY_21-4-106	Peter et al. 2018	ERR1309440	229.5	Devinska Nova Ves_Slovakia	Water	Slovakia	Europe		1674.0	18. Belgium Beer 2	S2. Beer	4	22010.0	0.00234924	Heterozygous	euploid
BBH	CCY_21-4-119	Peter et al. 2018	ERR1308705	249.79	Male Levare_Slovakia	Flower	Slovakia	Europe		189.0	1. AU Wine 1	S1. Wine	2	14.0	1.49e-06	Homozygous	euploid
BBI	CCY_21-4-120	Peter et al. 2018	ERR1309221	279.01	Male Levare_Slovakia	Flower	Slovakia	Europe		174.0	1. AU Wine 1	S1. Wine	2	10.0	1.07e-06	Homozygous	euploid
BBK	CCY_21-4-121	Peter et al. 2018	ERR1308931	267.87	Male Zaluzie_Slovakia	Flower	Slovakia	Europe		169.0	1. AU Wine 1	S1. Wine	2	6.0	6.4e-07	Homozygous	euploid
BBL	IMB-53	Peter et al. 2018	ERR1308793	296.21	Platanus orientalis forest_in Belasista Mountain_near Kamena Village in Bulgaria	Insect	Bulgaria	Europe		2234.0			2	59.0	6.3e-06	Homozygous	euploid
BBM	908	Peter et al. 2018	ERR1309366	278.66	Jalisco_Mexico	Distillery	Mexico	North America		2031.0	23. Mexican Agave		2	145.0	1.55e-05	Homozygous	euploid
BBP	1663	Peter et al. 2018	ERR1308640	206.7	Spain	Flower	Spain	Europe		1783.0	20. Mixed Origins 1	S2. Beer	2	25576.0	0.00272986	Heterozygous	euploid
BBQ	2162	Peter et al. 2018	ERR1309256	238.05	Hungary	Soil	Hungary	Europe		1436.0	14. Mediterranean Oak		2	82.0	8.75e-06	Homozygous	euploid
BBR	2163	Peter et al. 2018	ERR1308666	236.36	Castellon_Spain	Tree	Spain	Europe		2835.0	36. North American Wild	S4. Wild	2	140.0	1.49e-05	Homozygous	euploid
BBS	2187	Peter et al. 2018	ERR1309052	326.99	Hungary	Soil	Hungary	Europe		1437.0	14. Mediterranean Oak		2	49.0	5.23e-06	Homozygous	euploid
BBT	2281	Peter et al. 2018	ERR1308730	238.98	Valdevimbre_Spain	Wine	Spain	Europe		2336.0			3	39922.0	0.00426108	Heterozygous	euploid
BBV	2282	Peter et al. 2018	ERR1308674	294.98	Tuejar_Spain	Wine	Spain	Europe		723.0	7. AU Wine 3	S1. Wine	2	3707.0	0.00039567	Heterozygous	aneu;+1*3;
BCA	2644	Peter et al. 2018	ERR1309307	182.78	Hospital Vall d'Hebron_Barcelona_Spain	Human_clinical	Spain	Europe		595.0	6. West Europe Wine	S1. Wine	2	1393.0	0.00014868	Heterozygous	euploid
BCB	HE001	Peter et al. 2018	ERR1309269	217.56	French Guiana	Human	French Guiana	South America		1968.0	22. French Guiana Human		2	6894.0	0.00073583	Heterozygous	euploid
BCC	HE004	Peter et al. 2018	ERR1309046	112.47	French Guiana	Human	French Guiana	South America		1991.0	22. French Guiana Human		2	7204.0	0.00076892	Heterozygous	euploid
BCD	HE005	Peter et al. 2018	ERR1308841	232.97	French Guiana	Human	French Guiana	South America		1984.0	22. French Guiana Human		2	7994.0	0.00085324	Heterozygous	euploid
BCE	HE006	Peter et al. 2018	ERR1309177	189.51	French Guiana	Human	French Guiana	South America		1979.0	22. French Guiana Human		2	5639.0	0.00060188	Heterozygous	euploid
BCF	HE007	Peter et al. 2018	ERR1309105	223.69	French Guiana	Human	French Guiana	South America		1967.0	22. French Guiana Human		2	6042.0	0.00064489	Heterozygous	euploid
BCG	HE008	Peter et al. 2018	ERR1309193	230.18	French Guiana	Human	French Guiana	South America		1966.0	22. French Guiana Human		2	6495.0	0.00069325	Heterozygous	euploid
BCH	HE009	Peter et al. 2018	ERR1308888	242.39	French Guiana	Human	French Guiana	South America		1972.0	22. French Guiana Human		2	5866.0	0.00062611	Heterozygous	euploid
BCI	HE010	Peter et al. 2018	ERR1308889	216.52	French Guiana	Human	French Guiana	South America		1989.0	22. French Guiana Human		2	7145.0	0.00076262	Heterozygous	aneu;+1*4;
BCK	HE011	Peter et al. 2018	ERR1309337	238.0	French Guiana	Human	French Guiana	South America		1964.0	22. French Guiana Human		2	7410.0	0.00079091	Heterozygous	euploid
BCL	HE012	Peter et al. 2018	ERR1308742	230.06	French Guiana	Human	French Guiana	South America		1983.0	22. French Guiana Human		2	5670.0	0.00060519	Heterozygous	euploid
BCM	HE013	Peter et al. 2018	ERR1309306	206.99	French Guiana	Human	French Guiana	South America		1970.0	22. French Guiana Human		2	5191.0	0.00055406	Heterozygous	euploid
BCN	HE015	Peter et al. 2018	ERR1308824	213.27	French Guiana	Human	French Guiana	South America		1977.0	22. French Guiana Human		1	171.0	1.83e-05	Homozygous	euploid
BCP	HE016	Peter et al. 2018	ERR1308848	191.83	French Guiana	Human	French Guiana	South America		1974.0	22. French Guiana Human		2	5846.0	0.00062397	Heterozygous	euploid
BCQ	HE020	Peter et al. 2018	ERR1309332	225.61	French Guiana	Human	French Guiana	South America		1980.0	22. French Guiana Human		2	5754.0	0.00061415	Heterozygous	euploid
BCR	#23	Peter et al. 2018	ERR1309079	215.33	Israel	Nature	Israel	Asia		1791.0	20. Mixed Origins 1	S2. Beer	4	46835.0	0.00499894	Heterozygous	aneu;+2*8;
BCS	#03	Peter et al. 2018	ERR1308581	229.08	Israel	Nature	Israel	Asia		1789.0	20. Mixed Origins 1	S2. Beer	2	26750.0	0.00285517	Heterozygous	euploid
BCT	#05	Peter et al. 2018	ERR1309279	248.23	Israel	Nature	Israel	Asia		1790.0	20. Mixed Origins 1	S2. Beer	2	24012.0	0.00256293	Heterozygous	euploid
BCV	#33	Peter et al. 2018	ERR1309097	219.28	Israel	Nature	Israel	Asia		1614.0	17. Israel Wild		2	7296.0	0.00077874	Heterozygous	euploid
BDA	#34	Peter et al. 2018	ERR1309516	199.96	Israel	Nature	Israel	Asia		1617.0	17. Israel Wild		2	11077.0	0.00118231	Heterozygous	aneu;+1*1;
BDB	#35	Peter et al. 2018	ERR1309348	214.69	Israel	Nature	Israel	Asia		1615.0	17. Israel Wild		2	7197.0	0.00076817	Heterozygous	euploid
BDC	#36	Peter et al. 2018	ERR1309251	239.03	Israel	Nature	Israel	Asia		2280.0			2	20594.0	0.0021981	Heterozygous	aneu;+1*1;+2*8;
BDD	#13	Peter et al. 2018	ERR1308865	222.74	Israel	Nature	Israel	Asia		1613.0	17. Israel Wild		2	9926.0	0.00105945	Heterozygous	euploid
BDE	#14	Peter et al. 2018	ERR1308882	203.04	Israel	Nature	Israel	Asia		1618.0	17. Israel Wild		3	12468.0	0.00133077	Heterozygous	aneu;-1*3;
BDF	#57	Peter et al. 2018	ERR1308842	227.37	Israel	Nature	Israel	Asia		2281.0			2	18301.0	0.00195336	Heterozygous	aneu;+1*1;+2*8;
BDG	#58	Peter et al. 2018	ERR1309086	228.61	Israel	Nature	Israel	Asia		2282.0			2	18524.0	0.00197716	Heterozygous	aneu;+1*1;+2*8;
BDH	#59	Peter et al. 2018	ERR1309015	216.57	Israel	Nature	Israel	Asia		1619.0	17. Israel Wild		2	10232.0	0.00109211	Heterozygous	euploid
BDI	#60	Peter et al. 2018	ERR1309129	233.42	Israel	Nature	Israel	Asia		1616.0	17. Israel Wild		2	10025.0	0.00107002	Heterozygous	aneu;+1*1;
BDK	#63	Peter et al. 2018	ERR1309132	219.46	Israel	Nature	Israel	Asia		1611.0			2	281.0	3e-05	Homozygous	aneu;+1*1;
BDL	CLQCA_10-386	Peter et al. 2018	ERR1309445	239.6	Equador	Beer	Ecuador	South America		1893.0	21. Mixed Origins 2	S2. Beer	2	27347.0	0.00291889	Heterozygous	euploid
BDM	MAJ_A	Peter et al. 2018	ERR1309229	203.73	Majunga_Madagascar	Nature	Madagascar	Africa		2637.0			2	17197.0	0.00183553	Heterozygous	euploid
BDN	MAJ_G	Peter et al. 2018	ERR1308696	199.63	Majunga_Madagascar	Nature	Madagascar	Africa		1492.0	15. African Beer		2	3707.0	0.00039567	Heterozygous	euploid
BDP	CEY615	Peter et al. 2018	ERR1308913	276.76	French Guiana	Human	French Guiana	South America		1985.0	22. French Guiana Human		2	5593.0	0.00059697	Heterozygous	euploid
BDQ	CEY616	Peter et al. 2018	ERR1308904	212.56	French Guiana	Human	French Guiana	South America		1962.0	22. French Guiana Human		2	8326.0	0.00088868	Heterozygous	euploid
BDR	CEY617	Peter et al. 2018	ERR1308787	189.38	French Guiana	Human	French Guiana	South America		1986.0	22. French Guiana Human		2	5102.0	0.00054456	Heterozygous	euploid
BDS	CEY618	Peter et al. 2018	ERR1309396	196.02	French Guiana	Human	French Guiana	South America		1975.0	22. French Guiana Human		2	7587.0	0.0008098	Heterozygous	euploid
BDT	CEY619	Peter et al. 2018	ERR1309413	223.14	French Guiana	Human	French Guiana	South America		1971.0	22. French Guiana Human		2	6670.0	0.00071192	Heterozygous	euploid
BDV	CEY620	Peter et al. 2018	ERR1308748	227.71	French Guiana	Human	French Guiana	South America		1981.0	22. French Guiana Human		2	6035.0	0.00064415	Heterozygous	euploid
BEA	CEY621	Peter et al. 2018	ERR1308785	186.09	French Guiana	Human	French Guiana	South America		1978.0	22. French Guiana Human		2	5353.0	0.00057135	Heterozygous	euploid
BEB	CEY622	Peter et al. 2018	ERR1308591	307.29	French Guiana	Human	French Guiana	South America		1963.0	22. French Guiana Human		2	7403.0	0.00079016	Heterozygous	euploid
BEC	CEY623	Peter et al. 2018	ERR1309467	223.07	French Guiana	Human	French Guiana	South America		1992.0	22. French Guiana Human		2	5458.0	0.00058256	Heterozygous	aneu;+1*12;
BED	CEY624	Peter et al. 2018	ERR1309232	216.91	French Guiana	Human	French Guiana	South America		1990.0	22. French Guiana Human		2	7723.0	0.00082432	Heterozygous	euploid
BEE	CEY625	Peter et al. 2018	ERR1308727	241.28	French Guiana	Human	French Guiana	South America		1969.0	22. French Guiana Human		2	7469.0	0.00079721	Heterozygous	euploid
BEF	CLIB413	Peter et al. 2018	ERR1308868	234.04	China	Fermentation	China	Asia		2580.0	31. Huangjiu	S3. Asian Fermentation	2	8063.0	0.00086061	Heterozygous	euploid
BEG	CLIB414	Peter et al. 2018	ERR1308857	263.53	Japan	Industrial	Japan	Asia		3002.0		S4. Wild	2	63.0	6.72e-06	Homozygous	aneu;+1*16;
BEH	CLIB415	Peter et al. 2018	ERR1308911	229.98	Taiwan	Fermentation	Taiwan	Asia		2565.0	30. Mantou	S3. Asian Fermentation	2	69.0	7.36e-06	Homozygous	euploid
BEI	CLIB650	Peter et al. 2018	ERR1308758	261.47	Chad	Beer	Chad	Africa		1502.0	15. African Beer		3	13998.0	0.00149408	Heterozygous	aneu;+1*1;
BEK	CLIB651	Peter et al. 2018	ERR1308948	241.87	Chad	Beer	Chad	Africa		1499.0	15. African Beer		4	19494.0	0.0020807	Heterozygous	euploid
BEM	CLIB653	Peter et al. 2018	ERR1309384	217.33	Chad	Beer	Chad	Africa		1500.0	15. African Beer		4	19874.0	0.00212126	Heterozygous	euploid
BEN	CLIB654	Peter et al. 2018	ERR1309147	231.23	Chad	Beer	Chad	Africa		1501.0	15. African Beer		3	14000.0	0.00149429	Heterozygous	euploid
BEP	EXF-3387	Peter et al. 2018	ERR1308821	235.62	Ljubljana_Slovenia		Slovenia	Europe		175.0	1. AU Wine 1	S1. Wine	2	2816.0	0.00030057	Heterozygous	euploid
BEQ	EXF-4126	Peter et al. 2018	ERR1308930	239.71	Ljubljana_Slovenia	Wine	Slovenia	Europe		290.0	2. AU Wine 2	S1. Wine	2	9413.0	0.0010047	Heterozygous	euploid
BER	EXF-5042	Peter et al. 2018	ERR1308894	251.46	Slovenia	Wine	Slovenia	Europe		100.0	1. AU Wine 1	S1. Wine	2	1623.0	0.00017323	Heterozygous	euploid
BES	EXF-5046	Peter et al. 2018	ERR1309142	238.34	Slovenia	Wine	Slovenia	Europe		101.0	1. AU Wine 1	S1. Wine	2	1599.0	0.00017067	Heterozygous	euploid
BET	EXF-5247	Peter et al. 2018	ERR1309096	236.13	Koper_Slovenia	Water	Slovenia	Europe		1124.0	8. AU Wine 4	S1. Wine	2	27.0	2.88e-06	Homozygous	euploid
BEV	EXF-5248	Peter et al. 2018	ERR1308991	190.14	Koper_Slovenia	Water	Slovenia	Europe		1125.0	8. AU Wine 4	S1. Wine	2	30.0	3.2e-06	Homozygous	euploid
BFA	EXF-5284	Peter et al. 2018	ERR1309293	279.23	Slovenia	Soil	Slovenia	Europe		2823.0	36. North American Wild	S4. Wild	2	107.0	1.14e-05	Homozygous	euploid
BFB	EXF-5287	Peter et al. 2018	ERR1308764	213.09	Slovenia	Nature	Slovenia	Europe		184.0	1. AU Wine 1	S1. Wine	2	5628.0	0.00060071	Heterozygous	euploid
BFC	EXF-5295	Peter et al. 2018	ERR1309371	231.33	Slovenia	Fermentation	Slovenia	Europe		7.0	1. AU Wine 1	S1. Wine	2	8.0	8.54e-07	Homozygous	euploid
BFD	EXF-5297	Peter et al. 2018	ERR1309389	269.98	Slovenia	Fruit	Slovenia	Europe		177.0	1. AU Wine 1	S1. Wine	2	18.0	1.92e-06	Homozygous	euploid
BFE	EXF-5734	Peter et al. 2018	ERR1309274	270.17		Industrial				1896.0	21. Mixed Origins 2	S2. Beer	4	50610.0	0.00540187	Heterozygous	aneu;-1*14;
BFG	EXF-5869	Peter et al. 2018	ERR1309059	198.75		Nature				1897.0	21. Mixed Origins 2	S2. Beer	4	51472.0	0.00549387	Heterozygous	euploid
BFH	EXF-5871	Peter et al. 2018	ERR1309204	258.03	Slovenia	Dairy	Slovenia	Europe		1407.0	13. French Dairy		2	20557.0	0.00219416	Heterozygous	euploid
BFK	EXF-6761	Peter et al. 2018	ERR1308921	296.47	Slovenia	Tree	Slovenia	Europe		23.0	1. AU Wine 1	S1. Wine	2	21.0	2.24e-06	Homozygous	euploid
BFL	EXF-6780	Peter et al. 2018	ERR1308808	299.87	Slovenia	Tree	Slovenia	Europe		2824.0	36. North American Wild	S4. Wild	2	107.0	1.14e-05	Homozygous	euploid
BFM	EXF-6835	Peter et al. 2018	ERR1308976	77.25	Slovenia	Industrial	Slovenia	Europe		1895.0	21. Mixed Origins 2	S2. Beer	4	50500.0	0.00539013	Heterozygous	aneu;-1*16;
BFN	EXF-7145	Peter et al. 2018	ERR1309053	49.31	Serbia	Tree	Serbia	Europe		1388.0	13. French Dairy		2	25031.0	0.00267169	Heterozygous	aneu;+1*10;
BFP	EXF-7197	Peter et al. 2018	ERR1309488	231.02	Montenegro	Tree	Montenegro	Europe		1442.0	14. Mediterranean Oak		2	116.0	1.24e-05	Homozygous	euploid
BFQ	CLIB484	Peter et al. 2018	ERR1308789	262.64	Brittany_France	Cider	France	Europe		57.0	1. AU Wine 1	S1. Wine	2	15.0	1.6e-06	Homozygous	euploid
BFR	CLIB485	Peter et al. 2018	ERR1309027	235.63	Brittany_France	Cider	France	Europe		59.0	1. AU Wine 1	S1. Wine	2	14.0	1.49e-06	Homozygous	euploid
BFS	CLIB546	Peter et al. 2018	ERR1308798	219.65	Normandy_France	Dairy	France	Europe		1417.0	13. French Dairy		2	16292.0	0.00173893	Heterozygous	euploid
BFT	CLIB547	Peter et al. 2018	ERR1309477	208.41	Normandy_France	Dairy	France	Europe		1424.0	13. French Dairy		2	7118.0	0.00075974	Heterozygous	euploid
BFV	CLIB548	Peter et al. 2018	ERR1309014	212.5	Normandy_France	Dairy	France	Europe		1426.0	13. French Dairy		2	18896.0	0.00201687	Heterozygous	aneu;+1*11;
BGA	CLIB549	Peter et al. 2018	ERR1308797	223.64	Normandy_France	Dairy	France	Europe		1427.0	13. French Dairy		2	17911.0	0.00191173	Heterozygous	aneu;+2*11;
BGB	CLIB550	Peter et al. 2018	ERR1309048	217.81	Normandy_France	Dairy	France	Europe		1418.0	13. French Dairy		2	15857.0	0.0016925	Heterozygous	euploid
BGC	CLIB551	Peter et al. 2018	ERR1308856	249.8	Normandy_France	Dairy	France	Europe		1433.0	13. French Dairy		2	19661.0	0.00209852	Heterozygous	aneu;+1*12;
BGD	CLIB552	Peter et al. 2018	ERR1309432	230.74	Normandy_France	Dairy	France	Europe		1414.0	13. French Dairy		2	14142.0	0.00150945	Heterozygous	euploid
BGE	CLIB553	Peter et al. 2018	ERR1308752	224.84	Normandy_France	Dairy	France	Europe		1425.0	13. French Dairy		2	6503.0	0.0006941	Heterozygous	euploid
BGF	CLIB554	Peter et al. 2018	ERR1309446	224.59	France	Dairy	France	Europe		1420.0	13. French Dairy		2	17437.0	0.00186114	Heterozygous	euploid
BGG	CLIB555	Peter et al. 2018	ERR1309365	229.44	France	Dairy	France	Europe		1421.0	13. French Dairy		2	18795.0	0.00200609	Heterozygous	aneu;+1*11;
BGH	CLIB556	Peter et al. 2018	ERR1308779	191.83	Poitou-Charentes_France	Dairy	France	Europe		1431.0	13. French Dairy		2	15563.0	0.00166112	Heterozygous	euploid
BGI	CLIB557	Peter et al. 2018	ERR1308910	231.35	Normandy_France	Dairy	France	Europe		1415.0	13. French Dairy		2	20237.0	0.00216	Heterozygous	euploid
BGK	CLIB558	Peter et al. 2018	ERR1309230	242.29	Normandy_France	Dairy	France	Europe		1411.0	13. French Dairy		2	22625.0	0.00241488	Heterozygous	euploid
BGL	CLIB559	Peter et al. 2018	ERR1309362	267.17	Normandy_France	Dairy	France	Europe		1419.0	13. French Dairy		2	18146.0	0.00193682	Heterozygous	euploid
BGM	CLIB560	Peter et al. 2018	ERR1309503	254.99	Normandy_France	Dairy	France	Europe		1405.0	13. French Dairy		2	16082.0	0.00171652	Heterozygous	euploid
BGN	CLIB561	Peter et al. 2018	ERR1308908	308.97	Normandy_France	Dairy	France	Europe		1432.0	13. French Dairy		2	15734.0	0.00167937	Heterozygous	euploid
BGP	CLIB562	Peter et al. 2018	ERR1309402	73.51	Normandy_France	Dairy	France	Europe		1406.0	13. French Dairy		2	19320.0	0.00206212	Heterozygous	euploid
BGQ	CLIB563	Peter et al. 2018	ERR1308997	304.78	Normandy_France	Dairy	France	Europe		1434.0	13. French Dairy		2	19847.0	0.00211837	Heterozygous	euploid
BGR	CLIB564	Peter et al. 2018	ERR1308733	218.58	Normandy_France	Dairy	France	Europe		1408.0	13. French Dairy		2	19655.0	0.00209788	Heterozygous	aneu;+1*12;
BGS	CLIB631	Peter et al. 2018	ERR1309138	235.28	Normandy_France	Dairy	France	Europe		1410.0	13. French Dairy		2	20349.0	0.00217195	Heterozygous	aneu;+1*10;
BGT	CLIB648	Peter et al. 2018	ERR1309188	243.65	Alpes_France	Dairy	France	Europe		1428.0	13. French Dairy		2	13788.0	0.00147167	Heterozygous	euploid
BGV	CLIB649	Peter et al. 2018	ERR1309426	205.12	Alpes_France	Dairy	France	Europe		1429.0	13. French Dairy		2	14275.0	0.00152365	Heterozygous	euploid
BHA	CLIB655	Peter et al. 2018	ERR1308836	222.69	Chad	Beer	Chad	Africa		1503.0	15. African Beer		3	13997.0	0.00149397	Heterozygous	euploid
BHB	CLIB889	Peter et al. 2018	ERR1308877	202.73	Australia	Bakery	Australia	Oceania		322.0	4. Commercial Wine	S1. Wine	2	8207.0	0.00087598	Heterozygous	euploid
BHC	CLIB1040	Peter et al. 2018	ERR1309330	179.5	Brittany_France	Cider	France	Europe		106.0	1. AU Wine 1	S1. Wine	2	1628.0	0.00017377	Heterozygous	euploid
BHD	CLIB1059	Peter et al. 2018	ERR1309491	177.39	Brittany_France	Cider	France	Europe		107.0			2	13194.0	0.00140826	Heterozygous	euploid
BHE	CLIB1060	Peter et al. 2018	ERR1309344	201.96	Brittany_France	Cider	France	Europe		105.0	1. AU Wine 1	S1. Wine	2	10778.0	0.00115039	Heterozygous	aneu;+1*14;
BHF	CLIB1062	Peter et al. 2018	ERR1309275	283.17	Brittany_France	Cider	France	Europe		103.0	1. AU Wine 1	S1. Wine	2	29.0	3.1e-06	Homozygous	euploid
BHG	CLIB1070	Peter et al. 2018	ERR1308969	271.12	Lower Normandy_France	Cider	France	Europe		1625.0			2	16382.0	0.00174854	Heterozygous	euploid
BHH	CLIB1071	Peter et al. 2018	ERR1308984	255.98	Lower Normandy_France	Cider	France	Europe		1626.0			2	112.0	1.2e-05	Homozygous	euploid
BHI	CLIB1072	Peter et al. 2018	ERR1309276	246.36	Lower Normandy_France	Cider	France	Europe		1627.0			2	394.0	4.21e-05	Homozygous	euploid
BHK	CLIB1077	Peter et al. 2018	ERR1308946	238.57	Upper Normandy_France	Cider	France	Europe		1283.0	10. AU Wine 6	S1. Wine	2	15145.0	0.0016165	Heterozygous	euploid
BHL	CLIB1082	Peter et al. 2018	ERR1308743	238.12	Upper Normandy_France	Cider	France	Europe		1282.0			2	16544.0	0.00176583	Heterozygous	euploid
BHM	CLIB1085	Peter et al. 2018	ERR1309207	242.7	Upper Normandy_France	Cider	France	Europe		108.0	1. AU Wine 1	S1. Wine	2	2569.0	0.0002742	Heterozygous	euploid
BHN	CLIB1410	Peter et al. 2018	ERR1309485	220.08	Laos	Fermentation	Laos	Laos		749.0	7. AU Wine 3	S1. Wine	2	42.0	4.48e-06	Homozygous	euploid
BHP	CLIB1411	Peter et al. 2018	ERR1308760	222.33	Laos	Fermentation	Laos	Laos		2578.0	31. Huangjiu	S3. Asian Fermentation	2	6549.0	0.00069901	Heterozygous	euploid
BHQ	CLIB1412	Peter et al. 2018	ERR1308906	238.03	Laos	Fermentation	Laos	Laos		2577.0	31. Huangjiu	S3. Asian Fermentation	2	6011.0	0.00064159	Heterozygous	euploid
BHR	CLIB1413	Peter et al. 2018	ERR1308872	242.1	Laos	Fermentation	Laos	Laos		2579.0	31. Huangjiu	S3. Asian Fermentation	2	6064.0	0.00064724	Heterozygous	euploid
BHS	CLIB1414	Peter et al. 2018	ERR1309199	186.76	Laos	Fermentation	Laos	Laos		2576.0	31. Huangjiu	S3. Asian Fermentation	2	6959.0	0.00074277	Heterozygous	euploid
BHT	CLIB1083	Peter et al. 2018	ERR1309417	264.35	Upper Normandy_France	Cider	France	Europe		109.0			2	51.0	5.44e-06	Homozygous	euploid
BHV	DBVPG1014	Peter et al. 2018	ERR1309209	221.35	Umbria_Italy	Wine	Italy	Europe		34.0	1. AU Wine 1	S1. Wine	2	13.0	1.39e-06	Homozygous	euploid
BIA	DBVPG1029	Peter et al. 2018	ERR1309077	193.89	Colli di Roma_Lazio_Italy	Wine	Italy	Europe		49.0	1. AU Wine 1	S1. Wine	2	14.0	1.49e-06	Homozygous	euploid
BIB	DBVPG1041	Peter et al. 2018	ERR1308672	116.75	Tuscany_Italy	Wine	Italy	Europe		45.0	1. AU Wine 1	S1. Wine	2	10.0	1.07e-06	Homozygous	euploid
BIC	DBVPG1056	Peter et al. 2018	ERR1309518	314.33	production zone of Chianti wine_Italy	Wine	Italy	Europe		692.0	7. AU Wine 3	S1. Wine	2	16.0	1.71e-06	Homozygous	euploid
BID	DBVPG1058	Peter et al. 2018	ERR1308662	255.77	Pazzaglia_Italy	Bakery	Italy	Europe		39.0	1. AU Wine 1	S1. Wine	2	13.0	1.39e-06	Homozygous	euploid
BIE	DBVPG1074	Peter et al. 2018	ERR1309250	216.5	San Severo_Puglia_Italy	Wine	Italy	Europe		2290.0			2	43764.0	0.00467116	Heterozygous	euploid
BIF	DBVPG1076	Peter et al. 2018	ERR1309328	240.21	Locorotondo_Puglia_Italy	Wine	Italy	Europe		564.0	6. West Europe Wine	S1. Wine	2	7.0	7.47e-07	Homozygous	euploid
BIG	DBVPG1080	Peter et al. 2018	ERR1308962	277.4	Barletta_Italy	Wine	Italy	Europe		520.0	6. West Europe Wine	S1. Wine	2	10.0	1.07e-06	Homozygous	aneu;-1*1;
BIH	DBVPG1105	Peter et al. 2018	ERR1309428	284.71	Adelaide_Australia	Wine	Australia	Oceania		556.0	6. West Europe Wine	S1. Wine	2	3474.0	0.0003708	Heterozygous	euploid
BII	DBVPG1106	Peter et al. 2018	ERR1308846	256.68	Australia	Wine	Australia	Oceania		130.0	1. AU Wine 1	S1. Wine	2	60.0	6.4e-06	Homozygous	euploid
BIK	DBVPG1107	Peter et al. 2018	ERR1309245	172.14	McLaren Valley_Australia	Wine	Australia	Oceania		527.0	6. West Europe Wine	S1. Wine	2	10.0	1.07e-06	Homozygous	euploid
BIL	DBVPG1108	Peter et al. 2018	ERR1309475	174.13	Australia	Wine	Australia	Oceania		532.0	6. West Europe Wine	S1. Wine	2	73.0	7.79e-06	Homozygous	euploid
BIM	DBVPG1122	Peter et al. 2018	ERR1309106	252.97	Lucera_Puglia_Italy	Wine	Italy	Europe		537.0	6. West Europe Wine	S1. Wine	2	4.0	4.27e-07	Homozygous	euploid
BIN	DBVPG1123	Peter et al. 2018	ERR1309126	212.74	Manduria_Taranto_Italy	Wine	Italy	Europe		538.0	6. West Europe Wine	S1. Wine	2	5.0	5.34e-07	Homozygous	euploid
BIP	DBVPG1125	Peter et al. 2018	ERR1309360	251.62	Torre dei Passeri_Italy	Wine	Italy	Europe		534.0	6. West Europe Wine	S1. Wine	2	17.0	1.81e-06	Homozygous	aneu;+1*8;
BIQ	DBVPG1126	Peter et al. 2018	ERR1309399	267.46	Aquila_Italy	Wine	Italy	Europe		535.0	6. West Europe Wine	S1. Wine	1	5.0	5.34e-07	Homozygous	aneu;+1*3;
BIR	DBVPG1127	Peter et al. 2018	ERR1309247	289.8	Popoli_Italy	Wine	Italy	Europe		684.0		S1. Wine	2	6288.0	0.00067115	Heterozygous	euploid
BIS	DBVPG1129	Peter et al. 2018	ERR1308653	226.78	Senigallia_Italy	Wine	Italy	Europe		131.0	1. AU Wine 1	S1. Wine	2	20.0	2.13e-06	Homozygous	euploid
BIT	DBVPG1145	Peter et al. 2018	ERR1309505	275.27	Corvo_Sicily_Italy	Wine	Italy	Europe		689.0	7. AU Wine 3	S1. Wine	2	69.0	7.36e-06	Homozygous	euploid
BKA	DBVPG1163	Peter et al. 2018	ERR1309058	227.72	Aurum_Sicily_Italy	Fruit	Italy	Europe		539.0	6. West Europe Wine	S1. Wine	2	5.0	5.34e-07	Homozygous	euploid
BKC	DBVPG1339	Peter et al. 2018	ERR1308951	274.32	Netherlands	Wine	Netherlands	Europe		557.0	6. West Europe Wine	S1. Wine	2	3507.0	0.00037432	Heterozygous	euploid
BKD	DBVPG1374	Peter et al. 2018	ERR1309176	318.41	Netherlands	Soil	Netherlands	Europe		553.0	6. West Europe Wine	S1. Wine	2	5179.0	0.00055278	Heterozygous	euploid
BKE	DBVPG1380	Peter et al. 2018	ERR1308684	203.63	Rufina_Italy	Wine	Italy	Europe		666.0	7. AU Wine 3	S1. Wine	2	15.0	1.6e-06	Homozygous	euploid
BKF	DBVPG1473	Peter et al. 2018	ERR1308838	228.18	Piemonte_Italy	Wine	Italy	Europe		566.0	6. West Europe Wine	S1. Wine	2	5459.0	0.00058267	Heterozygous	euploid
BKG	DBVPG1490	Peter et al. 2018	ERR1309315	280.67	Etna_Sicily_Italy	Wine	Italy	Europe		565.0	6. West Europe Wine	S1. Wine	2	2175.0	0.00023215	Heterozygous	euploid
BKH	DBVPG1523	Peter et al. 2018	ERR1309116	247.89	Trentino_Italy	Wine	Italy	Europe		546.0	6. West Europe Wine	S1. Wine	2	12.0	1.28e-06	Homozygous	euploid
BKI	DBVPG1554	Peter et al. 2018	ERR1309186	242.04	Dalmatia	Wine	Croatia	Europe		27.0	1. AU Wine 1	S1. Wine	2	20.0	2.13e-06	Homozygous	euploid
BKK	DBVPG1555	Peter et al. 2018	ERR1308954	229.45	Radgona_Slovenia		Slovenia	Europe		46.0	1. AU Wine 1	S1. Wine	2	579.0	6.18e-05	Heterozygous	euploid
BKL	DBVPG1564	Peter et al. 2018	ERR1309072	245.14	Dolianova_Sardinia_Italy	Wine	Italy	Europe		50.0	1. AU Wine 1	S1. Wine	2	9.0	9.61e-07	Homozygous	euploid
BKM	DBVPG1577	Peter et al. 2018	ERR1308584	241.17	Elmas_Sardinia_Italy	Wine	Italy	Europe		561.0	6. West Europe Wine	S1. Wine	2	3853.0	0.00041125	Heterozygous	euploid
BKN	DBVPG1580	Peter et al. 2018	ERR1309480	221.58	Sardinia_Italy	Wine	Italy	Europe		550.0	6. West Europe Wine	S1. Wine	2	22.0	2.35e-06	Homozygous	euploid
BKP	DBVPG1581	Peter et al. 2018	ERR1309023	174.58	Marassinai_Sardinia_Italy	Wine	Italy	Europe		548.0	6. West Europe Wine	S1. Wine	2	3982.0	0.00042502	Heterozygous	aneu;+1*8;
BKQ	DBVPG1584	Peter et al. 2018	ERR1308861	236.78	Porec_Istria		Croatia	Europe		32.0	1. AU Wine 1	S1. Wine	2	1573.0	0.00016789	Heterozygous	euploid
BKR	DBVPG1594	Peter et al. 2018	ERR1309246	260.55	Los Cerros_La Mancha_Spain	Wine	Spain	Europe		515.0	6. West Europe Wine	S1. Wine	2	9.0	9.61e-07	Homozygous	euploid
BKS	DBVPG1595	Peter et al. 2018	ERR1308661	238.69	La Mancha_Spain	Wine	Spain	Europe		506.0	6. West Europe Wine	S1. Wine	2	3090.0	0.00032981	Heterozygous	euploid
BKT	DBVPG1596	Peter et al. 2018	ERR1309394	228.49	Santa Cruz de los Canamos_La Mancha_Spain	Wine	Spain	Europe		44.0	1. AU Wine 1	S1. Wine	2	15.0	1.6e-06	Homozygous	euploid
BLA	DBVPG1599	Peter et al. 2018	ERR1308826	266.41	Cerro del Moro_La Mancha_Spain	Wine	Spain	Europe		43.0	1. AU Wine 1	S1. Wine	2	11.0	1.17e-06	Homozygous	euploid
BLB	DBVPG1601	Peter et al. 2018	ERR1308844	239.47	Casa del Rey_La Mancha_Spain	Wine	Spain	Europe		500.0	6. West Europe Wine	S1. Wine	2	16.0	1.71e-06	Homozygous	euploid
BLC	DBVPG1606	Peter et al. 2018	ERR1308757	309.18	Villarta de San Juan_La Mancha_Spain	Wine	Spain	Europe		518.0	6. West Europe Wine	S1. Wine	2	1177.0	0.00012563	Heterozygous	euploid
BLD	DBVPG1608	Peter et al. 2018	ERR1309474	269.98	La Mancha_Spain	Wine	Spain	Europe		514.0	6. West Europe Wine	S1. Wine	2	6.0	6.4e-07	Homozygous	euploid
BLE	DBVPG1611	Peter et al. 2018	ERR1308668	330.39	Retamosa_La Mancha_Spain	Wine	Spain	Europe		740.0	7. AU Wine 3	S1. Wine	2	7.0	7.47e-07	Homozygous	euploid
BLF	DBVPG1615	Peter et al. 2018	ERR1309042	234.5	La Mancha_Spain	Wine	Spain	Europe		511.0	6. West Europe Wine	S1. Wine	2	3317.0	0.00035404	Heterozygous	euploid
BLG	DBVPG1625	Peter et al. 2018	ERR1309215	299.89	La Enconienda_La Mancha_Spain	Wine	Spain	Europe		154.0	1. AU Wine 1	S1. Wine	2	5237.0	0.00055897	Heterozygous	euploid
BLH	DBVPG1626	Peter et al. 2018	ERR1309397	286.87	La Mancha_Spain	Wine	Spain	Europe		667.0	7. AU Wine 3	S1. Wine	2	15.0	1.6e-06	Homozygous	euploid
BLI	DBVPG1629	Peter et al. 2018	ERR1309182	371.79	La Mancha_Spain	Wine	Spain	Europe		155.0	1. AU Wine 1	S1. Wine	2	5523.0	0.0005895	Heterozygous	euploid
BLK	DBVPG1631	Peter et al. 2018	ERR1308599	267.17	Valdepenas_La Mancha_Spain	Wine	Spain	Europe		677.0	7. AU Wine 3	S1. Wine	2	28.0	2.99e-06	Homozygous	euploid
BLL	DBVPG1632	Peter et al. 2018	ERR1309302	292.61	Abertura_La Mancha_Spain	Wine	Spain	Europe		567.0	6. West Europe Wine	S1. Wine	2	5378.0	0.00057402	Heterozygous	euploid
BLM	DBVPG1656	Peter et al. 2018	ERR1308884	305.9	Los Campillos_La Mancha_Spain	Wine	Spain	Europe		757.0	7. AU Wine 3	S1. Wine	2	9.0	9.61e-07	Homozygous	euploid
BLN	DBVPG1659	Peter et al. 2018	ERR1309476	267.04	Campo de Santiago_La Mancha_Spain	Wine	Spain	Europe		505.0	6. West Europe Wine	S1. Wine	2	3291.0	0.00035127	Heterozygous	euploid
BLP	DBVPG1661	Peter et al. 2018	ERR1309109	303.29	Los Polos_La Mancha_Spain	Wine	Spain	Europe		507.0	6. West Europe Wine	S1. Wine	2	2640.0	0.00028178	Heterozygous	euploid
BLQ	DBVPG1669	Peter et al. 2018	ERR1308898	295.66	Cenicero_Rioja_Spain	Wine	Spain	Europe		47.0	1. AU Wine 1	S1. Wine	2	496.0	5.29e-05	Homozygous	aneu;+1*11;
BLR	DBVPG1973	Peter et al. 2018	ERR1309223	249.16	Greece	Wine	Greece	Europe		20.0	1. AU Wine 1	S1. Wine	2	3234.0	0.00034518	Heterozygous	euploid
BLS	DBVPG1975	Peter et al. 2018	ERR1308989	402.82	Greece	Wine	Greece	Europe		555.0	6. West Europe Wine	S1. Wine	2	2749.0	0.00029342	Heterozygous	euploid
BLT	DBVPG1984	Peter et al. 2018	ERR1309425	345.67	Slovenia	Wine	Slovenia	Europe		17.0	1. AU Wine 1	S1. Wine	2	2930.0	0.00031273	Heterozygous	euploid
BLV	DBVPG3022	Peter et al. 2018	ERR1308687	234.74	Squinzano_Italy	Wine	Italy	Europe		530.0	6. West Europe Wine	S1. Wine	2	6.0	6.4e-07	Homozygous	euploid
BMA	UWOPS03-429.1	Peter et al. 2018	ERR1309324	209.18	Malaysia	Tree	Malaysia	Asia		2723.0		S4. Wild	2	74.0	7.9e-06	Homozygous	euploid
BMB	UWOPS03-433.3	Peter et al. 2018	ERR1308675	237.97	Malaysia	Tree	Malaysia	Asia		2722.0		S4. Wild	2	71.0	7.58e-06	Homozygous	euploid
BMC	UWOPS03-459.1	Peter et al. 2018	ERR1309525	313.66	Malaysia	Tree	Malaysia	Asia		2724.0		S4. Wild	2	75.0	8.01e-06	Homozygous	euploid
BMD	384103A	Peter et al. 2018	ERR1309403	285.43	RVI Newcastle_UK	Human	United Kingdom	Europe		2099.0	25. US Clinical 1		2	32499.0	0.00346879	Heterozygous	euploid
BME	368428S	Peter et al. 2018	ERR1309062	325.29	RVI Newcastle_UK	Human	United Kingdom	Europe		1386.0			3	48169.0	0.00514133	Heterozygous	aneu;+1*9;
BMF	269521J	Peter et al. 2018	ERR1308611	307.52	RVI Newcastle_UK	Human	United Kingdom	Europe		2219.0			2	32098.0	0.00342599	Heterozygous	aneu;+1*1;
BMG	NCYC_2925	Peter et al. 2018	ERR1309341	333.8	Norway	Human_clinical	Norway	Europe		1778.0	20. Mixed Origins 1	S2. Beer	3	32721.0	0.00349248	Heterozygous	aneu;+1*1;
BMH	YJM984	Peter et al. 2018	ERR1309252	195.94	USA	Human_clinical	USA	North America		642.0	7. AU Wine 3	S1. Wine	2	3.0	3.2e-07	Homozygous	euploid
BMI	YJM989	Peter et al. 2018	ERR1308709	219.06	USA	Human_clinical	USA	North America		625.0	7. AU Wine 3	S1. Wine	2	2.0	2.13e-07	Homozygous	euploid
BMK	YJM990	Peter et al. 2018	ERR1309395	349.87	USA	Human_clinical	USA	North America		628.0	7. AU Wine 3	S1. Wine	2	3.0	3.2e-07	Homozygous	euploid
BML	NCYC_2780	Peter et al. 2018	ERR1309174	327.95	Belgium	Human_clinical	Belgium	Europe		1918.0	21. Mixed Origins 2	S2. Beer	4	48270.0	0.00515211	Heterozygous	aneu;+1*6;
BMM	2680	Peter et al. 2018	ERR1309282	220.25	Vall d'Hebron hospital_Barcelona_Spain	Human_clinical	Spain	Europe		1933.0	21. Mixed Origins 2	S2. Beer	4	52637.0	0.00561822	Heterozygous	aneu;-2*1;-1*6;-1*9;
BMN	2698	Peter et al. 2018	ERR1309263	255.72	Vall d'Hebron hospital_Barcelona_Spain	Human_clinical	Spain	Europe		601.0	6. West Europe Wine	S1. Wine	2	1394.0	0.00014879	Heterozygous	euploid
BMQ	2720	Peter et al. 2018	ERR1309469	57.93	La Fe Hospital,Valencia_Spain	Human_clinical	Spain	Europe		2084.0			2	39044.0	0.00416737	Heterozygous	aneu;+1*1;+1*11;+1*12;+1*13;+1*6;+1*7;+1*9;
BMR	CEY646	Peter et al. 2018	ERR1309515	291.11	French Guiana	Nature	French Guiana	South America		1965.0	22. French Guiana Human		2	3982.0	0.00042502	Heterozygous	euploid
BMV	CEY649	Peter et al. 2018	ERR1308965	299.96	French Guiana	Nature	French Guiana	South America		1987.0	22. French Guiana Human		2	5660.0	0.00060412	Heterozygous	euploid
BNA	CEY650	Peter et al. 2018	ERR1309500	297.16	French Guiana	Nature	French Guiana	South America		1988.0	22. French Guiana Human		2	6379.0	0.00068086	Heterozygous	euploid
BNB	CEY651	Peter et al. 2018	ERR1308691	283.52	French Guiana	Fruit	French Guiana	South America		1982.0	22. French Guiana Human		2	7532.0	0.00080393	Heterozygous	euploid
BNC	CEY652	Peter et al. 2018	ERR1308855	333.9	French Guiana	Fruit	French Guiana	South America		1973.0	22. French Guiana Human		2	4442.0	0.00047412	Heterozygous	euploid
BND	CEY653	Peter et al. 2018	ERR1309439	189.11	French Guiana	Fruit	French Guiana	South America		1976.0	22. French Guiana Human		2	3611.0	0.00038542	Heterozygous	euploid
BNE	DBVPG1057	Peter et al. 2018	ERR1308659	224.34	Colli Romani_Lazio_Italy	Wine	Oman	Asia		42.0	1. AU Wine 1	S1. Wine	2	551.0	5.88e-05	Heterozygous	euploid
BNF	DBVPG1078	Peter et al. 2018	ERR1309285	198.74	San Ferdinando_Italy	Wine	Italy	Europe		132.0	1. AU Wine 1	S1. Wine	2	13.0	1.39e-06	Homozygous	euploid
BNG	DBVPG1085	Peter et al. 2018	ERR1309266	244.16	Corato_Italy	Wine	Italy	Europe		387.0		S1. Wine	3	11695.0	0.00124827	Heterozygous	euploid
BNH	DBVPG1685	Peter et al. 2018	ERR1309478	190.94	Haro_Rioja_Spain	Wine	Spain	Europe		517.0	6. West Europe Wine	S1. Wine	2	17.0	1.81e-06	Homozygous	euploid
BNI	DBVPG1699	Peter et al. 2018	ERR1309060	269.53	De Casa la Reina_Rioja_Spain	Wine	Spain	Europe		529.0	6. West Europe Wine	S1. Wine	2	12.0	1.28e-06	Homozygous	euploid
BNK	DBVPG1701	Peter et al. 2018	ERR1308773	196.3	Cihuri_Rioja_Spain	Wine	Spain	Europe		245.0	2. AU Wine 2	S1. Wine	2	18.0	1.92e-06	Homozygous	euploid
BNL	DBVPG1708	Peter et al. 2018	ERR1308681	245.44	Ultura_Sweden	Soil	Sweden	Europe		21.0	1. AU Wine 1	S1. Wine	2	2683.0	0.00028637	Heterozygous	euploid
BNM	DBVPG1711	Peter et al. 2018	ERR1308620	214.82	Ygai_Rioja_Spain	Wine	Spain	Europe		541.0	6. West Europe Wine	S1. Wine	2	11.0	1.17e-06	Homozygous	euploid
BNN	DBVPG1712	Peter et al. 2018	ERR1308605	296.75	Pedrejon_Rioja_Spain	Wine	Spain	Europe		503.0	6. West Europe Wine	S1. Wine	2	8.0	8.54e-07	Homozygous	euploid
BNP	DBVPG1714	Peter et al. 2018	ERR1308702	174.8	Fuen Mayor_Rioja_Spain	Wine	Spain	Europe		552.0	6. West Europe Wine	S1. Wine	2	5028.0	0.00053666	Heterozygous	euploid
BNQ	DBVPG1719	Peter et al. 2018	ERR1309272	237.69	San Adrian_Rioja_Spain	Wine	Spain	Europe		551.0	6. West Europe Wine	S1. Wine	2	16.0	1.71e-06	Homozygous	euploid
BNR	DBVPG1725	Peter et al. 2018	ERR1309056	198.98	La Puebla de la Barca_Rioja_Spain	Wine	Spain	Europe		246.0	2. AU Wine 2	S1. Wine	2	19.0	2.03e-06	Homozygous	euploid
BNT	DBVPG1772	Peter et al. 2018	ERR1308676	212.99	Kuopio_Finland	Soil	Finland	Europe		680.0	7. AU Wine 3	S1. Wine	2	8.0	8.54e-07	Homozygous	euploid
BNV	DBVPG1790	Peter et al. 2018	ERR1309319	256.91	Turku_Finland	Soil	Finland	Europe		31.0	1. AU Wine 1	S1. Wine	2	26.0	2.78e-06	Homozygous	euploid
BPA	DBVPG1792	Peter et al. 2018	ERR1309141	287.36	Viik_Helsinki_Finland	Soil	Finland	Europe		2291.0			2	43945.0	0.00469048	Heterozygous	aneu;+1*8;
BPB	DBVPG1795	Peter et al. 2018	ERR1309153	367.74	Illasi_Verona_Italy	Wine	Italy	Europe		28.0	1. AU Wine 1	S1. Wine	2	31.0	3.31e-06	Homozygous	euploid
BPC	DBVPG1798	Peter et al. 2018	ERR1308717	248.92	Sicily_Italy	Wine	Italy	Europe		668.0	7. AU Wine 3	S1. Wine	2	17.0	1.81e-06	Homozygous	euploid
BPF	DBVPG1832	Peter et al. 2018	ERR1308970	258.02		Fruit				14.0	1. AU Wine 1	S1. Wine	2	3033.0	0.00032373	Heterozygous	euploid
BPG	DBVPG1841	Peter et al. 2018	ERR1308932	131.79	Ethiopia		Ethiopia	Africa		36.0	1. AU Wine 1	S1. Wine	2	475.0	5.07e-05	Homozygous	aneu;+1*1;
BPH	DBVPG1843	Peter et al. 2018	ERR1308621	244.49	Ethiopia		Ethiopia	Africa		37.0	1. AU Wine 1	S1. Wine	2	452.0	4.82e-05	Homozygous	aneu;+1*1;
BPI	DBVPG1848	Peter et al. 2018	ERR1308899	174.38	Ethiopia		Ethiopia	Africa		1474.0	15. African Beer		2	26607.0	0.0028399	Heterozygous	aneu;+1*1;+1*12;
BPK	DBVPG1861	Peter et al. 2018	ERR1309254	241.21	Rajamaki River_Finland	Water	Finland	Europe		19.0	1. AU Wine 1	S1. Wine	2	3004.0	0.00032063	Heterozygous	euploid
BPL	DBVPG1878	Peter et al. 2018	ERR1308968	258.4	Piave_Italy	Wine	Italy	Europe		404.0	5. Georgian Wine	S1. Wine	2	2853.0	0.00030452	Heterozygous	euploid
BPM	DBVPG1880	Peter et al. 2018	ERR1309290	253.64	Italy	Wine	Italy	Europe		547.0	6. West Europe Wine	S1. Wine	2	2338.0	0.00024955	Heterozygous	euploid
BPN	DBVPG1895	Peter et al. 2018	ERR1309249	218.13	Italy	Wine	Italy	Europe		1475.0	15. African Beer		2	24010.0	0.00256271	Heterozygous	euploid
BPP	DBVPG1898	Peter et al. 2018	ERR1308909	264.91	Pantelleria_Italy	Wine	Italy	Europe		501.0	6. West Europe Wine	S1. Wine	2	17.0	1.81e-06	Homozygous	aneu;+1*1;
BPQ	DBVPG1918	Peter et al. 2018	ERR1309338	180.06	Malta	Wine	Malta	Europe		187.0	1. AU Wine 1	S1. Wine	2	107.0	1.14e-05	Homozygous	euploid
BPR	DBVPG1919	Peter et al. 2018	ERR1308886	218.55	Italy	Nature	Italy	Europe		418.0	5. Georgian Wine	S1. Wine	3	4520.0	0.00048244	Heterozygous	euploid
BPT	DBVPG1960	Peter et al. 2018	ERR1309309	255.22	Recioto_Verona_Italy	Wine	Italy	Europe		25.0	1. AU Wine 1	S1. Wine	2	3069.0	0.00032757	Heterozygous	euploid
BPV	DBVPG1976	Peter et al. 2018	ERR1309401	261.14	Slovakia	Wine	Slovakia	Europe		760.0	7. AU Wine 3	S1. Wine	2	20.0	2.13e-06	Homozygous	euploid
BQA	DBVPG1994	Peter et al. 2018	ERR1309391	276.98	Greece	Wine	Greece	Europe		166.0	1. AU Wine 1	S1. Wine	2	21.0	2.24e-06	Homozygous	euploid
BQB	DBVPG2049	Peter et al. 2018	ERR1308683	177.79	Reggio Emilia_Italy	Wine	Italy	Europe		693.0	7. AU Wine 3	S1. Wine	2	6183.0	0.00065994	Heterozygous	euploid
BQC	DBVPG2088	Peter et al. 2018	ERR1308813	250.72	Cognac_France	Distillery	France	Europe		758.0	7. AU Wine 3	S1. Wine	2	12.0	1.28e-06	Homozygous	euploid
BQE	DBVPG2166	Peter et al. 2018	ERR1309409	185.85	production zone of Sagrantino wine_Montefalco_Foligno_Italy	Wine	Italy	Europe		22.0	1. AU Wine 1	S1. Wine	2	4981.0	0.00053165	Heterozygous	euploid
BQG	DBVPG3098	Peter et al. 2018	ERR1308736	278.67	Calabria_Italy	Wine	Italy	Europe		531.0	6. West Europe Wine	S1. Wine	2	5.0	5.34e-07	Homozygous	euploid
BQH	DBVPG3100	Peter et al. 2018	ERR1309501	215.83	Toscana_Italy	Wine	Italy	Europe		244.0	2. AU Wine 2	S1. Wine	2	4656.0	0.00049696	Heterozygous	euploid
BQI	DBVPG3924	Peter et al. 2018	ERR1309083	187.48	Piave_Italy	Wine	Italy	Europe		658.0	7. AU Wine 3	S1. Wine	2	41.0	4.38e-06	Homozygous	euploid
BQM	DBVPG4162	Peter et al. 2018	ERR1309180	198.55	Reggio Emilia_Italy	Wine	Italy	Europe		26.0	1. AU Wine 1	S1. Wine	2	4287.0	0.00045757	Heterozygous	euploid
BQN	DBVPG4186	Peter et al. 2018	ERR1309082	196.38	Slovenia	Wine	Slovenia	Europe		185.0	1. AU Wine 1	S1. Wine	2	13.0	1.39e-06	Homozygous	euploid
BQP	DBVPG4297	Peter et al. 2018	ERR1309158	230.78	Treviso_Italy	Wine	Italy	Europe		686.0	7. AU Wine 3	S1. Wine	2	69.0	7.36e-06	Homozygous	euploid
BQQ	DBVPG4317	Peter et al. 2018	ERR1309168	172.27	Bettona_Perugia_Italy	Wine	Peru	South America		536.0	6. West Europe Wine	S1. Wine	2	501.0	5.35e-05	Heterozygous	euploid
BQR	DBVPG4381	Peter et al. 2018	ERR1308891	208.63	Italy	Water	Italy	Europe		128.0	1. AU Wine 1	S1. Wine	2	1268.0	0.00013534	Heterozygous	euploid
BQS	DBVPG4410	Peter et al. 2018	ERR1308579	238.99	Italy	Wine	Italy	Europe		24.0	1. AU Wine 1	S1. Wine	2	1493.0	0.00015936	Heterozygous	euploid
BQT	DBVPG4460	Peter et al. 2018	ERR1309130	251.12	Jesi_Italy	Wine	Italy	Europe		35.0	1. AU Wine 1	S1. Wine	2	8.0	8.54e-07	Homozygous	euploid
BRA	DBVPG4651	Peter et al. 2018	ERR1309323	296.99	Italy	Nature	Italy	Europe		671.0	7. AU Wine 3	S1. Wine	2	32.0	3.42e-06	Homozygous	euploid
BRB	DBVPG4686	Peter et al. 2018	ERR1309172	221.79	Deruta_Perugia_Italy	Wine	Peru	South America		687.0	7. AU Wine 3	S1. Wine	2	4796.0	0.0005119	Heterozygous	euploid
BRC	DBVPG4695	Peter et al. 2018	ERR1308927	260.52	Torgiano_Perugia_Italy	Wine	Peru	South America		176.0	1. AU Wine 1	S1. Wine	2	13.0	1.39e-06	Homozygous	euploid
BRD	DBVPG4902	Peter et al. 2018	ERR1308940	296.05	Perugia_Italy		Peru	South America		661.0	7. AU Wine 3	S1. Wine	2	5670.0	0.00060519	Heterozygous	euploid
BRE	DBVPG4905	Peter et al. 2018	ERR1309118	290.93	Marsciano_Perugia_Italy	Wine	Peru	South America		759.0	7. AU Wine 3	S1. Wine	2	11.0	1.17e-06	Homozygous	euploid
BRF	DBVPG5760	Peter et al. 2018	ERR1308630	214.66	Production zone of Sagrantino wine_Montefalco_Foligno_Italy	Wine	Italy	Europe		696.0	7. AU Wine 3	S1. Wine	2	6710.0	0.00071619	Heterozygous	euploid
BRG	DBVPG5836	Peter et al. 2018	ERR1309502	270.99	District of Hamma Bouziane_Constantine_Algeria	Soil	Algeria	Africa		2598.0	31. Huangjiu	S3. Asian Fermentation	3	3362.0	0.00035884	Heterozygous	euploid
BRH	DBVPG6223	Peter et al. 2018	ERR1309310	321.22	Spain	Wine	Spain	Europe		682.0	7. AU Wine 3	S1. Wine	2	48.0	5.12e-06	Homozygous	euploid
BRK	DBVPG6302	Peter et al. 2018	ERR1309244	220.4	Spain	Industrial	Spain	Europe		316.0	3. Alpechin		2	293.0	3.13e-05	Homozygous	euploid
BRL	DBVPG6350	Peter et al. 2018	ERR1308998	183.7	USA		USA	North America		2062.0	24. Lab Strains		1	666.0	7.11e-05	Heterozygous	aneu;+1*11;
BRM	DBVPG6590	Peter et al. 2018	ERR1309517	211.17	Brazil	Distillery	Brazil	South America		1376.0			1	207.0	2.21e-05	Homozygous	euploid
BRP	DBVPG6694	Peter et al. 2018	ERR1309377	301.57	Belgium	Beer	Belgium	Europe		1668.0	18. Belgium Beer 2	S2. Beer	4	29021.0	0.00309756	Heterozygous	aneu;+1*1;
BRQ	DBVPG6695	Peter et al. 2018	ERR1309175	331.39	Belgium	Beer	Belgium	Europe		1685.0	18. Belgium Beer 2	S2. Beer	4	26556.0	0.00283446	Heterozygous	aneu;+1*13;+2*9;
BRV	DBVPG6874	Peter et al. 2018	ERR1309009	276.82	USA	Human_clinical	USA	North America		2141.0	25. US Clinical 1		2	19587.0	0.00209062	Heterozygous	euploid
BSA	DBVPG6876	Peter et al. 2018	ERR1308943	341.56	Frog's Leap Winery_California_USA	Wine	USA	North America		469.0	6. West Europe Wine	S1. Wine	2	22.0	2.35e-06	Homozygous	euploid
BSB	DBVPG6877	Peter et al. 2018	ERR1309374	249.5	Sterling Winery_California_USA	Wine	USA	North America		486.0	6. West Europe Wine	S1. Wine	2	6.0	6.4e-07	Homozygous	euploid
BSC	DBVPG6878	Peter et al. 2018	ERR1309214	236.38	Mondavi Winery_California_USA	Wine	USA	North America		470.0	6. West Europe Wine	S1. Wine	2	4.0	4.27e-07	Homozygous	euploid
BSD	DBVPG6879	Peter et al. 2018	ERR1308667	243.16	Newton Winery_California_USA	Wine	USA	North America		1145.0	8. AU Wine 4	S1. Wine	2	13.0	1.39e-06	Homozygous	euploid
BSE	DBVPG6880	Peter et al. 2018	ERR1308947	254.02	Ridge Winery_California_USA	Wine	USA	North America		471.0	6. West Europe Wine	S1. Wine	2	18.0	1.92e-06	Homozygous	euploid
BSG	DBVPG6295	Peter et al. 2018	ERR1309261	246.4	South Africa	Wine	South Africa	Africa		801.0	7. AU Wine 3	S1. Wine	2	30.0	3.2e-06	Homozygous	euploid
BSI	DBVPG6693	Peter et al. 2018	ERR1309026	258.78	Belgium	Beer	Belgium	Europe		1667.0	18. Belgium Beer 2	S2. Beer	4	25617.0	0.00273424	Heterozygous	aneu;+1*1;-1*14;+1*9;
BSK	D3742	Peter et al. 2018	ERR1308916	249.81	France		France	Europe		2098.0	25. US Clinical 1		2	22294.0	0.00237955	Heterozygous	euploid
BSL	M57	Peter et al. 2018	ERR1308633	216.94	Italy	Wine	Italy	Europe		261.0	2. AU Wine 2	S1. Wine	2	7714.0	0.00082336	Heterozygous	euploid
BSM	SGU89	Peter et al. 2018	ERR1308994	229.86	Italy	Wine	Italy	Europe		704.0	7. AU Wine 3	S1. Wine	2	6928.0	0.00073946	Heterozygous	euploid
BSN	SG60	Peter et al. 2018	ERR1309238	228.16	Italy	Wine	Italy	Europe		701.0	7. AU Wine 3	S1. Wine	2	6875.0	0.0007338	Heterozygous	euploid
BSP	L-1183	Peter et al. 2018	ERR1309008	143.26	Uruguay	Wine	Uruguay	South America		158.0	1. AU Wine 1	S1. Wine	2	123.0	1.31e-05	Homozygous	euploid
BSR	L-958	Peter et al. 2018	ERR1308588	150.83	Mendoza area_Argentina	Wine	Argentina	South America		338.0	4. Commercial Wine	S1. Wine	2	14125.0	0.00150763	Heterozygous	euploid
BSS	L-960	Peter et al. 2018	ERR1308818	187.78	Mendoza area_Argentina	Wine	Argentina	South America		352.0	4. Commercial Wine	S1. Wine	2	14310.0	0.00152738	Heterozygous	euploid
BST	L-962	Peter et al. 2018	ERR1308635	222.79	Mendoza area_Argentina	Wine	Argentina	South America		1126.0	8. AU Wine 4	S1. Wine	2	27.0	2.88e-06	Homozygous	euploid
BTA	NCYC_2798	Peter et al. 2018	ERR1309095	217.32	Germany	Human_clinical	Germany	Europe		2238.0			3	42151.0	0.00449899	Heterozygous	euploid
BTB	77	Peter et al. 2018	ERR1309304	211.16		Bakery				2264.0			3	24607.0	0.00262643	Heterozygous	aneu;+1*1;+1*11;+1*5;
BTC	79	Peter et al. 2018	ERR1308822	235.47		Bakery				1797.0	20. Mixed Origins 1	S2. Beer	2	21066.0	0.00224848	Heterozygous	euploid
BTD	YS5(E)	Peter et al. 2018	ERR1308763	90.25		Bakery				1899.0	21. Mixed Origins 2	S2. Beer	4	51880.0	0.00553742	Heterozygous	aneu;+1*10;
BTE	YS8(E)	Peter et al. 2018	ERR1308903	281.75		Bakery				1931.0	21. Mixed Origins 2	S2. Beer	4	52796.0	0.00563519	Heterozygous	euploid
BTF	YS22(E)	Peter et al. 2018	ERR1309378	407.12		Bakery				1816.0	20. Mixed Origins 1	S2. Beer	2	22942.0	0.00244872	Heterozygous	aneu;+1*1;+1*9;
BTG	ZP_567	Peter et al. 2018	ERR1309352	220.83	Portugal_Castelo de Vide,	Tree	Portugal	Europe		1469.0	14. Mediterranean Oak		2	121.0	1.29e-05	Homozygous	euploid
BTH	ZP_577	Peter et al. 2018	ERR1308786	324.44	Portugal_Aldeia das Dez_S. Estrela,	Tree	Portugal	Europe		69.0	1. AU Wine 1	S1. Wine	2	18.0	1.92e-06	Homozygous	euploid
BTI	ZP_611	Peter et al. 2018	ERR1308812	315.03	Canada_Vancouver,	Tree	Canada	North America		1570.0	16. Canadian Wine		2	98.0	1.05e-05	Homozygous	euploid
BTL	L-304	Peter et al. 2018	ERR1308601	210.11	Chile	Wine	Chile	South America		458.0	6. West Europe Wine	S1. Wine	2	9.0	9.61e-07	Homozygous	euploid
BTN	L-475	Peter et al. 2018	ERR1309050	193.43	Chile	Wine	Chile	South America		457.0	6. West Europe Wine	S1. Wine	2	17.0	1.81e-06	Homozygous	euploid
BTP	L-1198	Peter et al. 2018	ERR1309506	220.74	Valle de Ica_Peru	Wine	Peru	South America		346.0	4. Commercial Wine	S1. Wine	2	12530.0	0.00133739	Heterozygous	euploid
BTR	L-1201	Peter et al. 2018	ERR1309489	147.93	Valle de Ica_Peru	Wine	Peru	South America		348.0	4. Commercial Wine	S1. Wine	2	13653.0	0.00145726	Heterozygous	euploid
BTS	RIB1005	Peter et al. 2018	ERR1309070	270.67	Japan	Sake	Japan	Asia		2485.0	29. Sake	S3. Asian Fermentation	2	3828.0	0.00040858	Heterozygous	aneu;+1*11;
BTT	M.9.1	Peter et al. 2018	ERR1308583	188.01	Brazil	Distillery	Brazil	South America		1300.0	11. Brazilian Bioethanol		2	18215.0	0.00194418	Heterozygous	euploid
BTV	M.14.1	Peter et al. 2018	ERR1309375	214.38	Brazil	Distillery	Brazil	South America		1302.0	11. Brazilian Bioethanol		2	17043.0	0.00181909	Heterozygous	euploid
BVA	RP.10.4	Peter et al. 2018	ERR1309497	246.54	Brazil	Bioethanol	Brazil	South America		1299.0	11. Brazilian Bioethanol		2	17492.0	0.00186701	Heterozygous	euploid
BVB	RP.10.13	Peter et al. 2018	ERR1309103	249.0	Brazil	Bioethanol	Brazil	South America		1315.0	11. Brazilian Bioethanol		2	22863.0	0.00244029	Heterozygous	euploid
BVC	RP.10.14	Peter et al. 2018	ERR1308589	190.33	Brazil	Bioethanol	Brazil	South America		1292.0	11. Brazilian Bioethanol		2	18942.0	0.00202178	Heterozygous	euploid
BVD	SM.9.1.AL1	Peter et al. 2018	ERR1309387	225.25	Brazil	Bioethanol	Brazil	South America		1326.0	11. Brazilian Bioethanol		2	108.0	1.15e-05	Homozygous	euploid
BVE	SM.9.1.BL7	Peter et al. 2018	ERR1309294	253.75	Brazil	Bioethanol	Brazil	South America		1306.0	11. Brazilian Bioethanol		1	31.0	3.31e-06	Homozygous	euploid
BVF	SM.9.2.BR3(L)	Peter et al. 2018	ERR1308860	243.29	Brazil	Bioethanol	Brazil	South America		1327.0	11. Brazilian Bioethanol		2	19530.0	0.00208454	Heterozygous	euploid
BVG	SM.9.4.BL2	Peter et al. 2018	ERR1309184	262.7	Brazil	Bioethanol	Brazil	South America		1324.0	11. Brazilian Bioethanol		2	24905.0	0.00265824	Heterozygous	euploid
BVH	SM.9.4.BR1	Peter et al. 2018	ERR1309123	71.32	Brazil	Bioethanol	Brazil	South America		1318.0	11. Brazilian Bioethanol		2	23740.0	0.00253389	Heterozygous	euploid
BVK	4LBI-3	Peter et al. 2018	ERR1309280	230.27	Basilicata_Italy	Wine	Italy	Europe		721.0	7. AU Wine 3	S1. Wine	2	11.0	1.17e-06	Homozygous	aneu;+1*1;+1*6;
BVM	SA6-31	Peter et al. 2018	ERR1309067	240.81	Toscana_Italy	Wine	Italy	Europe		523.0	6. West Europe Wine	S1. Wine	2	12.0	1.28e-06	Homozygous	euploid
BVT	B-24	Peter et al. 2018	ERR1309115	203.06	Georgia	Wine	Georgia	Asia		429.0	5. Georgian Wine	S1. Wine	2	2562.0	0.00027346	Heterozygous	aneu;+1*1;+1*6;
BVV	42217	Peter et al. 2018	ERR1309010	225.54	Georgia	Wine	Georgia	Asia		431.0	5. Georgian Wine	S1. Wine	2	2730.0	0.00029139	Heterozygous	aneu;+1*1;+1*6;
CAA	43221	Peter et al. 2018	ERR1308578	259.67	Georgia	Wine	Georgia	Asia		430.0	5. Georgian Wine	S1. Wine	2	2226.0	0.00023759	Heterozygous	aneu;+1*1;
CAB	45515	Peter et al. 2018	ERR1308670	264.7	Georgia	Wine	Georgia	Asia		405.0	5. Georgian Wine	S1. Wine	2	3361.0	0.00035874	Heterozygous	euploid
CAC	A-12	Peter et al. 2018	ERR1309316	236.0	Georgia	Wine	Georgia	Asia		432.0	5. Georgian Wine	S1. Wine	2	2742.0	0.00029267	Heterozygous	aneu;+1*1;+1*6;
CAD	43405	Peter et al. 2018	ERR1308697	269.34	Georgia	Wine	Georgia	Asia		433.0	5. Georgian Wine	S1. Wine	2	2740.0	0.00029245	Heterozygous	aneu;+1*1;+1*6;
CAE	B-4	Peter et al. 2018	ERR1309044	351.9	Georgia	Wine	Georgia	Asia		794.0	7. AU Wine 3	S1. Wine	2	16.0	1.71e-06	Homozygous	euploid
CAF	C-3	Peter et al. 2018	ERR1309286	205.07	Georgia	Wine	Georgia	Asia		789.0	7. AU Wine 3	S1. Wine	2	24.0	2.56e-06	Homozygous	euploid
CAH	D-1	Peter et al. 2018	ERR1308755	209.52	Georgia	Wine	Georgia	Asia		251.0	2. AU Wine 2	S1. Wine	2	5711.0	0.00060957	Heterozygous	aneu;+1*4;
CAI	D-4	Peter et al. 2018	ERR1308771	53.77	Georgia	Wine	Georgia	Asia		270.0	2. AU Wine 2	S1. Wine	2	9734.0	0.00103896	Heterozygous	euploid
CAK	A-16	Peter et al. 2018	ERR1309117	336.88	Georgia	Wine	Georgia	Asia		274.0	2. AU Wine 2	S1. Wine	2	8703.0	0.00092892	Heterozygous	aneu;+1*16;
CAL	A-19	Peter et al. 2018	ERR1309510	232.46	Georgia	Wine	Georgia	Asia		273.0	2. AU Wine 2	S1. Wine	2	9101.0	0.0009714	Heterozygous	euploid
CAM	45482	Peter et al. 2018	ERR1308714	179.36	Georgia	Wine	Georgia	Asia		427.0	5. Georgian Wine	S1. Wine	2	2937.0	0.00031348	Heterozygous	euploid
CAN	45359	Peter et al. 2018	ERR1308933	188.41	Georgia	Wine	Georgia	Asia		409.0	5. Georgian Wine	S1. Wine	2	3690.0	0.00039385	Heterozygous	aneu;+1*9;
CAP	45333	Peter et al. 2018	ERR1308586	271.59	Georgia	Wine	Georgia	Asia		406.0	5. Georgian Wine	S1. Wine	2	2037.0	0.00021742	Heterozygous	euploid
CAQ	45327	Peter et al. 2018	ERR1308749	228.38	Georgia	Wine	Georgia	Asia		428.0	5. Georgian Wine	S1. Wine	2	2995.0	0.00031967	Heterozygous	euploid
CAR	A-9	Peter et al. 2018	ERR1309091	195.28	Georgia	Wine	Georgia	Asia		440.0	5. Georgian Wine	S1. Wine	2	10.0	1.07e-06	Homozygous	euploid
CAS	B-17	Peter et al. 2018	ERR1308926	70.47	Georgia	Wine	Georgia	Asia		441.0	5. Georgian Wine	S1. Wine	2	36.0	3.84e-06	Homozygous	euploid
CAT	C-12	Peter et al. 2018	ERR1309024	197.38	Georgia	Wine	Georgia	Asia		442.0	5. Georgian Wine	S1. Wine	2	11.0	1.17e-06	Homozygous	euploid
CAV	B-13	Peter et al. 2018	ERR1309104	206.43	Georgia	Wine	Georgia	Asia		444.0	5. Georgian Wine	S1. Wine	2	18.0	1.92e-06	Homozygous	aneu;+2*3;
CBA	A-14	Peter et al. 2018	ERR1309007	229.07	Georgia	Wine	Georgia	Asia		252.0	2. AU Wine 2	S1. Wine	2	5841.0	0.00062344	Heterozygous	euploid
CBB	45536	Peter et al. 2018	ERR1309343	226.17	Georgia	Wine	Georgia	Asia		424.0	5. Georgian Wine	S1. Wine	2	3338.0	0.00035628	Heterozygous	euploid
CBC	D-18	Peter et al. 2018	ERR1308876	165.15	Georgia	Wine	Georgia	Asia		445.0	5. Georgian Wine	S1. Wine	2	13.0	1.39e-06	Homozygous	euploid
CBD	B-11	Peter et al. 2018	ERR1308852	179.41	Georgia	Wine	Georgia	Asia		443.0	5. Georgian Wine	S1. Wine	2	11.0	1.17e-06	Homozygous	euploid
CBE	D-21	Peter et al. 2018	ERR1309523	190.57	Georgia	Wine	Georgia	Asia		425.0	5. Georgian Wine	S1. Wine	2	3373.0	0.00036002	Heterozygous	euploid
CBF	SD-15	Peter et al. 2018	ERR1309133	231.58	Matera_Italy	Bakery	Italy	Europe		1934.0	21. Mixed Origins 2	S2. Beer	4	53297.0	0.00568866	Heterozygous	aneu;+2*9;
CBG	DBVPG1978	Peter et al. 2018	ERR1309187	167.26	Slovakia	Wine	Slovakia	Europe		64.0	1. AU Wine 1	S1. Wine	2	4427.0	0.00047252	Heterozygous	euploid
CBH	DBVPG3051	Peter et al. 2018	ERR1309454	95.17	Israel	Wine	Israel	Asia		544.0	6. West Europe Wine	S1. Wine	2	2393.0	0.00025542	Heterozygous	euploid
CBI	DBVPG4036	Peter et al. 2018	ERR1308603	194.4	ex Yugoslavia	Wine	ex Yugoslavia	ex Yugoslavia		186.0	1. AU Wine 1	S1. Wine	2	11.0	1.17e-06	Homozygous	euploid
CBK	1	Peter et al. 2018	ERR1309061	232.5	Schleswig-Holstein	Insect	Germany	Europe		2050.0	24. Lab Strains		1	365.0	3.9e-05	Homozygous	euploid
CBL	2	Peter et al. 2018	ERR1309073	188.69	Schleswig-Holstein	Insect	Germany	Europe		2051.0	24. Lab Strains		2	42192.0	0.00450337	Heterozygous	euploid
CBM	3	Peter et al. 2018	ERR1309084	249.57	Forest of Nehmten in Schleswig-Holstein	Insect	Germany	Europe		2052.0			2	40996.0	0.00437572	Heterozygous	euploid
CBN	NCYC_88	Peter et al. 2018	ERR1309233	228.99	UK	Beer	United Kingdom	Europe		1330.0	12. Belgium Beer 1		2	162.0	1.73e-05	Homozygous	euploid
CBR	NCYC_1187	Peter et al. 2018	ERR1308964	149.84	UK	Beer	United Kingdom	Europe		1751.0	19. UK Beer	S2. Beer	4	33245.0	0.00354841	Heterozygous	euploid
CCC	CLQCA_20-156	Peter et al. 2018	ERR1309090	260.35	Yasuni_Orellana	Flower	Ecuador	South America		2716.0	34. South American Wild	S4. Wild	2	89.0	9.5e-06	Homozygous	euploid
CCD	CLQCA_20-184	Peter et al. 2018	ERR1308655	401.27	Yasuni_Orellana	Flower	Ecuador	South America		2712.0	34. South American Wild	S4. Wild	2	89.0	9.5e-06	Homozygous	euploid
CCE	CLQCA_20-221	Peter et al. 2018	ERR1309224	327.66	Yasuni_Orellana	Flower	Ecuador	South America		2714.0	34. South American Wild	S4. Wild	2	70.0	7.47e-06	Homozygous	euploid
CCF	CLQCA_20-246	Peter et al. 2018	ERR1308971	378.6	Yasuni_Orellana	Insect	Ecuador	South America		2715.0	34. South American Wild	S4. Wild	2	70.0	7.47e-06	Homozygous	euploid
CCG	CLQCA_20-259	Peter et al. 2018	ERR1309013	304.15	Yasuni_Orellana	Fruit	Ecuador	South America		2717.0	34. South American Wild	S4. Wild	2	89.0	9.5e-06	Homozygous	euploid
CCH	CLQCA_20-314	Peter et al. 2018	ERR1308722	191.37	Yasuni_Orellana	Insect	Ecuador	South America		2713.0	34. South American Wild	S4. Wild	2	87.0	9.29e-06	Homozygous	aneu;+1*16;
CCI	CLQCA_20-248	Peter et al. 2018	ERR1309222	208.95	Yasuni_Orellana	Insect	Ecuador	South America		2718.0	34. South American Wild	S4. Wild	2	88.0	9.39e-06	Homozygous	euploid
CCL	N19-1C	Peter et al. 2018	ERR1309248	298.15	Gelendzhik region_Caucasus_Russia	Tree	Russia	Europe		1435.0	14. Mediterranean Oak		2	45.0	4.8e-06	Homozygous	euploid
CCM	N493-2C	Peter et al. 2018	ERR1309012	261.98	Kiev district_Ukraine	Tree	Ukraine	Europe		178.0	1. AU Wine 1	S1. Wine	2	30.0	3.2e-06	Homozygous	euploid
CCN	VKM_Y-504:S	Peter et al. 2018	ERR1308732	261.74	Russian Far East	Fruit	Russia	Europe		2742.0	35. Chinese Wild	S4. Wild	2	116.0	1.24e-05	Homozygous	euploid
CCP	IFO_0877:6-1	Peter et al. 2018	ERR1308741	205.35	Japan	Tree	Japan	Asia		2994.0	39. Asian Oak	S4. Wild	2	84.0	8.97e-06	Homozygous	euploid
CCQ	Ksc2-2B	Peter et al. 2018	ERR1308830	240.35	Japan	Tree	Japan	Asia		2733.0		S4. Wild	2	127.0	1.36e-05	Homozygous	euploid
CCR	Ksc40-8A	Peter et al. 2018	ERR1309198	246.68	Japan	Tree	Japan	Asia		2734.0		S4. Wild	2	64.0	6.83e-06	Homozygous	euploid
CCS	Ksc73-2D	Peter et al. 2018	ERR1309150	258.35	Japan	Tree	Japan	Asia		2736.0	35. Chinese Wild	S4. Wild	2	146.0	1.56e-05	Homozygous	euploid
CCT	S11F3-6B	Peter et al. 2018	ERR1308694	222.87	Sri Lanka	Tree	Sri Lanka	Asia		2918.0	38. Taiwan Wild 2	S4. Wild	2	113.0	1.21e-05	Homozygous	euploid
CCV	S8BM-30-2D	Peter et al. 2018	ERR1309363	198.61	Sri Lanka	Tree	Sri Lanka	Asia		2919.0	38. Taiwan Wild 2	S4. Wild	2	90.0	9.61e-06	Homozygous	euploid
CDA	S8BM-32-4D(a)	Peter et al. 2018	ERR1308658	246.65	Sri Lanka	Tree	Sri Lanka	Asia		2917.0	38. Taiwan Wild 2	S4. Wild	1	96.0	1.02e-05	Homozygous	euploid
CDB	ATCC_66348-1D	Peter et al. 2018	ERR1309270	192.14	Japan	Soil	Japan	Asia		3003.0		S4. Wild	2	69.0	7.36e-06	Homozygous	euploid
CDC	N37-1A	Peter et al. 2018	ERR1309331	233.83	Botanical Garden_Novosibirsk_Siberia_Russia	Tree	Russia	Europe		2235.0			2	121.0	1.29e-05	Homozygous	aneu;+1*5;
CDD	N38-4A	Peter et al. 2018	ERR1308950	221.26	Botanical Garden_Novosibirsk_Siberia_Russia	Tree	Russia	Europe		2236.0			2	105.0	1.12e-05	Homozygous	euploid
CDE	N39-7A	Peter et al. 2018	ERR1308715	202.21	Novosibirsk_Siberia_Russia	Tree	Russia	Europe		2237.0			2	101.0	1.08e-05	Homozygous	euploid
CDF	N22.00-5D	Peter et al. 2018	ERR1308604	224.25	Botanical garden_Blagoveshchensk_Russia	Fruit	Russia	Europe		2954.0	39. Asian Oak	S4. Wild	2	119.0	1.27e-05	Homozygous	euploid
CDG	N3.00-7A	Peter et al. 2018	ERR1309441	268.5	Botanical garden_Blagoveshchensk_Russia	Wine	Russia	Europe		2955.0	39. Asian Oak	S4. Wild	2	118.0	1.26e-05	Homozygous	euploid
CDH	N159.01-2B	Peter et al. 2018	ERR1309449	201.15	Botanical garden_Blagoveshchensk_Russia	Tree	Russia	Europe		2952.0	39. Asian Oak	S4. Wild	2	108.0	1.15e-05	Homozygous	euploid
CDI	N163.01-5A	Peter et al. 2018	ERR1309078	185.12	Botanical garden_Blagoveshchensk_Russia	Tree	Russia	Europe		2953.0	39. Asian Oak	S4. Wild	2	111.0	1.18e-05	Homozygous	euploid
CDK	CCY_21-4-93:6B	Peter et al. 2018	ERR1309085	164.67	North Korea	Tree	North Korea	North Korea		2314.0		S3. Asian Fermentation	1	39.0	4.16e-06	Homozygous	euploid
CDL	N51-1A	Peter et al. 2018	ERR1309032	261.45	Vladivostok_Russian Far East	Tree	Russia	Europe		2740.0	35. Chinese Wild	S4. Wild	2	131.0	1.4e-05	Homozygous	euploid
CDM	UFRJ_50613-2D(a)	Peter et al. 2018	ERR1308794	259.8	Rio de Janeiro_Brazil	Water	Brazil	South America		1604.0			2	41.0	4.38e-06	Homozygous	euploid
CDN	UCD_61-190-6A	Peter et al. 2018	ERR1308637	252.91	California_USA	Insect	USA	North America		2689.0		S4. Wild	2	117.0	1.25e-05	Homozygous	aneu;+2*1;+2*3;
CDP	N95-5-1A	Peter et al. 2018	ERR1309100	267.44	Augusta_MI 49012_USA	Tree	USA	North America		2844.0	36. North American Wild	S4. Wild	2	93.0	9.93e-06	Homozygous	euploid
CDQ	N95-6-1C	Peter et al. 2018	ERR1308783	231.94	Augusta_MI 49012_USA	Tree	USA	North America		2829.0		S4. Wild	2	101.0	1.08e-05	Homozygous	euploid
CDR	CECT10331:9-1	Peter et al. 2018	ERR1309163	231.22	Spain	Flower	Spain	Europe		1780.0	20. Mixed Origins 1	S2. Beer	2	116.0	1.24e-05	Homozygous	euploid
CDS	CECT10351-1B	Peter et al. 2018	ERR1309411	287.16	Spain	Fruit	Spain	Europe		497.0	6. West Europe Wine	S1. Wine	2	10.0	1.07e-06	Homozygous	euploid
CDT	CECT10171-5B	Peter et al. 2018	ERR1308726	228.64	Spain	Insect	Spain	Europe		306.0	3. Alpechin		2	335.0	3.58e-05	Homozygous	euploid
CDV	DBVPG1616-1D	Peter et al. 2018	ERR1309031	274.72	Spain	Soil	Spain	Europe		508.0	6. West Europe Wine	S1. Wine	2	16.0	1.71e-06	Homozygous	euploid
CEA	DBVPG1617-5A	Peter et al. 2018	ERR1309111	266.96	Spain	Soil	Spain	Europe		512.0	6. West Europe Wine	S1. Wine	1	7.0	7.47e-07	Homozygous	euploid
CEB	DBVPG1619-4B	Peter et al. 2018	ERR1309017	238.93	Spain	Soil	Spain	Europe		513.0	6. West Europe Wine	S1. Wine	1	6.0	6.4e-07	Homozygous	euploid
CEC	DBVPG1620-1A	Peter et al. 2018	ERR1308870	269.92	Spain	Soil	Spain	Europe		516.0	6. West Europe Wine	S1. Wine	2	12.0	1.28e-06	Homozygous	euploid
CED	DBVPG1621-5A	Peter et al. 2018	ERR1308922	270.3	Spain	Soil	Spain	Europe		504.0	6. West Europe Wine	S1. Wine	2	10.0	1.07e-06	Homozygous	aneu;+1*8;
CEE	DBVPG1622-8B	Peter et al. 2018	ERR1309037	242.8	Spain	Soil	Spain	Europe		519.0	6. West Europe Wine	S1. Wine	2	7.0	7.47e-07	Homozygous	euploid
CEF	DBVPG1623-2A	Peter et al. 2018	ERR1308703	249.5	Spain	Soil	Spain	Europe		509.0	6. West Europe Wine	S1. Wine	2	11.0	1.17e-06	Homozygous	euploid
CEG	EM14S01-3B	Peter et al. 2018	ERR1309189	226.44	Taiwan	Soil	Taiwan	Asia		2791.0	35. Chinese Wild	S4. Wild	2	81.0	8.65e-06	Homozygous	euploid
CEH	ES2M03-7A	Peter et al. 2018	ERR1308704	250.26	Taiwan	Fruit	Taiwan	Asia		2969.0	39. Asian Oak	S4. Wild	2	108.0	1.15e-05	Homozygous	euploid
CEI	GE14S01-7B	Peter et al. 2018	ERR1308746	193.22	Taiwan	Soil	Taiwan	Asia		2789.0	35. Chinese Wild	S4. Wild	2	110.0	1.17e-05	Homozygous	euploid
CEK	JCM_2985-4B	Peter et al. 2018	ERR1309167	234.89	Thailand	Fermentation	Thailand	Asia		2584.0	31. Huangjiu	S3. Asian Fermentation	2	72.0	7.68e-06	Homozygous	euploid
CEL	JCM_3529-7B	Peter et al. 2018	ERR1308750	291.54	Thailand	Fermentation	Thailand	Asia		2585.0	31. Huangjiu	S3. Asian Fermentation	2	66.0	7.04e-06	Homozygous	euploid
CEM	CCY_21-4-89:7-3	Peter et al. 2018	ERR1308774	202.78	North Korea	Fermentation	North Korea	North Korea		2315.0			1	53.0	5.66e-06	Homozygous	euploid
CEN	ATCC_38618:2-2	Peter et al. 2018	ERR1309405	199.08		Fruit				2102.0	25. US Clinical 1		2	427.0	4.56e-05	Homozygous	aneu;+1*12;+1*14;
CEP	ATCC_52922-1C	Peter et al. 2018	ERR1308631	295.14	Philippines	Fermentation	Philippines	Asia		2386.0	28. Baiju	S3. Asian Fermentation	2	116.0	1.24e-05	Homozygous	aneu;+1*8;
CEQ	MUCL_30909-2C	Peter et al. 2018	ERR1308767	160.9	Burundi	Fermentation	Burundi	Africa		2643.0			2	104.0	1.11e-05	Homozygous	euploid
CER	N34:2-4(a)	Peter et al. 2018	ERR1308780	228.67	Ghana	Bakery	Ghana	Africa		1495.0	15. African Beer		2	70.0	7.47e-06	Homozygous	euploid
CES	N26-1-10:7-5(a)	Peter et al. 2018	ERR1309165	142.58	Ghana	Bakery	Ghana	Africa		1496.0	15. African Beer		2	125.0	1.33e-05	Homozygous	aneu;-1*1;
CET	N134:7-1(a)	Peter et al. 2018	ERR1309358	231.75	Ghana	Bakery	Ghana	Africa		1494.0	15. African Beer		2	157.0	1.68e-05	Homozygous	aneu;+1*9;
CEV	IFO_0289:4-3(b)	Peter et al. 2018	ERR1308745	564.25	China	Distillery	China	Asia		2507.0	30. Mantou	S3. Asian Fermentation	1	52.0	5.55e-06	Homozygous	euploid
CFA	Dji2-2A(a)	Peter et al. 2018	ERR1308896	277.09	Djibouti	Palm wine	Djibouti	Africa		2645.0			2	52.0	5.55e-06	Homozygous	euploid
CFB	ho_SB	Peter et al. 2018	ERR1309183	260.17	Bordeaux	Wine	France	Europe		384.0		S1. Wine	2	154.0	1.64e-05	Homozygous	aneu;+2*9;
CFC	4.5_WLP530	Peter et al. 2018	ERR1308839	216.24	Westmalle_Belgium	Beer	Belgium	Europe		1645.0		S2. Beer	4	40127.0	0.00428296	Heterozygous	euploid
CFD	1.3_Safale_US05	Peter et al. 2018	ERR1309393	189.8	USA	Beer	USA	North America		1708.0	19. UK Beer	S2. Beer	4	23044.0	0.00245961	Heterozygous	aneu;+1*6;
CFE	4.9_WLP099	Peter et al. 2018	ERR1309225	271.61	United Kingdom	Beer	United Kingdom	Europe		716.0	7. AU Wine 3	S1. Wine	2	4708.0	0.00050251	Heterozygous	euploid
CFF	6.2_WLP570	Peter et al. 2018	ERR1309102	254.27	Belgium	Beer	Belgium	Europe		1339.0	12. Belgium Beer 1		2	18586.0	0.00198378	Heterozygous	euploid
CFG	1.6_Safale_S40	Peter et al. 2018	ERR1309291	275.51	UK	Beer	United Kingdom	Europe		1753.0	19. UK Beer	S2. Beer	4	32941.0	0.00351596	Heterozygous	euploid
CFH	Nottingham_ale_1.8_Lallemand	Peter et al. 2018	ERR1309433	222.43	UK	Beer	United Kingdom	Europe		1761.0	19. UK Beer	S2. Beer	4	33143.0	0.00353752	Heterozygous	aneu;-1*7;
CFI	2.6_Windsor_British	Peter et al. 2018	ERR1309381	253.02	UK	Beer	United Kingdom	Europe		1885.0		S2. Beer	4	49875.0	0.00532342	Heterozygous	aneu;+1*9;
CFM	5.5_WLP090	Peter et al. 2018	ERR1309468	257.76	San Diego_USA	Beer	USA	North America		1705.0	19. UK Beer	S2. Beer	4	23709.0	0.00253058	Heterozygous	euploid
CFN	3.3_Safale_S-33	Peter et al. 2018	ERR1308648	276.98		Beer				1886.0		S2. Beer	4	49684.0	0.00530303	Heterozygous	aneu;+1*9;
CFP	3.4_Safbrew_T-58	Peter et al. 2018	ERR1308594	225.39		Beer				1876.0	20. Mixed Origins 1	S2. Beer	4	50247.0	0.00536312	Heterozygous	euploid
CFQ	UCD_40-235	Peter et al. 2018	ERR1309367	339.5	Walnut Creek_California	Wine	USA	North America		480.0	6. West Europe Wine	S1. Wine	2	50.0	5.34e-06	Homozygous	euploid
CFR	UCD_40-248	Peter et al. 2018	ERR1309312	218.8	Tulare Winery_California	Wine	USA	North America		485.0	6. West Europe Wine	S1. Wine	2	10.0	1.07e-06	Homozygous	euploid
CFS	UCD_40-255	Peter et al. 2018	ERR1309156	301.5	Walnut Creek_California	Wine	USA	North America		475.0	6. West Europe Wine	S1. Wine	4	58.0	6.19e-06	Homozygous	aneu;+1*2;-1*6;
CFT	UCD_40-346	Peter et al. 2018	ERR1309351	245.9	Fresno area_ California	Fruit	USA	North America		1610.0			2	20145.0	0.00215018	Heterozygous	aneu;+1*5;+1*9;
CFV	UCD_40-49	Peter et al. 2018	ERR1309169	290.71		Fruit				119.0	1. AU Wine 1	S1. Wine	2	15.0	1.6e-06	Homozygous	aneu;+1*1;+1*4;
CGB	UCD_05-780	Peter et al. 2018	ERR1309190	211.13	Winters_CA Wolfskill USDA Prunus germplasm collection_	Insect	USA	North America		1587.0	16. Canadian Wine		2	66.0	7.04e-06	Homozygous	euploid
CGC	UCD_06-645	Peter et al. 2018	ERR1309334	302.37	Davis_CA_UCD	Fruit	USA	North America		1678.0	18. Belgium Beer 2	S2. Beer	4	29815.0	0.00318231	Heterozygous	euploid
CGD	UCD_09-448	Peter et al. 2018	ERR1309434	189.99	Davis_CA_UCD	Fruit	USA	North America		312.0	3. Alpechin		2	277.0	2.96e-05	Homozygous	euploid
CGE	UCD_11-601	Peter et al. 2018	ERR1308720	190.44	Davis_CA_UCD Food Science_Pilot plant.	Fruit	USA	North America		313.0	3. Alpechin		2	305.0	3.26e-05	Homozygous	euploid
CGG	TayTa	Peter et al. 2018	ERR1309326	231.03	Long An_South Vietnam		Vietnam	Asia		2553.0	30. Mantou	S3. Asian Fermentation	2	6603.0	0.00070477	Heterozygous	euploid
CGH	VNL3	Peter et al. 2018	ERR1309139	267.74	Ha Noi_North Vietnam		Vietnam	Asia		2362.0		S3. Asian Fermentation	3	16506.0	0.00176177	Heterozygous	euploid
CGI	Me7	Peter et al. 2018	ERR1308692	269.73	Cai Be_South Vietnam		Vietnam	Asia		2552.0	30. Mantou	S3. Asian Fermentation	2	9437.0	0.00100726	Heterozygous	euploid
CGK	Lx2	Peter et al. 2018	ERR1309239	253.07	Dong Thap_South Vietnam		Vietnam	Asia		2599.0	31. Huangjiu	S3. Asian Fermentation	2	4115.0	0.00043922	Heterozygous	euploid
CGL	BMQ557	Peter et al. 2018	ERR1308895	315.88	Hai Phong_North Vietnam		Vietnam	Asia		2497.0	30. Mantou	S3. Asian Fermentation	2	7436.0	0.00079368	Heterozygous	euploid
CGN	SGB1	Peter et al. 2018	ERR1309087	223.87	Saigon_South Vietnam	Fermentation	Vietnam	Asia		2555.0	30. Mantou	S3. Asian Fermentation	2	7460.0	0.00079624	Heterozygous	euploid
CGP	SG4	Peter et al. 2018	ERR1309284	246.83	Saigon_South Vietnam		Vietnam	Asia		2556.0	30. Mantou	S3. Asian Fermentation	2	9340.0	0.00099691	Heterozygous	euploid
CGQ	RR1a	Peter et al. 2018	ERR1309461	259.5	My Tho_South Vietnam		Vietnam	Asia		2605.0	31. Huangjiu	S3. Asian Fermentation	2	3902.0	0.00041648	Heterozygous	euploid
CGR	VL5	Peter et al. 2018	ERR1309492	251.12	Phan Thiet_South Vietnam	Fermentation	Vietnam	Asia		2554.0	30. Mantou	S3. Asian Fermentation	2	5018.0	0.0005356	Heterozygous	euploid
CGS	Ca6	Peter et al. 2018	ERR1308721	234.67	Lebanon	Wine	Lebanon	Asia		137.0	1. AU Wine 1	S1. Wine	2	9.0	9.61e-07	Homozygous	euploid
CGT	Lib39	Peter et al. 2018	ERR1309219	263.55	Lebanon	Wine	Lebanon	Asia		138.0	1. AU Wine 1	S1. Wine	2	16.0	1.71e-06	Homozygous	euploid
CGV	Lib51	Peter et al. 2018	ERR1308815	186.75	Lebanon	Wine	Lebanon	Asia		562.0	6. West Europe Wine	S1. Wine	2	2739.0	0.00029235	Heterozygous	euploid
CHA	Lib52	Peter et al. 2018	ERR1309281	248.9	Lebanon	Wine	Lebanon	Asia		678.0	7. AU Wine 3	S1. Wine	2	21.0	2.24e-06	Homozygous	euploid
CHB	Lib54	Peter et al. 2018	ERR1309435	246.35	Lebanon	Wine	Lebanon	Asia		139.0	1. AU Wine 1	S1. Wine	2	3743.0	0.00039951	Heterozygous	euploid
CHC	Lib61	Peter et al. 2018	ERR1309386	300.68	Lebanon	Wine	Lebanon	Asia		540.0	6. West Europe Wine	S1. Wine	2	2252.0	0.00024037	Heterozygous	euploid
CHD	Lib70	Peter et al. 2018	ERR1309398	214.17	Lebanon	Wine	Lebanon	Asia		140.0	1. AU Wine 1	S1. Wine	2	6357.0	0.00067852	Heterozygous	euploid
CHE	Lib71	Peter et al. 2018	ERR1308874	202.23	Lebanon	Wine	Lebanon	Asia		563.0	6. West Europe Wine	S1. Wine	2	4136.0	0.00044146	Heterozygous	euploid
CHF	Lib73	Peter et al. 2018	ERR1309205	210.03	Lebanon	Wine	Lebanon	Asia		379.0		S1. Wine	2	12781.0	0.00136418	Heterozygous	euploid
CHG	324-6C	Peter et al. 2018	ERR1308990	224.65	Vietnam	Bakery	Vietnam	Asia		1901.0	21. Mixed Origins 2	S2. Beer	2	27118.0	0.00289444	Heterozygous	euploid
CHH	319-5C	Peter et al. 2018	ERR1308772	150.17	France	Bakery	France	Europe		1888.0	21. Mixed Origins 2	S2. Beer	2	25614.0	0.00273392	Heterozygous	aneu;+1*7;
CHI	646-3B	Peter et al. 2018	ERR1309321	176.65	USA	Bakery	USA	North America		1860.0	20. Mixed Origins 1	S2. Beer	2	28607.0	0.00305337	Heterozygous	euploid
CHK	Win-8B	Peter et al. 2018	ERR1309299	211.65	UK	Beer	United Kingdom	Europe		1883.0		S2. Beer	2	27295.0	0.00291334	Heterozygous	aneu;+1*9;
CHL	SBE-1C	Peter et al. 2018	ERR1309074	183.96	Northern Europe	Bakery	Northern Europe	Northern Europe		1777.0	20. Mixed Origins 1	S2. Beer	2	25341.0	0.00270478	Heterozygous	aneu;+1*13;+1*2;
CHM	SBD	Peter et al. 2018	ERR1308585	295.64	Northern Europe	Bakery	Northern Europe	Northern Europe		2596.0	31. Huangjiu	S3. Asian Fermentation	2	4235.0	0.00045202	Heterozygous	euploid
CHN	B9b-1	Peter et al. 2018	ERR1309164	218.02	Gif-sur-Yvette	Bakery	France	Europe		2339.0			2	27043.0	0.00288644	Heterozygous	euploid
CHP	B9c-1	Peter et al. 2018	ERR1309303	224.08	Gif-sur-Yvette	Bakery	France	Europe		2340.0			2	26760.0	0.00285623	Heterozygous	euploid
CHQ	B10-1	Peter et al. 2018	ERR1309460	277.2	Forcalquier	Bakery	France	Europe		2288.0			2	28696.0	0.00306287	Heterozygous	euploid
CHR	SC_29_F._Dromer_IP	Peter et al. 2018	ERR1309136	212.45	France	Human_clinical	France	Europe		1904.0	21. Mixed Origins 2	S2. Beer	2	29387.0	0.00313663	Heterozygous	euploid
CHS	SC_32_F._Dromer_IP	Peter et al. 2018	ERR1309373	221.27	France	Human_clinical	France	Europe		2182.0			2	17206.0	0.00183649	Heterozygous	euploid
CHT	SC_33_F._Dromer_IP	Peter et al. 2018	ERR1308919	286.24	France	Human_clinical	France	Europe		2183.0			2	17523.0	0.00187032	Heterozygous	euploid
CHV	SRC_120	Peter et al. 2018	ERR1309071	267.12	France	Cider	France	Europe		1284.0			2	89.0	9.5e-06	Homozygous	aneu;+1*11;+1*16;+1*9;
CIA	SRC_147	Peter et al. 2018	ERR1308712	263.23	Bretagne_France	Industrial	France	Europe		58.0	1. AU Wine 1	S1. Wine	2	18.0	1.92e-06	Homozygous	euploid
CIB	SRC_213	Peter et al. 2018	ERR1308828	220.19	Bretagne_France	Industrial	France	Europe		60.0	1. AU Wine 1	S1. Wine	2	18.0	1.92e-06	Homozygous	euploid
CIC	Ponton_11	Peter et al. 2018	ERR1308701	226.73	Spain	Human_clinical	Spain	Europe		2305.0			2	21812.0	0.00232811	Heterozygous	euploid
CID	Ponton_12	Peter et al. 2018	ERR1308602	234.54	Spain	Human_clinical	Spain	Europe		2332.0			2	17323.0	0.00184897	Heterozygous	euploid
CIE	Ponton_13	Peter et al. 2018	ERR1309210	211.89	Spain	Human_clinical	Spain	Europe		1824.0	20. Mixed Origins 1	S2. Beer	3	31284.0	0.0033391	Heterozygous	aneu;+2*1;-1*13;-1*8;
CIF	Ponton_14	Peter et al. 2018	ERR1309308	175.07	Spain	Human_clinical	Spain	Europe		2313.0			2	21790.0	0.00232576	Heterozygous	euploid
CIG	PB11	Peter et al. 2018	ERR1309289	246.26	Netherlands	Human_clinical	Netherlands	Europe		2222.0			2	24367.0	0.00260082	Heterozygous	euploid
CIH	PB12	Peter et al. 2018	ERR1309301	184.39	Netherlands	Human_clinical	Netherlands	Europe		2297.0			2	21698.0	0.00231594	Heterozygous	euploid
CII	PB13	Peter et al. 2018	ERR1308851	173.11	Netherlands	Human_clinical	Netherlands	Europe		2239.0			2	29536.0	0.00315253	Heterozygous	aneu;+1*7;
CIK	PB14	Peter et al. 2018	ERR1308929	208.11	Netherlands	Human_clinical	Netherlands	Europe		2240.0			2	29680.0	0.0031679	Heterozygous	aneu;+1*11;
CIL	PB15	Peter et al. 2018	ERR1308754	194.22	Netherlands	Human_clinical	Netherlands	Europe		2223.0			2	28706.0	0.00306394	Heterozygous	euploid
CIM	malade_Hc6553	Peter et al. 2018	ERR1309356	169.04	Paris_France_H6	Human_clinical	France	Europe		593.0	6. West Europe Wine	S1. Wine	2	1326.0	0.00014153	Heterozygous	aneu;+2*9;
CIN	malade_Pac6436	Peter et al. 2018	ERR1309462	175.85	Paris_France_H6	Human_clinical	France	Europe		590.0	6. West Europe Wine	S1. Wine	2	1329.0	0.00014185	Heterozygous	euploid
CIP	malade_6442	Peter et al. 2018	ERR1308710	179.2	Paris_France_H6	Human_clinical	France	Europe		591.0	6. West Europe Wine	S1. Wine	2	1206.0	0.00012872	Heterozygous	aneu;+1*11;+1*16;-1*3;+1*7;
CIQ	malade_6452	Peter et al. 2018	ERR1308942	176.69	Paris_France_H6	Human_clinical	France	Europe		585.0	6. West Europe Wine	S1. Wine	2	1202.0	0.0001283	Heterozygous	aneu;-1*3;
CIR	malade_6441	Peter et al. 2018	ERR1309005	179.04	Paris_France_H6	Human_clinical	France	Europe		594.0	6. West Europe Wine	S1. Wine	2	1318.0	0.00014068	Heterozygous	euploid
CIS	malade_Elbaz_6766	Peter et al. 2018	ERR1308688	200.21	Paris_France_H6	Human_clinical	France	Europe		589.0	6. West Europe Wine	S1. Wine	2	1327.0	0.00014164	Heterozygous	euploid
CIT	malade_459_Labaume	Peter et al. 2018	ERR1309265	186.06	Paris_France_H1	Human_clinical	France	Europe		604.0	6. West Europe Wine	S1. Wine	2	1263.0	0.00013481	Heterozygous	euploid
CIV	malade_1124/150017	Peter et al. 2018	ERR1309419	228.93	Paris_France_H2	Human_clinical	France	Europe		600.0	6. West Europe Wine	S1. Wine	2	1366.0	0.0001458	Heterozygous	euploid
CKA	malade_3285/11-2-4	Peter et al. 2018	ERR1309407	183.05	Paris_France_H3	Human_clinical	France	Europe		2171.0			2	20377.0	0.00217494	Heterozygous	euploid
CKB	malade_98_1655/125391	Peter et al. 2018	ERR1309453	164.46	Paris_France_H3	Human_clinical	France	Europe		608.0	6. West Europe Wine	S1. Wine	2	1390.0	0.00014836	Heterozygous	euploid
CKC	malade_139287/11_2_1	Peter et al. 2018	ERR1309213	162.96	Paris_France_H2	Human_clinical	France	Europe		588.0	6. West Europe Wine	S1. Wine	2	1364.0	0.00014559	Heterozygous	euploid
CKD	malade_97_138633/11-2-5	Peter et al. 2018	ERR1308905	174.17	Paris_France_H2	Human_clinical	France	Europe		599.0	6. West Europe Wine	S1. Wine	2	1409.0	0.00015039	Heterozygous	euploid
CKE	malade_141076/11210	Peter et al. 2018	ERR1309043	205.44	Paris_France_H2	Human_clinical	France	Europe		607.0	6. West Europe Wine	S1. Wine	2	1390.0	0.00014836	Heterozygous	euploid
CKF	malade_150865/1122	Peter et al. 2018	ERR1308887	163.0	Paris_France_H2	Human_clinical	France	Europe		592.0	6. West Europe Wine	S1. Wine	2	1248.0	0.00013321	Heterozygous	euploid
CKG	UL_G84F88I90	Peter et al. 2018	ERR1308941	202.13	Vietnam	Fruit	Vietnam	Asia		596.0	6. West Europe Wine	S1. Wine	2	1407.0	0.00015018	Heterozygous	euploid
CKH	ultra_lev._1127	Peter et al. 2018	ERR1308801	185.6	Paris_France	Industrial	France	Europe		598.0	6. West Europe Wine	S1. Wine	2	1401.0	0.00014954	Heterozygous	euploid
CKI	perentol	Peter et al. 2018	ERR1309436	195.14	Brussels_Belgium	Human_clinical	Belgium	Europe		597.0	6. West Europe Wine	S1. Wine	2	1409.0	0.00015039	Heterozygous	euploid
CKK	malade_98_3312	Peter et al. 2018	ERR1309226	155.28	Amiens_France	Human_clinical	France	Europe		1939.0	21. Mixed Origins 2	S2. Beer	4	53692.0	0.00573083	Heterozygous	euploid
CKL	malade_98_3161	Peter et al. 2018	ERR1308641	217.67	Amiens_France	Human_clinical	France	Europe		584.0	6. West Europe Wine	S1. Wine	2	1412.0	0.00015071	Heterozygous	euploid
CKM	malade_98_2574	Peter et al. 2018	ERR1309016	197.26	Amiens_France	Human_clinical	France	Europe		609.0	6. West Europe Wine	S1. Wine	2	1373.0	0.00014655	Heterozygous	euploid
CKN	malade_98_2601	Peter et al. 2018	ERR1308669	196.41	Amiens_France	Human_clinical	France	Europe		2221.0			2	38627.0	0.00412286	Heterozygous	euploid
CKP	malade_Broussais	Peter et al. 2018	ERR1308600	202.89	Paris_France	Human_clinical	France	Europe		603.0	6. West Europe Wine	S1. Wine	2	1193.0	0.00012734	Heterozygous	euploid
CKQ	malade_M2402A_Necker_	Peter et al. 2018	ERR1309065	192.45	France	Human_clinical	France	Europe		605.0	6. West Europe Wine	S1. Wine	2	1229.0	0.00013118	Heterozygous	euploid
CKR	malade_Darkman	Peter et al. 2018	ERR1308626	203.73	France	Human_clinical	France	Europe		2392.0	28. Baiju	S3. Asian Fermentation	2	4904.0	0.00052343	Heterozygous	aneu;+1*6;
CKS	malade_Berchid	Peter et al. 2018	ERR1309340	235.8	France	Human_clinical	France	Europe		1946.0	21. Mixed Origins 2	S2. Beer	4	50866.0	0.00542919	Heterozygous	aneu;-1*16;
CKT	malade_Fauot	Peter et al. 2018	ERR1309099	222.23	France	Human_clinical	France	Europe		610.0	6. West Europe Wine	S1. Wine	2	1373.0	0.00014655	Heterozygous	euploid
CKV	malade_Boisse	Peter et al. 2018	ERR1308827	231.63	France	Human_clinical	France	Europe		1430.0	13. French Dairy		2	18794.0	0.00200598	Heterozygous	euploid
CLA	malade_Moreau	Peter et al. 2018	ERR1309416	194.91	France	Human_clinical	France	Europe		1943.0	21. Mixed Origins 2	S2. Beer	4	52653.0	0.00561993	Heterozygous	aneu;-1*14;
CLB	sample_40	Peter et al. 2018	ERR1309234	263.99	Bordeaux_France	Tree	France	Europe		1446.0	14. Mediterranean Oak		2	96.0	1.02e-05	Homozygous	euploid
CLC	sample_50	Peter et al. 2018	ERR1308728	182.11	Bordeaux_France	Tree	France	Europe		1447.0	14. Mediterranean Oak		2	99.0	1.06e-05	Homozygous	aneu;+2*3;
CLD	sample_33	Peter et al. 2018	ERR1309022	223.97	Bordeaux_France	Flower	France	Europe		1445.0	14. Mediterranean Oak		2	92.0	9.820000000000001e-06	Homozygous	aneu;+2*3;
CLG	NCYC_2966	Peter et al. 2018	ERR1308729	267.95	Nottingham_UK	Human_clinical	United Kingdom	Europe		2173.0			2	31212.0	0.00333142	Heterozygous	euploid
CLH	NCYC_2743	Peter et al. 2018	ERR1308629	239.9	Spain	Wine	Spain	Europe		528.0	6. West Europe Wine	S1. Wine	2	16.0	1.71e-06	Homozygous	euploid
CLI	K5	Peter et al. 2018	ERR1309218	240.94	Japan	Sake	Japan	Asia		2466.0	29. Sake	S3. Asian Fermentation	2	2856.0	0.00030484	Heterozygous	euploid
CLK	K9	Peter et al. 2018	ERR1308902	275.29	Japan	Sake	Japan	Asia		2446.0	29. Sake	S3. Asian Fermentation	2	1231.0	0.00013139	Heterozygous	aneu;+1*9;
CLL	K10	Peter et al. 2018	ERR1309166	187.76	Japan	Sake	Japan	Asia		2451.0	29. Sake	S3. Asian Fermentation	2	1197.0	0.00012776	Heterozygous	euploid
CLM	K13	Peter et al. 2018	ERR1309148	277.48	Japan	Sake	Japan	Asia		2477.0	29. Sake	S3. Asian Fermentation	2	1764.0	0.00018828	Heterozygous	aneu;+1*3;
CLN	K14	Peter et al. 2018	ERR1309400	206.53	Japan	Sake	Japan	Asia		2479.0	29. Sake	S3. Asian Fermentation	2	669.0	7.14e-05	Heterozygous	euploid
CLP	K15	Peter et al. 2018	ERR1309178	220.25	Japan	Sake	Japan	Asia		2449.0	29. Sake	S3. Asian Fermentation	2	864.0	9.22e-05	Heterozygous	euploid
CLQ	UC5	Peter et al. 2018	ERR1308625	190.91	Japan	Sake	Japan	Asia		2468.0	29. Sake	S3. Asian Fermentation	1	45.0	4.8e-06	Homozygous	aneu;+1*1;
CLR	RIB1008	Peter et al. 2018	ERR1309030	206.28	Japan	Sake	Japan	Asia		2452.0	29. Sake	S3. Asian Fermentation	2	897.0	9.57e-05	Heterozygous	euploid
CLS	RIB1010	Peter et al. 2018	ERR1309034	196.84	Japan	Sake	Japan	Asia		2458.0	29. Sake	S3. Asian Fermentation	2	964.0	0.00010289	Heterozygous	euploid
CLT	RIB1011	Peter et al. 2018	ERR1309277	181.26	Japan	Sake	Japan	Asia		2459.0	29. Sake	S3. Asian Fermentation	2	1187.0	0.0001267	Heterozygous	aneu;+1*9;
CLV	RIB1012	Peter et al. 2018	ERR1308985	166.72	Japan	Sake	Japan	Asia		2447.0	29. Sake	S3. Asian Fermentation	2	1166.0	0.00012445	Heterozygous	aneu;+1*3;+1*9;
CMB	RIB1014	Peter et al. 2018	ERR1309253	177.45	Japan	Sake	Japan	Asia		2441.0	29. Sake	S3. Asian Fermentation	2	1023.0	0.00010919	Heterozygous	aneu;+1*11;
CMC	RIB1015	Peter et al. 2018	ERR1309021	133.9	Japan	Sake	Japan	Asia		2450.0	29. Sake	S3. Asian Fermentation	2	1363.0	0.00014548	Heterozygous	aneu;+1*14;
CMD	RIB1016	Peter et al. 2018	ERR1308734	148.08	Japan	Sake	Japan	Asia		2437.0	29. Sake	S3. Asian Fermentation	2	1531.0	0.00016341	Heterozygous	aneu;+1*3;+1*9;
CME	RIB1017	Peter et al. 2018	ERR1308619	187.93	Japan	Sake	Japan	Asia		2460.0	29. Sake	S3. Asian Fermentation	2	1184.0	0.00012637	Heterozygous	aneu;+1*9;
CMF	RIB6001	Peter et al. 2018	ERR1308700	156.53	Japan	Sake	Japan	Asia		2491.0	29. Sake	S3. Asian Fermentation	2	2342.0	0.00024997	Heterozygous	aneu;+1*3;
CMG	RIB6002	Peter et al. 2018	ERR1308850	193.56	Japan	Sake	Japan	Asia		2333.0			3	37586.0	0.00401175	Heterozygous	aneu;-1*1;+1*6;+1*8;
CMH	RIB6003	Peter et al. 2018	ERR1309195	185.1	Japan	Sake	Japan	Asia		2464.0	29. Sake	S3. Asian Fermentation	2	3798.0	0.00040538	Heterozygous	euploid
CMI	RIB6004	Peter et al. 2018	ERR1309081	168.26	Japan	Sake	Japan	Asia		2489.0	29. Sake	S3. Asian Fermentation	2	1734.0	0.00018508	Heterozygous	euploid
CMK	RIB6005	Peter et al. 2018	ERR1309057	188.3	Japan	Sake	Japan	Asia		2467.0	29. Sake	S3. Asian Fermentation	2	2854.0	0.00030462	Heterozygous	euploid
CML	RIB6006	Peter et al. 2018	ERR1309049	129.79	Japan	Sake	Japan	Asia		2453.0	29. Sake	S3. Asian Fermentation	2	461.0	4.92e-05	Homozygous	aneu;-1*1;
CMM	RIB6007	Peter et al. 2018	ERR1308706	122.39	Japan	Sake	Japan	Asia		2442.0	29. Sake	S3. Asian Fermentation	2	1678.0	0.0001791	Heterozygous	aneu;+1*3;
CMN	RIB0007	Peter et al. 2018	ERR1309179	144.98	Japan	Sake	Japan	Asia		2478.0	29. Sake	S3. Asian Fermentation	2	2578.0	0.00027516	Heterozygous	aneu;+1*1;
CMP	YPS615	Peter et al. 2018	ERR1309443	110.76	Pennsylvania_USA	Tree	USA	North America		2711.0	34. South American Wild	S4. Wild	2	92.0	9.820000000000001e-06	Homozygous	euploid
CMQ	YPS617	Peter et al. 2018	ERR1308776	159.58	Pennsylvania_USA	Tree	USA	North America		2708.0	34. South American Wild	S4. Wild	2	112.0	1.2e-05	Homozygous	euploid
CMS	YPS670	Peter et al. 2018	ERR1308999	210.88	Pennsylvania_USA	Tree	USA	North America		2839.0	36. North American Wild	S4. Wild	2	98.0	1.05e-05	Homozygous	euploid
CMT	SM.9.4.BR2	Peter et al. 2018	ERR1309134	114.58	Brazil	Bioethanol	Brazil	South America		1308.0	11. Brazilian Bioethanol		2	12738.0	0.00135959	Heterozygous	euploid
CNB	SM.8.2.C13	Peter et al. 2018	ERR1309287	311.11	Brazil	Bioethanol	Brazil	South America		1323.0	11. Brazilian Bioethanol		2	25212.0	0.00269101	Heterozygous	euploid
CNC	SM8.3.M5	Peter et al. 2018	ERR1309379	216.78	Brazil	Bioethanol	Brazil	South America		2091.0			2	28732.0	0.00306672	Heterozygous	euploid
CNE	SM.8.7.L8	Peter et al. 2018	ERR1309346	188.06	Brazil	Bioethanol	Brazil	South America		1325.0	11. Brazilian Bioethanol		2	24316.0	0.00259537	Heterozygous	euploid
CNF	SM.8.7.L9	Peter et al. 2018	ERR1308869	218.69	Brazil	Bioethanol	Brazil	South America		1321.0	11. Brazilian Bioethanol		2	24791.0	0.00264607	Heterozygous	euploid
CNG	SM.8.7.BR1	Peter et al. 2018	ERR1308859	212.02	Brazil	Bioethanol	Brazil	South America		1309.0	11. Brazilian Bioethanol		2	17705.0	0.00188975	Heterozygous	euploid
CNH	SM.8.8.BL1	Peter et al. 2018	ERR1308925	240.63	Brazil	Bioethanol	Brazil	South America		1317.0	11. Brazilian Bioethanol		2	18182.0	0.00194066	Heterozygous	euploid
CNI	SM.8.8.CVR1	Peter et al. 2018	ERR1308810	288.68	Brazil	Bioethanol	Brazil	South America		1316.0	11. Brazilian Bioethanol		2	17447.0	0.00186221	Heterozygous	euploid
CNK	SA.1.5.	Peter et al. 2018	ERR1309329	349.4	Brazil	Bioethanol	Brazil	South America		1310.0	11. Brazilian Bioethanol		2	12572.0	0.00134188	Heterozygous	euploid
CNL	SA.9.2.BL3	Peter et al. 2018	ERR1309339	319.58	Brazil	Bioethanol	Brazil	South America		1322.0	11. Brazilian Bioethanol		2	25137.0	0.002683	Heterozygous	aneu;+1*3;
CNM	SA.9.3.VR1	Peter et al. 2018	ERR1308862	202.13	Brazil	Bioethanol	Brazil	South America		1312.0	11. Brazilian Bioethanol		2	20480.0	0.00218594	Heterozygous	euploid
CNN	SA.9.4.VL4	Peter et al. 2018	ERR1309264	194.25	Brazil	Bioethanol	Brazil	South America		1319.0	11. Brazilian Bioethanol		2	23414.0	0.0024991	Heterozygous	euploid
CNP	SA.9.4.BR2	Peter et al. 2018	ERR1309465	164.17	Brazil	Bioethanol	Brazil	South America		1313.0	11. Brazilian Bioethanol		2	17169.0	0.00183254	Heterozygous	euploid
CNQ	SA.10.1.VL1	Peter et al. 2018	ERR1309357	239.31	Brazil	Bioethanol	Brazil	South America		1293.0	11. Brazilian Bioethanol		2	25895.0	0.00276391	Heterozygous	euploid
CNR	SA.10.1.VR4	Peter et al. 2018	ERR1309211	219.85	Brazil	Bioethanol	Brazil	South America		1314.0	11. Brazilian Bioethanol		2	19029.0	0.00203106	Heterozygous	euploid
CNS	RP11.4.1	Peter et al. 2018	ERR1309463	170.69	Brazil	Bioethanol	Brazil	South America		1328.0	11. Brazilian Bioethanol		2	18630.0	0.00198848	Heterozygous	euploid
CNT	RP11.4.11	Peter et al. 2018	ERR1309424	213.77	Brazil	Bioethanol	Brazil	South America		1329.0	11. Brazilian Bioethanol		2	18583.0	0.00198346	Heterozygous	euploid
CNV	RP11.4.14	Peter et al. 2018	ERR1309157	315.62	Brazil	Bioethanol	Brazil	South America		1307.0	11. Brazilian Bioethanol		2	12962.0	0.0013835	Heterozygous	aneu;+1*6;
CPA	906	Peter et al. 2018	ERR1309267	298.94	Mexico	Nature	Mexico	North America		2023.0	23. Mexican Agave		2	16066.0	0.00171481	Heterozygous	euploid
CPB	995	Peter et al. 2018	ERR1309128	158.85	Hungary	Beer	Hungary	Europe		1255.0		S1. Wine	2	11339.0	0.00121027	Heterozygous	aneu;+1*3;
CPC	997	Peter et al. 2018	ERR1309001	203.43	Hungary	Fruit	Hungary	Europe		2224.0			2	30193.0	0.00322266	Heterozygous	euploid
CPD	1175	Peter et al. 2018	ERR1308646	229.93		Beer				1347.0	12. Belgium Beer 1		2	5060.0	0.00054008	Heterozygous	aneu;+1*8;
CPE	1216	Peter et al. 2018	ERR1309107	243.67	El Sauzal_Tenerife_Spain		Spain	Europe		695.0		S1. Wine	2	16.0	1.71e-06	Homozygous	aneu;+1*1;
CPF	1235	Peter et al. 2018	ERR1308606	316.11	Guimar_Tenerife_Spain		Spain	Europe		685.0		S1. Wine	2	4087.0	0.00043623	Heterozygous	aneu;-1*14;
CPG	1560	Peter et al. 2018	ERR1309075	271.4	Aceituna_Spain	Nature	Spain	Europe		304.0	3. Alpechin		2	306.0	3.27e-05	Homozygous	euploid
CPI	LCBG-3D6	Peter et al. 2018	ERR1308853	252.05	Tamaulipas_Mexico	Distillery	Mexico	North America		1994.0	23. Mexican Agave		2	20001.0	0.00213481	Heterozygous	euploid
CPK	LCBG-Mosca3	Peter et al. 2018	ERR1308622	130.59	Tamaulipas_Mexico	Distillery	Mexico	North America		1997.0	23. Mexican Agave		2	16147.0	0.00172345	Heterozygous	euploid
CPL	LCBG-4Y3	Peter et al. 2018	ERR1309336	248.47	Tamaulipas_Mexico	Distillery	Mexico	North America		1998.0	23. Mexican Agave		2	16553.0	0.00176679	Heterozygous	euploid
CPM	LCBG-3D2	Peter et al. 2018	ERR1308995	233.55	Tamaulipas_Mexico	Distillery	Mexico	North America		1995.0	23. Mexican Agave		2	16542.0	0.00176561	Heterozygous	euploid
CPN	LCBG-3Y3	Peter et al. 2018	ERR1309068	183.06	Tamaulipas_Mexico	Distillery	Mexico	North America		2003.0	23. Mexican Agave		2	33220.0	0.00354574	Heterozygous	euploid
CPQ	LCBG-3D4	Peter et al. 2018	ERR1309045	195.03	Tamaulipas_Mexico	Distillery	Mexico	North America		1996.0	23. Mexican Agave		2	26539.0	0.00283265	Heterozygous	aneu;+1*11;
CPR	LCBG-3Y8	Peter et al. 2018	ERR1308806	210.86	Tamaulipas_Mexico	Distillery	Mexico	North America		2004.0	23. Mexican Agave		2	34105.0	0.0036402	Heterozygous	aneu;+1*12;
CPS	FTPW4	Peter et al. 2018	ERR1309470	218.71	Burkina Faso	Palm wine	Burkina Faso	Africa		2653.0	33. African Palm Wine		3	16462.0	0.00175707	Heterozygous	euploid
CPT	FTPW3	Peter et al. 2018	ERR1309202	206.63	Burkina Faso	Palm wine	Burkina Faso	Africa		2654.0	33. African Palm Wine		2	5098.0	0.00054414	Heterozygous	aneu;+1*9;
CQA	FTPW32	Peter et al. 2018	ERR1309255	246.37	Burkina Faso	Palm wine	Burkina Faso	Africa		2655.0	33. African Palm Wine		2	1633.0	0.0001743	Heterozygous	euploid
CQB	FTPW35	Peter et al. 2018	ERR1308963	264.32	Burkina Faso	Palm wine	Burkina Faso	Africa		2656.0	33. African Palm Wine		2	4744.0	0.00050635	Heterozygous	euploid
CQC	MTF2546	Peter et al. 2018	ERR1308982	259.4	West Africa	Fermentation	West Africa	West Africa		2150.0	26. West African Cocoa		2	9436.0	0.00100715	Heterozygous	euploid
CQD	MTF2547	Peter et al. 2018	ERR1308713	280.82	West Africa	Fermentation	West Africa	West Africa		2151.0	26. West African Cocoa		2	9434.0	0.00100694	Heterozygous	euploid
CQE	MTF2548	Peter et al. 2018	ERR1309181	214.84	West Africa	Fermentation	West Africa	West Africa		2164.0	26. West African Cocoa		2	15019.0	0.00160306	Heterozygous	euploid
CQF	MTF2549	Peter et al. 2018	ERR1309519	265.73	West Africa	Fermentation	West Africa	West Africa		2165.0	26. West African Cocoa		2	9629.0	0.00102775	Heterozygous	euploid
CQG	MTF2550	Peter et al. 2018	ERR1309372	230.73	West Africa	Fermentation	West Africa	West Africa		2154.0	26. West African Cocoa		2	10726.0	0.00114484	Heterozygous	euploid
CQH	MTF2551	Peter et al. 2018	ERR1308735	253.62	West Africa	Fermentation	West Africa	West Africa		2161.0	26. West African Cocoa		2	14995.0	0.00160049	Heterozygous	euploid
CQI	MTF2552	Peter et al. 2018	ERR1309004	268.15	West Africa	Fermentation	West Africa	West Africa		2153.0	26. West African Cocoa		2	13161.0	0.00140474	Heterozygous	euploid
CQK	MTF2553	Peter et al. 2018	ERR1308914	298.17	West Africa	Fermentation	West Africa	West Africa		2163.0	26. West African Cocoa		2	10212.0	0.00108998	Heterozygous	euploid
CQL	MTF2554	Peter et al. 2018	ERR1308840	215.49	West Africa	Fermentation	West Africa	West Africa		2162.0	26. West African Cocoa		2	16641.0	0.00177618	Heterozygous	euploid
CQM	MTF2555	Peter et al. 2018	ERR1308831	271.93	West Africa	Fermentation	West Africa	West Africa		2167.0	26. West African Cocoa		2	16996.0	0.00181407	Heterozygous	euploid
CQN	MTF2556	Peter et al. 2018	ERR1309298	221.78	West Africa	Fermentation	West Africa	West Africa		2168.0	26. West African Cocoa		2	12163.0	0.00129822	Heterozygous	euploid
CQP	MTF2557	Peter et al. 2018	ERR1309388	286.21	West Africa	Fermentation	West Africa	West Africa		2160.0	26. West African Cocoa		2	9027.0	0.0009635	Heterozygous	euploid
CQQ	RIB1006	Peter et al. 2018	ERR1309278	233.87	Japan	Sake	Japan	Asia		2445.0	29. Sake	S3. Asian Fermentation	2	1170.0	0.00012488	Heterozygous	aneu;+1*3;
CQR	RIB1007	Peter et al. 2018	ERR1308885	236.91	Japan	Sake	Japan	Asia		2443.0	29. Sake	S3. Asian Fermentation	2	1294.0	0.00013812	Heterozygous	aneu;+1*3;
CQS	CEY647	Peter et al. 2018	ERR1309018	242.52	French Guiana	Nature	French Guiana	South America		1953.0	22. French Guiana Human		2	220.0	2.35e-05	Homozygous	euploid
CQT	L-982	Peter et al. 2018	ERR1308744	291.58	Argentina	Wine	Argentina	South America		1165.0	8. AU Wine 4	S1. Wine	2	10.0	1.07e-06	Homozygous	euploid
CQV	CD7-9Sv2	Peter et al. 2018	ERR1309418	203.6	Italy	Wine	Italy	Europe		522.0	6. West Europe Wine	S1. Wine	2	14.0	1.49e-06	Homozygous	euploid
CRA	RB3-7Sc2	Peter et al. 2018	ERR1308711	195.27	Italy	Wine	Italy	Europe		549.0	6. West Europe Wine	S1. Wine	2	3407.0	0.00036365	Heterozygous	aneu;-1*1;
CRB	SC2-37	Peter et al. 2018	ERR1309228	181.87	Italy	Wine	Italy	Europe		545.0	6. West Europe Wine	S1. Wine	2	179.0	1.91e-05	Homozygous	euploid
CRC	Ba-215	Peter et al. 2018	ERR1308944	217.66	Italy	Wine	Italy	Europe		761.0	7. AU Wine 3	S1. Wine	2	8.0	8.54e-07	Homozygous	euploid
CRD	FIMA_3	Peter et al. 2018	ERR1308959	136.54	Italy	Wine	Italy	Europe		521.0	6. West Europe Wine	S1. Wine	2	8.0	8.54e-07	Homozygous	euploid
CRE	CLQCA_17-111	Peter et al. 2018	ERR1308782	221.0	Ecuador	Insect	Ecuador	South America		2338.0	28. Baiju	S3. Asian Fermentation	3	40192.0	0.0042899	Heterozygous	euploid
CRG	L-846	Peter et al. 2018	ERR1309473	213.37	Chile	Wine	Chile	South America		893.0	8. AU Wine 4	S1. Wine	2	3825.0	0.00040826	Heterozygous	euploid
CRH	L-319	Peter et al. 2018	ERR1309354	228.19	Chile	Wine	Chile	South America		459.0	6. West Europe Wine	S1. Wine	2	3126.0	0.00033365	Heterozygous	euploid
CRI	AGME_5I	Peter et al. 2018	ERR1308881	293.3	Italy	Wine	Italy	Europe		998.0	8. AU Wine 4	S1. Wine	2	2.0	2.13e-07	Homozygous	aneu;+1*15;+1*4;+1*8;
CRK	E1-6	Peter et al. 2018	ERR1308837	241.16	Italy	Wine	Italy	Europe		524.0	6. West Europe Wine	S1. Wine	2	12.0	1.28e-06	Homozygous	euploid
CRL	C-6	Peter et al. 2018	ERR1308952	63.67	Georgia	Wine	Georgia	Asia		787.0	7. AU Wine 3	S1. Wine	2	51.0	5.44e-06	Homozygous	euploid
CRV	FY5	Peter et al. 2018	ERR1527928	315.83		Lab strain				2072.0	24. Lab Strains		?	1.0	1.07e-07	Homozygous	euploid
SACE_GAL	SK1	Peter et al. 2018	SRR650008	23.5	USA	Lab strain	USA	North America		2652.0	33. African Palm Wine		2	254.0	2.71e-05	Homozygous	euploid
SACE_GAS	UWOPS83-787_3	Peter et al. 2018		458.25	Bahamas	Nature	Bahamas	North America		2825.0	36. North American Wild	S4. Wild	2	109.0	1.16e-05	Homozygous	euploid
SACE_GAT	UWOPS87-2421	Peter et al. 2018		31.98	Hawaii	Nature	Hawaii	Hawaii		2686.0	34. South American Wild	S4. Wild	2	85.0	9.07e-06	Homozygous	euploid
SACE_MAA	273614N	Peter et al. 2018	SRR649842	49.1	Newcastle_UK	Human_clinical	United Kingdom	Europe		1620.0			2	518.0	5.53e-05	Heterozygous	euploid
SACE_MAB	378604X	Peter et al. 2018	SRR649905	45.78	Newcastle_UK	Human_clinical	United Kingdom	Europe		2170.0			2	593.0	6.33e-05	Heterozygous	aneu;+1*1;+1*3;+1*6;
SACE_MAL	UWOPS05_227_2	Peter et al. 2018	SRR650010	60.61	Telok Senangin_Malaysia	Insect	Malaysia	Asia		2720.0		S4. Wild	2	558.0	5.96e-05	Heterozygous	euploid
SACE_YAA	YJM189	Peter et al. 2018	SRR800764	167.41		Distillery				453.0	6. West Europe Wine	S1. Wine	2	17.0	1.81e-06	Homozygous	euploid
SACE_YAB	YJM193	Peter et al. 2018	SRR800765	42.13		Distillery				1373.0	12. Belgium Beer 1		2	172.0	1.84e-05	Homozygous	euploid
SACE_YAC	YJM195	Peter et al. 2018	SRR800766	67.91	Nigeria	Palm wine	Nigeria	Africa		2674.0	33. African Palm Wine		2	175.0	1.87e-05	Homozygous	euploid
SACE_YAD	YJM244	Peter et al. 2018	SRR800767	90.94	Romania	Human_clinical	Romania	Europe		99.0	1. AU Wine 1	S1. Wine	2	40.0	4.27e-06	Homozygous	euploid
SACE_YAE	YJM248	Peter et al. 2018	SRR800768	59.45		Human				301.0	3. Alpechin		2	2756.0	0.00029416	Heterozygous	euploid
SACE_YAF	YJM270	Peter et al. 2018	SRR800769	83.92	Slovenia	Wine	Slovenia	Europe		439.0	5. Georgian Wine	S1. Wine	2	8.0	8.54e-07	Homozygous	euploid
SACE_YAG	YJM271	Peter et al. 2018	SRR800770	51.69		Beer				1379.0	12. Belgium Beer 1		2	88.0	9.39e-06	Homozygous	euploid
SACE_YAK	YJM450	Peter et al. 2018	SRR800774	152.68	California_USA	Human_clinical	USA	North America		2112.0			2	62.0	6.62e-06	Homozygous	euploid
SACE_YAL	YJM451	Peter et al. 2018	SRR800775	50.78		Human_clinical				2296.0			2	128.0	1.37e-05	Homozygous	euploid
SACE_YAM	YJM453	Peter et al. 2018	SRR800776	81.72		Human_clinical				126.0	1. AU Wine 1	S1. Wine	2	386.0	4.12e-05	Homozygous	euploid
SACE_YAN	YJM456	Peter et al. 2018	SRR800777	108.02	California_USA	Human_clinical	USA	North America		2212.0			2	10802.0	0.00115295	Heterozygous	euploid
SACE_YAP	YJM541	Peter et al. 2018	SRR800779	73.19	California_USA	Human_clinical	USA	North America		2137.0	25. US Clinical 1		2	205.0	2.19e-05	Homozygous	aneu;+2*9;
SACE_YAQ	YJM554	Peter et al. 2018	SRR800780	69.33	California_USA	Human_clinical	USA	North America		2138.0	25. US Clinical 1		2	116.0	1.24e-05	Homozygous	euploid
SACE_YAR	YJM555	Peter et al. 2018	SRR800781	130.9	California_USA	Human_clinical	USA	North America		2134.0	25. US Clinical 1		2	3036.0	0.00032405	Heterozygous	euploid
SACE_YAT	YJM681	Peter et al. 2018	SRR800783	44.13	California_USA	Human_clinical	USA	North America		2097.0			2	56.0	5.98e-06	Homozygous	aneu;+1*1;+1*6;
SACE_YAU	YJM682	Peter et al. 2018	SRR800784	66.87	Texas_USA	Human_clinical	USA	North America		2129.0	25. US Clinical 1		2	1055.0	0.00011261	Heterozygous	aneu;+1*1;+1*6;
SACE_YAV	YJM683	Peter et al. 2018	SRR800785	106.03	Texas_USA	Human_clinical	USA	North America		2133.0	25. US Clinical 1		2	193.0	2.06e-05	Homozygous	euploid
SACE_YAW	YJM689	Peter et al. 2018	SRR800786	35.77	Texas_USA	Human_clinical	USA	North America		2215.0			2	1006.0	0.00010738	Heterozygous	euploid
SACE_YAX	YJM693	Peter et al. 2018	SRR800787	40.39	Texas_USA	Human_clinical	USA	North America		2045.0			2	111.0	1.18e-05	Homozygous	aneu;+1*1;
SACE_YAY	YJM969	Peter et al. 2018	SRR800788	25.22	Italy	Human_clinical	Italy	Europe		613.0	7. AU Wine 3	S1. Wine	2	397.0	4.24e-05	Homozygous	euploid
SACE_YAZ	YJM972	Peter et al. 2018	SRR800789	70.67	Italy	Human_clinical	Italy	Europe		624.0	7. AU Wine 3	S1. Wine	2	19.0	2.03e-06	Homozygous	euploid
SACE_YBA	YJM975	Peter et al. 2018	SRR800790	35.87	Italy	Human_clinical	Italy	Europe		619.0	7. AU Wine 3	S1. Wine	2	103.0	1.1e-05	Homozygous	euploid
SACE_YBB	YJM978	Peter et al. 2018	SRR800791	63.73	Italy	Human_clinical	Italy	Europe		623.0	7. AU Wine 3	S1. Wine	2	1.0	1.07e-07	Homozygous	euploid
SACE_YBE	YJM987	Peter et al. 2018	SRR800794	113.65	Italy	Human_clinical	Italy	Europe		626.0	7. AU Wine 3	S1. Wine	2	1115.0	0.00011901	Heterozygous	euploid
SACE_YBF	YJM980	Peter et al. 2018		41.03	Italy	Human_clinical	Italy	Europe		629.0	7. AU Wine 3	S1. Wine	2	7.0	7.47e-07	Homozygous	euploid
SACE_YBG	YJM993	Peter et al. 2018	SRR800796	121.87	Italy	Human_clinical	Italy	Europe		621.0	7. AU Wine 3	S1. Wine	2	1.0	1.07e-07	Homozygous	euploid
SACE_YBH	YJM996	Peter et al. 2018	SRR800797	23.65	Italy	Human_clinical	Italy	Europe		617.0	7. AU Wine 3	S1. Wine	2	225.0	2.4e-05	Homozygous	euploid
SACE_YBJ	YJM1190	Peter et al. 2018	SRR800799	30.63	Michigan_USA	Human_clinical	USA	North America		2103.0	25. US Clinical 1		2	14634.0	0.00156196	Heterozygous	euploid
SACE_YBK	YJM1199	Peter et al. 2018	SRR800800	41.75	Michigan_USA	Human_clinical	USA	North America		2108.0			2	177.0	1.89e-05	Homozygous	euploid
SACE_YBL	YJM1202	Peter et al. 2018	SRR800801	454.68	Michigan_USA	Human_clinical	USA	North America		2106.0	25. US Clinical 1		2	87.0	9.29e-06	Homozygous	euploid
SACE_YBM	YJM1208	Peter et al. 2018	SRR800802	142.01	Michigan_USA	Human_clinical	USA	North America		2631.0	32. US Clinical 3		2	154.0	1.64e-05	Homozygous	aneu;+1*1;
SACE_YBN	YJM1242	Peter et al. 2018	SRR800803	216.85	Illinois_USA	Fruit	USA	North America		118.0	1. AU Wine 1	S1. Wine	2	585.0	6.24e-05	Heterozygous	aneu;+1*1;+1*6;
SACE_YBO	YJM1244	Peter et al. 2018	SRR800804	58.33	Indonesia	Fruit	Indonesia	Asia		454.0	6. West Europe Wine	S1. Wine	2	4.0	4.27e-07	Homozygous	euploid
SACE_YBP	YJM1248	Peter et al. 2018	SRR800805	52.89	West Africa	Wine	West Africa	West Africa		2671.0	33. African Palm Wine		2	88.0	9.39e-06	Homozygous	aneu;+1*1;
SACE_YBQ	YJM1250	Peter et al. 2018	SRR800806	50.69		Nature				1290.0			2	112.0	1.2e-05	Homozygous	aneu;+1*1;
SACE_YBR	YJM1252	Peter et al. 2018	SRR800807	423.57	Spain	Industrial	Spain	Europe		314.0	3. Alpechin		2	3024.0	0.00032277	Heterozygous	euploid
SACE_YBS	YJM1273	Peter et al. 2018	SRR800808	309.08	Pennsylvania_USA	Tree	USA	North America		3029.0	39. Asian Oak	S4. Wild	2	73.0	7.79e-06	Homozygous	euploid
SACE_YBT	YJM1304	Peter et al. 2018	SRR800809	525.75	Texas_USA	Human_clinical	USA	North America		2100.0	25. US Clinical 1		2	120.0	1.28e-05	Homozygous	euploid
SACE_YBU	YJM1307	Peter et al. 2018	SRR800810	418.88	Washington DC_USA	Human_clinical	USA	North America		2301.0			2	109.0	1.16e-05	Homozygous	euploid
SACE_YBV	YJM1311	Peter et al. 2018	SRR800811	282.21	Michigan_USA	Human_clinical	USA	North America		2081.0			2	148.0	1.58e-05	Homozygous	euploid
SACE_YBW	YJM1326	Peter et al. 2018	SRR800812	567.11	Minnesota_USA	Human_clinical	USA	North America		1630.0			2	81.0	8.65e-06	Homozygous	euploid
SACE_YBX	YJM1332	Peter et al. 2018	SRR800813	297.88	Italy	Wine	Italy	Europe		255.0	2. AU Wine 2	S1. Wine	2	17.0	1.81e-06	Homozygous	euploid
SACE_YBY	YJM1336	Peter et al. 2018	SRR800814	402.21	Italy	Wine	Italy	Europe		48.0	1. AU Wine 1	S1. Wine	2	23.0	2.45e-06	Homozygous	euploid
SACE_YBZ	YJM1338	Peter et al. 2018	SRR800815	207.8	Maryland_USA	Fruit	USA	North America		1545.0	16. Canadian Wine		2	76.0	8.11e-06	Homozygous	euploid
SACE_YCA	YJM1341	Peter et al. 2018	SRR800816	66.18	South Africa	Wine	South Africa	Africa		799.0	7. AU Wine 3	S1. Wine	2	82.0	8.75e-06	Homozygous	euploid
SACE_YCB	YJM1342	Peter et al. 2018	SRR800817	387.32	South Africa	Soil	South Africa	Africa		2820.0	36. North American Wild	S4. Wild	2	96.0	1.02e-05	Homozygous	euploid
SACE_YCC	YJM1355	Peter et al. 2018	SRR800818	333.9	Illinois_USA	Industrial	USA	North America		1632.0			2	232.0	2.48e-05	Homozygous	aneu;+1*1;
SACE_YCD	YJM1356	Peter et al. 2018	SRR800819	321.02		Cider				75.0	1. AU Wine 1	S1. Wine	2	33.0	3.52e-06	Homozygous	aneu;+2*1;
SACE_YCE	YJM1381	Peter et al. 2018	SRR800820	315.64	Trinidad	Distillery	Trinidad	Trinidad		2086.0	25. US Clinical 1		2	185.0	1.97e-05	Homozygous	euploid
SACE_YCF	YJM1383	Peter et al. 2018	SRR800821	392.36	Philippines	Fruit	Philippines	Asia		1606.0			2	90.0	9.61e-06	Homozygous	euploid
SACE_YCG	YJM1385	Peter et al. 2018	SRR800822	185.08	Maryland_USA	Industrial	USA	North America		2044.0			2	135.0	1.44e-05	Homozygous	aneu;+1*1;+1*3;+1*6;
SACE_YCH	YJM1386	Peter et al. 2018	SRR800823	44.68	Jamaica	Nature	Jamaica	North America		2093.0			2	47.0	5.02e-06	Homozygous	euploid
SACE_YCI	YJM1387	Peter et al. 2018	SRR800824	149.19	Japan	Wine	Japan	Asia		1278.0	10. AU Wine 6	S1. Wine	2	547.0	5.84e-05	Heterozygous	aneu;+2*9;
SACE_YCJ	YJM1388	Peter et al. 2018	SRR800825	378.14	Malaya		Malaysia	Asia		2590.0	31. Huangjiu	S3. Asian Fermentation	2	49.0	5.23e-06	Homozygous	euploid
SACE_YCK	YJM1389	Peter et al. 2018	SRR800826	48.41	Thailand	Industrial	Thailand	Asia		2586.0	31. Huangjiu	S3. Asian Fermentation	2	387.0	4.13e-05	Homozygous	aneu;+1*1;
SACE_YCL	YJM1399	Peter et al. 2018	SRR800827	87.95		Tree				1956.0	22. French Guiana Human		2	29980.0	0.00319992	Heterozygous	euploid
SACE_YCM	YJM1400	Peter et al. 2018	SRR800828	478.21	Philippines	Fruit	Philippines	Asia		2924.0	38. Taiwan Wild 2	S4. Wild	2	106.0	1.13e-05	Homozygous	euploid
SACE_YCN	YJM1401	Peter et al. 2018	SRR800829	357.24	Philippines	Fruit	Philippines	Asia		2911.0		S4. Wild	2	163.0	1.74e-05	Homozygous	euploid
SACE_YCO	YJM1402	Peter et al. 2018	SRR800830	153.75		Wine				2837.0	36. North American Wild	S4. Wild	2	4057.0	0.00043303	Heterozygous	euploid
SACE_YCP	YJM1415	Peter et al. 2018	SRR800831	410.42	France	Wine	France	Europe		488.0	6. West Europe Wine	S1. Wine	2	8.0	8.54e-07	Homozygous	euploid
SACE_YCQ	YJM1417	Peter et al. 2018	SRR800832	471.74		Cider				468.0	6. West Europe Wine	S1. Wine	2	10.0	1.07e-06	Homozygous	euploid
SACE_YCR	YJM1418	Peter et al. 2018	SRR800833	501.75	Japan	Tree	Japan	Asia		2737.0	35. Chinese Wild	S4. Wild	2	143.0	1.53e-05	Homozygous	euploid
SACE_YCS	YJM1419	Peter et al. 2018	SRR800834	54.83						2627.0			2	2037.0	0.00021742	Heterozygous	euploid
SACE_YCT	YJM1433	Peter et al. 2018	SRR800835	45.61	France	Wine	France	Europe		1280.0			2	62.0	6.62e-06	Homozygous	aneu;+1*6;
SACE_YCU	YJM1434	Peter et al. 2018	SRR800836	290.79	Pennsylvania_USA	Tree	USA	North America		3034.0	39. Asian Oak	S4. Wild	2	83.0	8.86e-06	Homozygous	euploid
SACE_YCV	YJM1439	Peter et al. 2018	SRR800837	36.36	West Africa	Beer	West Africa	West Africa		2667.0	33. African Palm Wine		2	85.0	9.07e-06	Homozygous	aneu;+2*8;
SACE_YCW	YJM1443	Peter et al. 2018	SRR800838	46.88	Bahamas	Fruit	Bahamas	North America		2826.0	36. North American Wild	S4. Wild	2	128.0	1.37e-05	Homozygous	euploid
SACE_YCX	YJM1444	Peter et al. 2018	SRR800839	38.37	Hawaii	Nature	Hawaii	Hawaii		2687.0	34. South American Wild	S4. Wild	2	389.0	4.15e-05	Homozygous	euploid
SACE_YCY	YJM1447	Peter et al. 2018	SRR800840	51.69	Malaysia	Tree	Malaysia	Asia		2719.0		S4. Wild	2	11957.0	0.00127623	Heterozygous	euploid
SACE_YCZ	YJM1450	Peter et al. 2018	SRR800841	74.86	Kansas_USA	Human_clinical	USA	North America		1621.0			2	53.0	5.66e-06	Homozygous	aneu;+1*1;
SACE_YDA	YJM1460	Peter et al. 2018	SRR800842	218.82	Newcastle_UK	Palm wine	United Kingdom	Europe		2560.0	30. Mantou	S3. Asian Fermentation	2	139.0	1.48e-05	Homozygous	aneu;+1*1;+1*6;
SACE_YDB	YJM1463	Peter et al. 2018	SRR800843	184.12	Africa		Africa	Africa		1476.0	15. African Beer		2	113.0	1.21e-05	Homozygous	aneu;+1*1;+1*6;
SACE_YDC	YJM1477	Peter et al. 2018	SRR800844	294.59	Ethiopia	Beer	Ethiopia	Africa		121.0	1. AU Wine 1	S1. Wine	2	9.0	9.61e-07	Homozygous	euploid
SACE_YDD	YJM1478	Peter et al. 2018	SRR800845	331.29	Missouri_USA	Fermentation	USA	North America		1351.0			2	75.0	8.01e-06	Homozygous	euploid
SACE_YDE	YJM1479	Peter et al. 2018	SRR800846	129.41	Philippines	Palm wine	Philippines	Asia		2925.0	38. Taiwan Wild 2	S4. Wild	2	117.0	1.25e-05	Homozygous	euploid
SACE_YDF	YJM1526	Peter et al. 2018	SRR800847	251.37		Human_clinical				40.0	1. AU Wine 1	S1. Wine	2	19.0	2.03e-06	Homozygous	aneu;+1*1;
SACE_YDG	YJM1527	Peter et al. 2018	SRR800848	65.26	California_USA	Fruit	USA	North America		1586.0	16. Canadian Wine		2	6305.0	0.00067297	Heterozygous	euploid
SACE_YDH	YJM1549	Peter et al. 2018	SRR800849	232.65	Netherlands	Fermentation	Netherlands	Europe		2177.0			2	1095.0	0.00011688	Heterozygous	aneu;+1*1;+2*11;+1*6;
SACE_YDI	YJM1573	Peter et al. 2018	SRR800850	117.5	India		India	Asia		2842.0	36. North American Wild	S4. Wild	2	98.0	1.05e-05	Homozygous	euploid
SACE_YDJ	YJM1574	Peter et al. 2018	SRR800851	301.73		Wine				360.0	4. Commercial Wine	S1. Wine	2	11.0	1.17e-06	Homozygous	aneu;+1*1;+1*3;+1*6;
SACE_YDK	YJM1592	Peter et al. 2018	SRR800852	48.72	Thailand	Industrial	Thailand	Asia		2587.0	31. Huangjiu	S3. Asian Fermentation	2	1277.0	0.0001363	Heterozygous	aneu;+1*1;+1*3;-1*4;+1*6;
SACE_YDL	YJM1615	Peter et al. 2018	SRR800853	94.72	California_USA	Human_clinical	USA	North America		2635.0	32. US Clinical 3		2	160.0	1.71e-05	Homozygous	aneu;+1*1;+1*6;
SACE_YDM	YJM1078	Peter et al. 2018	SRR800854	48.1	Portugal	Human_clinical	Portugal	Europe		300.0	3. Alpechin		2	374.0	3.99e-05	Homozygous	euploid
SACE_YDN	YJM1083	Peter et al. 2018	SRR800855	349.68	North Carolina_USA	Human_clinical	USA	North America		2304.0			2	56.0	5.98e-06	Homozygous	euploid
SACE_YDO	YJM1129	Peter et al. 2018	SRR800856	137.81	Ohio_USA	Distillery	USA	North America		41.0	1. AU Wine 1	S1. Wine	2	33.0	3.52e-06	Homozygous	euploid
XTRA_DAA	UFMG-CM-Y260	Barbosa et al. 2016	ERR1111486	84.8706	Brazil, Riparian forest of Corrego, Buritizal	Tapirira guianensis	Brazil	South America		2041.0	24. Lab Strains		?	120.0	1.28e-05	Homozygous	euploid
XTRA_DAB	UFMG-CM-Y262	Barbosa et al. 2016	ERR1111487	38.1814	Brazil, Riparian forest of Corrego, Buritizal, Tocantins	Tapirira guianensis	Brazil	South America		2691.0	34. South American Wild	S4. Wild	?	186.0	1.99e-05	Homozygous	euploid
XTRA_DAC	UFMG-CM-Y264	Barbosa et al. 2016	ERR1111488	78.1612	Brazil, Riparian forest of Corrego, Buritizal, Tocantins	Tapirira guianensis	Brazil	South America		2705.0	34. South American Wild	S4. Wild	?	218.0	2.33e-05	Homozygous	euploid
XTRA_DAD	UFMG-CM-Y455	Barbosa et al. 2016	ERR1111489	52.5099	Brazil, Riparian forest of Corrego, Buritizal, Tocantins	Tapirira guianensis	Brazil	South America		2706.0	34. South American Wild	S4. Wild	?	217.0	2.32e-05	Homozygous	euploid
XTRA_DAE	UFMG-CM-Y461	Barbosa et al. 2016	ERR1111490	52.2409	Brazil, Serra da Prata, Mucajai, Roraima	Mushroom	Brazil	South America		2700.0	34. South American Wild	S4. Wild	?	221.0	2.36e-05	Homozygous	euploid
XTRA_DAF	UFMG-CM-Y462	Barbosa et al. 2016	ERR1111491	62.2659	Brazil, Serra da Prata, Mucajai, Roraima	Mushroom	Brazil	South America		2701.0	34. South American Wild	S4. Wild	?	194.0	2.07e-05	Homozygous	euploid
XTRA_DAG	UFMG-CM-Y464	Barbosa et al. 2016	ERR1111492	66.1842	Brazil, Serra da Prata, Mucajai, Roraima	Non identified tree	Brazil	South America		2695.0	34. South American Wild	S4. Wild	?	216.0	2.31e-05	Homozygous	euploid
XTRA_DAH	UFMG-CM-Y639	Barbosa et al. 2016	ERR1111493	49.1465	Brazil, Bela Vista, Taquarucu	Tapirira guianensis	Brazil	South America		2092.0			?	109.0	1.16e-05	Homozygous	euploid
XTRA_DAI	UFMG-CM-Y640	Barbosa et al. 2016	ERR1111494	49.8751	Brazil, Amazonia	soil	Brazil	South America		2832.0	36. North American Wild	S4. Wild	?	372.0	3.97e-05	Homozygous	euploid
XTRA_DAJ	UFMG-CM-Y641	Barbosa et al. 2016	ERR1111495	53.1715	Brazil, Taguatinga, Tocantins	Tapirira guianensis	Brazil	South America		1954.0	22. French Guiana Human		?	288.0	3.07e-05	Homozygous	euploid
XTRA_DAK	UFMG-CM-Y642	Barbosa et al. 2016	ERR1111496	33.6976	Brazil, Taguatinga, Tocantins	Tapirira guianensis	Brazil	South America		1955.0	22. French Guiana Human		?	285.0	3.04e-05	Homozygous	euploid
XTRA_DAL	UFMG-CM-Y645	Barbosa et al. 2016	ERR1111497	42.0747	Brazil, Bela Vista, Taquarucu, Tocantins	Tapirira guianensis	Brazil	South America		2703.0	34. South American Wild	S4. Wild	3	1020.0	0.00010887	Heterozygous	euploid
XTRA_DAM	UFMG-CM-Y646	Barbosa et al. 2016	ERR1111498	38.6692	Brazil, Bela Vista, Taquarucu, Tocantins	Tapirira guianensis	Brazil	South America		2698.0	34. South American Wild	S4. Wild	?	275.0	2.94e-05	Homozygous	euploid
XTRA_DAN	UFMG-CM-Y647	Barbosa et al. 2016	ERR1111499	30.9248	Brazil, Bela Vista, Taquarucu, Tocantins	Tapirira guianensis	Brazil	South America		2699.0	34. South American Wild	S4. Wild	?	259.0	2.76e-05	Homozygous	euploid
XTRA_DAO	UFMG-CM-Y649	Barbosa et al. 2016	ERR1111500	26.6498	Brazil, Bela Vista, Taquarucu, Tocantins	Tapirira guianensis	Brazil	South America		2693.0			?	193.0	2.06e-05	Homozygous	euploid
XTRA_DAP	UFMG-CM-Y650	Barbosa et al. 2016	ERR1111501	29.0579	Brazil, Dianapolis, Tocantins	Tapirira guianensis	Brazil	South America		2694.0			?	196.0	2.09e-05	Homozygous	euploid
XTRA_DAS	UFMG-CM-Y255	Barbosa et al. 2016	ERR1111504	81.4886	Brazil, Cascatona, Caraca, Minas Gerais	Non identified tree	Brazil	South America		2838.0	36. North American Wild	S4. Wild	4	735.0	7.85e-05	Heterozygous	euploid
XTRA_DAT	UFMG-CM-Y257	Barbosa et al. 2016	ERR1111505	49.0027	Brazil, Gardens of Caraca Sanctuary, Minas Gerais	Quercus rubra	Brazil	South America		2707.0	34. South American Wild	S4. Wild	?	408.0	4.35e-05	Homozygous	euploid
XTRA_DAU	UFMG-CM-Y263	Barbosa et al. 2016	ERR1111506	57.1513	Brazil, Riparian forest of Corrego, Buritizal, Tocantins	Tapirira guianensis	Brazil	South America		1957.0	22. French Guiana Human		2	1322.0	0.0001411	Heterozygous	euploid
XTRA_DAV	UFMG-CM-Y266	Barbosa et al. 2016	ERR1111507	66.6877	Brazil, Riparian forest of Corrego, Buritizal, Tocantins	Tapirira guianensis	Brazil	South America		2704.0	34. South American Wild	S4. Wild	4	1624.0	0.00017334	Heterozygous	aneu;+1*1;
XTRA_DAW	UFMG-CM-Y456	Barbosa et al. 2016	ERR1111508	226.663	Brazil, Research Center Cangucu, T. da Praia, Tocantins	Jequitiba tree	Brazil	South America		2685.0			4	65795.0	0.00702264	Heterozygous	aneu;+3*3;
XTRA_DAX	UFMG-CM-Y457	Barbosa et al. 2016	ERR1111509	180.508	Brazil, Serra da Prata, Mucajai, Roraima	Non identified tree	Brazil	South America		2697.0	34. South American Wild	S4. Wild	3	1001.0	0.00010684	Heterozygous	euploid
XTRA_DAY	UFMG-CM-Y463	Barbosa et al. 2016	ERR1111510	69.6603						2696.0	34. South American Wild	S4. Wild	4	513.0	5.48e-05	Heterozygous	euploid
XTRA_DAZ	UFMG-CM-Y636	Barbosa et al. 2016	ERR1111511	81.6538	Brazil, Riparian forest of Corrego, Buritizal, Tocantins	Tapirira guianensis	Brazil	South America		2042.0	24. Lab Strains		2	577.0	6.16e-05	Heterozygous	aneu;+1*6;+1*9;
XTRA_DBA	UFMG-CM-Y643	Barbosa et al. 2016	ERR1111512	47.4489	Brazil, Gardens of Caraca Sanctuary, Minas Gerais	Quercus rubra	Brazil	South America		2692.0	34. South American Wild	S4. Wild	2	862.0	9.2e-05	Heterozygous	euploid
XTRA_DBB	UFMG-CM-Y644	Barbosa et al. 2016	ERR1111513	59.7299	Brazil, Serra da Prata, Mucajai, Roraima	Non identified tree	Brazil	South America		2702.0	34. South American Wild	S4. Wild	4	1278.0	0.00013641	Heterozygous	euploid
XTRA_DBC	EC1118	Coi et al. 2017	ERR1276734	429.136		haploid spore isolated from EC1118				361.0	4. Commercial Wine	S1. Wine	?	16.0	1.71e-06	Homozygous	euploid
XTRA_DBD	TUM 511	Barbosa et al. 2016	ERR1352842	108.719		California Ale				339.0	4. Commercial Wine	S1. Wine	?	14.0	1.49e-06	Homozygous	euploid
XTRA_DBE	TUM 381	Barbosa et al. 2016	ERR1352844	75.0442		Belgian Wheat Beer				1650.0		S2. Beer	4	25111.0	0.00268023	Heterozygous	aneu;-1*1;
XTRA_DBF	TUM 149	Barbosa et al. 2016	ERR1352845	30.4074		Wheat Beer											euploid
XTRA_DBG	TUM 205	Barbosa et al. 2016	ERR1352846	68.667		Wheat Beer				1656.0	18. Belgium Beer 2	S2. Beer	3	32763.0	0.00349696	Heterozygous	euploid
XTRA_DBH	TUM 175	Barbosa et al. 2016	ERR1352847	64.1618		Wheat Beer				1652.0		S2. Beer	4	25843.0	0.00275836	Heterozygous	aneu;+1*9;
XTRA_DBI	TUM 507	Barbosa et al. 2016	ERR1352848	85.8025		Ale Beer from Wheatmalt				1647.0		S2. Beer	2	40534.0	0.0043264	Heterozygous	euploid
XTRA_DBJ	TUM 208	Barbosa et al. 2016	ERR1352849	53.9793		Alt Beer				1681.0	18. Belgium Beer 2	S2. Beer	4	27003.0	0.00288217	Heterozygous	aneu;-1*1;+1*10;
XTRA_DBK	TUM 513	Barbosa et al. 2016	ERR1352850	69.5148		California Ale				1683.0	18. Belgium Beer 2	S2. Beer	4	25698.0	0.00274288	Heterozygous	euploid
XTRA_DBL	TUM 308	Barbosa et al. 2016	ERR1352851	70.6417		Alt Beer				1682.0	18. Belgium Beer 2	S2. Beer	4	27698.0	0.00295635	Heterozygous	euploid
XTRA_DBM	TUM 177	Barbosa et al. 2016	ERR1352852	43.284	Germany	K‚Äö√†√∂‚Äö√†√álsh Beer	Germany	Europe		1684.0	18. Belgium Beer 2	S2. Beer	2	15765.0	0.00168268	Heterozygous	aneu;+1*6;+1*9;
XTRA_DBN	TUM 174	Barbosa et al. 2016	ERR1352853	40.8909		Alt Beer				1687.0	18. Belgium Beer 2	S2. Beer	4	28942.0	0.00308913	Heterozygous	euploid
XTRA_DBO	TUM 148	Barbosa et al. 2016	ERR1352854	44.5724	Germany	Alt Beer	Germany	Europe		1688.0	18. Belgium Beer 2	S2. Beer	4	26928.0	0.00287417	Heterozygous	aneu;-1*1;
XTRA_DBP	TUM 338	Barbosa et al. 2016	ERR1352855	131.407		Alt Beer				1677.0	18. Belgium Beer 2	S2. Beer	4	26906.0	0.00287182	Heterozygous	euploid
XTRA_DBQ	TUM 213	Barbosa et al. 2016	ERR1352856	67.9943		British Ale/Stout				1697.0	19. UK Beer	S2. Beer	4	32480.0	0.00346676	Heterozygous	aneu;-1*1;
XTRA_DBR	TUM 510	Barbosa et al. 2016	ERR1352857	77.2789		British Ale				1698.0	19. UK Beer	S2. Beer	4	31814.0	0.00339567	Heterozygous	aneu;-1*1;
XTRA_DBS	TUM 503	Barbosa et al. 2016	ERR1352858	84.4302		California Ale				1713.0	19. UK Beer	S2. Beer	4	22420.0	0.002393	Heterozygous	aneu;-2*1;
XTRA_DBT	FostersO	Barbosa et al. 2016	ERR1352859	61.6427		Commercial brewing strain (ale)				1721.0	19. UK Beer	S2. Beer	4	27763.0	0.00296329	Heterozygous	aneu;+1*13;+1*3;
XTRA_DBU	TUM 165	Barbosa et al. 2016	ERR1352860	24.6194	Germany	Alt Beer	Germany	Europe		1725.0	19. UK Beer	S2. Beer	4	25722.0	0.00274544	Heterozygous	aneu;-1*1;
XTRA_DBV	FostersB	Barbosa et al. 2016	ERR1352861	83.0069		Commercial brewing strain (ale)				1757.0	19. UK Beer	S2. Beer	3	28248.0	0.00301506	Heterozygous	aneu;+1*15;+1*3;+1*5;
XTRA_DBW	TUM 508	Barbosa et al. 2016	ERR1352862	90.8769		Irish Ale				1769.0	19. UK Beer	S2. Beer	4	33154.0	0.0035387	Heterozygous	aneu;+1*2;
XTRA_DBX	TUM 210	Barbosa et al. 2016	ERR1352863	26.0963		British Ale/Stout				1741.0	19. UK Beer	S2. Beer	4	27958.0	0.0029841	Heterozygous	aneu;-2*1;
XTRA_DBY	TUM 211	Barbosa et al. 2016	ERR1352864	39.2227		Ale & Stout				1736.0	19. UK Beer	S2. Beer	3	25438.0	0.00271513	Heterozygous	aneu;-1*1;+1*15;+1*2;+1*3;
XTRA_DBZ	Platinum	Barbosa et al. 2016	ERR1352865	49.8613		Commercial bread dough				1838.0	20. Mixed Origins 1	S2. Beer	3	37958.0	0.00405145	Heterozygous	euploid
XTRA_DCA	TUM 506	Barbosa et al. 2016	ERR1352866	58.4429		British Ale				1846.0	20. Mixed Origins 1	S2. Beer	3	42006.0	0.00448352	Heterozygous	aneu;+1*1;+1*9;
XTRA_DCB	PYCC 4226	Barbosa et al. 2016	ERR1352867	59.6623		Commercial bread dough				1815.0	20. Mixed Origins 1	S2. Beer	2	23267.0	0.00248341	Heterozygous	aneu;+1*9;
XTRA_DCC	TUM 480	Barbosa et al. 2016	ERR1352868	80.3227	South Africa	Opaque Beer	South Africa	Africa		1905.0	21. Mixed Origins 2	S2. Beer	2	29498.0	0.00314847	Heterozygous	euploid
XTRA_DCD	CBS1585	Barbosa et al. 2016	ERR1352870	23.5026	Nakazawa, Japan	Sake moto	Japan	Asia		2472.0	29. Sake	S3. Asian Fermentation	2	1369.0	0.00014612	Heterozygous	aneu;+1*5;
XTRA_DCE	CBS1598	Barbosa et al. 2016	ERR1352871	27.8373	Nakazawa, Japan	Sake moto	Japan	Asia		2476.0	29. Sake	S3. Asian Fermentation	3	1677.0	0.000179	Heterozygous	aneu;+1*8;
XTRA_DCF	TUM 184	Barbosa et al. 2016	ERR1352872	39.1484		Alt Beer				2488.0	29. Sake	S3. Asian Fermentation	2	1983.0	0.00021166	Heterozygous	aneu;+1*3;
XTRA_DCG	NRRL-Y-11572	Barbosa et al. 2016	ERR1352873	22.3231		Sake moto				2435.0	29. Sake	S3. Asian Fermentation	3	1542.0	0.00016459	Heterozygous	aneu;+2*3;
XTRA_DCH	TUM 380	Barbosa et al. 2016	ERR1352874	44.114		Starter culture for Lambic				2582.0	31. Huangjiu	S3. Asian Fermentation	2	3404.0	0.00036333	Heterozygous	euploid
XTRA_DCI	TUM 68	Barbosa et al. 2016	ERR1352875	38.777		Wheat Beer				2583.0	31. Huangjiu	S3. Asian Fermentation	2	4163.0	0.00044434	Heterozygous	euploid
XTRA_DCJ	TUM 127	Barbosa et al. 2016	ERR1352876	37.0567		Wheat Beer				2581.0	31. Huangjiu	S3. Asian Fermentation	2	3144.0	0.00033558	Heterozygous	euploid
XTRA_DCK	NRRL-Y-12844	Barbosa et al. 2016	ERR1352877	46.4245	Budod, Philippines		Philippines	Asia		2387.0	28. Baiju	S3. Asian Fermentation	2	3478.0	0.00037123	Heterozygous	euploid
XTRA_DCL	NRRL-YB-4084	Barbosa et al. 2016	ERR1352878	21.049	Philippines	Cocunut sap	Philippines	Asia		2920.0	38. Taiwan Wild 2	S4. Wild	2	12149.0	0.00129673	Heterozygous	aneu;+1*1;+1*11;+1*2;+1*7;
XTRA_DCM	D47	Coi et al. 2017	ERR560539	149.436	France	wine	France	Europe		699.0	7. AU Wine 3	S1. Wine	4	727.0	7.76e-05	Heterozygous	aneu;+2*1;+4*3;
XTRA_DCN	GUF54	Coi et al. 2017	ERR560540	258.812	France	flor	France	Europe		450.0	5. Georgian Wine	S1. Wine	4	1148.0	0.00012253	Heterozygous	euploid
XTRA_DCO	TA12	Coi et al. 2017	ERR560541	207.669	Hungary	flor	Hungary	Europe		451.0	5. Georgian Wine	S1. Wine	4	763.0	8.14e-05	Heterozygous	euploid
XTRA_DCP	K1	Coi et al. 2017	ERR560542	263.365	France	wine	France	Europe		717.0	7. AU Wine 3	S1. Wine	4	855.0	9.13e-05	Heterozygous	euploid
XTRA_DCQ	L2056	Coi et al. 2017	ERR560543	307.304	France	wine	France	Europe		294.0	2. AU Wine 2	S1. Wine	4	891.0	9.51e-05	Heterozygous	euploid
XTRA_DCR	L2226	Coi et al. 2017	ERR560544	240.041	France	wine	France	Europe		207.0	1. AU Wine 1	S1. Wine	4	801.0	8.55e-05	Heterozygous	aneu;+1*1;
XTRA_DCS	1014	Coi et al. 2017	ERR560545	129.478	Italy	wine	Italy	Europe		51.0	1. AU Wine 1	S1. Wine	4	1314.0	0.00014025	Heterozygous	euploid
XTRA_DCT	P3	Coi et al. 2017	ERR560546	112.173	France	flor	France	Europe		452.0	5. Georgian Wine	S1. Wine	4	1272.0	0.00013577	Heterozygous	euploid
XTRA_DCU	L1414	Coi et al. 2017	ERR560547	297.409	France	wine	France	Europe		644.0	7. AU Wine 3	S1. Wine	2	7731.0	0.00082517	Heterozygous	euploid
XTRA_DCV	45480	Coi et al. 2017	ERR560548	362.257	Spain	flor	Spain	Europe		399.0	5. Georgian Wine	S1. Wine	4	3848.0	0.00041072	Heterozygous	aneu;+1*12;+2*3;
XTRA_DCW	TS12	Coi et al. 2017	ERR560549	303.895	Hungary	flor	Hungary	Europe		435.0	5. Georgian Wine	S1. Wine	4	3742.0	0.0003994	Heterozygous	aneu;+2*9;
XTRA_DCX	6320	Coi et al. 2017	ERR560550	81.3564	Canada	wine\, Italy	Canada	North America		569.0	6. West Europe Wine	S1. Wine	?	184.0	1.96e-05	Homozygous	aneu;+1*14;
XTRA_DCY	GE7	Coi et al. 2017	ERR560551	422.81	France	wine	France	Europe		675.0	7. AU Wine 3	S1. Wine	?	10.0	1.07e-06	Homozygous	euploid
XTRA_DCZ	F25	Coi et al. 2017	ERR560552	443.414	Spain	flor	Spain	Europe		402.0	5. Georgian Wine	S1. Wine	3	4279.0	0.00045672	Heterozygous	aneu;+1*1;
XTRA_DDA	FS2D	Coi et al. 2017	ERR560553	753.649	Italy	flor	Italy	Europe		396.0	5. Georgian Wine	S1. Wine	2	3108.0	0.00033173	Heterozygous	aneu;+1*1;
XTRA_DDB	F12	Coi et al. 2017	ERR560554	404.668	Spain	flor	Spain	Europe		694.0	7. AU Wine 3	S1. Wine	?	288.0	3.07e-05	Homozygous	euploid
XTRA_DDC	ZP862	Almeida et al. 2015	ERR747908	314.271	Caratao, Abrantes, Portugal	Apple with insect holes	Portugal	Europe		493.0	6. West Europe Wine	S1. Wine	?	129.0	1.38e-05	Homozygous	euploid
XTRA_DDD	ZP861	Almeida et al. 2015	ERR747909	530.286	Caratao, Abrantes, Portugal	Sun-dryed apple with ants	Portugal	Europe		502.0	6. West Europe Wine	S1. Wine	?	10.0	1.07e-06	Homozygous	euploid
XTRA_DDE	ZP641	Almeida et al. 2015	ERR747910	366.484	Portugal: Castelo de Vide	Spontaneous red wine fermentation	Portugal	Europe		163.0	1. AU Wine 1	S1. Wine	?	12.0	1.28e-06	Homozygous	euploid
XTRA_DDF	HUN9.1s1	Almeida et al. 2015	ERR747911	194.402	Hungary	Oak	Hungary	Europe		1438.0	14. Mediterranean Oak		?	55.0	5.87e-06	Homozygous	euploid
XTRA_DDG	ZP541	Almeida et al. 2015	ERR747912	206.593	Portugal: Adagoi	Fagus sylvatica	Portugal	Europe		1448.0	14. Mediterranean Oak		?	90.0	9.61e-06	Homozygous	euploid
XTRA_DDH	ZP742	Almeida et al. 2015	ERR747913	482.875	Caratao, Abrantes, Portugal	Rotten figs	Portugal	Europe		1449.0	14. Mediterranean Oak		?	102.0	1.09e-05	Homozygous	euploid
XTRA_DDI	ZP860	Almeida et al. 2015	ERR747914	466.426	Spain: Alconorales Natural Park, Andaluzia	Quercus ilex	Spain	Europe		1454.0	14. Mediterranean Oak		?	121.0	1.29e-05	Homozygous	euploid
XTRA_DDJ	ZP850	Almeida et al. 2015	ERR747915	209.052	Spain: Alconorales Natural Park, Andaluzia	Quercus ilex	Spain	Europe		1455.0	14. Mediterranean Oak		?	127.0	1.36e-05	Homozygous	euploid
XTRA_DDK	ZP570	Almeida et al. 2015	ERR747916	280.452	Portugal: Paul Boquilobo	Fraxinus sp.	Portugal	Europe		1457.0	14. Mediterranean Oak		?	123.0	1.31e-05	Homozygous	euploid
XTRA_DDL	ZP563	Almeida et al. 2015	ERR747917	106.337	Portugal: Castelo de Vide	Castanea sativa	Portugal	Europe		1467.0	14. Mediterranean Oak		?	139.0	1.48e-05	Homozygous	euploid
XTRA_DDM	ZP564	Almeida et al. 2015	ERR747918	705.986	Portugal: Castelo de Vide	Quercus pyrenaica	Portugal	Europe		1463.0	14. Mediterranean Oak		?	104.0	1.11e-05	Homozygous	euploid
XTRA_DDN	ZP566	Almeida et al. 2015	ERR747919	549.517	Portugal: Castelo de Vide	Quercus faginea	Portugal	Europe		1459.0	14. Mediterranean Oak		?	102.0	1.09e-05	Homozygous	euploid
XTRA_DDO	ZP575	Almeida et al. 2015	ERR747920	172.765	Portugal: Castelo de Vide	Quercus pyrenaica	Portugal	Europe		1466.0	14. Mediterranean Oak		?	105.0	1.12e-05	Homozygous	euploid
XTRA_DDP	ZP590	Almeida et al. 2015	ERR747921	294.455	Portugal: Castelo de Vide	Quercus pyrenaica	Portugal	Europe		1456.0	14. Mediterranean Oak		?	130.0	1.39e-05	Homozygous	euploid
XTRA_DDQ	ZP530	Almeida et al. 2015	ERR747922	231.552	Marao, Campea, Portugal	Castanea sativa	Portugal	Europe		2827.0	36. North American Wild	S4. Wild	?	96.0	1.02e-05	Homozygous	euploid
XTRA_DDR	ZP651	Almeida et al. 2015	ERR747923	318.93	Japan: Chiba Perfecture	Quercus acutissima	Japan	Asia		3016.0	39. Asian Oak	S4. Wild	?	79.0	8.43e-06	Homozygous	euploid
XTRA_DDS	ZP652	Almeida et al. 2015	ERR747924	149.783	Japan: Chiba Perfecture	Quercus acutissima	Japan	Asia		3004.0		S4. Wild	?	109.0	1.16e-05	Homozygous	euploid
XTRA_DDT	DBQ22	Almeida et al. 2015	ERR747925	390.915	Greece: Halkidiki	Ficus carica	Greece	Europe		1535.0			?	82.0	8.75e-06	Homozygous	euploid
XTRA_DDU	DBS11	Almeida et al. 2015	ERR747926	136.309	Greece: Halkidiki	Ficus carica	Greece	Europe		2337.0	28. Baiju	S3. Asian Fermentation	?	190.0	2.03e-05	Homozygous	euploid
XTRA_DDV	DBS12	Almeida et al. 2015	ERR747927	187.523	Greece: Halkidiki	Ficus carica	Greece	Europe		2287.0			?	96.0	1.02e-05	Homozygous	euploid
XTRA_DDW	ZP578	Almeida et al. 2015	ERR752929	187.195	Portugal: Aldeia das Dez	Quercus faginea	Portugal	Europe		72.0	1. AU Wine 1	S1. Wine	?	23.0	2.45e-06	Homozygous	euploid
XTRA_DDX	ZP577	Almeida et al. 2015	ERR752930	82.5409	Portugal: Aldeia das Dez	Quercus faginea	Portugal	Europe		70.0	1. AU Wine 1	S1. Wine	?	25.0	2.67e-06	Homozygous	euploid
XTRA_DDY	ZP579	Almeida et al. 2015	ERR752931	132.144	Portugal: Aldeia das Dez	Quercus pyrenaica	Portugal	Europe		71.0	1. AU Wine 1	S1. Wine	?	52.0	5.55e-06	Homozygous	euploid
XTRA_DDZ	DBQ26	Almeida et al. 2015	ERR752932	117.286	Greece: Halkidiki	Quercus pubescens	Greece	Europe		1439.0	14. Mediterranean Oak		?	56.0	5.98e-06	Homozygous	euploid
XTRA_DEA	ZP736	Almeida et al. 2015	ERR752933	110.39	Caratao, Abrantes, Portugal	Rotten figs	Portugal	Europe		1450.0	14. Mediterranean Oak		?	104.0	1.11e-05	Homozygous	euploid
XTRA_DEB	ZP562	Almeida et al. 2015	ERR752934	113.88	Portugal: Castelo de Vide	Quercus ilex	Portugal	Europe		1458.0	14. Mediterranean Oak		?	141.0	1.5e-05	Homozygous	euploid
XTRA_DEC	ZP633	Almeida et al. 2015	ERR752935	138.148	Portugal: Castelo de Vide	Quercus pyrenaica	Portugal	Europe		1452.0	14. Mediterranean Oak		?	130.0	1.39e-05	Homozygous	euploid
XTRA_DED	ZP636	Almeida et al. 2015	ERR752936	109.146	Portugal: Castelo de Vide	Castanea sativa	Portugal	Europe		1461.0	14. Mediterranean Oak		?	143.0	1.53e-05	Homozygous	euploid
XTRA_DEE	ZP560	Almeida et al. 2015	ERR752937	108.853	Portugal: Castelo de Vide	Quercus pyrenaica	Portugal	Europe		1464.0	14. Mediterranean Oak		?	105.0	1.12e-05	Homozygous	euploid
XTRA_DEF	ZP568	Almeida et al. 2015	ERR752938	212.487	Portugal: Castelo de Vide	Quecus pyrenaica	Portugal	Europe		1462.0	14. Mediterranean Oak		?	71.0	7.58e-06	Homozygous	euploid
XTRA_DEG	ZP565	Almeida et al. 2015	ERR752939	125.05	Portugal: Castelo de Vide	Castanea sativa	Portugal	Europe		1468.0	14. Mediterranean Oak		?	125.0	1.33e-05	Homozygous	euploid
XTRA_DEH	ZP561	Almeida et al. 2015	ERR752940	141.743	Portugal: Castelo de Vide	Quercus pyrenaica	Portugal	Europe		1465.0	14. Mediterranean Oak		?	125.0	1.33e-05	Homozygous	euploid
XTRA_DEI	ZP656	Almeida et al. 2015	ERR752941	174.937	Japan: Chiba Perfecture	Quercus acuta	Japan	Asia		3007.0	39. Asian Oak	S4. Wild	?	101.0	1.08e-05	Homozygous	euploid
XTRA_DEJ	ZP653	Almeida et al. 2015	ERR752942	182.205	Japan: Chiba Perfecture	Quercus acutissima	Japan	Asia		3008.0	39. Asian Oak	S4. Wild	?	99.0	1.06e-05	Homozygous	euploid
XTRA_DEK	ZP680	Almeida et al. 2015	ERR752943	51.4556	Japan: Chiba Perfecture	Quercus acutissima	Japan	Asia		3011.0	39. Asian Oak	S4. Wild	?	73.0	7.79e-06	Homozygous	euploid
XTRA_DEL	ZP649	Almeida et al. 2015	ERR752944	281.921	Japan: Chiba Perfecture	Quercus acutissima	Japan	Asia		3017.0	39. Asian Oak	S4. Wild	?	75.0	8.01e-06	Homozygous	euploid
XTRA_DEM	ZP650	Almeida et al. 2015	ERR752945	206.079	Japan: Chiba Perfecture	Quercus acutissima	Japan	Asia		3018.0	39. Asian Oak	S4. Wild	?	71.0	7.58e-06	Homozygous	euploid
XTRA_DEN	ZP654	Almeida et al. 2015	ERR752946	154.148	Japan: Chiba Perfecture	Quercus acutissima	Japan	Asia		3005.0	39. Asian Oak	S4. Wild	?	101.0	1.08e-05	Homozygous	euploid
XTRA_DEO	ZP655	Almeida et al. 2015	ERR752947	208.208	Japan: Chiba Perfecture	Quercus acuta	Japan	Asia		3009.0	39. Asian Oak	S4. Wild	?	97.0	1.04e-05	Homozygous	euploid
XTRA_DEP	ZP657	Almeida et al. 2015	ERR752948	201.49	Japan: Chiba Perfecture	Quercus acuta	Japan	Asia		3006.0	39. Asian Oak	S4. Wild	?	100.0	1.07e-05	Homozygous	euploid
XTRA_DEQ	ZP658	Almeida et al. 2015	ERR752949	220.018	Japan: Chiba Perfecture	Quercus acuta	Japan	Asia		3010.0	39. Asian Oak	S4. Wild	?	97.0	1.04e-05	Homozygous	euploid
XTRA_DER	ZP674	Almeida et al. 2015	ERR752950	183.452	Japan: Chiba Perfecture	Quercus acutissima	Japan	Asia		3014.0	39. Asian Oak	S4. Wild	?	76.0	8.11e-06	Homozygous	euploid
XTRA_DES	EXF6719	Almeida et al. 2015	ERR754600	124.074	Slovenia: Cuber	Wine must	Slovenia	Europe		159.0	1. AU Wine 1	S1. Wine	?	114.0	1.22e-05	Homozygous	euploid
XTRA_DET	DBVPG10100	Almeida et al. 2015	ERR754601	83.6128	Italy: Parco del Monte Subasio	Quercus cerris	Italy	Europe		1444.0	14. Mediterranean Oak		?	109.0	1.16e-05	Homozygous	euploid
XTRA_DEU	SDO3s1	Almeida et al. 2015	ERR754602	212.929	USA: North Carolina	Oak	USA	North America		2847.0	36. North American Wild	S4. Wild	2	116.0	1.24e-05	Homozygous	euploid
XTRA_DEV	SDO6s1	Almeida et al. 2015	ERR754603	132.1	USA: North Carolina	Oak	USA	North America		2848.0	36. North American Wild	S4. Wild	2	110.0	1.17e-05	Homozygous	euploid
XTRA_DEW	SDO2s1	Almeida et al. 2015	ERR754604	195.307	USA: North Carolina	Oak	USA	North America		2845.0	36. North American Wild	S4. Wild	2	118.0	1.26e-05	Homozygous	euploid
XTRA_DEX	SDO8s1	Almeida et al. 2015	ERR754605	136.67	USA: North Carolina	Oak	USA	North America		2846.0	36. North American Wild	S4. Wild	2	111.0	1.18e-05	Homozygous	euploid
XTRA_DEY	SM69s1	Almeida et al. 2015	ERR754606	108.547	USA: North Carolina	Oak	USA	North America		2841.0	36. North American Wild	S4. Wild	2	106.0	1.13e-05	Homozygous	euploid
XTRA_DEZ	ZP676	Almeida et al. 2015	ERR754607	164.894	Japan: Chiba Perfecture	Quercus acutissima	Japan	Asia		3012.0	39. Asian Oak	S4. Wild	?	79.0	8.43e-06	Homozygous	euploid
XTRA_DFA	ZP677	Almeida et al. 2015	ERR754608	179.843	Japan: Chiba Perfecture	Quercus acutissima	Japan	Asia		3015.0	39. Asian Oak	S4. Wild	?	74.0	7.9e-06	Homozygous	euploid
XTRA_DFB	ZP678	Almeida et al. 2015	ERR754609	147.005	Japan: Chiba Perfecture	Quercus acutissima	Japan	Asia		3013.0	39. Asian Oak	S4. Wild	?	73.0	7.79e-06	Homozygous	euploid
XTRA_DFC	ZP675	Almeida et al. 2015	ERR754610	182.644	Japan: Chiba Perfecture	Quercus acutissima	Japan	Asia		3019.0		S4. Wild	?	79.0	8.43e-06	Homozygous	euploid
XTRA_DFD	ZP779	Almeida et al. 2015	ERR754611	144.849	Japan: Hirusen highland, Okayama Perfecture	Quercus acutissima	Japan	Asia		3000.0	39. Asian Oak	S4. Wild	?	118.0	1.26e-05	Homozygous	euploid
XTRA_DFE	ZP785	Almeida et al. 2015	ERR754612	123.603	Japan: Hirusen highland, Okayama Perfecture	Quercus dentata	Japan	Asia		2999.0	39. Asian Oak	S4. Wild	?	120.0	1.28e-05	Homozygous	euploid
XTRA_DFF	ZP781	Almeida et al. 2015	ERR754614	162.054	Japan: Hirusen highland, Okayama Perfecture	Quercus serrata	Japan	Asia		2997.0	39. Asian Oak	S4. Wild	?	87.0	9.29e-06	Homozygous	euploid
XTRA_DFG	ZP793	Almeida et al. 2015	ERR754615	138.878	Japan: Hirusen highland, Okayama Perfecture	Quercus dentata	Japan	Asia		2996.0	39. Asian Oak	S4. Wild	?	84.0	8.97e-06	Homozygous	euploid
XTRA_DFH	ZP796	Almeida et al. 2015	ERR754616	161.479	Japan: Hirusen highland, Okayama Perfecture	Quercus dentata	Japan	Asia		2995.0	39. Asian Oak	S4. Wild	?	107.0	1.14e-05	Homozygous	euploid
XTRA_DFI	ZP786	Almeida et al. 2015	ERR754617	128.757	Japan: Hirusen highland, Okayama Perfecture	Quercus dentata	Japan	Asia		2992.0	39. Asian Oak	S4. Wild	?	85.0	9.07e-06	Homozygous	euploid
XTRA_DFJ	ZP823	Almeida et al. 2015	ERR754618	149.466	Japan: Hirusen highland, Okayama Perfecture	Quercus acutissima	Japan	Asia		2990.0	39. Asian Oak	S4. Wild	?	80.0	8.54e-06	Homozygous	euploid
XTRA_DFK	ZP778	Almeida et al. 2015	ERR754619	126.162	Japan: Hirusen highland, Okayama Perfecture	Quercus acutissima	Japan	Asia		3001.0	39. Asian Oak	S4. Wild	?	117.0	1.25e-05	Homozygous	euploid
XTRA_DFL	ZP783	Almeida et al. 2015	ERR754620	191.211	Japan: Hirusen highland, Okayama Perfecture	Quercus acutissima	Japan	Asia		2998.0	39. Asian Oak	S4. Wild	?	107.0	1.14e-05	Homozygous	euploid
XTRA_DFM	ZP784	Almeida et al. 2015	ERR754621	140.859	Japan: Hirusen highland, Okayama Perfecture	Quercus dentata	Japan	Asia		2991.0	39. Asian Oak	S4. Wild	?	89.0	9.5e-06	Homozygous	euploid
XTRA_DFN	ZP794	Almeida et al. 2015	ERR754622	125.822	Japan: Hirusen highland, Okayama Perfecture	Quercus dentata	Japan	Asia		2993.0	39. Asian Oak	S4. Wild	?	81.0	8.65e-06	Homozygous	euploid
XTRA_DFO	GMY321	Franco-Duarte et al. 2016	ERR756197	28.2535	Portugal		Portugal	Europe		67.0	1. AU Wine 1	S1. Wine	?	31.0	3.31e-06	Homozygous	euploid
XTRA_DFP	L174	Franco-Duarte et al. 2016	ERR756198	46.8294	Portugal	wine	Portugal	Europe		1842.0		S2. Beer	2	57411.0	0.00612777	Heterozygous	euploid
XTRA_DFQ	L175	Franco-Duarte et al. 2016	ERR756199	54.5568		wine				766.0	7. AU Wine 3	S1. Wine	?	8.0	8.54e-07	Homozygous	euploid
XTRA_DFR	L181	Franco-Duarte et al. 2016	ERR756200	73.0357		wine				1129.0	8. AU Wine 4	S1. Wine	?	38.0	4.06e-06	Homozygous	euploid
XTRA_DFS	L461	Franco-Duarte et al. 2016	ERR756203	228.565	Portugal	wine/vine	Portugal	Europe		495.0	6. West Europe Wine	S1. Wine	?	12.0	1.28e-06	Homozygous	euploid
XTRA_DFT	L528	Franco-Duarte et al. 2016	ERR756204	221.612	Portugal	wine/vine	Portugal	Europe		73.0	1. AU Wine 1	S1. Wine	?	15.0	1.6e-06	Homozygous	euploid
XTRA_DFU	L560	Franco-Duarte et al. 2016	ERR756206	74.7641	Portugal	clinical	Portugal	Europe		1919.0	21. Mixed Origins 2	S2. Beer	4	48115.0	0.00513556	Heterozygous	euploid
XTRA_DFV	L561	Franco-Duarte et al. 2016	ERR756207	63.1534	Portugal	wine/vine	Portugal	Europe		494.0	6. West Europe Wine	S1. Wine	2	4653.0	0.00049664	Heterozygous	euploid
XTRA_DFW	L564	Franco-Duarte et al. 2016	ERR756208	31.7235	France: Rhone valley	wine	France	Europe		1122.0	8. AU Wine 4	S1. Wine	?	58.0	6.19e-06	Homozygous	euploid
XTRA_DFX	L708	Franco-Duarte et al. 2016	ERR756209	45.6924		mushrooms											euploid
XTRA_DFY	L709	Franco-Duarte et al. 2016	ERR756210	81.1509		palm wine				2293.0			3	35831.0	0.00382443	Heterozygous	aneu;+1*8;
XTRA_DFZ	L710	Franco-Duarte et al. 2016	ERR756211	78.865	Indonesia	fruit	Indonesia	Asia		2673.0	33. African Palm Wine		?	83.0	8.86e-06	Homozygous	euploid
XTRA_DGA	L712	Franco-Duarte et al. 2016	ERR756213	41.7561	French Guiana		French Guiana	South America		52.0	1. AU Wine 1	S1. Wine	?	32.0	3.42e-06	Homozygous	euploid
XTRA_DGB	L719	Franco-Duarte et al. 2016	ERR756216	69.0454	Japan	sake	Japan	Asia		2436.0	29. Sake	S3. Asian Fermentation	3	1406.0	0.00015007	Heterozygous	aneu;+1*3;
XTRA_DGC	L723	Franco-Duarte et al. 2016	ERR756217	71.0021	Turkey	wine/vine	Turkey	Asia		662.0	7. AU Wine 3	S1. Wine	?	8.0	8.54e-07	Homozygous	euploid
XTRA_DGD	L725	Franco-Duarte et al. 2016	ERR756218	96.2806	Turkey	wine/vine	Turkey	Asia		262.0	2. AU Wine 2	S1. Wine	2	7226.0	0.00077127	Heterozygous	euploid
XTRA_DGE	L761	Franco-Duarte et al. 2016	ERR756225	74.4682						1470.0	14. Mediterranean Oak		?	105.0	1.12e-05	Homozygous	euploid
XTRA_DGF	SD085	Franco-Duarte et al. 2016	ERR756226	83.8768	France	wine/vine	France	Europe		987.0	8. AU Wine 4	S1. Wine	?	14.0	1.49e-06	Homozygous	euploid
XTRA_DGG	L292	Franco-Duarte et al. 2016	ERR756227	78.9994		wine				253.0	2. AU Wine 2	S1. Wine	2	5328.0	0.00056869	Heterozygous	aneu;+1*1;
XTRA_DGH	MCN1500_3C	Marsit et al. 2015	ERR3139855	229.939	Montpellier, France , Europe	Grape (Vitis vinifera) isolate	France	Europe		1131.0	8. AU Wine 4	S1. Wine	?	15.0	1.6e-06	Homozygous	euploid
XTRA_DGI	MCN1500_3B	Marsit et al. 2015	ERR3139853	150.519	Montpellier, France , Europe	Grape (Vitis vinifera) isolate	France	Europe		193.0	1. AU Wine 1	S1. Wine	2	2162.0	0.00023076	Heterozygous	aneu;+1*1;+1*11;+1*3;
XTRA_DGJ	M2ONO800_1A	Marsit et al. 2015	ERR3139851	154.956	Montpellier, France , Europe	Grape (Vitis vinifera) isolate	France	Europe		746.0	7. AU Wine 3	S1. Wine	2	1994.0	0.00021283	Heterozygous	euploid
XTRA_DGK	Lava32_6	Marsit et al. 2015	ERR3139852	156.301	Azores, Portugal, Europe	Grape (Vitis vinifera) isolate of an abandoned vineyard	Portugal	Europe		61.0	1. AU Wine 1	S1. Wine	2	3404.0	0.00036333	Heterozygous	aneu;+1*1;
XTRA_DGL	Lava32_15	Marsit et al. 2015	ERR3139854	121.757	Azores, Portugal, Europe	Grape (Vitis vinifera) isolate of an abandoned vineyard	Portugal	Europe		679.0	7. AU Wine 3	S1. Wine	?	17.0	1.81e-06	Homozygous	euploid
XTRA_DGM	CLIB219	Marsit et al. 2015	ERR3139843	123.253	Russia, Asia	Grape (Vitis amurensis) isolate	Russia	Europe		2745.0	35. Chinese Wild	S4. Wild	?	121.0	1.29e-05	Homozygous	euploid
XTRA_DGN	Lava38_1	Marsit et al. 2015	ERR3139841	113.657	Azores, Portugal, Europe	Grape (Vitis vinifera) isolate of an abandoned vineyard	Portugal	Europe		2231.0			?	47.0	5.02e-06	Homozygous	euploid
XTRA_DGO	MCN1500_10C	Marsit et al. 2015	ERR3139847	129.735	Montpellier, France , Europe	Grape (Vitis vinifera) isolate	France	Europe		1119.0	8. AU Wine 4	S1. Wine	2	18759.0	0.00200225	Heterozygous	euploid
XTRA_DGP	NRRLY1545	Marsit et al. 2015	ERR3139849	90.2562	Italy, Europe	Cheese (Stracchino)	Italy	Europe		1394.0	13. French Dairy		3	23621.0	0.00252119	Heterozygous	aneu;+1*1;
XTRA_DGQ	NRRY1791	Marsit et al. 2015	ERR3139844	124.69	Europe	Trappist cheese	Europe	Europe		2316.0	28. Baiju	S3. Asian Fermentation	2	33686.0	0.00359548	Heterozygous	aneu;+1*1;
XTRA_DGR	MUCL42908	Marsit et al. 2015	ERR3139850	103.647	Moroco, Africa	Kefir	Morocco	Africa		1422.0	13. French Dairy		2	7579.0	0.00080895	Heterozygous	aneu;+1*1;
XTRA_DGS	TL229_alpha	Marsit et al. 2015	ERR3139845	97.619	France, Europe	Cheese (Camembert), derivative spore from CLIB630	France	Europe		1413.0	13. French Dairy		?	133.0	1.42e-05	Homozygous	aneu;+1*9;
XTRA_DGT	VKMY373	Marsit et al. 2015	ERR3139846	90.725	Russia	Cheese	Russia	Europe		1380.0	13. French Dairy		2	6161.0	0.0006576	Heterozygous	aneu;+1*1;+1*3;+2*6;
XTRA_DGU	KS11	Marsit et al. 2015	ERR3139842	92.7225	Kazakhstan, Asia	Kumiss	Kazakhstan	Asia		1400.0	13. French Dairy		3	16808.0	0.00179401	Heterozygous	aneu;+1*1;
XTRA_DGV	KS18	Marsit et al. 2015	ERR3139840	99.9214	Kazakhstan, Asia	Kumiss	Kazakhstan	Asia		1401.0	13. French Dairy		2	12112.0	0.00129278	Heterozygous	euploid
XTRA_DGW	245	Marsit et al. 2015	ERR3139824	125.086	French West Indies, North America	Rum distillery	France	Europe		1601.0	17. Israel Wild		?	41.0	4.38e-06	Homozygous	aneu;+1*6;
XTRA_DGX	376	Marsit et al. 2015	ERR3139825	148.176	French West Indies, North America	Rum distillery	France	Europe		1602.0			2	24605.0	0.00262622	Heterozygous	euploid
XTRA_DGY	309	Marsit et al. 2015	ERR3139826	198.867	French West Indies, North America	Rum distillery	France	Europe		2043.0	24. Lab Strains		3	41592.0	0.00443933	Heterozygous	aneu;+1*3;
XTRA_DGZ	390_D2	Marsit et al. 2015	ERR3139827	156.165	French West Indies, North America	Rum distillery, derivative haploid of strain 390	France	Europe		1634.0	17. Israel Wild		?	296.0	3.16e-05	Homozygous	euploid
XTRA_DHA	EDV493	Marsit et al. 2015	ERR3139835	136.315	French West Indies, North America	Rum distillery	France	Europe		1600.0	17. Israel Wild		?	63.0	6.72e-06	Homozygous	euploid
XTRA_DHB	460	Marsit et al. 2015	ERR3139836	132.188	French West Indies, North America	Rum distillery	France	Europe		2088.0			2	30016.0	0.00320376	Heterozygous	aneu;+1*1;
XTRA_DHC	YA3	Marsit et al. 2015	ERR3139837	141.746	Sicily, Italy, Europe	Bread	Italy	Europe		2512.0	30. Mantou	S3. Asian Fermentation	?	65.0	6.94e-06	Homozygous	euploid
XTRA_DHD	YQ5	Marsit et al. 2015	ERR3139838	133.933	Catania, Sicily, Italy, Europe	Bread	Italy	Europe		1245.0			2	7004.0	0.00074757	Heterozygous	aneu;+1*1;
XTRA_DHE	6464	Marsit et al. 2015	ERR3139831	129.582	Japan (Lallemand), Asia	Bread	Japan	Asia		1809.0	20. Mixed Origins 1	S2. Beer	2	15064.0	0.00160786	Heterozygous	euploid
XTRA_DHF	CLIB215	Marsit et al. 2015	ERR3139832	138.278	New Zealand, Oceania	Bread	New Zealand	Oceania		1932.0	21. Mixed Origins 2	S2. Beer	4	52515.0	0.0056052	Heterozygous	euploid
XTRA_DHG	CLIB215_3B	Marsit et al. 2015	ERR3139828	126.505	New Zealand, Oceania	Bread, derivative spore from the baker strain CLIB215	New Zealand	Oceania		1902.0	21. Mixed Origins 2	S2. Beer	2	27487.0	0.00293383	Heterozygous	euploid
XTRA_DHH	MJ73	Marsit et al. 2015	ERR3139829	133.131	Lebanon, Asia	Wine	Lebanon	Asia		380.0		S1. Wine	2	12767.0	0.00136269	Heterozygous	aneu;+1*1;
XTRA_DHI	N15_4	Marsit et al. 2015	ERR3139830	161.887	Moldavia, Romania, europe	Wine	Romania	Europe		92.0	1. AU Wine 1	S1. Wine	2	5505.0	0.00058758	Heterozygous	aneu;-1*1;+1*3;
XTRA_DHJ	ZP848	Marsit et al. 2015	ERR3139822	171.748	Alter do Ch‚àö¬£o, Portugal, Europe	Oak (Quercus ilex)	Portugal	Europe		1453.0	14. Mediterranean Oak		?	120.0	1.28e-05	Homozygous	aneu;+1*3;
XTRA_DHK	ZP851	Marsit et al. 2015	ERR3139823	184.497	Alcornocales Natural Park, Andalusia, Spain, Europe	Oak (Quercus ilex)	Spain	Europe		1451.0	14. Mediterranean Oak		?	117.0	1.25e-05	Homozygous	euploid
XTRA_DHL	ZP1050	Marsit et al. 2015	ERR3139820	189.166	Reguengos de Monsaraz, Beja, Portugal, Europe	Oak (Quercus ilex)	Portugal	Europe		2834.0	36. North American Wild	S4. Wild	?	112.0	1.2e-05	Homozygous	euploid
XTRA_DHM	OakRom3_2	Marsit et al. 2015	ERR3139818	142.794	Romania, Europe	Oak	Romania	Europe		1440.0	14. Mediterranean Oak		?	55.0	5.87e-06	Homozygous	euploid
XTRA_DHN	OakArd11_2_2	Marsit et al. 2015	ERR3139819	166.306	Ard‚àö¬Æche, France, Europe	Oak	France	Europe		2822.0	36. North American Wild	S4. Wild	?	108.0	1.15e-05	Homozygous	euploid
XTRA_DHO	OakBod21_1	Marsit et al. 2015	ERR3139817	173.224	Bordeaux, Gironde, France, Europe	Oak	France	Europe		2821.0	36. North American Wild	S4. Wild	?	109.0	1.16e-05	Homozygous	euploid
XTRA_DHP	OakGri7_1	Marsit et al. 2015	ERR3139815	372.981	Thiverval-Grignon, Yvelines, France, Europe	Oak	France	Europe		2688.0		S4. Wild	?	52.0	5.55e-06	Homozygous	euploid
XTRA_DHQ	VPDN_Fino	Marsit et al. 2015	ERR3139816	325.527	Spain, Europe	Flor, velum isolate of Flor ageing wine	Spain	Europe		390.0	5. Georgian Wine	S1. Wine	3	1716.0	0.00018316	Heterozygous	aneu;+1*12;+1*2;
XTRA_DHR	T16	Gayevskiy et al. 2016	SRR1300152	69.3826	New Zealand	Spontaneous Fermentation, Winery, West Auckland, New Zealand	New Zealand	Oceania		1111.0	8. AU Wine 4	S1. Wine	?	14.0	1.49e-06	Homozygous	euploid
XTRA_DHS	T52	Gayevskiy et al. 2016	SRR1300153	55.9402	New Zealand	Spontaneous Wine Fermentation	New Zealand	Oceania		1112.0	8. AU Wine 4	S1. Wine	2	9058.0	0.00096681	Heterozygous	euploid
XTRA_DHT	T63	Gayevskiy et al. 2016	SRR1300154	64.1219	New Zealand	Spontaneous Wine Fermentation	New Zealand	Oceania		1137.0	8. AU Wine 4	S1. Wine	2	5045.0	0.00053848	Heterozygous	euploid
XTRA_DHU	T78	Gayevskiy et al. 2016	SRR1300155	65.5912	New Zealand	Spontaneous Wine Fermentation	New Zealand	Oceania		779.0	7. AU Wine 3	S1. Wine	?	11.0	1.17e-06	Homozygous	euploid
XTRA_DHV	T8	Gayevskiy et al. 2016	SRR1300156	60.6804	New Zealand	Spontaneous Wine Fermentation	New Zealand	Oceania		1235.0	10. AU Wine 6	S1. Wine	2	10293.0	0.00109863	Heterozygous	euploid
XTRA_DHW	Sol7-2	Gayevskiy et al. 2016	SRR1300157	65.1393	New Zealand	soil	New Zealand	Oceania		1243.0	10. AU Wine 6	S1. Wine	?	74.0	7.9e-06	Homozygous	euploid
XTRA_DHX	WA_C_CODDINGTON_2	Gayevskiy et al. 2016	SRR1300163	61.8807	New Zealand	Spontaneous Wine Fermentation	New Zealand	Oceania		1236.0	10. AU Wine 6	S1. Wine	2	10492.0	0.00111987	Heterozygous	aneu;+1*3;
XTRA_DHY	WA_C_WAITAKEREROAD_7	Gayevskiy et al. 2016	SRR1300167	64.395	New Zealand	Spontaneous Wine Fermentation	New Zealand	Oceania		1138.0	8. AU Wine 4	S1. Wine	2	5156.0	0.00055033	Heterozygous	euploid
XTRA_DHZ	WI_C_MB95MBMZ_4	Gayevskiy et al. 2016	SRR1300168	61.2044	New Zealand	Spontaneous Wine Fermentation	New Zealand	Oceania		742.0	7. AU Wine 3	S1. Wine	?	16.0	1.71e-06	Homozygous	euploid
XTRA_DIA	WI_C_MBSP_4	Gayevskiy et al. 2016	SRR1300170	78.8104	New Zealand	Spontaneous Wine Fermentation	New Zealand	Oceania		224.0	1. AU Wine 1	S1. Wine	2	2456.0	0.00026214	Heterozygous	aneu;+1*3;
XTRA_DIB	HB_C_KOROKIPO_3	Gayevskiy et al. 2016	SRR1300172	70.1736	New Zealand	Spontaneous Wine Fermentation	New Zealand	Oceania		1017.0	8. AU Wine 4	S1. Wine	?	8.0	8.54e-07	Homozygous	euploid
XTRA_DIC	HB_C_OMARUNUI_6	Gayevskiy et al. 2016	SRR1300174	67.1485	New Zealand	Spontaneous Wine Fermentation	New Zealand	Oceania		1100.0	8. AU Wine 4	S1. Wine	?	9.0	9.61e-07	Homozygous	euploid
XTRA_DID	HB_C_OMARUNUI_7	Gayevskiy et al. 2016	SRR1300175	65.2948	New Zealand	Spontaneous Wine Fermentation	New Zealand	Oceania		1148.0	8. AU Wine 4	S1. Wine	2	5166.0	0.00055139	Heterozygous	euploid
XTRA_DIE	WI_S_JASA_5	Gayevskiy et al. 2016	SRR1300179	59.4816	New Zealand	Spontaneous Wine Fermentation	New Zealand	Oceania		112.0	1. AU Wine 1	S1. Wine	?	24.0	2.56e-06	Homozygous	euploid
XTRA_DIF	WI_S_OAKURA_4	Gayevskiy et al. 2016	SRR1300180	59.3548	New Zealand	Spontaneous Wine Fermentation	New Zealand	Oceania		755.0	7. AU Wine 3	S1. Wine	?	15.0	1.6e-06	Homozygous	euploid
XTRA_DIG	HB_S_BILANCHER_6	Gayevskiy et al. 2016	SRR1300182	67.5468	New Zealand	Spontaneous Wine Fermentation	New Zealand	Oceania		1158.0	8. AU Wine 4	S1. Wine	2	3201.0	0.00034166	Heterozygous	euploid
XTRA_DIH	HB_S_GIMBLETTROAD_22	Gayevskiy et al. 2016	SRR1300185	69.0928	New Zealand	Spontaneous Wine Fermentation	New Zealand	Oceania		1123.0	8. AU Wine 4	S1. Wine	?	22.0	2.35e-06	Homozygous	euploid
XTRA_DII	HB_S_GIMBLETTROAD_5	Gayevskiy et al. 2016	SRR1300186	60.7467	New Zealand	Spontaneous Wine Fermentation	New Zealand	Oceania		1543.0			2	20707.0	0.00221017	Heterozygous	euploid
XTRA_DIJ	CDRDR_sf_H2	Gayevskiy et al. 2016	SRR1300187	56.5979	New Zealand	Spontaneous Wine Fermentation	New Zealand	Oceania		250.0	2. AU Wine 2	S1. Wine	2	5616.0	0.00059943	Heterozygous	aneu;+1*1;
XTRA_DIK	CRIRIwf_A11	Gayevskiy et al. 2016	SRR1300188	56.6131	New Zealand	Winery\, Spontaneous Wine Fermentation	New Zealand	Oceania		279.0	2. AU Wine 2	S1. Wine	?	35.0	3.74e-06	Homozygous	euploid
XTRA_DIL	HCNKIsf_G7	Gayevskiy et al. 2016	SRR1300189	62.9877	New Zealand	Spontaneous Wine Fermentation	New Zealand	Oceania		1149.0	8. AU Wine 4	S1. Wine	?	10.0	1.07e-06	Homozygous	euploid
XTRA_DIM	HCNTHsf_C5	Gayevskiy et al. 2016	SRR1300190	57.0022	New Zealand	Spontaneous Wine Fermentation	New Zealand	Oceania		1014.0	8. AU Wine 4	S1. Wine	?	20.0	2.13e-06	Homozygous	euploid
XTRA_DIN	HCNTHsf_F8	Gayevskiy et al. 2016	SRR1300191	54.9292	New Zealand	Spontaneous Wine Fermentation	New Zealand	Oceania		938.0	8. AU Wine 4	S1. Wine	?	57.0	6.08e-06	Homozygous	euploid
XTRA_DIO	HPRMAwf_D10	Gayevskiy et al. 2016	SRR1300192	54.6757	New Zealand	Spontaneous Wine Fermentation	New Zealand	Oceania		1132.0	8. AU Wine 4	S1. Wine	?	17.0	1.81e-06	Homozygous	euploid
XTRA_DIP	HPRMTsf_H7	Gayevskiy et al. 2016	SRR1300193	59.5266	New Zealand	Spontaneous Wine Fermentation	New Zealand	Oceania		784.0	7. AU Wine 3	S1. Wine	?	10.0	1.07e-06	Homozygous	euploid
XTRA_DIQ	MTKSKsf_E2	Gayevskiy et al. 2016	SRR1300195	71.7346	New Zealand	Spontaneous Wine Fermentation	New Zealand	Oceania		767.0	7. AU Wine 3	S1. Wine	?	10.0	1.07e-06	Homozygous	euploid
XTRA_DIR	NSEBRsf_A9	Gayevskiy et al. 2016	SRR1300196	84.4205	New Zealand	Spontaneous Wine Fermentation	New Zealand	Oceania		1155.0	8. AU Wine 4	S1. Wine	2	4514.0	0.0004818	Heterozygous	euploid
XTRA_DIS	NSERVsf_F8	Gayevskiy et al. 2016	SRR1300197	60.8669	New Zealand	Spontaneous Wine Fermentation	New Zealand	Oceania		1160.0	8. AU Wine 4	S1. Wine	2	4007.0	0.00042769	Heterozygous	euploid
XTRA_DIT	WSERCsf_G4	Gayevskiy et al. 2016	SRR1300198	59.0469	New Zealand	Spontaneous Wine Fermentation	New Zealand	Oceania		954.0			?	37.0	3.95e-06	Homozygous	euploid
XTRA_DIU	WSETAwf_B1	Gayevskiy et al. 2016	SRR1300199	55.8472	New Zealand	Spontaneous Wine Fermentation	New Zealand	Oceania		995.0	8. AU Wine 4	S1. Wine	?	25.0	2.67e-06	Homozygous	euploid
XTRA_DIV	HB_C_TUKITUKI2_4	Gayevskiy et al. 2016	SRR1300200	60.669	New Zealand	Spontaneous Wine Fermentation	New Zealand	Oceania		949.0	8. AU Wine 4	S1. Wine	2	8655.0	0.00092379	Heterozygous	euploid
XTRA_DIW	HB_S_GIMBLETTROAD_9	Gayevskiy et al. 2016	SRR1300201	57.6474	New Zealand	Spontaneous Wine Fermentation	New Zealand	Oceania		891.0	8. AU Wine 4	S1. Wine	?	19.0	2.03e-06	Homozygous	euploid
XTRA_DIX	TNPLST-4-S-2	Gayevskiy et al. 2016	SRR1300202	70.4004	New Zealand	soil	New Zealand	Oceania		756.0	7. AU Wine 3	S1. Wine	?	12.0	1.28e-06	Homozygous	euploid
XTRA_DIY	Sol7-1	Gayevskiy et al. 2016	SRR1300203	57.7398	New Zealand	Vineyard Soil	New Zealand	Oceania		1244.0	10. AU Wine 6	S1. Wine	?	73.0	7.79e-06	Homozygous	euploid
XTRA_DIZ	WA_C_KINGSMILL_10	Gayevskiy et al. 2016	SRR1382193	57.1547	New Zealand	Spontaneous Wine Fermentation	New Zealand	Oceania		1139.0	8. AU Wine 4	S1. Wine	2	4570.0	0.00048778	Heterozygous	euploid
XTRA_DJA	WA_C_MATES_10	Gayevskiy et al. 2016	SRR1382194	60.5677	New Zealand	Spontaneous Wine Fermentation	New Zealand	Oceania		780.0	7. AU Wine 3	S1. Wine	?	12.0	1.28e-06	Homozygous	euploid
XTRA_DJB	WA_C_MATES_13	Gayevskiy et al. 2016	SRR1382195	79.8834	New Zealand	Spontaneous Wine Fermentation	New Zealand	Oceania		781.0	7. AU Wine 3	S1. Wine	?	10.0	1.07e-06	Homozygous	euploid
XTRA_DJC	WI_C_MBSP_15	Gayevskiy et al. 2016	SRR1382196	64.7647	New Zealand	Spontaneous Wine Fermentation	New Zealand	Oceania		744.0	7. AU Wine 3	S1. Wine	?	17.0	1.81e-06	Homozygous	euploid
XTRA_DJD	HB_C_KOROKIPO_12	Gayevskiy et al. 2016	SRR1382197	64.6226	New Zealand	Spontaneous Wine Fermentation	New Zealand	Oceania		953.0	8. AU Wine 4	S1. Wine	?	150.0	1.6e-05	Homozygous	euploid
XTRA_DJE	HB_C_OMARUNUI_14	Gayevskiy et al. 2016	SRR1382198	68.0788	New Zealand	Spontaneous Wine Fermentation	New Zealand	Oceania		1060.0	8. AU Wine 4	S1. Wine	2	9077.0	0.00096884	Heterozygous	euploid
XTRA_DJF	HB_C_TUKITUKI1_16	Gayevskiy et al. 2016	SRR1382199	64.747	New Zealand	Spontaneous Wine Fermentation	New Zealand	Oceania		291.0	2. AU Wine 2	S1. Wine	2	10672.0	0.00113908	Heterozygous	euploid
XTRA_DJG	HB_C_TUKITUKI2_10	Gayevskiy et al. 2016	SRR1382200	58.299	New Zealand	Spontaneous Wine Fermentation	New Zealand	Oceania		951.0			?	52.0	5.55e-06	Homozygous	euploid
XTRA_DJH	WI_S_JASA_13	Gayevskiy et al. 2016	SRR1382201	57.6875	New Zealand	Spontaneous Wine Fermentation	New Zealand	Oceania		208.0	1. AU Wine 1	S1. Wine	2	4003.0	0.00042726	Heterozygous	euploid
XTRA_DJI	HB_S_BILANCHER_12	Gayevskiy et al. 2016	SRR1382202	60.2531	New Zealand	Spontaneous Wine Fermentation	New Zealand	Oceania		1157.0	8. AU Wine 4	S1. Wine	2	4253.0	0.00045395	Heterozygous	euploid
XTRA_DJJ	HB_S_GIMBLETTROAD_14	Gayevskiy et al. 2016	SRR1382203	63.1788	New Zealand	Spontaneous Wine Fermentation	New Zealand	Oceania		223.0	1. AU Wine 1	S1. Wine	2	3412.0	0.00036418	Heterozygous	euploid
XTRA_DJK	HB_S_GIMBLETTROAD_16	Gayevskiy et al. 2016	SRR1382204	61.2756	New Zealand	Spontaneous Wine Fermentation	New Zealand	Oceania		1274.0	10. AU Wine 6	S1. Wine	?	11.0	1.17e-06	Homozygous	euploid
XTRA_DJL	YS9	Song et al. 2015	SRR1565752	99.6924	Singapore	baker	Singapore	Asia		1781.0	20. Mixed Origins 1	S2. Beer	2	31224.0	0.0033327	Heterozygous	aneu;+1*1;
XTRA_DJM	BC187	Song et al. 2015	SRR1568237	176.941	USA: Napa Valley	wine	USA	North America		1151.0	8. AU Wine 4	S1. Wine	?	36.0	3.84e-06	Homozygous	euploid
XTRA_DJN	K11	Song et al. 2015	SRR1568238	188.558	Japan	sake	Japan	Asia		2462.0	29. Sake	S3. Asian Fermentation	?	54.0	5.76e-06	Homozygous	euploid
XTRA_DJO	RedStar	Song et al. 2015	SRR1569660	179.574		baker				1785.0	20. Mixed Origins 1	S2. Beer	2	29789.0	0.00317953	Heterozygous	aneu;+1*9;
XTRA_DJP	FY1679	Song et al. 2015	SRR1569694	329.096		laboratory strain				2075.0	24. Lab Strains		?	8.0	8.54e-07	Homozygous	euploid
XTRA_DJQ	YPH499	Song et al. 2015	SRR1569739	68.7871		laboratory strain				2070.0	24. Lab Strains		?	1.0	1.07e-07	Homozygous	euploid
XTRA_DJR	10560-6B	Song et al. 2015	SRR1569791	190.615		laboratory sample				2058.0			?	15.0	1.6e-06	Homozygous	euploid
XTRA_DJS	BY4741	Song et al. 2015	SRR1569870	209.212		laboratory sample				2076.0	24. Lab Strains		?	0.0	0.0	Homozygous	euploid
XTRA_DJT	BY4742	Song et al. 2015	SRR1569895	103.452		laboratory sample				2073.0	24. Lab Strains		?	1.0	1.07e-07	Homozygous	euploid
XTRA_DJU	FL100	Song et al. 2015	SRR1569897	184.499		laboratory sample				2067.0	24. Lab Strains		?	63.0	6.72e-06	Homozygous	euploid
SACE_GAV	W303	Song et al. 2015	SRR1569900	300.577		laboratory sample				2069.0	24. Lab Strains		2	0.0	0.0	Homozygous	euploid
XTRA_DJW	CEN.PK2-1Ca	Song et al. 2015	SRR1569902	89.2991		laboratory sample				2064.0	24. Lab Strains		?	29.0	3.1e-06	Homozygous	euploid
XTRA_DJX	SEY6210	Song et al. 2015	SRR1570790	105.588		laboratory sample				2071.0	24. Lab Strains		?	3.0	3.2e-07	Homozygous	euploid
XTRA_DJY	D273-10B	Song et al. 2015	SRR1570798	111.547		laboratory sample				2063.0	24. Lab Strains		?	51.0	5.44e-06	Homozygous	euploid
XTRA_DJZ	NCYC3290	Hose et al. 2015	SRR1585235	123.484	West Africa	Bili Wine	West Africa	West Africa		2668.0	33. African Palm Wine		?	92.0	9.820000000000001e-06	Homozygous	euploid
XTRA_DKA	DAV1e	Almeida et al. 2015	SRR2061192	29.4419	United Kingdom: Davenport Vineyards	Quercus robur	United Kingdom	Europe		156.0	1. AU Wine 1	S1. Wine	4	1929.0	0.00020589	Heterozygous	euploid
XTRA_DKB	VelF	Almeida et al. 2015	SRR2061221	52.0243	Greece: Velanidias	Ficus carica	Greece	Europe		499.0	6. West Europe Wine	S1. Wine	2	4459.0	0.00047593	Heterozygous	euploid
XTRA_DKC	EXF7200	Almeida et al. 2015	SRR2062444	63.3769	Montenegro: On the road from Durmitor to Niksic (Jasenovo polje)	Quercus robur	Montenegro	Europe		1441.0	14. Mediterranean Oak		?	206.0	2.2e-05	Homozygous	euploid
XTRA_DKD	FGXd	Almeida et al. 2015	SRR2062447	69.6314	Greece: Anixi	Ficus carica	Greece	Europe		1443.0	14. Mediterranean Oak		?	162.0	1.73e-05	Homozygous	euploid
XTRA_DKE	MB7c	Almeida et al. 2015	SRR2062448	71.3439	France: Montbarri	Quercus pubescens	France	Europe		1460.0	14. Mediterranean Oak		4	574.0	6.13e-05	Heterozygous	euploid
XTRA_DKF	SON4c	Almeida et al. 2015	SRR2062451	32.2642	Portugal: Sonim	Ficus carica	Portugal	Europe		1579.0			4	535.0	5.71e-05	Heterozygous	euploid
XTRA_DKG	ZP1041	Almeida et al. 2015	SRR2062458	43.217	Portugal: Meda, Guarda	Vineyard soil	Portugal	Europe		722.0		S1. Wine	4	3886.0	0.00041477	Heterozygous	euploid
XTRA_DKH	IOC9002	Almeida et al. 2015	SRR2062461	61.271		Commercial wine yeast				354.0	4. Commercial Wine	S1. Wine	?	37.0	3.95e-06	Homozygous	euploid
XTRA_DKI	Y2209	Hose et al. 2015	SRR2099852	41.4945	San Jacinto, California, USA	Leaves from Lepidopterous	USA	North America		1605.0			4	916.0	9.78e-05	Heterozygous	euploid
XTRA_DKJ	Y2189	Hose et al. 2015	SRR2099853	54.1738	San Jacinto, California, USA, Leaves from Lepidopterous	Drosophila	USA	North America		1804.0	20. Mixed Origins 1	S2. Beer	3	43135.0	0.00460402	Heterozygous	aneu;+3*1;+1*11;+2*3;+2*9;
XTRA_DKK	AWRI170	Borneman et al. 2016	SRR2967836	31.1988	Australia	champagne	Australia	Oceania		835.0	7. AU Wine 3	S1. Wine	?	25.0	2.67e-06	Homozygous	euploid
XTRA_DKL	AWRI213	Borneman et al. 2016	SRR2967837	48.0058	Australia	wine	Australia	Oceania		833.0	7. AU Wine 3	S1. Wine	?	16.0	1.71e-06	Homozygous	aneu;+1*1;
XTRA_DKM	AWRI266	Borneman et al. 2016	SRR2967839	37.9899						487.0	6. West Europe Wine	S1. Wine	?	24.0	2.56e-06	Homozygous	euploid
XTRA_DKN	AWRI292	Borneman et al. 2016	SRR2967840	36.9792	Australia	sherry	Australia	Oceania		415.0	5. Georgian Wine	S1. Wine	2	2986.0	0.00031871	Heterozygous	euploid
XTRA_DKO	AWRI722	Borneman et al. 2016	SRR2967841	39.2231	Australia		Australia	Oceania		416.0	5. Georgian Wine	S1. Wine	2	3060.0	0.00032661	Heterozygous	euploid
XTRA_DKP	AWRI723	Borneman et al. 2016	SRR2967842	98.2914	Australia		Australia	Oceania		413.0	5. Georgian Wine	S1. Wine	2	3957.0	0.00042235	Heterozygous	euploid
XTRA_DKQ	AWRI724	Borneman et al. 2016	SRR2967843	29.975	Canada	Tokay	Canada	North America		568.0	6. West Europe Wine	S1. Wine	?	14.0	1.49e-06	Homozygous	euploid
XTRA_DKR	AWRI735	Borneman et al. 2016	SRR2967844	32.1603	Switzerland		Switzerland	Europe		1374.0	12. Belgium Beer 1		?	237.0	2.53e-05	Homozygous	euploid
XTRA_DKS	AWRI739	Borneman et al. 2016	SRR2967845	48.1128	United Kingdom: England	appleskin	United Kingdom	Europe		1794.0	20. Mixed Origins 1	S2. Beer	2	24475.0	0.00261234	Heterozygous	euploid
XTRA_DKT	AWRI740	Borneman et al. 2016	SRR2967846	36.5428	Germany		Germany	Europe		388.0	5. Georgian Wine	S1. Wine	3	10870.0	0.00116021	Heterozygous	euploid
XTRA_DKU	AWRI763	Borneman et al. 2016	SRR2967847	45.5527	Australia	wine	Australia	Oceania		414.0	5. Georgian Wine	S1. Wine	2	3041.0	0.00032458	Heterozygous	euploid
XTRA_DKV	AWRI766	Borneman et al. 2016	SRR2967848	32.358	South Africa		South Africa	Africa		796.0	7. AU Wine 3	S1. Wine	?	33.0	3.52e-06	Homozygous	euploid
XTRA_DKX	AWRI778	Borneman et al. 2016	SRR2967850	34.6438	Australia	wine	Australia	Oceania		407.0	5. Georgian Wine	S1. Wine	2	3498.0	0.00037336	Heterozygous	euploid
XTRA_DKY	AWRI792	Borneman et al. 2016	SRR2967851	29.6224	New Zealand		New Zealand	Oceania		797.0	7. AU Wine 3	S1. Wine	?	48.0	5.12e-06	Homozygous	euploid
XTRA_DKZ	AWRI793	Borneman et al. 2016	SRR2967852	40.7257	New Zealand		New Zealand	Oceania		798.0	7. AU Wine 3	S1. Wine	?	34.0	3.63e-06	Homozygous	euploid
XTRA_DLB	AWRI833	Borneman et al. 2016	SRR2967856	50.1986	Australia	wine	Australia	Oceania		836.0	7. AU Wine 3	S1. Wine	2	4509.0	0.00048127	Heterozygous	aneu;+1*1;
XTRA_DLC	AWRI834	Borneman et al. 2016	SRR2967857	45.7112	Australia	champagne	Australia	Oceania		375.0		S1. Wine	2	10086.0	0.00107653	Heterozygous	euploid
XTRA_DLD	AWRI838	Borneman et al. 2016	SRR2967858	31.0672						356.0	4. Commercial Wine	S1. Wine	2	13073.0	0.00139535	Heterozygous	euploid
XTRA_DLE	AWRI858	Borneman et al. 2016	SRR2967859	32.8568		Slope				615.0	7. AU Wine 3	S1. Wine	2	3603.0	0.00038457	Heterozygous	euploid
XTRA_DLF	AWRI896	Borneman et al. 2016	SRR2967860	30.2325						630.0	7. AU Wine 3	S1. Wine	2	3856.0	0.00041157	Heterozygous	euploid
XTRA_DLG	AWRI931	Borneman et al. 2016	SRR2967861	32.6788						2265.0			3	20204.0	0.00215648	Heterozygous	aneu;+1*10;+2*14;-1*3;
XTRA_DLH	AWRI932	Borneman et al. 2016	SRR2967862	31.4729	USA	grapes	USA	North America		474.0	6. West Europe Wine	S1. Wine	?	42.0	4.48e-06	Homozygous	aneu;+1*8;+1*9;
XTRA_DLI	AWRI934	Borneman et al. 2016	SRR2967863	30.0077						1629.0			?	106.0	1.13e-05	Homozygous	aneu;+1*3;+1*8;
XTRA_DLK	AWRI937	Borneman et al. 2016	SRR2967865	27.1738						489.0	6. West Europe Wine	S1. Wine	?	17.0	1.81e-06	Homozygous	euploid
XTRA_DLL	AWRI939	Borneman et al. 2016	SRR2967866	43.5045		Sake				2448.0	29. Sake	S3. Asian Fermentation	3	1196.0	0.00012766	Heterozygous	aneu;+1*13;+1*15;+2*3;+1*9;
XTRA_DLM	AWRI947	Borneman et al. 2016	SRR2967867	23.6327						376.0		S1. Wine	2	10165.0	0.00108496	Heterozygous	euploid
XTRA_DLN	AWRI971	Borneman et al. 2016	SRR2967868	47.4925						205.0	1. AU Wine 1	S1. Wine	2	4395.0	0.0004691	Heterozygous	euploid
XTRA_DLO	AWRI1017	Borneman et al. 2016	SRR2967870	36.4146	Australia		Australia	Oceania		143.0	1. AU Wine 1	S1. Wine	2	7211.0	0.00076967	Heterozygous	euploid
XTRA_DLP	AWRI1077	Borneman et al. 2016	SRR2967871	30.6945		Distilling				53.0	1. AU Wine 1	S1. Wine	?	64.0	6.83e-06	Homozygous	euploid
XTRA_DLQ	AWRI1078	Borneman et al. 2016	SRR2967872	47.5093		wine				56.0	1. AU Wine 1	S1. Wine	2	1693.0	0.0001807	Heterozygous	euploid
XTRA_DLR	AWRI1082	Borneman et al. 2016	SRR2967873	22.2885	Nigeria	palmwine	Nigeria	Africa		2665.0	33. African Palm Wine		?	103.0	1.1e-05	Homozygous	euploid
XTRA_DLS	AWRI1083	Borneman et al. 2016	SRR2967874	27.9536	United Kingdom: England	brewery	United Kingdom	Europe		1358.0	12. Belgium Beer 1		2	16803.0	0.00179347	Heterozygous	euploid
XTRA_DLU	AWRI1428	Borneman et al. 2016	SRR2967876	35.4632						325.0	4. Commercial Wine	S1. Wine	2	14337.0	0.00153026	Heterozygous	euploid
XTRA_DLV	AWRI1429	Borneman et al. 2016	SRR2967877	32.5255		active dried yeast packet				367.0	4. Commercial Wine	S1. Wine	2	13939.0	0.00148778	Heterozygous	euploid
XTRA_DLX	AWRI1431	Borneman et al. 2016	SRR2967879	36.4279						815.0	7. AU Wine 3	S1. Wine	?	11.0	1.17e-06	Homozygous	aneu;+1*1;
XTRA_DMA	AWRI1451	Borneman et al. 2016	SRR2967883	36.6518		active dried yeast packet				362.0	4. Commercial Wine	S1. Wine	2	13891.0	0.00148266	Heterozygous	euploid
XTRA_DMB	AWRI1474	Borneman et al. 2016	SRR2967884	21.7216	Australia		Australia	Oceania		423.0	5. Georgian Wine	S1. Wine	3	2832.0	0.00030227	Heterozygous	euploid
XTRA_DMC	AWRI1482	Borneman et al. 2016	SRR2967885	32.237	Australia	wine	Australia	Oceania		286.0	2. AU Wine 2	S1. Wine	2	10554.0	0.00112648	Heterozygous	euploid
XTRA_DMD	AWRI1483	Borneman et al. 2016	SRR2967886	21.1863		Slope				1121.0	8. AU Wine 4	S1. Wine	?	58.0	6.19e-06	Homozygous	euploid
XTRA_DME	AWRI1485	Borneman et al. 2016	SRR2967888	36.9392						1169.0	8. AU Wine 4	S1. Wine	2	5619.0	0.00059975	Heterozygous	euploid
XTRA_DMF	AWRI1486	Borneman et al. 2016	SRR2967889	23.6665		Slope				764.0	7. AU Wine 3	S1. Wine	?	8.0	8.54e-07	Homozygous	euploid
XTRA_DMG	AWRI1487	Borneman et al. 2016	SRR2967890	46.6501		Slope				284.0	2. AU Wine 2	S1. Wine	2	11011.0	0.00117526	Heterozygous	aneu;+1*1;+1*6;
XTRA_DMH	AWRI1488	Borneman et al. 2016	SRR2967891	40.243		Slope				702.0	7. AU Wine 3	S1. Wine	2	6926.0	0.00073925	Heterozygous	euploid
XTRA_DMI	AWRI1489	Borneman et al. 2016	SRR2967892	63.069		Slope				201.0	1. AU Wine 1	S1. Wine	2	4622.0	0.00049333	Heterozygous	euploid
XTRA_DMJ	AWRI1490	Borneman et al. 2016	SRR2967893	28.6832						212.0	1. AU Wine 1	S1. Wine	2	4999.0	0.00053357	Heterozygous	euploid
XTRA_DMK	AWRI1491	Borneman et al. 2016	SRR2967894	39.4437						11.0	1. AU Wine 1	S1. Wine	3	1450.0	0.00015477	Heterozygous	aneu;+1*1;
XTRA_DML	AWRI1495	Borneman et al. 2016	SRR2967898	22.3666		Slope				736.0	7. AU Wine 3	S1. Wine	3	3386.0	0.00036141	Heterozygous	euploid
XTRA_DMM	AWRI1496	Borneman et al. 2016	SRR2967899	45.5962		Slope				287.0	2. AU Wine 2	S1. Wine	2	10765.0	0.001149	Heterozygous	euploid
XTRA_DMN	AWRI1497	Borneman et al. 2016	SRR2967900	28.0921		Slope				543.0	6. West Europe Wine	S1. Wine	2	4159.0	0.00044391	Heterozygous	euploid
XTRA_DMO	AWRI1498	Borneman et al. 2016	SRR2967901	23.1466		Slope				345.0	4. Commercial Wine	S1. Wine	2	13882.0	0.0014817	Heterozygous	euploid
XTRA_DMU	AWRI1537	Borneman et al. 2016	SRR2967907	21.4204						318.0		S1. Wine	2	11075.0	0.00118209	Heterozygous	euploid
XTRA_DMV	AWRI1616	Borneman et al. 2016	SRR2967909	22.2622		Slope				368.0	4. Commercial Wine	S1. Wine	2	13003.0	0.00138788	Heterozygous	euploid
XTRA_DMW	AWRI1625	Borneman et al. 2016	SRR2967910	30.1601		Slope				371.0	4. Commercial Wine	S1. Wine	2	8017.0	0.0008557	Heterozygous	aneu;+1*12;+1*16;+1*9;
XTRA_DMX	AWRI1629	Borneman et al. 2016	SRR2967911	29.2577		Slope				496.0	6. West Europe Wine	S1. Wine	?	11.0	1.17e-06	Homozygous	euploid
XTRA_DMY	AWRI1638	Borneman et al. 2016	SRR2967912	25.0097						327.0	4. Commercial Wine	S1. Wine	2	11873.0	0.00126727	Heterozygous	euploid
XTRA_DMZ	AWRI1639	Borneman et al. 2016	SRR2967913	47.2973						369.0	4. Commercial Wine	S1. Wine	2	13986.0	0.0014928	Heterozygous	aneu;+1*2;
XTRA_DNA	AWRI1642	Borneman et al. 2016	SRR2967914	21.7704						370.0	4. Commercial Wine	S1. Wine	2	12192.0	0.00130132	Heterozygous	euploid
XTRA_DNB	AWRI1686	Borneman et al. 2016	SRR2967915	48.7972	Australia		Australia	Oceania		247.0	2. AU Wine 2	S1. Wine	2	5621.0	0.00059996	Heterozygous	euploid
XTRA_DNC	AWRI1688	Borneman et al. 2016	SRR2967916	23.7348		Slope				256.0	2. AU Wine 2	S1. Wine	2	6772.0	0.00072281	Heterozygous	aneu;+1*8;
XTRA_DND	AWRI1697	Borneman et al. 2016	SRR2967917	24.6169	Australia		Australia	Oceania		358.0	4. Commercial Wine	S1. Wine	2	12719.0	0.00135757	Heterozygous	euploid
XTRA_DNE	AWRI1705	Borneman et al. 2016	SRR2967918	91.8756						826.0	7. AU Wine 3	S1. Wine	?	374.0	3.99e-05	Homozygous	euploid
XTRA_DNF	AWRI1706	Borneman et al. 2016	SRR2967919	20.2863	Australia	wine	Australia	Oceania		150.0	1. AU Wine 1	S1. Wine	3	6011.0	0.00064159	Heterozygous	euploid
XTRA_DNG	AWRI1712	Borneman et al. 2016	SRR2967921	22.633	Australia	wine	Australia	Oceania		149.0	1. AU Wine 1	S1. Wine	2	5487.0	0.00058566	Heterozygous	euploid
XTRA_DNH	AWRI1714	Borneman et al. 2016	SRR2967922	32.9738	Australia	wine	Australia	Oceania		151.0	1. AU Wine 1	S1. Wine	2	6696.0	0.0007147	Heterozygous	euploid
XTRA_DNI	AWRI1716	Borneman et al. 2016	SRR2967923	68.8517						837.0	7. AU Wine 3	S1. Wine	2	4153.0	0.00044327	Heterozygous	euploid
XTRA_DNJ	AWRI1722	Borneman et al. 2016	SRR2967925	41.3152		wine				1941.0	21. Mixed Origins 2	S2. Beer	4	50504.0	0.00539055	Heterozygous	euploid
XTRA_DNK	AWRI1724	Borneman et al. 2016	SRR2967926	136.883						838.0	7. AU Wine 3	S1. Wine	2	4103.0	0.00043793	Heterozygous	euploid
XTRA_DNL	AWRI1729	Borneman et al. 2016	SRR2967928	29.2213						1633.0			3	48637.0	0.00519128	Heterozygous	euploid
XTRA_DNM	AWRI1736	Borneman et al. 2016	SRR2967929	22.0781	Australia	wine	Australia	Oceania		735.0	7. AU Wine 3	S1. Wine	3	3057.0	0.00032629	Heterozygous	euploid
XTRA_DNN	AWRI1742	Borneman et al. 2016	SRR2967930	21.5471	Australia	wine	Australia	Oceania		827.0	7. AU Wine 3	S1. Wine	3	5701.0	0.0006085	Heterozygous	euploid
XTRA_DNO	AWRI1743	Borneman et al. 2016	SRR2967931	33.1893	Australia	wine	Australia	Oceania		152.0	1. AU Wine 1	S1. Wine	2	6563.0	0.0007005	Heterozygous	euploid
XTRA_DNP	AWRI1744	Borneman et al. 2016	SRR2967932	64.5691	France	wine	France	Europe		117.0	1. AU Wine 1	S1. Wine	?	38.0	4.06e-06	Homozygous	euploid
XTRA_DNQ	AWRI1754	Borneman et al. 2016	SRR2967933	95.5317						153.0	1. AU Wine 1	S1. Wine	2	6927.0	0.00073936	Heterozygous	euploid
XTRA_DNR	AWRI1756	Borneman et al. 2016	SRR2967934	39.9452	France	wine	France	Europe		146.0	1. AU Wine 1	S1. Wine	4	12648.0	0.00134999	Heterozygous	euploid
XTRA_DNS	AWRI1757	Borneman et al. 2016	SRR2967935	31.5199	France		France	Europe		612.0	7. AU Wine 3	S1. Wine	2	16005.0	0.0017083	Heterozygous	euploid
XTRA_DNT	AWRI1758	Borneman et al. 2016	SRR2967936	56.2973	France		France	Europe		135.0	1. AU Wine 1	S1. Wine	2	12453.0	0.00132917	Heterozygous	euploid
XTRA_DNU	AWRI1759	Borneman et al. 2016	SRR2967937	22.2132	France		France	Europe		195.0	1. AU Wine 1	S1. Wine	3	2786.0	0.00029736	Heterozygous	aneu;-2*1;
XTRA_DNV	AWRI1762	Borneman et al. 2016	SRR2967940	21.0158	France		France	Europe		357.0	4. Commercial Wine	S1. Wine	2	11660.0	0.00124453	Heterozygous	euploid
XTRA_DNW	AWRI1776	Borneman et al. 2016	SRR2967942	33.5487						374.0		S1. Wine	2	13984.0	0.00149259	Heterozygous	aneu;+1*2;
XTRA_DNX	AWRI1778	Borneman et al. 2016	SRR2967943	33.3337						62.0	1. AU Wine 1	S1. Wine	?	11.0	1.17e-06	Homozygous	euploid
XTRA_DNY	AWRI1781	Borneman et al. 2016	SRR2967944	50.6288						1279.0		S1. Wine	2	29860.0	0.00318711	Heterozygous	euploid
XTRA_DNZ	AWRI1782	Borneman et al. 2016	SRR2967945	34.5051						190.0	1. AU Wine 1	S1. Wine	2	5218.0	0.00055694	Heterozygous	euploid
XTRA_DOA	AWRI1784	Borneman et al. 2016	SRR2967946	62.1366						13.0	1. AU Wine 1	S1. Wine	2	2557.0	0.00027292	Heterozygous	euploid
XTRA_DOB	AWRI1787	Borneman et al. 2016	SRR2967947	32.9338						638.0	7. AU Wine 3	S1. Wine	2	3428.0	0.00036589	Heterozygous	euploid
XTRA_DOC	AWRI1795	Borneman et al. 2016	SRR2967948	30.9316						363.0	4. Commercial Wine	S1. Wine	2	13756.0	0.00146825	Heterozygous	euploid
XTRA_DOE	AWRI1833	Borneman et al. 2016	SRR2967950	26.776		active dried yeast packet				576.0	6. West Europe Wine	S1. Wine	3	2887.0	0.00030814	Heterozygous	euploid
XTRA_DOF	AWRI1899	Borneman et al. 2016	SRR2967951	23.3332		Slope				446.0	5. Georgian Wine	S1. Wine	3	1931.0	0.00020611	Heterozygous	euploid
XTRA_DOG	AWRI1901	Borneman et al. 2016	SRR2967952	33.9067						631.0	7. AU Wine 3	S1. Wine	2	3595.0	0.00038371	Heterozygous	aneu;+1*1;
XTRA_DOH	AWRI1902	Borneman et al. 2016	SRR2967953	27.4809						342.0	4. Commercial Wine	S1. Wine	2	14486.0	0.00154617	Heterozygous	euploid
XTRA_DOI	AWRI1910	Borneman et al. 2016	SRR2967954	41.8358	United Kingdom: England	brewery	United Kingdom	Europe		1356.0	12. Belgium Beer 1		2	17146.0	0.00183008	Heterozygous	euploid
XTRA_DOJ	AWRI1912	Borneman et al. 2016	SRR2967955	45.3195						341.0	4. Commercial Wine	S1. Wine	2	14123.0	0.00150742	Heterozygous	euploid
XTRA_DOK	AWRI1915	Borneman et al. 2016	SRR2967956	32.0024						391.0	5. Georgian Wine	S1. Wine	3	1794.0	0.00019148	Heterozygous	euploid
XTRA_DOL	AWRI1921	Borneman et al. 2016	SRR2967958	29.6529						795.0	7. AU Wine 3	S1. Wine	2	1501.0	0.00016021	Heterozygous	euploid
XTRA_DOM	AWRI1939	Borneman et al. 2016	SRR2967959	29.1276	Australia		Australia	Oceania		353.0	4. Commercial Wine	S1. Wine	2	13451.0	0.0014357	Heterozygous	euploid
XTRA_DON	AWRI1942	Borneman et al. 2016	SRR2967960	42.5059	France	wine	France	Europe		834.0	7. AU Wine 3	S1. Wine	2	5547.0	0.00059206	Heterozygous	euploid
XTRA_DOO	AWRI1946	Borneman et al. 2016	SRR2967961	31.1795	France	wine	France	Europe		9.0	1. AU Wine 1	S1. Wine	3	1428.0	0.00015242	Heterozygous	aneu;+1*1;
XTRA_DOP	AWRI1950	Borneman et al. 2016	SRR2967962	29.787						616.0	7. AU Wine 3	S1. Wine	3	3499.0	0.00037347	Heterozygous	euploid
XTRA_DOQ	AWRI1962	Borneman et al. 2016	SRR2967963	27.0318	Australia		Australia	Oceania		344.0	4. Commercial Wine	S1. Wine	2	14217.0	0.00151745	Heterozygous	euploid
XTRA_DOR	AWRI2006	Borneman et al. 2016	SRR2967964	32.5217						728.0	7. AU Wine 3	S1. Wine	2	4139.0	0.00044178	Heterozygous	euploid
XTRA_DOS	AWRI2013	Borneman et al. 2016	SRR2967965	26.2125						110.0	1. AU Wine 1	S1. Wine	3	2384.0	0.00025446	Heterozygous	euploid
XTRA_DOT	AWRI2077	Borneman et al. 2016	SRR2967966	36.2619		active dried yeast packet				698.0	7. AU Wine 3	S1. Wine	2	5387.0	0.00057498	Heterozygous	euploid
XTRA_DOU	AWRI2078	Borneman et al. 2016	SRR2967967	32.9207		active dried yeast packet				136.0	1. AU Wine 1	S1. Wine	2	6604.0	0.00070488	Heterozygous	euploid
XTRA_DOV	AWRI2079	Borneman et al. 2016	SRR2967968	21.4067		active dried yeast packet				216.0	1. AU Wine 1	S1. Wine	3	2999.0	0.0003201	Heterozygous	euploid
XTRA_DOW	AWRI2255	Borneman et al. 2016	SRR2967969	37.0184						1130.0	8. AU Wine 4	S1. Wine	?	67.0	7.15e-06	Homozygous	euploid
XTRA_DOX	AWRI2260	Borneman et al. 2016	SRR2967970	24.3997		Slope				351.0	4. Commercial Wine	S1. Wine	2	14024.0	0.00149685	Heterozygous	euploid
XTRA_DOY	AWRI2308	Borneman et al. 2016	SRR2967971	31.4084	Australia	wine	Australia	Oceania		807.0	7. AU Wine 3	S1. Wine	?	23.0	2.45e-06	Homozygous	euploid
XTRA_DOZ	AWRI2340	Borneman et al. 2016	SRR2967972	42.4266						355.0	4. Commercial Wine	S1. Wine	2	13778.0	0.0014706	Heterozygous	euploid
XTRA_DPA	AWRI2768	Borneman et al. 2016	SRR2967973	41.5484	Australia	wine	Australia	Oceania		293.0	2. AU Wine 2	S1. Wine	2	9809.0	0.00104697	Heterozygous	euploid
XTRA_DPB	AWRI2776	Borneman et al. 2016	SRR2967974	22.9648	Australia	active dried yeast packet	Australia	Oceania		323.0	4. Commercial Wine	S1. Wine	2	7864.0	0.00083937	Heterozygous	euploid
XTRA_DPC	AWRI2848	Borneman et al. 2016	SRR2967975	33.9052	Australia	active dried yeast packet	Australia	Oceania		382.0		S1. Wine	2	9631.0	0.00102797	Heterozygous	aneu;+1*14;+1*9;
XTRA_DPD	AWRI2849	Borneman et al. 2016	SRR2967976	35.0669	Australia	active dried yeast packet	Australia	Oceania		731.0	7. AU Wine 3	S1. Wine	2	3925.0	0.00041894	Heterozygous	euploid
XTRA_DPE	AWRI2850	Borneman et al. 2016	SRR2967977	23.5465	Australia	active dried yeast packet	Australia	Oceania		331.0	4. Commercial Wine	S1. Wine	2	13761.0	0.00146878	Heterozygous	euploid
XTRA_DPF	AWRI2851	Borneman et al. 2016	SRR2967978	44.6041	Australia	active dried yeast packet	Australia	Oceania		726.0	7. AU Wine 3	S1. Wine	2	4259.0	0.00045459	Heterozygous	euploid
XTRA_DPG	AWRI2852	Borneman et al. 2016	SRR2967979	30.1453	Australia	active dried yeast packet	Australia	Oceania		752.0	7. AU Wine 3	S1. Wine	?	29.0	3.1e-06	Homozygous	euploid
XTRA_DPH	AWRI2853	Borneman et al. 2016	SRR2967980	44.3892	Australia	active dried yeast packet	Australia	Oceania		762.0	7. AU Wine 3	S1. Wine	2	9728.0	0.00103832	Heterozygous	euploid
XTRA_DPI	AWRI2854	Borneman et al. 2016	SRR2967981	33.4548	Australia	active dried yeast packet	Australia	Oceania		783.0	7. AU Wine 3	S1. Wine	?	49.0	5.23e-06	Homozygous	euploid
XTRA_DPJ	AWRI2855	Borneman et al. 2016	SRR2967982	31.1237	Australia	active dried yeast packet	Australia	Oceania		157.0	1. AU Wine 1	S1. Wine	?	26.0	2.78e-06	Homozygous	euploid
XTRA_DPK	AWRI2856	Borneman et al. 2016	SRR2967983	46.1558	Australia	active dried yeast packet	Australia	Oceania		267.0	2. AU Wine 2	S1. Wine	2	6908.0	0.00073733	Heterozygous	euploid
XTRA_DPL	AWRI2858	Borneman et al. 2016	SRR2967984	47.3691	Australia	active dried yeast packet	Australia	Oceania		254.0	2. AU Wine 2	S1. Wine	2	5868.0	0.00062632	Heterozygous	euploid
XTRA_DPM	AWRI2859	Borneman et al. 2016	SRR2967985	48.535	Australia	active dried yeast packet	Australia	Oceania		706.0	7. AU Wine 3	S1. Wine	2	8415.0	0.00089818	Heterozygous	euploid
XTRA_DPN	AWRI2860	Borneman et al. 2016	SRR2967986	37.4918	Australia	active dried yeast packet	Australia	Oceania		248.0	2. AU Wine 2	S1. Wine	2	10326.0	0.00110215	Heterozygous	aneu;+1*9;
XTRA_DPO	AWRI2861	Borneman et al. 2016	SRR2967987	23.3504	Australia	active dried yeast packet	Australia	Oceania		266.0	2. AU Wine 2	S1. Wine	2	10134.0	0.00108165	Heterozygous	euploid
XTRA_DPP	AWRI2863	Borneman et al. 2016	SRR2967988	72.2619	Australia	active dried yeast packet	Australia	Oceania		614.0	7. AU Wine 3	S1. Wine	?	3.0	3.2e-07	Homozygous	euploid
XTRA_DPQ	AWRI2864	Borneman et al. 2016	SRR2967989	28.1408	Australia	active dried yeast packet	Australia	Oceania		754.0	7. AU Wine 3	S1. Wine	?	12.0	1.28e-06	Homozygous	euploid
XTRA_DPR	AWRI2865	Borneman et al. 2016	SRR2967990	40.2444	Australia	active dried yeast packet	Australia	Oceania		1820.0	20. Mixed Origins 1	S2. Beer	2	23279.0	0.00248469	Heterozygous	aneu;+1*9;
XTRA_DPS	AWRI2866	Borneman et al. 2016	SRR2967991	63.4558	Australia	active dried yeast packet	Australia	Oceania		63.0	1. AU Wine 1	S1. Wine	2	1478.0	0.00015776	Heterozygous	euploid
XTRA_DPT	AWRI2867	Borneman et al. 2016	SRR2967992	24.6489	Australia	active dried yeast packet	Australia	Oceania		753.0	7. AU Wine 3	S1. Wine	?	16.0	1.71e-06	Homozygous	euploid
XTRA_DPU	AWRI2868	Borneman et al. 2016	SRR2967993	41.469	Australia	active dried yeast packet	Australia	Oceania		447.0	5. Georgian Wine	S1. Wine	3	1788.0	0.00019084	Heterozygous	euploid
XTRA_DPV	AWRI2869	Borneman et al. 2016	SRR2967994	97.1228	Australia	active dried yeast packet	Australia	Oceania		366.0	4. Commercial Wine	S1. Wine	2	14324.0	0.00152888	Heterozygous	euploid
XTRA_DPW	AWRI2870	Borneman et al. 2016	SRR2967995	44.3559	Australia	active dried yeast packet	Australia	Oceania		725.0	7. AU Wine 3	S1. Wine	2	4247.0	0.0004533	Heterozygous	euploid
XTRA_DPX	AWRI2871	Borneman et al. 2016	SRR2967996	40.9233	Australia	active dried yeast packet	Australia	Oceania		330.0	4. Commercial Wine	S1. Wine	2	14359.0	0.00153261	Heterozygous	euploid
XTRA_DPY	AWRI2872	Borneman et al. 2016	SRR2967997	52.4512	Australia	active dried yeast packet	Australia	Oceania		336.0	4. Commercial Wine	S1. Wine	2	14411.0	0.00153816	Heterozygous	euploid
XTRA_DPZ	AWRI2873	Borneman et al. 2016	SRR2967998	29.5823	Australia	active dried yeast packet	Australia	Oceania		364.0	4. Commercial Wine	S1. Wine	2	14146.0	0.00150988	Heterozygous	euploid
XTRA_DQA	AWRI2874	Borneman et al. 2016	SRR2967999	37.7162	Australia	active dried yeast packet	Australia	Oceania		202.0	1. AU Wine 1	S1. Wine	2	4591.0	0.00049002	Heterozygous	euploid
XTRA_DQB	AWRI2875	Borneman et al. 2016	SRR2968000	52.8861	Australia	active dried yeast packet	Australia	Oceania		460.0	6. West Europe Wine	S1. Wine	?	9.0	9.61e-07	Homozygous	euploid
XTRA_DQC	AWRI2876	Borneman et al. 2016	SRR2968001	62.4613	Australia	active dried yeast packet	Australia	Oceania		198.0	1. AU Wine 1	S1. Wine	3	1223.0	0.00013054	Heterozygous	euploid
XTRA_DQD	AWRI2877	Borneman et al. 2016	SRR2968002	46.59	Australia	active dried yeast packet	Australia	Oceania		635.0	7. AU Wine 3	S1. Wine	2	4008.0	0.0004278	Heterozygous	euploid
XTRA_DQE	AWRI2878	Borneman et al. 2016	SRR2968003	36.1332	Australia	active dried yeast packet	Australia	Oceania		320.0	4. Commercial Wine	S1. Wine	2	9570.0	0.00102146	Heterozygous	euploid
XTRA_DQF	AWRI2879	Borneman et al. 2016	SRR2968004	52.3288	Australia	active dried yeast packet	Australia	Oceania		321.0	4. Commercial Wine	S1. Wine	2	8767.0	0.00093575	Heterozygous	euploid
XTRA_DQG	AWRI2880	Borneman et al. 2016	SRR2968005	33.6101	Australia	active dried yeast packet	Australia	Oceania		324.0	4. Commercial Wine	S1. Wine	4	18070.0	0.00192871	Heterozygous	aneu;-1*3;
XTRA_DQH	AWRI2881	Borneman et al. 2016	SRR2968006	44.6847	Australia	active dried yeast packet	Australia	Oceania		333.0	4. Commercial Wine	S1. Wine	2	13904.0	0.00148405	Heterozygous	euploid
XTRA_DQI	AWRI2882	Borneman et al. 2016	SRR2968007	46.2154	Australia	active dried yeast packet	Australia	Oceania		824.0	7. AU Wine 3	S1. Wine	2	4411.0	0.00047081	Heterozygous	aneu;+1*14;
XTRA_DQJ	AWRI2895	Borneman et al. 2016	SRR2968008	37.7292	Australia	active dried yeast packet	Australia	Oceania		111.0	1. AU Wine 1	S1. Wine	2	7722.0	0.00082421	Heterozygous	euploid
XTRA_DQK	AWRI2896	Borneman et al. 2016	SRR2968009	27.4009	Australia	active dried yeast packet	Australia	Oceania		276.0	2. AU Wine 2	S1. Wine	2	13067.0	0.00139471	Heterozygous	euploid
XTRA_DQL	AWRI2897	Borneman et al. 2016	SRR2968010	27.4381	Australia	active dried yeast packet	Australia	Oceania		317.0		S1. Wine	2	13334.0	0.00142321	Heterozygous	euploid
XTRA_DQM	AWRI2898	Borneman et al. 2016	SRR2968011	34.4838	Australia	active dried yeast packet	Australia	Oceania		572.0	6. West Europe Wine	S1. Wine	2	5008.0	0.00053453	Heterozygous	euploid
XTRA_DQN	AWRI2899	Borneman et al. 2016	SRR2968012	31.0688	Australia	active dried yeast packet	Australia	Oceania		720.0	7. AU Wine 3	S1. Wine	3	5355.0	0.00057157	Heterozygous	euploid
XTRA_DQO	AWRI2900	Borneman et al. 2016	SRR2968013	28.3069	Australia	active dried yeast packet	Australia	Oceania		707.0	7. AU Wine 3	S1. Wine	2	10215.0	0.0010903	Heterozygous	euploid
XTRA_DQP	AWRI2901	Borneman et al. 2016	SRR2968014	30.7102	Australia	active dried yeast packet	Australia	Oceania		340.0	4. Commercial Wine	S1. Wine	2	14550.0	0.001553	Heterozygous	euploid
XTRA_DQQ	AWRI2903	Borneman et al. 2016	SRR2968016	26.7516	Australia	active dried yeast packet	Australia	Oceania		277.0		S1. Wine	2	17887.0	0.00190917	Heterozygous	aneu;+1*9;
XTRA_DQR	AWRI2904	Borneman et al. 2016	SRR2968017	33.6384	Australia	active dried yeast packet	Australia	Oceania		389.0	5. Georgian Wine	S1. Wine	2	3155.0	0.00033675	Heterozygous	euploid
XTRA_DQS	AWRI2905	Borneman et al. 2016	SRR2968018	24.4826	Australia	active dried yeast packet	Australia	Oceania		337.0	4. Commercial Wine	S1. Wine	2	14114.0	0.00150646	Heterozygous	euploid
XTRA_DQT	AWRI2906	Borneman et al. 2016	SRR2968019	25.5839	Australia	active dried yeast packet	Australia	Oceania		1841.0		S2. Beer	2	46818.0	0.00499713	Heterozygous	euploid
XTRA_DQU	AWRI2907	Borneman et al. 2016	SRR2968020	28.3396	Australia	active dried yeast packet	Australia	Oceania		492.0	6. West Europe Wine	S1. Wine	?	22.0	2.35e-06	Homozygous	euploid
XTRA_DQV	AWRI2908	Borneman et al. 2016	SRR2968021	27.2875	Australia	active dried yeast packet	Australia	Oceania		12.0	1. AU Wine 1	S1. Wine	3	1394.0	0.00014879	Heterozygous	aneu;+1*1;
XTRA_DQW	AWRI2909	Borneman et al. 2016	SRR2968022	28.6458	Australia	active dried yeast packet	Australia	Oceania		700.0	7. AU Wine 3	S1. Wine	2	6478.0	0.00069143	Heterozygous	euploid
XTRA_DQX	AWRI2910	Borneman et al. 2016	SRR2968023	21.9921	Australia	active dried yeast packet	Australia	Oceania		347.0	4. Commercial Wine	S1. Wine	2	12166.0	0.00129854	Heterozygous	euploid
XTRA_DQZ	AWRI2912	Borneman et al. 2016	SRR2968025	35.1716	Australia	active dried yeast packet	Australia	Oceania		1787.0	20. Mixed Origins 1	S2. Beer	2	29917.0	0.0031932	Heterozygous	euploid
XTRA_DRA	AWRI2913	Borneman et al. 2016	SRR2968026	31.4366	Australia	active dried yeast packet	Australia	Oceania		258.0	2. AU Wine 2	S1. Wine	2	7218.0	0.00077041	Heterozygous	euploid
XTRA_DRB	AWRI2914	Borneman et al. 2016	SRR2968027	31.4784	Australia	active dried yeast packet	Australia	Oceania		297.0	2. AU Wine 2	S1. Wine	?	12.0	1.28e-06	Homozygous	euploid
XTRA_DRC	AWRI2921	Borneman et al. 2016	SRR2968028	25.1372	Australia	active dried yeast packet	Australia	Oceania		381.0		S1. Wine	2	9338.0	0.00099669	Heterozygous	aneu;+1*14;+2*9;
XTRA_DRD	AWRI2927	Borneman et al. 2016	SRR2968029	37.8526	Australia	active dried yeast packet	Australia	Oceania		160.0	1. AU Wine 1	S1. Wine	2	4198.0	0.00044807	Heterozygous	euploid
XTRA_DRE	AWRI2928	Borneman et al. 2016	SRR2968030	40.3341	Australia	active dried yeast packet	Australia	Oceania		295.0	2. AU Wine 2	S1. Wine	2	9259.0	0.00098826	Heterozygous	euploid
XTRA_DRF	AWRI2931	Borneman et al. 2016	SRR2968031	29.905	Australia	active dried yeast packet	Australia	Oceania		648.0	7. AU Wine 3	S1. Wine	?	45.0	4.8e-06	Homozygous	euploid
XTRA_DRG	AWRI2933	Borneman et al. 2016	SRR2968032	35.7866	Australia	active dried yeast packet	Australia	Oceania		697.0	7. AU Wine 3	S1. Wine	2	6490.0	0.00069271	Heterozygous	euploid
XTRA_DRH	WLP800	Borneman et al. 2016	SRR2968034	72.0082	Australia	active dried yeast packet	Australia	Oceania		1690.0	18. Belgium Beer 2	S2. Beer	4	28049.0	0.00299382	Heterozygous	euploid
XTRA_DRI	WLP028	Borneman et al. 2016	SRR2968035	70.8043	Australia	active dried yeast packet	Australia	Oceania		1717.0	19. UK Beer	S2. Beer	4	29087.0	0.00310461	Heterozygous	aneu;-2*1;
XTRA_DRJ	WLP001	Borneman et al. 2016	SRR2968036	74.3291	Australia	active dried yeast packet	Australia	Oceania		1714.0	19. UK Beer	S2. Beer	4	23648.0	0.00252407	Heterozygous	euploid
XTRA_DRK	WLP023	Borneman et al. 2016	SRR2968037	73.1973	Australia	active dried yeast packet	Australia	Oceania		1723.0	19. UK Beer	S2. Beer	4	32317.0	0.00344936	Heterozygous	euploid
XTRA_DRL	WLP002	Borneman et al. 2016	SRR2968038	73.1051	Australia	active dried yeast packet	Australia	Oceania		1732.0	19. UK Beer	S2. Beer	4	31926.0	0.00340763	Heterozygous	aneu;+1*1;+1*6;
XTRA_DRM	WLP004	Borneman et al. 2016	SRR2968039	73.2406	Australia	active dried yeast packet	Australia	Oceania		1768.0	19. UK Beer	S2. Beer	4	33445.0	0.00356976	Heterozygous	euploid
XTRA_DRN	WY1084	Borneman et al. 2016	SRR2968040	72.9713	Australia	active dried yeast packet	Australia	Oceania		1770.0	19. UK Beer	S2. Beer	4	33650.0	0.00359164	Heterozygous	euploid
XTRA_DRO	WLP013	Borneman et al. 2016	SRR2968041	73.5951	Australia	active dried yeast packet	Australia	Oceania		1758.0	19. UK Beer	S2. Beer	4	32943.0	0.00351618	Heterozygous	euploid
XTRA_DRQ	WLP775	Borneman et al. 2016	SRR2968043	71.5468	Australia	active dried yeast packet	Australia	Oceania		1277.0		S1. Wine	2	18014.0	0.00192273	Heterozygous	euploid
XTRA_DRR	WLP705	Borneman et al. 2016	SRR2968044	71.0983	Australia	active dried yeast packet	Australia	Oceania		54.0	1. AU Wine 1	S1. Wine	?	64.0	6.83e-06	Homozygous	euploid
XTRA_DRS	WLP099	Borneman et al. 2016	SRR2968045	71.8957	Australia	active dried yeast packet	Australia	Oceania		713.0	7. AU Wine 3	S1. Wine	2	5121.0	0.00054659	Heterozygous	euploid
XTRA_DRU	EthanolRed	Hose et al. 2015	SRR3138755	39.5393		Biofuel				2592.0	31. Huangjiu	S3. Asian Fermentation	2	4670.0	0.00049845	Heterozygous	euploid
XTRA_DRV	PE2	Hose et al. 2015	SRR3138760	63.3554	Brazil	Sugar cane fermentation	Brazil	South America		1305.0	11. Brazilian Bioethanol		2	14302.0	0.00152653	Heterozygous	euploid
XTRA_DRW	SB	Hose et al. 2015	SRR3138762	23.7028	Indonesia	Lychee fruit	Indonesia	Asia		578.0	6. West Europe Wine	S1. Wine	3	2427.0	0.00025905	Heterozygous	aneu;+1*1;+1*3;
XTRA_DRX	Y2	Hose et al. 2015	SRR3138767	76.945	Trinidad	Rum fermentation	Trinidad	Trinidad		2087.0			2	25577.0	0.00272997	Heterozygous	euploid
XTRA_DRY	Y389	Hose et al. 2015	SRR3138768	60.5581		Mushrooms				2244.0			2	47401.0	0.00505935	Heterozygous	euploid
XTRA_DRZ	Y7568	Hose et al. 2015	SRR3138771	83.2515	Philippines	Papaya	Philippines	Asia		1607.0			?	42.0	4.48e-06	Homozygous	euploid
XTRA_DSA	YB210	Hose et al. 2015	SRR3138772	62.4175	Costa Rica	Banana	Costa Rica	North America		2228.0			2	39421.0	0.00420761	Heterozygous	euploid
XTRA_DSB	YB4081	Hose et al. 2015	SRR3138773	60.3952	Philippines	Guava	Philippines	Asia		2923.0	38. Taiwan Wild 2	S4. Wild	?	493.0	5.26e-05	Homozygous	euploid
XTRA_DSC	YB4082	Hose et al. 2015	SRR3138774	74.6799	Philippines	Papaya	Philippines	Asia		2912.0		S4. Wild	?	250.0	2.67e-05	Homozygous	euploid
XTRA_DSD	YB908	Hose et al. 2015	SRR3138775	64.3566		Wild cherry tree gum				1959.0	22. French Guiana Human		?	459.0	4.9e-05	Homozygous	euploid
XTRA_DSE	YJM223	Zhu et al. 2016	SRR3265357	191.93	USA: California	clinical	USA	North America		1776.0	20. Mixed Origins 1	S2. Beer	2	30207.0	0.00322415	Heterozygous	euploid
XTRA_DSF	YJM263	Zhu et al. 2016	SRR3265358	242.431		Fleischmanns baking yeast				1799.0	20. Mixed Origins 1	S2. Beer	4	51599.0	0.00550743	Heterozygous	euploid
XTRA_DSG	92-123	Zhu et al. 2016	SRR3265359	109.668		clinical				2114.0	25. US Clinical 1		2	33188.0	0.00354233	Heterozygous	euploid
XTRA_DSH	B70302b	Zhu et al. 2016	SRR3265362	155.132		Clinical isolate, original name B70302(b); obtained from K. Clemons/D. Stevens who obtained it from F. Odds				478.0	6. West Europe Wine	S1. Wine	?	19.0	2.03e-06	Homozygous	euploid
XTRA_DSI	YJM1124	Zhu et al. 2016	SRR3265367	98.5827		Clinical isolate, original name MMRL124; obtained from W. Schell/T. Mitchell				2630.0	32. US Clinical 3		2	21802.0	0.00232704	Heterozygous	euploid
XTRA_DSJ	YJM1125	Zhu et al. 2016	SRR3265368	115.305		Clinical isolate, original name MMRL125; obtained from W. Schell/T. Mitchell				2117.0	25. US Clinical 1		2	30873.0	0.00329524	Heterozygous	euploid
XTRA_DSK	YJM455	Zhu et al. 2016	SRR3265370	140.064	USA: California	clinical	USA	North America		2312.0			2	11097.0	0.00118444	Heterozygous	euploid
XTRA_DSL	YJM1138	Zhu et al. 2016	SRR3265371	106.361		Clinical isolate, original name MMRL 2138; obtained from W. Schell/T. Mitchell				1485.0	15. African Beer		3	25633.0	0.00273594	Heterozygous	euploid
XTRA_DSM	YJM1139	Zhu et al. 2016	SRR3265372	136.66		Clinical isolate, original name MMRL 2195; obtained from W. Schell/T. Mitchell				1483.0			2	51809.0	0.00552984	Heterozygous	aneu;-1*1;
XTRA_DSN	YJM1140	Zhu et al. 2016	SRR3265373	154.177		Clinical isolate, original name MMRL 2416; obtained from W. Schell/T. Mitchell				1486.0	15. African Beer		3	27967.0	0.00298506	Heterozygous	euploid
XTRA_DSO	YJM1141	Zhu et al. 2016	SRR3265374	136.23		Clinical isolate, original name MMRL 2297; obtained from W. Schell/T. Mitchell				1404.0	13. French Dairy		2	34984.0	0.00373402	Heterozygous	euploid
XTRA_DSP	YJM1142	Zhu et al. 2016	SRR3265375	126.793		Clinical isolate, original name MMRL 2218; obtained from W. Schell/T. Mitchell				1863.0	20. Mixed Origins 1	S2. Beer	3	42668.0	0.00455418	Heterozygous	aneu;+1*3;
XTRA_DSQ	YJM1143	Zhu et al. 2016	SRR3265376	126.101		Clinical isolate, original name MMRL 2236; obtained from W. Schell/T. Mitchell				2233.0			2	31535.0	0.00336589	Heterozygous	euploid
XTRA_DSR	YJM1144	Zhu et al. 2016	SRR3265377	112.85		Clinical isolate, original name MMRL 2237; obtained from W. Schell/T. Mitchell				1512.0	15. African Beer		3	23450.0	0.00250294	Heterozygous	euploid
XTRA_DSS	YJM1145	Zhu et al. 2016	SRR3265378	102.155		Clinical isolate, original name MMRL 2244; obtained from W. Schell/T. Mitchell				1513.0	15. African Beer		3	21301.0	0.00227357	Heterozygous	euploid
XTRA_DST	YJM1146	Zhu et al. 2016	SRR3265379	109.409		Clinical isolate, original name MMRL 2248; obtained from W. Schell/T. Mitchell				1484.0	15. African Beer		4	53359.0	0.00569528	Heterozygous	euploid
XTRA_DSU	YJM1178	Zhu et al. 2016	SRR3265380	93.7828		Clinical isolate, original name MMRL 2497; obtained from W. Schell/T. Mitchell				2628.0	32. US Clinical 3		2	25705.0	0.00274363	Heterozygous	euploid
XTRA_DSV	YJM464	Zhu et al. 2016	SRR3265381	103.081	USA: California	clinical	USA	North America		2242.0			2	38874.0	0.00414922	Heterozygous	aneu;+1*9;
XTRA_DSW	YJM1259	Zhu et al. 2016	SRR3265382	108.985		clinical isolate				2211.0			2	28566.0	0.003049	Heterozygous	euploid
XTRA_DSX	YJM1289	Zhu et al. 2016	SRR3265383	82.3904		Clinical isolate; obtained from J. Bakken				1631.0			2	27877.0	0.00297546	Heterozygous	euploid
XTRA_DSY	CBS2919	Zhu et al. 2016	SRR3265389	124.939	Norway	sputum	Norway	Europe		1779.0	20. Mixed Origins 1	S2. Beer	3	32723.0	0.0034927	Heterozygous	aneu;+1*1;
XTRA_DSZ	CBS7833	Zhu et al. 2016	SRR3265391	120.752	USA: Missouri	lung of man with immune deficiency syndrome	USA	North America		2123.0	25. US Clinical 1		2	29459.0	0.00314431	Heterozygous	euploid
XTRA_DTA	YJM466	Zhu et al. 2016	SRR3265392	102.942	USA: California	clinical	USA	North America		2275.0	27. US Clinical 2		3	34497.0	0.00368204	Heterozygous	aneu;+1*6;+1*9;
XTRA_DTB	CBS7834	Zhu et al. 2016	SRR3265393	121.352	USA	substrate of isolation = strain YJM454	USA	North America		2214.0			?	100.0	1.07e-05	Homozygous	euploid
XTRA_DTC	CBS7835	Zhu et al. 2016	SRR3265394	120.859	USA	peritoneal fluid, of patient	USA	North America		2120.0	25. US Clinical 1		2	32927.0	0.00351447	Heterozygous	aneu;+1*3;
XTRA_DTD	CBS7836	Zhu et al. 2016	SRR3265395	124.642	USA	paracentesis fluid	USA	North America		2179.0			2	26722.0	0.00285218	Heterozygous	aneu;+1*11;+1*3;
XTRA_DTE	CBS7837	Zhu et al. 2016	SRR3265396	125.702	USA	blood, of patient	USA	North America		2139.0	25. US Clinical 1		2	19594.0	0.00209137	Heterozygous	euploid
XTRA_DTF	CBS7838	Zhu et al. 2016	SRR3265397	124.637	USA	patient	USA	North America		2131.0	25. US Clinical 1		2	27623.0	0.00294835	Heterozygous	aneu;+1*8;
XTRA_DTG	CBS7839	Zhu et al. 2016	SRR3265398	113.516	USA	bile tube, of patient	USA	North America		2210.0			2	37142.0	0.00396436	Heterozygous	euploid
XTRA_DTH	CBS7840	Zhu et al. 2016	SRR3265399	116.595	USA	ascites fluid	USA	North America		2633.0	32. US Clinical 3		2	20353.0	0.00217238	Heterozygous	euploid
XTRA_DTI	CBS9562	Zhu et al. 2016	SRR3265400	119.228	Greece: Thessaloniki	vaginal fluid	Greece	Europe		1942.0	21. Mixed Origins 2	S2. Beer	4	52141.0	0.00556528	Heterozygous	euploid
XTRA_DTJ	CBS9564	Zhu et al. 2016	SRR3265401	105.142	Greece: Thessaloniki	human	Greece	Europe		1873.0	20. Mixed Origins 1	S2. Beer	4	49675.0	0.00530207	Heterozygous	euploid
XTRA_DTK	CBS9563	Zhu et al. 2016	SRR3265402	136.65	Greece: Thessaloniki	vaginal fluid	Greece	Europe		586.0	6. West Europe Wine	S1. Wine	2	1408.0	0.00015028	Heterozygous	euploid
XTRA_DTL	YJM467	Zhu et al. 2016	SRR3265403	108.955	USA: California	clinical	USA	North America		2110.0			2	24487.0	0.00261362	Heterozygous	aneu;+1*7;+1*8;
XTRA_DTM	CBS9565	Zhu et al. 2016	SRR3265404	133.039	Greece: Thessaloniki	human	Greece	Europe		1848.0	20. Mixed Origins 1	S2. Beer	3	41985.0	0.00448128	Heterozygous	aneu;+1*1;+1*9;
XTRA_DTN	GSY723	Zhu et al. 2016	SRR3265405	194.036		"single colony isolate from prescription probiotic ""Florastor"" capsule"				123.0	1. AU Wine 1	S1. Wine	2	3979.0	0.0004247	Heterozygous	euploid
XTRA_DTO	GSY725	Zhu et al. 2016	SRR3265406	146.38		"single colony isolate of Saccharomyces from blood of infected 3-year-old who had been taking ""Florastor"" capsules"				2294.0			2	11070.0	0.00118156	Heterozygous	euploid
XTRA_DTP	GSY1033	Zhu et al. 2016	SRR3265407	151.011		clinical				583.0	6. West Europe Wine	S1. Wine	3	1409.0	0.00015039	Heterozygous	aneu;+1*15;
XTRA_DTQ	GSY1034	Zhu et al. 2016	SRR3265408	168.158		clinical				602.0	6. West Europe Wine	S1. Wine	3	1380.0	0.0001473	Heterozygous	euploid
XTRA_DTR	YJM521	Zhu et al. 2016	SRR3265409	153.021	USA: California	clinical	USA	North America		2136.0	25. US Clinical 1		2	25870.0	0.00276124	Heterozygous	aneu;+1*9;
XTRA_DTS	YJM525	Zhu et al. 2016	SRR3265410	105.029	USA: California	clinical	USA	North America		2276.0	27. US Clinical 2		3	33715.0	0.00359858	Heterozygous	aneu;+1*5;+1*6;+1*9;
XTRA_DTT	YJM560	Zhu et al. 2016	SRR3265411	158.436	USA: California	clinical	USA	North America		2208.0			2	37390.0	0.00399083	Heterozygous	euploid
XTRA_DTU	YJM561	Zhu et al. 2016	SRR3265412	168.273	USA: California	clinical	USA	North America		1947.0	21. Mixed Origins 2	S2. Beer	4	52615.0	0.00561587	Heterozygous	euploid
XTRA_DTV	YJM634	Zhu et al. 2016	SRR3265413	147.785	USA: California	clinical	USA	North America		1819.0	20. Mixed Origins 1	S2. Beer	2	21719.0	0.00231818	Heterozygous	aneu;+1*9;
XTRA_DTX	YJM669	Zhu et al. 2016	SRR3265415	119.245	USA: Texas	clinical	USA	North America		2046.0			2	28584.0	0.00305092	Heterozygous	euploid
XTRA_DTY	YJM670	Zhu et al. 2016	SRR3265416	119.49	USA: Texas	clinical	USA	North America		2216.0			2	34882.0	0.00372314	Heterozygous	euploid
XTRA_DTZ	YJM671	Zhu et al. 2016	SRR3265417	125.15	USA: Texas	clinical	USA	North America		1784.0	20. Mixed Origins 1	S2. Beer	2	30767.0	0.00328392	Heterozygous	euploid
XTRA_DUA	YJM672	Zhu et al. 2016	SRR3265418	117.183	USA: Texas	clinical	USA	North America		2057.0			?	136.0	1.45e-05	Homozygous	euploid
XTRA_DUB	YJM674	Zhu et al. 2016	SRR3265419	116.676	USA: Texas	clinical	USA	North America		2278.0	27. US Clinical 2		3	33565.0	0.00358257	Heterozygous	aneu;+1*9;
XTRA_DUC	YJM676	Zhu et al. 2016	SRR3265420	119.041	USA: Texas	clinical	USA	North America		2101.0	25. US Clinical 1		2	26834.0	0.00286413	Heterozygous	euploid
XTRA_DUD	YJM677	Zhu et al. 2016	SRR3265421	113.392	USA: Texas	clinical	USA	North America		2130.0	25. US Clinical 1		2	34685.0	0.00370211	Heterozygous	euploid
XTRA_DUE	YJM810	Zhu et al. 2016	SRR3265423	118.869	USA: Michigan	clinical	USA	North America		1845.0	20. Mixed Origins 1	S2. Beer	3	43936.0	0.00468952	Heterozygous	aneu;+1*1;+1*8;
XTRA_DUF	YJM811	Zhu et al. 2016	SRR3265424	111.111	USA: Michigan	clinical	USA	North America		1924.0	21. Mixed Origins 2	S2. Beer	4	51095.0	0.00545363	Heterozygous	euploid
XTRA_DUG	YJM432	Zhu et al. 2016	SRR3265425	102.616		clinical				1871.0		S2. Beer	4	48615.0	0.00518893	Heterozygous	euploid
XTRA_DUH	YJM813	Zhu et al. 2016	SRR3265426	120.105	USA: Michigan	clinical	USA	North America		1800.0	20. Mixed Origins 1	S2. Beer	4	52954.0	0.00565205	Heterozygous	aneu;+1*2;
XTRA_DUI	YJM815	Zhu et al. 2016	SRR3265427	126.801	USA: Michigan	clinical	USA	North America		2277.0	27. US Clinical 2		3	34903.0	0.00372538	Heterozygous	aneu;+1*6;+1*9;
XTRA_DUJ	YJM816	Zhu et al. 2016	SRR3265428	131.511	USA: Michigan	clinical	USA	North America		1847.0	20. Mixed Origins 1	S2. Beer	3	42846.0	0.00457318	Heterozygous	aneu;+1*1;+1*9;
XTRA_DUK	YJM936	Zhu et al. 2016	SRR3265429	124.147	USA: North Carolina	clinical	USA	North America		1925.0	21. Mixed Origins 2	S2. Beer	4	51629.0	0.00551063	Heterozygous	aneu;-1*1;
XTRA_DUL	YJM945	Zhu et al. 2016	SRR3265430	115.3	Italy	clinical	Italy	Europe		1852.0	20. Mixed Origins 1	S2. Beer	3	43475.0	0.00464031	Heterozygous	aneu;+1*1;+1*9;
XTRA_DUM	YJM946	Zhu et al. 2016	SRR3265431	106.426	Italy	clinical	Italy	Europe		1907.0	21. Mixed Origins 2	S2. Beer	2	24856.0	0.00265301	Heterozygous	euploid
XTRA_DUN	YJM947	Zhu et al. 2016	SRR3265432	87.4795	Italy	clinical	Italy	Europe		639.0	7. AU Wine 3	S1. Wine	2	3939.0	0.00042043	Heterozygous	euploid
XTRA_DUO	YJM948	Zhu et al. 2016	SRR3265433	110.241	Italy	clinical	Italy	Europe		632.0	7. AU Wine 3	S1. Wine	2	3938.0	0.00042032	Heterozygous	euploid
XTRA_DUP	YJM949	Zhu et al. 2016	SRR3265434	107.043	Italy	clinical	Italy	Europe		1389.0	13. French Dairy		2	21715.0	0.00231775	Heterozygous	euploid
XTRA_DUQ	YJM950	Zhu et al. 2016	SRR3265435	118.143	Italy	clinical	Italy	Europe		1911.0	21. Mixed Origins 2	S2. Beer	3	33922.0	0.00362067	Heterozygous	aneu;+1*15;+1*6;+1*9;
XTRA_DUR	B68019c	Zhu et al. 2016	SRR3265436	142.205		clinical				124.0	1. AU Wine 1	S1. Wine	2	3959.0	0.00042257	Heterozygous	euploid
XTRA_DUS	YJM951	Zhu et al. 2016	SRR3265437	114.726	Italy	clinical	Italy	Europe		1913.0	21. Mixed Origins 2	S2. Beer	4	45576.0	0.00486456	Heterozygous	aneu;-1*3;
XTRA_DUT	YJM952	Zhu et al. 2016	SRR3265438	119.994	Italy	clinical	Italy	Europe		1912.0	21. Mixed Origins 2	S2. Beer	3	36429.0	0.00388826	Heterozygous	aneu;+1*14;
XTRA_DUU	YJM953	Zhu et al. 2016	SRR3265439	157.102	Italy	clinical	Italy	Europe		1948.0	21. Mixed Origins 2	S2. Beer	4	52440.0	0.00559719	Heterozygous	euploid
XTRA_DUV	YJM954	Zhu et al. 2016	SRR3265440	153.729	Italy	clinical	Italy	Europe		634.0	7. AU Wine 3	S1. Wine	4	3995.0	0.00042641	Heterozygous	euploid
XTRA_DUW	YJM955	Zhu et al. 2016	SRR3265441	129.108	Italy	clinical	Italy	Europe		640.0	7. AU Wine 3	S1. Wine	2	3902.0	0.00041648	Heterozygous	euploid
XTRA_DUX	YJM956	Zhu et al. 2016	SRR3265442	147.908	Italy	clinical	Italy	Europe		643.0	7. AU Wine 3	S1. Wine	2	3631.0	0.00038756	Heterozygous	euploid
XTRA_DUY	YJM957	Zhu et al. 2016	SRR3265443	137.06	Italy	clinical	Italy	Europe		641.0	7. AU Wine 3	S1. Wine	2	3635.0	0.00038798	Heterozygous	euploid
XTRA_DUZ	YJM958	Zhu et al. 2016	SRR3265444	155.972	Italy	Commercial	Italy	Europe		1944.0	21. Mixed Origins 2	S2. Beer	4	53180.0	0.00567618	Heterozygous	euploid
XTRA_DVA	YJM959	Zhu et al. 2016	SRR3265445	137.746	Italy	Commercial	Italy	Europe		1914.0	21. Mixed Origins 2	S2. Beer	4	48332.0	0.00515872	Heterozygous	euploid
XTRA_DVB	YJM960	Zhu et al. 2016	SRR3265446	126.42	Italy	Commercial	Italy	Europe		1915.0	21. Mixed Origins 2	S2. Beer	4	49190.0	0.0052503	Heterozygous	euploid
XTRA_DVC	YJM435	Zhu et al. 2016	SRR3265447	168.983		clinical				1872.0	20. Mixed Origins 1	S2. Beer	4	46814.0	0.0049967	Heterozygous	euploid
XTRA_DVD	YJM961	Zhu et al. 2016	SRR3265448	157.43	Italy	Commercial	Italy	Europe		1849.0	20. Mixed Origins 1	S2. Beer	3	41469.0	0.0044262	Heterozygous	aneu;+1*1;+1*9;
XTRA_DVE	YJM962	Zhu et al. 2016	SRR3265449	141.359	Italy	clinical	Italy	Europe		1916.0	21. Mixed Origins 2	S2. Beer	4	48476.0	0.00517409	Heterozygous	euploid
XTRA_DVF	YJM963	Zhu et al. 2016	SRR3265450	156.013	Italy	clinical	Italy	Europe		627.0	7. AU Wine 3	S1. Wine	2	3232.0	0.00034497	Heterozygous	euploid
XTRA_DVG	YJM964	Zhu et al. 2016	SRR3265451	145.106	Italy	clinical	Italy	Europe		636.0	7. AU Wine 3	S1. Wine	2	4006.0	0.00042758	Heterozygous	euploid
XTRA_DVH	YJM965	Zhu et al. 2016	SRR3265452	155.542	Italy	clinical	Italy	Europe		620.0	7. AU Wine 3	S1. Wine	2	3559.0	0.00037987	Heterozygous	euploid
XTRA_DVI	YJM966	Zhu et al. 2016	SRR3265453	155.199	Italy	clinical	Italy	Europe		1853.0	20. Mixed Origins 1	S2. Beer	3	43632.0	0.00465707	Heterozygous	aneu;+1*1;+1*2;+1*9;
XTRA_DVJ	YJM967	Zhu et al. 2016	SRR3265454	160.038	Italy	clinical	Italy	Europe		633.0	7. AU Wine 3	S1. Wine	2	3950.0	0.0004216	Heterozygous	euploid
XTRA_DVK	YJM1005	Zhu et al. 2016	SRR3265456	144.721						587.0	6. West Europe Wine	S1. Wine	2	1291.0	0.0001378	Heterozygous	euploid
XTRA_DVL	YJM1006	Zhu et al. 2016	SRR3265457	180.212						2245.0			3	52075.0	0.00555823	Heterozygous	euploid
XTRA_DVM	YJM1094	Zhu et al. 2016	SRR3265459	101.331	United Kingdom	clinical	United Kingdom	Europe		2174.0			2	29003.0	0.00309564	Heterozygous	euploid
XTRA_DVN	YJM1095	Zhu et al. 2016	SRR3265460	127.264	United Kingdom	clinical	United Kingdom	Europe		582.0	6. West Europe Wine	S1. Wine	2	1502.0	0.00016032	Heterozygous	euploid
XTRA_DVO	YJM1096	Zhu et al. 2016	SRR3265461	141.584	United Kingdom	clinical	United Kingdom	Europe		2175.0			2	27842.0	0.00297172	Heterozygous	euploid
XTRA_DVP	YJM1097	Zhu et al. 2016	SRR3265462	142.504	United Kingdom	clinical	United Kingdom	Europe		2172.0			2	26851.0	0.00286595	Heterozygous	euploid
XTRA_DVQ	YJM1098	Zhu et al. 2016	SRR3265463	151.755	United Kingdom	clinical	United Kingdom	Europe		1371.0	12. Belgium Beer 1		2	22093.0	0.0023581	Heterozygous	aneu;+1*12;
XTRA_DVR	YJM1099	Zhu et al. 2016	SRR3265464	150.617	United Kingdom	clinical	United Kingdom	Europe		2207.0			2	31239.0	0.0033343	Heterozygous	aneu;+1*8;
XTRA_DVS	YJM1100	Zhu et al. 2016	SRR3265465	133.895	United Kingdom	clinical	United Kingdom	Europe		1363.0	12. Belgium Beer 1		2	14739.0	0.00157317	Heterozygous	aneu;+1*11;+1*14;
XTRA_DVT	YJM1101	Zhu et al. 2016	SRR3265466	146.43	USA: Michigan	clinical	USA	North America		2082.0			2	29547.0	0.0031537	Heterozygous	euploid
XTRA_DVU	YJM1102	Zhu et al. 2016	SRR3265467	137.489	USA: Michigan	clinical	USA	North America		2083.0	25. US Clinical 1		2	9385.0	0.00100171	Heterozygous	euploid
XTRA_DVV	YJM1103	Zhu et al. 2016	SRR3265468	118.629	USA: Michigan	clinical	USA	North America		1868.0	20. Mixed Origins 1	S2. Beer	4	49632.0	0.00529748	Heterozygous	euploid
XTRA_DVW	B68549	Zhu et al. 2016	SRR3265469	146.34		clinical				2079.0			2	27979.0	0.00298634	Heterozygous	euploid
XTRA_DVX	YJM1104	Zhu et al. 2016	SRR3265470	129.411	USA: Michigan	clinical	USA	North America		76.0	1. AU Wine 1	S1. Wine	?	57.0	6.08e-06	Homozygous	euploid
XTRA_DVY	YJM1105	Zhu et al. 2016	SRR3265471	124.627	USA: Michigan	clinical	USA	North America		2629.0	32. US Clinical 3		?	217.0	2.32e-05	Homozygous	euploid
XTRA_DVZ	YJM1106	Zhu et al. 2016	SRR3265472	122.907	USA: Michigan	clinical	USA	North America		2279.0	27. US Clinical 2		3	33564.0	0.00358246	Heterozygous	aneu;+1*9;
XTRA_DWA	YJM1107	Zhu et al. 2016	SRR3265473	134.996	USA: Michigan	clinical	USA	North America		2104.0	25. US Clinical 1		2	22389.0	0.00238969	Heterozygous	euploid
XTRA_DWB	YJM1108	Zhu et al. 2016	SRR3265474	120.502	USA: Michigan	clinical	USA	North America		2111.0	25. US Clinical 1		2	11976.0	0.00127826	Heterozygous	euploid
XTRA_DWC	YJM1109	Zhu et al. 2016	SRR3265475	122.476	USA: Michigan	clinical	USA	North America		1921.0	21. Mixed Origins 2	S2. Beer	4	49785.0	0.00531381	Heterozygous	euploid
XTRA_DWD	YJM1110	Zhu et al. 2016	SRR3265476	127.653	USA: Michigan	clinical	USA	North America		1801.0	20. Mixed Origins 1	S2. Beer	4	52787.0	0.00563423	Heterozygous	euploid
XTRA_DWE	YJM1111	Zhu et al. 2016	SRR3265477	134.289	USA: Michigan	clinical	USA	North America		2135.0	25. US Clinical 1		2	29062.0	0.00310194	Heterozygous	aneu;+1*11;+1*12;+1*9;
XTRA_DWF	YJM1112	Zhu et al. 2016	SRR3265478	138.124	USA: Michigan	clinical	USA	North America		2105.0			2	29082.0	0.00310407	Heterozygous	euploid
XTRA_DWG	YJM1113	Zhu et al. 2016	SRR3265479	126.353	USA: Michigan	clinical	USA	North America		1922.0	21. Mixed Origins 2	S2. Beer	4	49690.0	0.00530367	Heterozygous	aneu;+2*9;
XTRA_DWH	B66044	Zhu et al. 2016	SRR3265480	128.56		clinical				2220.0			2	18246.0	0.00194749	Heterozygous	euploid
XTRA_DWI	YJM1114	Zhu et al. 2016	SRR3265481	125.088	USA: Michigan	clinical	USA	North America		2121.0	25. US Clinical 1		2	29699.0	0.00316993	Heterozygous	aneu;+1*12;
XTRA_DWJ	YJM1115	Zhu et al. 2016	SRR3265482	118.811	USA: Michigan	clinical	USA	North America		2109.0			2	21018.0	0.00224336	Heterozygous	euploid
XTRA_DWK	YJM1116	Zhu et al. 2016	SRR3265483	128.325	USA: Michigan	clinical	USA	North America		2107.0			2	25642.0	0.0027369	Heterozygous	euploid
XTRA_DWL	YJM1117	Zhu et al. 2016	SRR3265484	194.575	USA: Michigan	clinical	USA	North America		2122.0	25. US Clinical 1		2	29414.0	0.00313951	Heterozygous	aneu;+1*14;
XTRA_DWM	YJM1118	Zhu et al. 2016	SRR3265485	270.529	USA: Michigan	clinical	USA	North America		1923.0	21. Mixed Origins 2	S2. Beer	4	49506.0	0.00528403	Heterozygous	euploid
XTRA_DWN	YJM1119	Zhu et al. 2016	SRR3265486	180.901	USA: Michigan	clinical	USA	North America		2632.0	32. US Clinical 3		2	26821.0	0.00286274	Heterozygous	euploid
XTRA_DWO	YJM1120	Zhu et al. 2016	SRR3265487	146.842	USA: Michigan	clinical	USA	North America		1798.0	20. Mixed Origins 1	S2. Beer	4	51708.0	0.00551906	Heterozygous	aneu;+1*9;
XTRA_DWP	YJM1121	Zhu et al. 2016	SRR3265488	122.843	USA: Michigan	clinical	USA	North America		2116.0	25. US Clinical 1		2	31406.0	0.00335213	Heterozygous	euploid
XTRA_DWQ	YJM1122	Zhu et al. 2016	SRR3265489	122.937	USA: Michigan	clinical	USA	North America		2115.0	25. US Clinical 1		2	17331.0	0.00184983	Heterozygous	euploid
XTRA_DWR	YJM1135	Zhu et al. 2016	SRR3265490	118.281	United Kingdom	clinical	United Kingdom	Europe		2289.0			2	24735.0	0.00264009	Heterozygous	euploid
XTRA_DWS	YJM439	Zhu et al. 2016	SRR3265491	114.166		clinical				1353.0	12. Belgium Beer 1		2	20501.0	0.00218818	Heterozygous	aneu;+1*11;
XTRA_DWT	YJM1292	Zhu et al. 2016	SRR3265492	131.23						477.0	6. West Europe Wine	S1. Wine	?	27.0	2.88e-06	Homozygous	euploid
XTRA_DWU	YJM332	Zhu et al. 2016	SRR3265500	144.844		Non-clinical, original name UCD91-1, obtained from L. Bisson				738.0	7. AU Wine 3	S1. Wine	2	3175.0	0.00033888	Heterozygous	euploid
XTRA_DWV	YJM789	Zhu et al. 2016	SRR3351019	92.8816		Haploid derivative of/isogenic to YJM145				2125.0	25. US Clinical 1		?	91.0	9.71e-06	Homozygous	euploid
XTRA_DWW	DBVPG6765	Maclean et al. 2017	SRR3481363	43.9015						65.0	1. AU Wine 1	S1. Wine	?	8.0	8.54e-07	Homozygous	euploid
XTRA_DWX	L-1374	Maclean et al. 2017	SRR3481365	55.6313	Chile	Wine	Chile	South America		462.0	6. West Europe Wine	S1. Wine	?	29.0	3.1e-06	Homozygous	euploid
SACE_GAP	L-1528	Maclean et al. 2017	SRR3481366	68.9987	Chile	Wine	Chile	South America		461.0	6. West Europe Wine	S1. Wine	2	12.0	1.28e-06	Homozygous	euploid
XTRA_DWZ	NCYC361	Maclean et al. 2017	SRR3481371	57.6583	Ireland	Beer spoilage strain	Ireland	Europe		66.0	1. AU Wine 1	S1. Wine	?	13.0	1.39e-06	Homozygous	euploid
XTRA_DXA	YS4	Maclean et al. 2017	SRR3481373	56.0722	Netherlands	Baker strain	Netherlands	Europe		1889.0	21. Mixed Origins 2	S2. Beer	2	26422.0	0.00282016	Heterozygous	euploid
XTRA_DXB	322134S	Maclean et al. 2017	SRR3481376	57.9886	United Kingdom: Newcaslte	Clinical (Throat-sputum)	United Kingdom	Europe		2049.0	24. Lab Strains		2	14414.0	0.00153848	Heterozygous	euploid
XTRA_DXC	DBVPG6040	Maclean et al. 2017	SRR3481387	64.0713	Netherlands	Fermenting fruit juice	Netherlands	Europe		2178.0			2	10521.0	0.00112296	Heterozygous	aneu;+1*11;
XTRA_DXD	YIIc17	Maclean et al. 2017	SRR3481388	59.8754	France: Sauternes	Wine	France	Europe		1281.0	10. AU Wine 6	S1. Wine	3	23675.0	0.00252696	Heterozygous	aneu;+1*8;
XTRA_DXE	NCYC110	Maclean et al. 2017	SRR3481391	49.978		Ginger beer				2666.0	33. African Palm Wine		?	99.0	1.06e-05	Homozygous	aneu;+1*8;
XTRA_DXF	YS2	Maclean et al. 2017	SRR3481392	61.9266	Australia	Baker strain	Australia	Oceania		1855.0	20. Mixed Origins 1	S2. Beer	2	24909.0	0.00265867	Heterozygous	euploid
XTRA_DXG	YJM145	Maclean et al. 2017	SRR3481399	61.9811	Ireland	Beer	Ireland	Europe		2127.0	25. US Clinical 1		?	90.0	9.61e-06	Homozygous	euploid
XTRA_DXH	DBVPG1373	Maclean et al. 2017	SRR3481419	103.356	Netherlands	soil	Netherlands	Europe		554.0	6. West Europe Wine	S1. Wine	?	15.0	1.6e-06	Homozygous	euploid
XTRA_DXI	YJM269	Maclean et al. 2017	SRR3481427	77.2222		Apple juice				2640.0			?	152.0	1.62e-05	Homozygous	aneu;+1*1;
XTRA_DXJ	A364A	Maclean et al. 2017	SRR3481429	56.4294		Laboratory				2068.0	24. Lab Strains		?	39.0	4.16e-06	Homozygous	aneu;+1*3;
XTRA_DXK	DBVPG1853	Maclean et al. 2017	SRR3481430	70.3309	Ethiopia	White Tecc	Ethiopia	Africa		1477.0	15. African Beer		?	88.0	9.39e-06	Homozygous	euploid
XTRA_DXL	CENPK	Maclean et al. 2017	SRR3481431	51.4792		Laboratory				2065.0	24. Lab Strains		?	58.0	6.19e-06	Homozygous	euploid
XTRA_DXM	CLIB157	Maclean et al. 2017	SRR3481434	51.7913	Spain	Wine	Spain	Europe		498.0	6. West Europe Wine	S1. Wine	?	17.0	1.81e-06	Homozygous	aneu;+1*14;
XTRA_DXN	DBVPG1399	Maclean et al. 2017	SRR3481436	64.7987	Netherlands	Grape	Netherlands	Europe		559.0	6. West Europe Wine	S1. Wine	2	2008.0	0.00021432	Heterozygous	euploid
XTRA_DXO	UC1	Maclean et al. 2017	SRR3481442	56.2288	France	Wine	France	Europe		490.0	6. West Europe Wine	S1. Wine	?	18.0	1.92e-06	Homozygous	euploid
XTRA_DXP	YPS606	Maclean et al. 2017	SRR3481447	58.8859	USA: Pennsylvania	Oak	USA	North America		3031.0	39. Asian Oak	S4. Wild	?	89.0	9.5e-06	Homozygous	euploid
XTRA_DXQ	MoroccoBreadG17	Dunn et al. 2012	SRR403236	74.4124	Morocco	Bread	Morocco	Africa		1926.0	21. Mixed Origins 2	S2. Beer	4	51743.0	0.0055228	Heterozygous	euploid
XTRA_DXR	BrazFuelBG1	Dunn et al. 2012	SRR403237	79.0084	Brazil	Fuel ethanol	Brazil	South America		1303.0	11. Brazilian Bioethanol		2	11703.0	0.00124912	Heterozygous	euploid
XTRA_DXS	SardCannonau1446	Dunn et al. 2012	SRR403239	79.2103	Cannonau Oliena, Sardinian	Wine	Italy	Europe		392.0	5. Georgian Wine	S1. Wine	3	3795.0	0.00040506	Heterozygous	euploid
XTRA_DXT	BritAleNCYC1044	Dunn et al. 2012	SRR403240	127.079	UK	Ale	United Kingdom	Europe		1750.0	19. UK Beer	S2. Beer	4	32351.0	0.00345299	Heterozygous	euploid
XTRA_DXU	HefeAleW205	Dunn et al. 2012	SRR403241	68.9794		Hefeweizen Ale				1651.0		S2. Beer	4	26619.0	0.00284118	Heterozygous	euploid
XTRA_DXV	AnconaWine28-AN	Dunn et al. 2012	SRR403242	98.0115	Ancona, Italy	Wine	Italy	Europe		660.0	7. AU Wine 3	S1. Wine	3	2932.0	0.00031295	Heterozygous	euploid
XTRA_DXW	SardSourdoughS11	Dunn et al. 2012	SRR403243	182.866	Olmedo, Sardinia	Sourdough bread	Italy	Europe		2241.0			3	47427.0	0.00506213	Heterozygous	euploid
XTRA_DXX	YJM1133	Strope et al. 2015	SRR4209898	24.0824	NC, USA	Clinical	USA	North America		2118.0	25. US Clinical 1		?	143.0	1.53e-05	Homozygous	euploid
XTRA_DXY	YJM1197	Kita et al. 2017	SRR4209901	24.1501	Michigan, USA	Clinical	USA	North America		77.0	1. AU Wine 1	S1. Wine	?	50.0	5.34e-06	Homozygous	euploid
XTRA_DXZ	YJM1290	Strope et al. 2015	SRR4209908	23.754		Laboratory				2059.0			?	20.0	2.13e-06	Homozygous	euploid
XTRA_DYA	YJM1293	Strope et al. 2015	SRR4209909	27.6398	CA, USA	Vineyard	USA	North America		479.0	6. West Europe Wine	S1. Wine	?	37.0	3.95e-06	Homozygous	euploid
XTRA_DYB	YJM1343	Kita et al. 2017	SRR4209921	21.9748		Clinical				2636.0	32. US Clinical 3		?	188.0	2.01e-05	Homozygous	euploid
XTRA_DYC	YJM1403	Kita et al. 2017	SRR4209935	25.7609	Philippines	Papaya	Philippines	Asia		1608.0			?	47.0	5.02e-06	Homozygous	euploid
XTRA_DYD	BY4716	Kita et al. 2017	SRR4210045	71.1659		Laboratory				2077.0	24. Lab Strains		?	1.0	1.07e-07	Homozygous	euploid
XTRA_DYE	YJSH1	Zheng et al. 2012	SRR515494	33.5407		Bioethanol											euploid
XTRA_DYF	sake006	Gallone et al. 2016	SRR5678544	126.727	Japan	Sake	Japan	Asia		2475.0	29. Sake	S3. Asian Fermentation	2	1718.0	0.00018337	Heterozygous	euploid
XTRA_DYG	sake007	Gallone et al. 2016	SRR5678545	142.434	Japan	Sake	Japan	Asia		2469.0	29. Sake	S3. Asian Fermentation	2	6503.0	0.0006941	Heterozygous	aneu;+1*11;
XTRA_DYH	sake004	Gallone et al. 2016	SRR5678546	200.949	Japan	Sake	Japan	Asia		2481.0	29. Sake	S3. Asian Fermentation	?	441.0	4.71e-05	Homozygous	euploid
XTRA_DYI	sake005	Gallone et al. 2016	SRR5678547	118.17	Japan	Sake	Japan	Asia		2483.0	29. Sake	S3. Asian Fermentation	2	828.0	8.84e-05	Heterozygous	euploid
XTRA_DYJ	sake002	Gallone et al. 2016	SRR5678548	125.227	Japan	Sake	Japan	Asia		18.0	1. AU Wine 1	S1. Wine	2	2091.0	0.00022318	Heterozygous	aneu;+1*1;
XTRA_DYK	sake003	Gallone et al. 2016	SRR5678549	102.821	Japan	Sake	Japan	Asia		2487.0	29. Sake	S3. Asian Fermentation	2	1222.0	0.00013043	Heterozygous	aneu;+1*1;
XTRA_DYL	sake001	Gallone et al. 2016	SRR5678551	106.094	Japan	Sake	Japan	Asia		2473.0	29. Sake	S3. Asian Fermentation	2	1883.0	0.00020098	Heterozygous	aneu;+1*5;
XTRA_DYM	bread004	Gallone et al. 2016	SRR5678552	99.6755	Belgium	Bread	Belgium	Europe		1890.0	21. Mixed Origins 2	S2. Beer	4	50203.0	0.00535843	Heterozygous	euploid
XTRA_DYN	laboratory001	Gallone et al. 2016	SRR5678553	125.307	not applicable	Lab				2053.0			?	104.0	1.11e-05	Homozygous	euploid
XTRA_DYO	beer017	Gallone et al. 2016	SRR5678564	109.186	Belgium	Beer	Belgium	Europe		1655.0		S2. Beer	2	24494.0	0.00261437	Heterozygous	aneu;+1*1;
XTRA_DYP	beer018	Gallone et al. 2016	SRR5678565	132.414	Canada	Beer	Canada	North America		2066.0	24. Lab Strains		?	7.0	7.47e-07	Homozygous	euploid
XTRA_DYQ	beer015	Gallone et al. 2016	SRR5678566	103.37	Belgium	Beer	Belgium	Europe		1658.0	18. Belgium Beer 2	S2. Beer	3	19806.0	0.002114	Heterozygous	aneu;-1*12;-1*13;-1*6;
XTRA_DYR	beer016	Gallone et al. 2016	SRR5678567	145.709	Belgium	Beer	Belgium	Europe		1661.0	18. Belgium Beer 2	S2. Beer	3	23367.0	0.00249408	Heterozygous	aneu;-1*2;-1*3;-1*9;
XTRA_DYS	beer013	Gallone et al. 2016	SRR5678568	210.713	Belgium	Beer	Belgium	Europe		1367.0	12. Belgium Beer 1		2	14873.0	0.00158747	Heterozygous	euploid
XTRA_DYT	beer014	Gallone et al. 2016	SRR5678569	219.29	Belgium	Beer	Belgium	Europe		377.0		S1. Wine	2	6560.0	0.00070018	Heterozygous	aneu;+1*15;
XTRA_DYU	beer011	Gallone et al. 2016	SRR5678570	111.532	Belgium	Beer	Belgium	Europe		1342.0	12. Belgium Beer 1		2	13160.0	0.00140464	Heterozygous	aneu;+1*14;
XTRA_DYV	beer012	Gallone et al. 2016	SRR5678571	130.606	United Kingdom: England	Beer	United Kingdom	Europe		1693.0	18. Belgium Beer 2	S2. Beer	4	28039.0	0.00299275	Heterozygous	euploid
XTRA_DYW	beer019	Gallone et al. 2016	SRR5678572	113.032	Belgium	Beer	Belgium	Europe		1720.0	19. UK Beer	S2. Beer	3	28418.0	0.0030332	Heterozygous	euploid
XTRA_DYX	beer020	Gallone et al. 2016	SRR5678573	112.79	Belgium	Beer	Belgium	Europe		637.0	7. AU Wine 3	S1. Wine	2	3990.0	0.00042587	Heterozygous	euploid
XTRA_DYY	bread003	Gallone et al. 2016	SRR5678574	109.056	Belgium	Bread	Belgium	Europe		1908.0	21. Mixed Origins 2	S2. Beer	2	35747.0	0.00381546	Heterozygous	euploid
XTRA_DYZ	bread002	Gallone et al. 2016	SRR5678575	107.223	Belgium	Bread	Belgium	Europe		1909.0	21. Mixed Origins 2	S2. Beer	4	43307.0	0.00462238	Heterozygous	euploid
XTRA_DZA	beer009	Gallone et al. 2016	SRR5678576	113.249	United Kingdom: England	Beer	United Kingdom	Europe		1766.0	19. UK Beer	S2. Beer	4	33574.0	0.00358353	Heterozygous	aneu;+1*4;
XTRA_DZB	beer010	Gallone et al. 2016	SRR5678577	109.046	United Kingdom: Scotland	Beer	United Kingdom	Europe		1745.0	19. UK Beer	S2. Beer	4	32103.0	0.00342652	Heterozygous	euploid
XTRA_DZC	bioethanol004	Gallone et al. 2016	SRR5678578	119.985	China	Bioethanol	China	Asia		2602.0	31. Huangjiu	S3. Asian Fermentation	2	4816.0	0.00051404	Heterozygous	euploid
XTRA_DZD	bioethanol003	Gallone et al. 2016	SRR5678579	93.876	China	Bioethanol	China	Asia		2597.0	31. Huangjiu	S3. Asian Fermentation	2	4241.0	0.00045266	Heterozygous	euploid
XTRA_DZE	bread001	Gallone et al. 2016	SRR5678580	136.867		Bread				1927.0	21. Mixed Origins 2	S2. Beer	4	53093.0	0.00566689	Heterozygous	euploid
XTRA_DZF	bioethanol005	Gallone et al. 2016	SRR5678581	145.114	Brazil	Bioethanol	Brazil	South America		1304.0	11. Brazilian Bioethanol		2	16385.0	0.00174886	Heterozygous	euploid
XTRA_DZG	beer001	Gallone et al. 2016	SRR5678584	218.316	Belgium	Beer	Belgium	Europe		1742.0	19. UK Beer	S2. Beer	3	26542.0	0.00283297	Heterozygous	aneu;+1*2;+1*3;
XTRA_DZH	beer002	Gallone et al. 2016	SRR5678585	139.142	Bulgaria	Beer	Bulgaria	Europe		1336.0	12. Belgium Beer 1		2	10701.0	0.00114217	Heterozygous	euploid
XTRA_DZI	beer007	Gallone et al. 2016	SRR5678596	153.42	USA	Beer	USA	North America		1707.0	19. UK Beer	S2. Beer	4	23457.0	0.00250369	Heterozygous	aneu;-1*14;
XTRA_DZJ	beer008	Gallone et al. 2016	SRR5678600	136.718	Germany	Beer	Germany	Europe		1679.0	18. Belgium Beer 2	S2. Beer	4	29099.0	0.00310589	Heterozygous	euploid
XTRA_DZK	beer005	Gallone et al. 2016	SRR5678606	142.526	Belgium	Beer	Belgium	Europe		1887.0		S2. Beer	4	49002.0	0.00523024	Heterozygous	aneu;+2*9;
XTRA_DZL	beer006	Gallone et al. 2016	SRR5678607	212.558		Beer				1880.0	20. Mixed Origins 1	S2. Beer	4	50724.0	0.00541404	Heterozygous	euploid
XTRA_DZM	beer003	Gallone et al. 2016	SRR5678608	108.387	Ukraine	Beer	Ukraine	Europe		1332.0	12. Belgium Beer 1		?	151.0	1.61e-05	Homozygous	euploid
XTRA_DZN	beer004	Gallone et al. 2016	SRR5678609	153.128	Belgium	Beer	Belgium	Europe		1337.0	12. Belgium Beer 1		2	20235.0	0.00215979	Heterozygous	euploid
XTRA_DZO	bioethanol002	Gallone et al. 2016	SRR5678610	116.869	Brazil	Bioethanol	Brazil	South America		1320.0	11. Brazilian Bioethanol		2	25161.0	0.00268556	Heterozygous	euploid
XTRA_DZP	bioethanol001	Gallone et al. 2016	SRR5678612	136.664	China	Bioethanol	China	Asia		2595.0	31. Huangjiu	S3. Asian Fermentation	2	4396.0	0.00046921	Heterozygous	euploid
XTRA_DZQ	beer042	Gallone et al. 2016	SRR5678615	86.573	Belgium	Beer	Belgium	Europe		1701.0	19. UK Beer	S2. Beer	3	22292.0	0.00237934	Heterozygous	aneu;-1*10;+1*12;+1*16;
XTRA_DZR	beer041	Gallone et al. 2016	SRR5678616	93.8048	Belgium	Beer	Belgium	Europe		1686.0	18. Belgium Beer 2	S2. Beer	2	24971.0	0.00266528	Heterozygous	aneu;-1*1;+1*9;
XTRA_DZS	beer043	Gallone et al. 2016	SRR5678618	171.149	Belgium	Beer	Belgium	Europe		1659.0	18. Belgium Beer 2	S2. Beer	4	34842.0	0.00371887	Heterozygous	aneu;-1*1;
XTRA_DZT	wild003	Gallone et al. 2016	SRR5678624	218.686	Cote d'Ivoire	Wild	Ivory Coast	Africa		2152.0	26. West African Cocoa		2	7736.0	0.0008257	Heterozygous	euploid
XTRA_DZU	wild004	Gallone et al. 2016	SRR5678625	104.481	USA	Wild	USA	North America		2709.0	34. South American Wild	S4. Wild	?	97.0	1.04e-05	Homozygous	euploid
XTRA_DZV	wild001	Gallone et al. 2016	SRR5678626	153.202	Ghana	Wild	Ghana	Africa		2155.0	26. West African Cocoa		2	14223.0	0.00151809	Heterozygous	euploid
XTRA_DZW	wild002	Gallone et al. 2016	SRR5678627	164.57	Ghana	Wild	Ghana	Africa		2156.0	26. West African Cocoa		?	44.0	4.7e-06	Homozygous	euploid
XTRA_DZX	wine004	Gallone et al. 2016	SRR5678631	105.301	Germany	Wine	Germany	Europe		739.0	7. AU Wine 3	S1. Wine	2	3368.0	0.00035948	Heterozygous	euploid
XTRA_DZY	wine005	Gallone et al. 2016	SRR5678632	118.895	Germany	Wine	Germany	Europe		747.0	7. AU Wine 3	S1. Wine	2	2947.0	0.00031455	Heterozygous	euploid
XTRA_DZZ	wine006	Gallone et al. 2016	SRR5678633	124.747	Germany	Wine	Germany	Europe		171.0	1. AU Wine 1	S1. Wine	?	23.0	2.45e-06	Homozygous	euploid
XTRA_EAA	wine007	Gallone et al. 2016	SRR5678634	148.206	Germany	Wine	Germany	Europe		328.0	4. Commercial Wine	S1. Wine	2	13353.0	0.00142524	Heterozygous	euploid
XTRA_EAB	wine001	Gallone et al. 2016	SRR5678636	111.565	France	Wine	France	Europe		714.0	7. AU Wine 3	S1. Wine	2	5178.0	0.00055268	Heterozygous	euploid
XTRA_EAC	wine002	Gallone et al. 2016	SRR5678637	122.083	Russia	Wine	Russia	Europe		2743.0	35. Chinese Wild	S4. Wild	?	125.0	1.33e-05	Homozygous	euploid
XTRA_EAD	wine003	Gallone et al. 2016	SRR5678638	120.1	France	Wine	France	Europe		1168.0	8. AU Wine 4	S1. Wine	2	5673.0	0.00060551	Heterozygous	euploid
XTRA_EAE	wine008	Gallone et al. 2016	SRR5678639	102.821		Wine				1821.0	20. Mixed Origins 1	S2. Beer	2	23314.0	0.00248842	Heterozygous	aneu;+1*9;
XTRA_EAF	wine009	Gallone et al. 2016	SRR5678640	112.327	Germany	Wine	Germany	Europe		727.0	7. AU Wine 3	S1. Wine	2	4268.0	0.00045555	Heterozygous	euploid
XTRA_EAG	wine011	Gallone et al. 2016	SRR5678651	127.878	France	Wine	France	Europe		213.0	1. AU Wine 1	S1. Wine	2	4622.0	0.00049333	Heterozygous	euploid
XTRA_EAH	wine010	Gallone et al. 2016	SRR5678652	127.733	France	Wine	France	Europe		343.0	4. Commercial Wine	S1. Wine	2	14874.0	0.00158758	Heterozygous	aneu;+1*6;
XTRA_EAI	wine013	Gallone et al. 2016	SRR5678653	189.148	France	Wine	France	Europe		711.0	7. AU Wine 3	S1. Wine	2	4372.0	0.00046665	Heterozygous	euploid
XTRA_EAJ	wine012	Gallone et al. 2016	SRR5678654	130.314		Wine				1767.0	19. UK Beer	S2. Beer	4	33500.0	0.00357563	Heterozygous	euploid
XTRA_EAK	wine015	Gallone et al. 2016	SRR5678655	122.3	France	Wine	France	Europe		114.0	1. AU Wine 1	S1. Wine	?	23.0	2.45e-06	Homozygous	euploid
XTRA_EAL	wine014	Gallone et al. 2016	SRR5678656	134.881	Germany	Wine	Germany	Europe		410.0	5. Georgian Wine	S1. Wine	2	4588.0	0.0004897	Heterozygous	euploid
XTRA_EAM	wine017	Gallone et al. 2016	SRR5678657	213.136	Spain	Wine	Spain	Europe		1107.0	8. AU Wine 4	S1. Wine	2	7807.0	0.00083328	Heterozygous	euploid
XTRA_EAN	wine016	Gallone et al. 2016	SRR5678658	93.0082	Italy	Wine	Italy	Europe		2048.0	24. Lab Strains		2	33503.0	0.00357595	Heterozygous	euploid
XTRA_EAO	wine018	Gallone et al. 2016	SRR5678660	114.23		Wine				350.0	4. Commercial Wine	S1. Wine	2	12866.0	0.00137326	Heterozygous	euploid
XTRA_EAP	spirits004	Gallone et al. 2016	SRR5678661	93.466	Brazil	Spirits	Brazil	South America		1288.0			2	14877.0	0.0015879	Heterozygous	euploid
XTRA_EAQ	spirits003	Gallone et al. 2016	SRR5678662	131.733		Spirits				1900.0	21. Mixed Origins 2	S2. Beer	4	51933.0	0.00554308	Heterozygous	aneu;+1*10;
XTRA_EAR	spirits002	Gallone et al. 2016	SRR5678663	136.049	France	Spirits	France	Europe		712.0	7. AU Wine 3	S1. Wine	2	4378.0	0.00046729	Heterozygous	euploid
XTRA_EAS	spirits001	Gallone et al. 2016	SRR5678664	289.467		Spirits				1874.0	20. Mixed Origins 1	S2. Beer	4	49799.0	0.00531531	Heterozygous	euploid
XTRA_EAT	spirits007	Gallone et al. 2016	SRR5678666	101.198	United Kingdom: Scotland	Spirits	United Kingdom	Europe		1640.0		S2. Beer	3	44074.0	0.00470425	Heterozygous	euploid
XTRA_EAU	spirits006	Gallone et al. 2016	SRR5678667	178.679	Brazil	Spirits	Brazil	South America		1287.0			?	46.0	4.9100000000000004e-06	Homozygous	euploid
XTRA_EAV	spirits005	Gallone et al. 2016	SRR5678668	124.801	Brazil	Spirits	Brazil	South America		1663.0	18. Belgium Beer 2	S2. Beer	4	30223.0	0.00322586	Heterozygous	aneu;+1*8;
XTRA_EAW	beer030	Gallone et al. 2016	SRR5678671	194.202	Belgium	Beer	Belgium	Europe		378.0		S1. Wine	2	6649.0	0.00070968	Heterozygous	aneu;+1*14;
XTRA_EAX	beer029	Gallone et al. 2016	SRR5678672	93.8705	Belgium	Beer	Belgium	Europe		1875.0	20. Mixed Origins 1	S2. Beer	4	50223.0	0.00536056	Heterozygous	euploid
XTRA_EAY	beer028	Gallone et al. 2016	SRR5678673	130.195	Belgium	Beer	Belgium	Europe		1881.0	20. Mixed Origins 1	S2. Beer	4	50740.0	0.00541574	Heterozygous	euploid
XTRA_EAZ	beer027	Gallone et al. 2016	SRR5678674	95.6398	Belgium	Beer	Belgium	Europe		1338.0	12. Belgium Beer 1		2	17725.0	0.00189188	Heterozygous	euploid
XTRA_EBA	beer026	Gallone et al. 2016	SRR5678675	139.746	Belgium	Beer	Belgium	Europe		1665.0	18. Belgium Beer 2	S2. Beer	4	30733.0	0.00328029	Heterozygous	euploid
XTRA_EBB	beer025	Gallone et al. 2016	SRR5678676	133.242	Belgium	Beer	Belgium	Europe		1920.0	21. Mixed Origins 2	S2. Beer	4	51924.0	0.00554212	Heterozygous	euploid
XTRA_EBC	beer024	Gallone et al. 2016	SRR5678677	114.096	Belgium	Beer	Belgium	Europe		729.0	7. AU Wine 3	S1. Wine	2	4008.0	0.0004278	Heterozygous	euploid
XTRA_EBD	beer023	Gallone et al. 2016	SRR5678678	108.496	Belgium	Beer	Belgium	Europe		1891.0	21. Mixed Origins 2	S2. Beer	4	50626.0	0.00540358	Heterozygous	aneu;+2*1;
XTRA_EBE	beer022	Gallone et al. 2016	SRR5678679	121.407	Belgium	Beer	Belgium	Europe		1666.0	18. Belgium Beer 2	S2. Beer	4	31114.0	0.00332096	Heterozygous	aneu;+1*8;
XTRA_EBF	beer021	Gallone et al. 2016	SRR5678680	112.014	Canada	Beer	Canada	North America		1365.0	12. Belgium Beer 1		2	18163.0	0.00193863	Heterozygous	euploid
XTRA_EBG	beer039	Gallone et al. 2016	SRR5678681	208.624	Czech Republic	Beer	Czech Republic	Czech Republic		1343.0	12. Belgium Beer 1		2	12773.0	0.00136333	Heterozygous	aneu;+1*14;
XTRA_EBH	beer040	Gallone et al. 2016	SRR5678682	113.839	USA	Beer	USA	North America		1344.0	12. Belgium Beer 1		2	13159.0	0.00140453	Heterozygous	aneu;+1*14;
XTRA_EBI	beer031	Gallone et al. 2016	SRR5678683	116.227	Belgium	Beer	Belgium	Europe		1672.0	18. Belgium Beer 2	S2. Beer	4	25666.0	0.00273947	Heterozygous	aneu;+1*1;+2*9;
XTRA_EBJ	beer032	Gallone et al. 2016	SRR5678684	108.267	United Kingdom: England	Beer	United Kingdom	Europe		1361.0	12. Belgium Beer 1		2	17475.0	0.0018652	Heterozygous	euploid
XTRA_EBK	beer033	Gallone et al. 2016	SRR5678685	129.022	United Kingdom: England	Beer	United Kingdom	Europe		710.0	7. AU Wine 3	S1. Wine	2	4679.0	0.00049941	Heterozygous	euploid
XTRA_EBL	beer034	Gallone et al. 2016	SRR5678686	117.539	Belgium	Beer	Belgium	Europe		1369.0	12. Belgium Beer 1		?	294.0	3.14e-05	Homozygous	euploid
XTRA_EBM	beer035	Gallone et al. 2016	SRR5678687	214.373	Belgium: (UK origin)	Beer	Belgium	Europe		1716.0	19. UK Beer	S2. Beer	4	27901.0	0.00297802	Heterozygous	aneu;-2*1;
XTRA_EBN	beer036	Gallone et al. 2016	SRR5678688	123.385	Belgium: (UK origin)	Beer	Belgium	Europe		1746.0	19. UK Beer	S2. Beer	4	32879.0	0.00350935	Heterozygous	euploid
XTRA_EBO	beer037	Gallone et al. 2016	SRR5678689	127.359	Belgium: (UK origin)	Beer	Belgium	Europe		1749.0	19. UK Beer	S2. Beer	4	28823.0	0.00307643	Heterozygous	aneu;-1*1;+1*5;
XTRA_EBP	beer038	Gallone et al. 2016	SRR5678690	113.76		Beer				1898.0	21. Mixed Origins 2	S2. Beer	4	51571.0	0.00550444	Heterozygous	aneu;+1*3;
XTRA_EBQ	beer045	Gallone et al. 2016	SRR5688143	113.951	United Kingdom: England	Beer	United Kingdom	Europe		1733.0	19. UK Beer	S2. Beer	4	31940.0	0.00340912	Heterozygous	aneu;+2*1;+2*3;-1*4;+2*6;+1*9;
XTRA_EBR	beer046	Gallone et al. 2016	SRR5688145	88.2646	Germany	Beer	Germany	Europe		1680.0	18. Belgium Beer 2	S2. Beer	4	28333.0	0.00302413	Heterozygous	aneu;+2*3;
XTRA_EBS	beer047	Gallone et al. 2016	SRR5688147	140.524	Ireland	Beer	Ireland	Europe		1771.0	19. UK Beer	S2. Beer	4	33655.0	0.00359217	Heterozygous	aneu;-1*4;
XTRA_EBT	beer048	Gallone et al. 2016	SRR5688149	149.648	United Kingdom: England	Beer	United Kingdom	Europe		1752.0	19. UK Beer	S2. Beer	4	33065.0	0.0035292	Heterozygous	aneu;+5*9;
XTRA_EBU	beer049	Gallone et al. 2016	SRR5688151	133.686	United Kingdom: England	Beer	United Kingdom	Europe		1755.0	19. UK Beer	S2. Beer	4	31848.0	0.0033993	Heterozygous	aneu;+1*3;
XTRA_EBV	beer050	Gallone et al. 2016	SRR5688153	135.377	United Kingdom: England	Beer	United Kingdom	Europe		1730.0	19. UK Beer	S2. Beer	4	31245.0	0.00333494	Heterozygous	aneu;+2*1;-2*12;-1*16;+2*3;-1*4;+2*6;+1*9;
XTRA_EBW	beer051	Gallone et al. 2016	SRR5688155	146.842	USA	Beer	USA	North America		1702.0	19. UK Beer	S2. Beer	4	27211.0	0.00290437	Heterozygous	aneu;+2*6;+2*9;
XTRA_EBX	beer052	Gallone et al. 2016	SRR5688157	137.309	Australia	Beer	Australia	Oceania		1646.0		S2. Beer	4	39973.0	0.00426653	Heterozygous	aneu;+2*1;-1*13;+2*3;-1*4;+2*6;
XTRA_EBY	beer053	Gallone et al. 2016	SRR5688159	90.4527		Beer				1764.0	19. UK Beer	S2. Beer	4	31971.0	0.00341243	Heterozygous	aneu;+1*2;
XTRA_EBZ	beer054	Gallone et al. 2016	SRR5688161	96.2343	United Kingdom: England	Beer	United Kingdom	Europe		1756.0	19. UK Beer	S2. Beer	4	31774.0	0.0033914	Heterozygous	aneu;+1*3;
XTRA_ECA	beer055	Gallone et al. 2016	SRR5688163	123.106	United Kingdom: England	Beer	United Kingdom	Europe		1737.0	19. UK Beer	S2. Beer	3	26155.0	0.00279166	Heterozygous	aneu;+2*3;-1*4;
XTRA_ECB	beer056	Gallone et al. 2016	SRR5688165	105.117	United Kingdom: England	Beer	United Kingdom	Europe		1743.0	19. UK Beer	S2. Beer	4	32958.0	0.00351778	Heterozygous	aneu;+2*10;-1*15;+3*3;
XTRA_ECC	beer057	Gallone et al. 2016	SRR5688167	136.788	United Kingdom: England	Beer	United Kingdom	Europe		1724.0	19. UK Beer	S2. Beer	4	32373.0	0.00345534	Heterozygous	euploid
XTRA_ECD	beer058	Gallone et al. 2016	SRR5688169	91.3375	United Kingdom: England	Beer	United Kingdom	Europe		1699.0	19. UK Beer	S2. Beer	4	35662.0	0.00380639	Heterozygous	aneu;+1*1;+1*13;+1*3;-1*4;
XTRA_ECE	beer059	Gallone et al. 2016	SRR5688171	98.4501	United Kingdom: England	Beer	United Kingdom	Europe		1359.0	12. Belgium Beer 1		2	17115.0	0.00182677	Heterozygous	aneu;+2*6;
XTRA_ECF	beer060	Gallone et al. 2016	SRR5688173	177.845	United Kingdom: Scotland	Beer	United Kingdom	Europe		1718.0	19. UK Beer	S2. Beer	4	30195.0	0.00322287	Heterozygous	euploid
XTRA_ECG	beer061	Gallone et al. 2016	SRR5688175	74.0615	Germany	Beer	Germany	Europe		1894.0	21. Mixed Origins 2	S2. Beer	4	50216.0	0.00535981	Heterozygous	aneu;+3*6;
XTRA_ECH	beer062	Gallone et al. 2016	SRR5688177	140.442	United Kingdom: England	Beer	United Kingdom	Europe		1362.0	12. Belgium Beer 1		2	15120.0	0.00161384	Heterozygous	euploid
XTRA_ECI	beer063	Gallone et al. 2016	SRR5688179	175.598	United Kingdom: England	Beer	United Kingdom	Europe		1348.0	12. Belgium Beer 1		2	15304.0	0.00163348	Heterozygous	aneu;+1*14;
XTRA_ECJ	beer064	Gallone et al. 2016	SRR5688181	151.702	United Kingdom: England	Beer	United Kingdom	Europe		1760.0	19. UK Beer	S2. Beer	4	32726.0	0.00349302	Heterozygous	aneu;+1*2;-1*7;
XTRA_ECK	beer065	Gallone et al. 2016	SRR5688183	103.326	USA	Beer	USA	North America		1703.0	19. UK Beer	S2. Beer	4	26153.0	0.00279145	Heterozygous	euploid
XTRA_ECL	beer066	Gallone et al. 2016	SRR5688185	81.7253	USA	Beer	USA	North America		1726.0	19. UK Beer	S2. Beer	4	30972.0	0.0033058	Heterozygous	aneu;+2*3;+1*6;+1*9;
XTRA_ECM	beer067	Gallone et al. 2016	SRR5688187	199.332	United Kingdom: England	Beer	United Kingdom	Europe		1711.0	19. UK Beer	S2. Beer	4	23947.0	0.00255599	Heterozygous	aneu;-2*4;+1*6;
XTRA_ECN	beer068	Gallone et al. 2016	SRR5688189	25.0501	USA	Beer	USA	North America		1715.0	19. UK Beer	S2. Beer	4	21783.0	0.00232501	Heterozygous	euploid
XTRA_ECO	beer069	Gallone et al. 2016	SRR5688191	118.475	USA	Beer	USA	North America		1739.0	19. UK Beer	S2. Beer	4	34234.0	0.00365397	Heterozygous	aneu;+2*3;
XTRA_ECP	beer070	Gallone et al. 2016	SRR5688193	44.5078	France	Beer	France	Europe		1765.0	19. UK Beer	S2. Beer	4	31451.0	0.00335693	Heterozygous	aneu;+2*1;-1*10;+2*6;-1*8;
XTRA_ECQ	beer071	Gallone et al. 2016	SRR5688195	171.133	USA	Beer	USA	North America		1706.0	19. UK Beer	S2. Beer	4	23727.0	0.00253251	Heterozygous	euploid
XTRA_ECR	beer072	Gallone et al. 2016	SRR5688197	98.0915	Germany	Beer	Germany	Europe		1653.0		S2. Beer	4	25169.0	0.00268642	Heterozygous	aneu;+2*2;+1*5;-1*8;
XTRA_ECS	beer073	Gallone et al. 2016	SRR5688199	151.883	Germany	Beer	Germany	Europe		1689.0	18. Belgium Beer 2	S2. Beer	4	27413.0	0.00292593	Heterozygous	euploid
XTRA_ECT	beer074	Gallone et al. 2016	SRR5688201	146.602	Germany	Beer	Germany	Europe		1648.0		S2. Beer	4	25044.0	0.00267308	Heterozygous	aneu;+3*9;
XTRA_ECU	beer075	Gallone et al. 2016	SRR5688203	181.457	Belgium	Beer	Belgium	Europe		1670.0	18. Belgium Beer 2	S2. Beer	4	26955.0	0.00287705	Heterozygous	aneu;+2*9;
XTRA_ECV	beer076	Gallone et al. 2016	SRR5688205	182.163	Belgium	Beer	Belgium	Europe		1662.0	18. Belgium Beer 2	S2. Beer	4	29279.0	0.0031251	Heterozygous	aneu;+2*3;+2*9;
XTRA_ECW	beer077	Gallone et al. 2016	SRR5688207	138.875	Belgium	Beer	Belgium	Europe		1669.0	18. Belgium Beer 2	S2. Beer	4	28883.0	0.00308283	Heterozygous	euploid
XTRA_ECX	beer078	Gallone et al. 2016	SRR5688209	146.402	Belgium	Beer	Belgium	Europe		1673.0	18. Belgium Beer 2	S2. Beer	4	26906.0	0.00287182	Heterozygous	aneu;+2*1;+3*9;
XTRA_ECY	beer079	Gallone et al. 2016	SRR5688211	133.034	Belgium	Beer	Belgium	Europe		1747.0	19. UK Beer	S2. Beer	4	32294.0	0.00344691	Heterozygous	aneu;+2*5;
XTRA_ECZ	beer080	Gallone et al. 2016	SRR5688213	117.462	Belgium	Beer	Belgium	Europe		1366.0	12. Belgium Beer 1		2	11950.0	0.00127549	Heterozygous	aneu;+1*1;+1*3;-1*4;+1*6;
XTRA_EDA	beer081	Gallone et al. 2016	SRR5688215	108.256	Belgium	Beer	Belgium	Europe		1660.0	18. Belgium Beer 2	S2. Beer	4	35798.0	0.00382091	Heterozygous	euploid
XTRA_EDB	beer082	Gallone et al. 2016	SRR5688217	134.27	Belgium	Beer	Belgium	Europe		1712.0	19. UK Beer	S2. Beer	4	23438.0	0.00250166	Heterozygous	euploid
XTRA_EDC	beer083	Gallone et al. 2016	SRR5688219	62.3268	Belgium	Beer	Belgium	Europe		1368.0	12. Belgium Beer 1		?	330.0	3.52e-05	Homozygous	euploid
XTRA_EDD	beer084	Gallone et al. 2016	SRR5688221	156.694	Belgium	Beer	Belgium	Europe		1370.0	12. Belgium Beer 1		?	279.0	2.98e-05	Homozygous	euploid
XTRA_EDE	beer085	Gallone et al. 2016	SRR5688223	271.53	Belgium	Beer	Belgium	Europe		1340.0	12. Belgium Beer 1		2	18606.0	0.00198592	Heterozygous	aneu;+1*3;-1*4;
XTRA_EDF	beer086	Gallone et al. 2016	SRR5688225	144.778	Belgium	Beer	Belgium	Europe		1354.0	12. Belgium Beer 1		2	16922.0	0.00180617	Heterozygous	aneu;+1*1;+1*3;-1*4;+1*6;-1*7;+1*8;
XTRA_EDG	beer087	Gallone et al. 2016	SRR5688227	149.838	Germany	Beer	Germany	Europe		1691.0	18. Belgium Beer 2	S2. Beer	4	28180.0	0.0030078	Heterozygous	euploid
XTRA_EDH	beer088	Gallone et al. 2016	SRR5688229	145.137	Germany	Beer	Germany	Europe		724.0		S1. Wine	2	2996.0	0.00031978	Heterozygous	aneu;-1*4;
XTRA_EDI	beer089	Gallone et al. 2016	SRR5688231	103.605	Germany	Beer	Germany	Europe		1748.0	19. UK Beer	S2. Beer	4	32253.0	0.00344253	Heterozygous	aneu;-1*4;+3*5;
XTRA_EDJ	beer090	Gallone et al. 2016	SRR5688233	142.386	United Kingdom: England	Beer	United Kingdom	Europe		1728.0	19. UK Beer	S2. Beer	4	30992.0	0.00330794	Heterozygous	aneu;+1*1;+2*3;+1*9;
XTRA_EDK	beer091	Gallone et al. 2016	SRR5688235	218.199	Germany	Beer	Germany	Europe		1364.0	12. Belgium Beer 1		2	15040.0	0.0016053	Heterozygous	aneu;+2*1;+2*10;+1*11;+2*12;+2*14;+2*15;+2*2;+2*3;+2*5;+2*6;+1*7;+2*8;+2*9;
XTRA_EDL	beer092	Gallone et al. 2016	SRR5688237	153.325	Belgium	Beer	Belgium	Europe		1352.0	12. Belgium Beer 1		4	8555.0	0.00091312	Heterozygous	aneu;+5*1;+3*11;+3*3;+5*5;+5*6;
XTRA_EDM	beer093	Gallone et al. 2016	SRR5688239	175.572	Germany	Beer	Germany	Europe		1649.0		S2. Beer	4	21270.0	0.00227026	Heterozygous	aneu;+1*11;+2*9;
XTRA_EDN	beer094	Gallone et al. 2016	SRR5688241	120.941	Germany	Beer	Germany	Europe		1731.0	19. UK Beer	S2. Beer	4	31111.0	0.00332064	Heterozygous	aneu;+2*2;-1*4;+2*9;
XTRA_EDO	beer095	Gallone et al. 2016	SRR5688243	209.802		Beer				1643.0		S2. Beer	4	40006.0	0.00427005	Heterozygous	aneu;+1*1;-1*13;+1*3;-2*4;+1*6;
XTRA_EDP	beer096	Gallone et al. 2016	SRR5688245	244.448		Beer				1644.0		S2. Beer	4	40005.0	0.00426994	Heterozygous	aneu;+1*1;-2*12;-1*13;+1*3;-1*4;+2*6;
XTRA_EDQ	beer097	Gallone et al. 2016	SRR5688247	242.645		Beer				1642.0		S2. Beer	4	40007.0	0.00427015	Heterozygous	aneu;+1*1;-1*13;+1*3;-2*4;+2*6;
XTRA_EDR	beer098	Gallone et al. 2016	SRR5688249	252.453	USA	Beer	USA	North America		1709.0	19. UK Beer	S2. Beer	4	23125.0	0.00246825	Heterozygous	aneu;-1*4;+1*6;
XTRA_EDS	beer099	Gallone et al. 2016	SRR5688251	314.309	United Kingdom: England	Beer	United Kingdom	Europe		1734.0	19. UK Beer	S2. Beer	4	31916.0	0.00340656	Heterozygous	aneu;+1*1;-2*12;+2*3;-1*4;+1*6;
XTRA_EDT	beer100	Gallone et al. 2016	SRR5688253	185.097	United Kingdom: England	Beer	United Kingdom	Europe		1762.0	19. UK Beer	S2. Beer	4	33130.0	0.00353614	Heterozygous	aneu;+2*2;+1*3;-1*4;-1*7;
XTRA_EDU	beer101	Gallone et al. 2016	SRR5688255	171.674	United Kingdom: England	Beer	United Kingdom	Europe		1754.0	19. UK Beer	S2. Beer	4	32823.0	0.00350337	Heterozygous	euploid
XTRA_EDV	beer102	Gallone et al. 2016	SRR5688257	211.562	USA	Beer	USA	North America		1710.0	19. UK Beer	S2. Beer	4	23602.0	0.00251916	Heterozygous	aneu;-1*4;+1*6;
XTRA_EDW	laboratory002	Gallone et al. 2016	SRR5688259	256.543	not applicable	Lab				2078.0	24. Lab Strains		?	17.0	1.81e-06	Homozygous	aneu;+1*1;
XTRA_EDX	spirits008	Gallone et al. 2016	SRR5688261	147.313	United Kingdom: Scotland	Spirits	United Kingdom	Europe		1641.0		S2. Beer	3	38450.0	0.00410397	Heterozygous	euploid
XTRA_EDY	spirits009	Gallone et al. 2016	SRR5688263	150.664	USA	Spirits	USA	North America		1843.0		S2. Beer	3	31951.0	0.0034103	Heterozygous	aneu;+1*11;+1*15;+1*2;+2*6;
XTRA_EDZ	spirits010	Gallone et al. 2016	SRR5688265	158.658		Spirits				1639.0			3	37971.0	0.00405284	Heterozygous	aneu;-1*4;
XTRA_EEA	spirits011	Gallone et al. 2016	SRR5688267	185.591		Spirits				732.0	7. AU Wine 3	S1. Wine	2	3256.0	0.00034753	Heterozygous	aneu;+1*8;
XTRA_EEB	wild005	Gallone et al. 2016	SRR5688269	110.067	Denmark	Wild	Denmark	Europe		1928.0	21. Mixed Origins 2	S2. Beer	4	52698.0	0.00562473	Heterozygous	aneu;+2*1;+1*3;+1*6;
XTRA_EEC	wild006	Gallone et al. 2016	SRR5688271	204.156	Denmark	Wild	Denmark	Europe		1929.0	21. Mixed Origins 2	S2. Beer	4	52898.0	0.00564608	Heterozygous	aneu;+3*1;+1*14;+1*3;+2*5;+5*6;
XTRA_EED	wild007	Gallone et al. 2016	SRR5688273	168.624	Denmark	Wild	Denmark	Europe		1930.0	21. Mixed Origins 2	S2. Beer	4	52854.0	0.00564138	Heterozygous	aneu;+2*1;-1*4;
XTRA_EEE	wine019	Gallone et al. 2016	SRR5688275	100.286		Wine				1334.0	11. Brazilian Bioethanol		?	220.0	2.35e-05	Homozygous	aneu;+1*3;
XTRA_EEF	FJ7	Duan et al. 2018	SRR7851676	255.664	China:Wuyi Mountain, Fujian	Bark of Hovenia acerba, primeval forest	China	Asia		2773.0	35. Chinese Wild	S4. Wild	?	74.0	7.9e-06	Homozygous	euploid
XTRA_EEG	F3-4	Duan et al. 2018	SRR7851677	243.389	China:Bayangaole, Inner Mongolia	Fermented mare's milk (kumis)	Mongolia	Asia		1402.0	13. French Dairy		2	12869.0	0.00137358	Heterozygous	euploid
XTRA_EEH	JZ1-4	Duan et al. 2018	SRR7851678	182.194	China:Jiangzi, Tibet	Fermented cow milk	China	Asia		1409.0	13. French Dairy		2	24396.0	0.00260391	Heterozygous	euploid
XTRA_EEI	LM1-2	Duan et al. 2018	SRR7851679	231.265	China:Naqu, Tibet	Fermented yak milk	China	Asia		1392.0	13. French Dairy		3	24210.0	0.00258406	Heterozygous	euploid
XTRA_EEJ	NQ13-1	Duan et al. 2018	SRR7851680	207.782	China:Naqu, Tibet	Fermented mixed goat and yak milk	China	Asia		1393.0	13. French Dairy		3	24499.0	0.00261491	Heterozygous	euploid
XTRA_EEK	QH1-3	Duan et al. 2018	SRR7851681	239.279	China:Hainan prefecture, Qinghai	Fermented yak milk	China	Asia		1384.0			3	30015.0	0.00320366	Heterozygous	euploid
XTRA_EEL	QH21-3	Duan et al. 2018	SRR7851682	207.919	China:Delingha, Qinghai	Fermented yak milk	China	Asia		1385.0			3	26169.0	0.00279315	Heterozygous	aneu;+1*1;
XTRA_EEM	QH25-4	Duan et al. 2018	SRR7851683	253.43	China:Delingha, Qinghai	Fermented mixed goat and yak milk	China	Asia		1383.0			3	27960.0	0.00298432	Heterozygous	aneu;+1*1;+1*3;+1*6;
XTRA_EEN	QH45-2	Duan et al. 2018	SRR7851684	161.768	China:Haibei prefecture, Qinghai	Fermented yak milk	China	Asia		1382.0			3	29087.0	0.00310461	Heterozygous	euploid
XTRA_EEO	WM7-1	Duan et al. 2018	SRR7851685	225.576	Mongolia	Fermented goat milk	Mongolia	Asia		1381.0	13. French Dairy		2	4772.0	0.00050934	Heterozygous	aneu;+1*1;+1*3;+1*6;+1*9;
XTRA_EEP	WM11-3	Duan et al. 2018	SRR7851686	181.182	Mongolia	Fermented mixed goat and yak milk	Mongolia	Asia		1390.0	13. French Dairy		3	24507.0	0.00261576	Heterozygous	euploid
XTRA_EEQ	BJ16	Duan et al. 2018	SRR7851687	164.516	China:Dongling Mountain, Beijing	Bark of Quercus wutaishanica, secondary forest	China	Asia		2757.0	35. Chinese Wild	S4. Wild	?	133.0	1.42e-05	Homozygous	euploid
XTRA_EER	BJ15	Duan et al. 2018	SRR7851688	142.265	China:Dongling Mountain, Beijing	Bark of Quercus wutaishanica, secondary forest	China	Asia		2758.0	35. Chinese Wild	S4. Wild	?	173.0	1.85e-05	Homozygous	euploid
XTRA_EES	BJ18	Duan et al. 2018	SRR7851689	183.43	China:Dongling Mountain, Beijing	Bark of Quercus wutaishanica, secondary forest	China	Asia		2746.0	35. Chinese Wild	S4. Wild	?	191.0	2.04e-05	Homozygous	euploid
XTRA_EET	BJ17	Duan et al. 2018	SRR7851690	248.204	China:Dongling Mountain, Beijing	Bark of Quercus wutaishanica, secondary forest	China	Asia		2747.0	35. Chinese Wild	S4. Wild	?	181.0	1.93e-05	Homozygous	euploid
XTRA_EEU	BJ19	Duan et al. 2018	SRR7851692	341.898	China:Dongling Mountain, Beijing	Bark of Quercus wutaishanica, secondary forest	China	Asia		2759.0	35. Chinese Wild	S4. Wild	?	128.0	1.37e-05	Homozygous	euploid
XTRA_EEV	BJ22	Duan et al. 2018	SRR7851693	150.021	China:Dongling Mountain, Beijing	Bark of Carya cathayensis, secondary forest	China	Asia		2755.0	35. Chinese Wild	S4. Wild	?	156.0	1.67e-05	Homozygous	aneu;+2*1;+1*3;
XTRA_EEW	BJ21	Duan et al. 2018	SRR7851694	188.443	China:Dongling Mountain, Beijing	Bark of Carya cathayensis, secondary forest	China	Asia		2752.0	35. Chinese Wild	S4. Wild	?	137.0	1.46e-05	Homozygous	euploid
XTRA_EEX	BJ24	Duan et al. 2018	SRR7851695	145.245	China:Dongling Mountain, Beijing	Bark of Ulmus macrocarpa, secondary forest	China	Asia		2756.0	35. Chinese Wild	S4. Wild	?	137.0	1.46e-05	Homozygous	euploid
XTRA_EEY	BJ23	Duan et al. 2018	SRR7851696	97.7076	China:Dongling Mountain, Beijing	Bark of Ulmus macrocarpa, secondary forest	China	Asia	Single-End reads	2751.0	35. Chinese Wild	S4. Wild	?	109.0	1.16e-05	Homozygous	aneu;+1*1;
XTRA_EEZ	NGS21L.1	Duan et al. 2018	SRR7851697	218.212	China:Nangong Mountain, Hubei	Bark, primeval forest	China	Asia		2730.0		S4. Wild	?	63.0	6.72e-06	Homozygous	euploid
XTRA_EFA	BJ25	Duan et al. 2018	SRR7851698	122.426	China:Dongling Mountain, Beijing	Bark of Ulmus macrocarpa, secondary forest	China	Asia		2749.0	35. Chinese Wild	S4. Wild	?	173.0	1.85e-05	Homozygous	euploid
XTRA_EFB	JZ10.1	Duan et al. 2018	SRR7851699	174.876	China:Guangyuan, Sichuan	Dry fermented dough	China	Asia		2508.0	30. Mantou	S3. Asian Fermentation	3	7044.0	0.00075184	Heterozygous	euploid
XTRA_EFC	LJQ13.C7	Duan et al. 2018	SRR7851700	120.865	China:Yanan, Shanxi	Fermenting dough	China	Asia		2531.0	30. Mantou	S3. Asian Fermentation	2	7715.0	0.00082346	Heterozygous	euploid
XTRA_EFD	JT94.11	Duan et al. 2018	SRR7851701	181.581	China:Shangqiu, Henan	Dry fermented dough	China	Asia		2509.0	30. Mantou	S3. Asian Fermentation	2	9849.0	0.00105124	Heterozygous	euploid
XTRA_EFE	JTHB1	Duan et al. 2018	SRR7851702	242.313	China:Chengcheng, Shanxi	Dry fermented dough	China	Asia		2518.0	30. Mantou	S3. Asian Fermentation	2	4640.0	0.00049525	Heterozygous	euploid
XTRA_EFF	JT49.1	Duan et al. 2018	SRR7851703	205.078	China:Zhouzhi, Shanxi	Dry fermented dough	China	Asia		2522.0	30. Mantou	S3. Asian Fermentation	2	7499.0	0.00080041	Heterozygous	euploid
XTRA_EFG	JT49.3	Duan et al. 2018	SRR7851704	202.356	China:Xian, Shanxi	Dry fermented dough	China	Asia		2523.0	30. Mantou	S3. Asian Fermentation	2	5619.0	0.00059975	Heterozygous	euploid
XTRA_EFH	JT21.3	Duan et al. 2018	SRR7851705	152.917	China:Chengcheng, Shanxi	Dry fermented dough	China	Asia		2538.0	30. Mantou	S3. Asian Fermentation	2	1549.0	0.00016533	Heterozygous	euploid
XTRA_EFI	JT43.1	Duan et al. 2018	SRR7851706	148.827	China:Baoji, Shanxi	Dry fermented dough	China	Asia		2539.0	30. Mantou	S3. Asian Fermentation	3	4736.0	0.0005055	Heterozygous	euploid
XTRA_EFJ	JT10.10	Duan et al. 2018	SRR7851707	88.151	China:Huiyang, Shanxi	Dry fermented dough	China	Asia		2536.0	30. Mantou	S3. Asian Fermentation	2	2781.0	0.00029683	Heterozygous	euploid
XTRA_EFK	JT21.1	Duan et al. 2018	SRR7851708	169.761	China:Chengcheng, Shanxi	Dry fermented dough	China	Asia		2540.0	30. Mantou	S3. Asian Fermentation	3	3668.0	0.00039151	Heterozygous	aneu;+1*1;
XTRA_EFL	FJ4	Duan et al. 2018	SRR7851709	228.29	China:Wuyi Mountain, Fujian	Bark of Castanea mollissima, planted tree	China	Asia		2874.0	37. Taiwan Wild 1	S4. Wild	?	110.0	1.17e-05	Homozygous	euploid
XTRA_EFM	CJM19.6	Duan et al. 2018	SRR7851710	251.566	China:Yuncheng, Shandong	Fermenting dough	China	Asia		2324.0	28. Baiju	S3. Asian Fermentation	3	36091.0	0.00385218	Heterozygous	aneu;+3*1;+2*3;+2*6;+1*9;
XTRA_EFN	CJM19.5	Duan et al. 2018	SRR7851711	129.146	China:Yuncheng, Shandong	Fermenting dough	China	Asia		2326.0	28. Baiju	S3. Asian Fermentation	3	32070.0	0.003423	Heterozygous	aneu;+1*12;
XTRA_EFO	WL3	Duan et al. 2018	SRR7851712	131.646	China:Wulanchabu, Inner Mongolia	Fermenting dough	Mongolia	Asia		2250.0			3	35010.0	0.0037368	Heterozygous	aneu;+3*1;+1*11;+3*3;+1*5;+3*6;+1*8;+2*9;
XTRA_EFP	BT4	Duan et al. 2018	SRR7851713	215.084	China:Baotou, Inner Mongolia	Fermenting dough	Mongolia	Asia		2253.0			3	37215.0	0.00397215	Heterozygous	aneu;+1*12;
XTRA_EFQ	BT3	Duan et al. 2018	SRR7851714	213.565	China:Baotou, Inner Mongolia	Fermenting dough	Mongolia	Asia		2249.0			3	29533.0	0.00315221	Heterozygous	aneu;+3*1;+3*3;+1*5;+3*6;+2*8;+2*9;
XTRA_EFR	BT2.8	Duan et al. 2018	SRR7851715	227.509	China:Baotou, Inner Mongolia	Fermenting dough	Mongolia	Asia		2252.0			3	37256.0	0.00397653	Heterozygous	aneu;+2*12;
XTRA_EFS	BT2.6	Duan et al. 2018	SRR7851716	270.253	China:Baotou, Inner Mongolia	Fermenting dough	Mongolia	Asia		2254.0			3	35794.0	0.00382048	Heterozygous	aneu;+1*1;+1*3;+1*6;
XTRA_EFT	BT1.1	Duan et al. 2018	SRR7851717	135.218	China:Baotou, Inner Mongolia	Fermenting dough	Mongolia	Asia		2251.0			3	37205.0	0.00397108	Heterozygous	aneu;+1*12;
XTRA_EFU	XJ7.3	Duan et al. 2018	SRR7851718	157.995	China:Yili, Xinjiang	Fermenting dough	China	Asia		2300.0			2	26400.0	0.00281781	Heterozygous	euploid
XTRA_EFV	XJ2	Duan et al. 2018	SRR7851719	117.817	China:Korla, Xinjiang	Apple, orchard	China	Asia		2286.0			2	1759.0	0.00018775	Heterozygous	euploid
XTRA_EFW	BJ3	Duan et al. 2018	SRR7851720	245.837	China:Shunyi, Beijing	Grape, orchard	China	Asia		2762.0	35. Chinese Wild	S4. Wild	?	94.0	1e-05	Homozygous	euploid
XTRA_EFX	FJ3	Duan et al. 2018	SRR7851721	251.521	China:Wuyi Mountain, Fujian	Bark of Castanea mollissima, planted tree	China	Asia		2877.0	37. Taiwan Wild 1	S4. Wild	?	89.0	9.5e-06	Homozygous	aneu;+1*1;
XTRA_EFY	SX5	Duan et al. 2018	SRR7851722	104.577	China:Qinling Mountain, Shaanxi	Bark of Quercus fabri, primeval forest	China	Asia		2769.0	35. Chinese Wild	S4. Wild	?	98.0	1.05e-05	Homozygous	euploid
XTRA_EFZ	SX6	Duan et al. 2018	SRR7851723	139.477	China:Qinling Mountain, Shaanxi	Bark of Quercus fabri, primeval forest	China	Asia		2765.0	35. Chinese Wild	S4. Wild	?	149.0	1.59e-05	Homozygous	euploid
XTRA_EGA	SX4	Duan et al. 2018	SRR7851725	173.709	China:Qinling Mountain, Shaanxi	Bark of a Fagaceae tree, primeval forest	China	Asia		2766.0	35. Chinese Wild	S4. Wild	?	90.0	9.61e-06	Homozygous	euploid
XTRA_EGB	JXXY16.1	Duan et al. 2018	SRR7851726	237.571	China:Xiangxiyuan, Shennongjia, Hubei	Bark, primeval forest	China	Asia		2787.0	35. Chinese Wild	S4. Wild	?	110.0	1.17e-05	Homozygous	euploid
XTRA_EGC	SX7	Duan et al. 2018	SRR7851728	141.295	China:Qinling Mountain, Shaanxi	Bark of a Fagaceae tree, primeval forest	China	Asia		2763.0	35. Chinese Wild	S4. Wild	?	371.0	3.96e-05	Homozygous	euploid
XTRA_EGD	SX8	Duan et al. 2018	SRR7851729	146.509	China:Qinling Mountain, Shaanxi	Bark of Quercus fabri, primeval forest	China	Asia		2770.0	35. Chinese Wild	S4. Wild	?	101.0	1.08e-05	Homozygous	euploid
XTRA_EGE	JXXY10.1	Duan et al. 2018	SRR7851730	210.91	China:Xiangxiyuan, Shennongjia, Hubei	Bark, primeval forest	China	Asia		2788.0	35. Chinese Wild	S4. Wild	?	114.0	1.22e-05	Homozygous	euploid
XTRA_EGF	BJ14	Duan et al. 2018	SRR7851731	125.824	China:Wuling Mountain, Beijing	Forest soil, secondary forest	China	Asia		2760.0	35. Chinese Wild	S4. Wild	?	356.0	3.8e-05	Homozygous	euploid
XTRA_EGG	XXY30L.2	Duan et al. 2018	SRR7851732	160.182	China:Xiangxiyuan, Shennongjia, Hubei	Bark, primeval forest	China	Asia		2785.0	35. Chinese Wild	S4. Wild	?	107.0	1.14e-05	Homozygous	euploid
XTRA_EGH	JQHG.1	Duan et al. 2018	SRR7851733	179.108	China:Chengcheng, Shanxi	Fermenting dough	China	Asia		2541.0	30. Mantou	S3. Asian Fermentation	3	3833.0	0.00040912	Heterozygous	aneu;+1*11;
XTRA_EGI	JQ8.4	Duan et al. 2018	SRR7851734	143.175	China:Chengcheng, Shanxi	Fermenting dough	China	Asia		2537.0	30. Mantou	S3. Asian Fermentation	2	8911.0	0.00095112	Heterozygous	euploid
XTRA_EGJ	XXY26L.1	Duan et al. 2018	SRR7851735	223.428	China:Xiangxiyuan, Shennongjia, Hubei	Bark, primeval forest	China	Asia		2786.0	35. Chinese Wild	S4. Wild	?	116.0	1.24e-05	Homozygous	euploid
XTRA_EGK	HN6.1	Duan et al. 2018	SRR7851736	154.768	China:Biyang, Henan	Dry fermented dough	China	Asia		2519.0	30. Mantou	S3. Asian Fermentation	2	5515.0	0.00058864	Heterozygous	aneu;+1*1;+1*6;
XTRA_EGL	CJM24.1	Duan et al. 2018	SRR7851737	135.714	China:Yuncheng, Shandong	Fermenting dough	China	Asia		2525.0	30. Mantou	S3. Asian Fermentation	2	6537.0	0.00069773	Heterozygous	euploid
XTRA_EGM	JQ8.3	Duan et al. 2018	SRR7851738	149.0	China:Chengcheng, Shanxi	Fermenting dough	China	Asia		2534.0	30. Mantou	S3. Asian Fermentation	3	10002.0	0.00106757	Heterozygous	aneu;+1*1;
XTRA_EGN	JM28-16	Duan et al. 2018	SRR7851739	98.7153	China:Laiwu, Shandong	Fermenting dough	China	Asia		2510.0	30. Mantou	S3. Asian Fermentation	2	6088.0	0.0006498	Heterozygous	euploid
XTRA_EGO	427	Duan et al. 2018	SRR7851740	361.224	China:Shan, Shandong	Leaf of sorghum crop	China	Asia		2527.0	30. Mantou	S3. Asian Fermentation	2	7980.0	0.00085175	Heterozygous	euploid
XTRA_EGP	229	Duan et al. 2018	SRR7851741	179.402	China:Shan, Shandong	Jujube, orchard	China	Asia		2526.0	30. Mantou	S3. Asian Fermentation	2	5812.0	0.00062035	Heterozygous	euploid
XTRA_EGQ	BJ1	Duan et al. 2018	SRR7851742	197.596	China:Shunyi, Beijing	Pear, orchard	China	Asia		2498.0	30. Mantou	S3. Asian Fermentation	2	4564.0	0.00048714	Heterozygous	euploid
XTRA_EGR	502	Duan et al. 2018	SRR7851743	369.816	China:Shan, Shandong	Leaf of corn crop	China	Asia		2528.0	30. Mantou	S3. Asian Fermentation	2	8954.0	0.00095571	Heterozygous	euploid
XTRA_EGS	BJ8	Duan et al. 2018	SRR7851744	118.411	China:Wuling Mountain, Beijing	Bark of Quercus mongokica, secondary forest	China	Asia		2754.0	35. Chinese Wild	S4. Wild	4	650.0	6.94e-05	Heterozygous	euploid
XTRA_EGT	MLAF.1	Duan et al. 2018	SRR7851745	138.129	China:Yantai, Shandong	Active dry yeast	China	Asia		1833.0	20. Mixed Origins 1	S2. Beer	3	37126.0	0.00396265	Heterozygous	aneu;+2*1;+1*14;+1*3;+1*6;+1*9;
XTRA_EGU	SXJM4.1	Duan et al. 2018	SRR7851746	142.708	China:Yuncheng, Shanxi	Fermenting dough	China	Asia		1834.0	20. Mixed Origins 1	S2. Beer	3	34626.0	0.00369581	Heterozygous	aneu;+1*14;
XTRA_EGV	AF	Duan et al. 2018	SRR7851747	161.243	China:Yantai, Shandong	Active dry yeast	China	Asia		1870.0	20. Mixed Origins 1	S2. Beer	4	48663.0	0.00519405	Heterozygous	euploid
XTRA_EGW	AFB.1	Duan et al. 2018	SRR7851748	224.956	China:Yining, Xinjiang	Active dry yeast	China	Asia		1877.0	20. Mixed Origins 1	S2. Beer	4	50413.0	0.00538084	Heterozygous	aneu;+1*1;+1*3;+1*6;
XTRA_EGX	BJ13	Duan et al. 2018	SRR7851749	356.332	China:Wuling Mountain, Beijing	Rotten wood, secondary forest	China	Asia		1598.0			?	38.0	4.06e-06	Homozygous	euploid
XTRA_EGY	XJ4	Duan et al. 2018	SRR7851750	257.337	China:Korla, Xinjiang	Grape, orchard	China	Asia		2142.0			?	117.0	1.25e-05	Homozygous	euploid
XTRA_EGZ	DBL.1	Duan et al. 2018	SRR7851751	187.919	China:Danbao, Guangdong	Active dry yeast	China	Asia		1839.0	20. Mixed Origins 1	S2. Beer	3	38504.0	0.00410973	Heterozygous	aneu;+2*1;+1*14;+1*6;
XTRA_EHA	LSF.1	Duan et al. 2018	SRR7851752	239.827	China:Mingguang, Anhui	Active dry yeast	China	Asia		1837.0	20. Mixed Origins 1	S2. Beer	3	38761.0	0.00413716	Heterozygous	aneu;+2*1;+1*3;+1*6;
XTRA_EHB	ANG1	Duan et al. 2018	SRR7851753	225.972	China:Yichang, Hubei	Active dry yeast	China	Asia		1878.0	20. Mixed Origins 1	S2. Beer	4	50371.0	0.00537636	Heterozygous	euploid
XTRA_EHC	BS	Duan et al. 2018	SRR7851754	182.797	China:Daqing, Heilongjiang	Active dry yeast	China	Asia		1817.0	20. Mixed Origins 1	S2. Beer	2	21478.0	0.00229246	Heterozygous	aneu;+1*1;+1*9;
XTRA_EHD	FJ9	Duan et al. 2018	SRR7851755	264.961	China:Wuyi Mountain, Fujian	Bark of Castanopsis fordii, primeval forest	China	Asia		2774.0	35. Chinese Wild	S4. Wild	?	81.0	8.65e-06	Homozygous	euploid
XTRA_EHE	FJ8	Duan et al. 2018	SRR7851756	140.973	China:Wuyi Mountain, Fujian	Bark of Cyclobalanopsis nubium, primeval forest	China	Asia		2775.0	35. Chinese Wild	S4. Wild	?	112.0	1.2e-05	Homozygous	euploid
XTRA_EHF	BJ26	Duan et al. 2018	SRR7851757	197.495	China:Dongling Mountain, Beijing	Grape, orchard	China	Asia		2748.0	35. Chinese Wild	S4. Wild	?	135.0	1.44e-05	Homozygous	euploid
XTRA_EHG	FJ2	Duan et al. 2018	SRR7851758	215.565	China:Wuyi Mountain, Fujian	Bark of Castanea mollissima, planted tree	China	Asia		2878.0	37. Taiwan Wild 1	S4. Wild	?	111.0	1.18e-05	Homozygous	aneu;+1*1;+1*12;+1*3;+1*6;
XTRA_EHH	XXYS14.1	Duan et al. 2018	SRR7851759	269.653	China:Xiangxiyuan, Shennongjia, Hubei	Bark, primeval forest	China	Asia		2783.0	35. Chinese Wild	S4. Wild	?	119.0	1.27e-05	Homozygous	euploid
XTRA_EHI	YN6	Duan et al. 2018	SRR7851760	116.132	China:Zixi Mountain, Yunnan	Bark of Castanopsis orthacantha, suburban tree	China	Asia		2960.0		S4. Wild	?	117.0	1.25e-05	Homozygous	euploid
XTRA_EHJ	JL5	Duan et al. 2018	SRR7851761	68.5789	China:Dongling Mountain, Beijing	Bark of Pyrussp., orchard	China	Asia		2739.0	35. Chinese Wild	S4. Wild	?	82.0	8.75e-06	Homozygous	euploid
XTRA_EHK	BJ27	Duan et al. 2018	SRR7851762	217.975	China:Dongling Mountain, Beijing	Grape, orchard	China	Asia		2753.0	35. Chinese Wild	S4. Wild	?	124.0	1.32e-05	Homozygous	euploid
XTRA_EHL	155	Duan et al. 2018	SRR7851763	192.328	China:Shan, Shandong	corn	China	Asia		2524.0	30. Mantou	S3. Asian Fermentation	2	8997.0	0.0009603	Heterozygous	euploid
XTRA_EHM	168	Duan et al. 2018	SRR7851764	320.641	China:Shan, Shandong	Apple, orchard	China	Asia		2529.0	30. Mantou	S3. Asian Fermentation	2	9891.0	0.00105572	Heterozygous	euploid
XTRA_EHN	JXXY1.1	Duan et al. 2018	SRR7851765	227.535	China:Xiangxiyuan, Shennongjia, Hubei	Bark, primeval forest	China	Asia		2731.0		S4. Wild	?	115.0	1.23e-05	Homozygous	euploid
XTRA_EHO	JHBMY20.1	Duan et al. 2018	SRR7851766	167.184	China:Muyu Town, Hubei	Bark, secondary forest	China	Asia		2732.0		S4. Wild	?	136.0	1.45e-05	Homozygous	euploid
XTRA_EHP	GT99.1	Duan et al. 2018	SRR7851767	168.62	China:Gutian Mountain, Zhejiang	Bark, primeval forest	China	Asia		2727.0		S4. Wild	?	77.0	8.22e-06	Homozygous	euploid
XTRA_EHQ	GT39.1	Duan et al. 2018	SRR7851768	212.762	China:Gutian Mountain, Zhejiang	Bark, primeval forest	China	Asia		2728.0		S4. Wild	?	112.0	1.2e-05	Homozygous	euploid
XTRA_EHR	FJSA40.2	Duan et al. 2018	SRR7851769	131.822	China:Fanjing Mountain, Guizhou	Bark, primeval forest	China	Asia		2729.0		S4. Wild	?	94.0	1e-05	Homozygous	euploid
XTRA_EHS	FJ11	Duan et al. 2018	SRR7851770	177.822	China:Wuyi Mountain, Fujian	Waxberry, market	China	Asia		2726.0		S4. Wild	?	129.0	1.38e-05	Homozygous	euploid
XTRA_EHT	HQ3.1	Duan et al. 2018	SRR7851771	300.892	China:Gutian, Fujian	Huangjiu (rice wine) starter with Fermented monascus	China	Asia		2542.0	30. Mantou	S3. Asian Fermentation	2	11507.0	0.0012282	Heterozygous	aneu;+1*1;
XTRA_EHU	JM32.3	Duan et al. 2018	SRR7851772	142.67	China:Bangzhou, Hunan	Huangjiu (rice wine) starter	China	Asia		2588.0	31. Huangjiu	S3. Asian Fermentation	?	51.0	5.44e-06	Homozygous	euploid
XTRA_EHV	JM32.8	Duan et al. 2018	SRR7851773	120.361	China:Bangzhou, Hunan	Huangjiu (rice wine) starter	China	Asia		2589.0	31. Huangjiu	S3. Asian Fermentation	?	96.0	1.02e-05	Homozygous	euploid
XTRA_EHW	JQ10.6	Duan et al. 2018	SRR7851774	194.687	China:Nanyang, Henan	Dry fermented dough	China	Asia		2571.0	31. Huangjiu	S3. Asian Fermentation	2	11158.0	0.00119095	Heterozygous	euploid
XTRA_EHX	MJQ3.1	Duan et al. 2018	SRR7851775	249.487	China:Lishui, Zhejiang	Huangjiu (rice wine) starter	China	Asia		2614.0	31. Huangjiu	S3. Asian Fermentation	2	4067.0	0.00043409	Heterozygous	euploid
XTRA_EHY	MTJZ1	Duan et al. 2018	SRR7851776	226.555	China:Renhuai, Guizhou	Fermented sorghum grain	China	Asia		2603.0	31. Huangjiu	S3. Asian Fermentation	2	4596.0	0.00049056	Heterozygous	aneu;+1*1;+1*3;+1*6;+1*9;
XTRA_EHZ	MTJZ2	Duan et al. 2018	SRR7851777	197.634	China:Renhuai, Guizhou	Fermented sorghum grain	China	Asia		2604.0	31. Huangjiu	S3. Asian Fermentation	2	4194.0	0.00044765	Heterozygous	aneu;+1*1;+1*3;+1*6;+1*9;
XTRA_EIA	2.591	Duan et al. 2018	SRR7851778	209.295	China:Shaoxing, Zhejiang	Huangjiu (rice wine) starter	China	Asia		2514.0	30. Mantou	S3. Asian Fermentation	?	107.0	1.14e-05	Homozygous	euploid
XTRA_EIB	DX10-3	Duan et al. 2018	SRR7851779	239.703	China:Dangxiong, Tibet	Fermented yak milk	China	Asia		1391.0	13. French Dairy		3	23591.0	0.00251799	Heterozygous	aneu;+1*2;
XTRA_EIC	C5-1	Duan et al. 2018	SRR7851780	185.646	China:Yili, Kazak autonomous prefecture	Fermented mare's milk (kumis)	China	Asia		1399.0	13. French Dairy		3	17255.0	0.00184172	Heterozygous	euploid
XTRA_EID	HN8	Duan et al. 2018	SRR7851781	179.357	China:Wuzhi Mountain, Hainan	Rotten wood, primeval forest	China	Asia	Single-End reads	2850.0		S4. Wild	?	123.0	1.31e-05	Homozygous	euploid
XTRA_EIE	NX1	Duan et al. 2018	SRR7851782	242.544	China:Zhongwei, Ningxia	Soil, melonry	China	Asia		1166.0	8. AU Wine 4	S1. Wine	?	13.0	1.39e-06	Homozygous	euploid
XTRA_EIF	XST	Duan et al. 2018	SRR7851783	156.545	China:Xiangfan, Hubei	Active dry yeast	China	Asia		1867.0	20. Mixed Origins 1	S2. Beer	3	48300.0	0.00515531	Heterozygous	euploid
XTRA_EIG	NX3	Duan et al. 2018	SRR7851784	133.689	China:Zhongwei, Ningxia	Soil, melonry	China	Asia		1164.0	8. AU Wine 4	S1. Wine	?	14.0	1.49e-06	Homozygous	aneu;+1*3;
XTRA_EIH	NX2	Duan et al. 2018	SRR7851785	208.074	China:Helan Mountain, Ningxia	Soil, mulberry field	China	Asia		1162.0	8. AU Wine 4	S1. Wine	?	9.0	9.61e-07	Homozygous	euploid
XTRA_EII	38108	Duan et al. 2018	SRR7851786	231.088	Mongolia:Ulaanbaatar	Fermented mare's milk (kumis)	Mongolia	Asia		1397.0	13. French Dairy		2	13320.0	0.00142171	Heterozygous	euploid
XTRA_EIJ	XJ5	Duan et al. 2018	SRR7851787	152.596	China:Korla, Xinjiang	Grape, vineyard	China	Asia		299.0	3. Alpechin		?	27.0	2.88e-06	Homozygous	euploid
XTRA_EIK	37561	Duan et al. 2018	SRR7851789	205.459	Mongolia	Fermented mare's milk (kumis)	Mongolia	Asia		1398.0	13. French Dairy		2	13336.0	0.00142342	Heterozygous	euploid
XTRA_EIL	SD2	Duan et al. 2018	SRR7851790	224.485	China:Taian, Shandong	Bark of Quercus sp., planted tree	China	Asia		2976.0	39. Asian Oak	S4. Wild	?	137.0	1.46e-05	Homozygous	euploid
XTRA_EIM	HN9	Duan et al. 2018	SRR7851791	193.797	China:Wuzhi Mountain, Hainan	Rotten wood, primeval forest	China	Asia		2851.0		S4. Wild	?	157.0	1.68e-05	Homozygous	aneu;+1*1;+1*6;
XTRA_EIN	HLJ10	Duan et al. 2018	SRR7851792	212.066	China:Qiqihaer, Heilongjiang	Fermented sorghum grain	China	Asia		2418.0	28. Baiju	S3. Asian Fermentation	2	16312.0	0.00174106	Heterozygous	euploid
XTRA_EIO	QH6.5	Duan et al. 2018	SRR7851793	181.185	China:Minhe, Qinghai	Fermenting dough	China	Asia		2343.0	28. Baiju	S3. Asian Fermentation	2	27022.0	0.0028842	Heterozygous	euploid
XTRA_EIP	QH7.2	Duan et al. 2018	SRR7851794	199.609	China:Minhe, Qinghai	Fermenting dough	China	Asia		2342.0	28. Baiju	S3. Asian Fermentation	2	24739.0	0.00264052	Heterozygous	euploid
XTRA_EIQ	QH3.1	Duan et al. 2018	SRR7851795	182.615	China:Qinghai	Fermenting dough	China	Asia		2350.0	28. Baiju	S3. Asian Fermentation	2	23162.0	0.0024722	Heterozygous	euploid
XTRA_EIR	NX4.1	Duan et al. 2018	SRR7851796	138.426	China:Yinchuan, Ningxia	Fermenting dough	China	Asia		2372.0	28. Baiju	S3. Asian Fermentation	3	26106.0	0.00278643	Heterozygous	euploid
XTRA_EIS	JM28.13	Duan et al. 2018	SRR7851797	195.525	China:Laiwu, Shandong	Fermenting dough	China	Asia		2377.0	28. Baiju	S3. Asian Fermentation	3	19977.0	0.00213225	Heterozygous	euploid
XTRA_EIT	JM28.2	Duan et al. 2018	SRR7851798	278.757	China:Laiwu, Shandong	Fermenting dough	China	Asia		2378.0	28. Baiju	S3. Asian Fermentation	3	20571.0	0.00219565	Heterozygous	euploid
XTRA_EIU	QH7.4	Duan et al. 2018	SRR7851799	282.718	China:Minhe, Qinghai	Fermenting dough	China	Asia		2344.0	28. Baiju	S3. Asian Fermentation	2	26532.0	0.0028319	Heterozygous	euploid
XTRA_EIV	BM5.1	Duan et al. 2018	SRR7851800	262.751	China:Bayanzhuoer, Inner Mongolia	Fermenting dough	Mongolia	Asia		2375.0	28. Baiju	S3. Asian Fermentation	2	14460.0	0.00154339	Heterozygous	euploid
XTRA_EIW	HN11	Duan et al. 2018	SRR7851801	210.536	China:Jianfengling Mountain, Hainan	Rotten wood, primeval forest	China	Asia		2854.0		S4. Wild	?	157.0	1.68e-05	Homozygous	euploid
XTRA_EIX	YM3.1	Duan et al. 2018	SRR7851803	214.435	China:Ordos, Inner Mongolia	Fermenting dough	Mongolia	Asia		2376.0	28. Baiju	S3. Asian Fermentation	3	21617.0	0.00230729	Heterozygous	euploid
XTRA_EIY	HN2.2	Duan et al. 2018	SRR7851804	175.242	China:Xuchang, Henan	Fermenting dough	China	Asia		2374.0	28. Baiju	S3. Asian Fermentation	2	16432.0	0.00175387	Heterozygous	aneu;+1*12;
XTRA_EIZ	HQ1.1	Duan et al. 2018	SRR7851805	182.716	China:Gutian, Fujian	Huangjiu (rice wine) starter with Fermented monascus	China	Asia		2543.0	30. Mantou	S3. Asian Fermentation	2	10918.0	0.00116534	Heterozygous	euploid
XTRA_EJA	HN3.8	Duan et al. 2018	SRR7851806	135.339	China:Xuchang, Henan	Fermenting dough	China	Asia		2607.0	31. Huangjiu	S3. Asian Fermentation	2	4166.0	0.00044466	Heterozygous	euploid
XTRA_EJB	JL4	Duan et al. 2018	SRR7851807	230.905	China:Yanbian, Jilin	Bark of Pyrus sp., orchard	China	Asia		2908.0		S4. Wild	?	111.0	1.18e-05	Homozygous	euploid
XTRA_EJC	FJ5	Duan et al. 2018	SRR7851809	206.572	China:Wuyi Mountain, Fujian	Bark of Castanea mollissima, planted tree	China	Asia		2771.0	35. Chinese Wild	S4. Wild	?	114.0	1.22e-05	Homozygous	euploid
XTRA_EJD	HLJ167	Duan et al. 2018	SRR7851810	155.49	China:Qiqihaer, Heilongjiang	Fermented sorghum grain	China	Asia		2420.0	28. Baiju	S3. Asian Fermentation	2	16004.0	0.00170819	Heterozygous	euploid
XTRA_EJE	JM8.3	Duan et al. 2018	SRR7851811	182.924	China:Taiyuan, Shanxi	Fermenting dough	China	Asia		2205.0			3	38434.0	0.00410226	Heterozygous	aneu;+1*12;
XTRA_EJF	NX7.1	Duan et al. 2018	SRR7851812	183.969	China:Yinchuan, Ningxia	Fermenting dough	China	Asia		2206.0			3	37837.0	0.00403854	Heterozygous	euploid
XTRA_EJG	JM14.3	Duan et al. 2018	SRR7851813	146.096	China:Quwo, Shanxi	Fermenting dough	China	Asia		2185.0			3	42687.0	0.0045562	Heterozygous	euploid
XTRA_EJH	JM22.1	Duan et al. 2018	SRR7851814	233.728	China:Shangluo, Shanxi	Fermenting dough	China	Asia		2184.0			3	44398.0	0.00473883	Heterozygous	aneu;+1*1;
XTRA_EJI	JM37.2	Duan et al. 2018	SRR7851815	156.919	China:Hulin, Heilongjiang	Fermenting dough	China	Asia		2198.0			3	36754.0	0.00392294	Heterozygous	euploid
XTRA_EJJ	JM4.8	Duan et al. 2018	SRR7851816	204.101	China:Quwo, Shanxi	Fermenting dough	China	Asia		2192.0			3	42861.0	0.00457478	Heterozygous	euploid
XTRA_EJK	GS5.6	Duan et al. 2018	SRR7851817	143.579	China:Lanzhou, Gansu	Fermenting dough	China	Asia		2189.0			3	44651.0	0.00476583	Heterozygous	aneu;+3*1;-1*12;+2*3;+1*5;+3*6;+1*8;+2*9;
XTRA_EJL	GS5.7	Duan et al. 2018	SRR7851818	209.135	China:Lanzhou, Gansu	Fermenting dough	China	Asia		2199.0			3	43691.0	0.00466337	Heterozygous	aneu;+2*1;+1*3;+2*5;+2*6;+1*9;
XTRA_EJM	GS6	Duan et al. 2018	SRR7851819	199.805	China:Lanzhou, Gansu	Fermenting dough	China	Asia		2188.0			3	41578.0	0.00443784	Heterozygous	aneu;+3*1;-1*12;+2*3;+2*6;+1*8;+1*9;
XTRA_EJN	JM13.2	Duan et al. 2018	SRR7851820	196.129	China:Yuncheng, Shanxi	Fermenting dough	China	Asia		2193.0			3	40342.0	0.00430591	Heterozygous	euploid
XTRA_EJO	HLJ201	Duan et al. 2018	SRR7851821	174.223	China:Qiqihaer, Heilongjiang	Fermented sorghum grain	China	Asia		2422.0	28. Baiju	S3. Asian Fermentation	2	15633.0	0.00166859	Heterozygous	euploid
XTRA_EJP	SD1	Duan et al. 2018	SRR7851822	127.623	China:Anqiu, Shandong	Persimmon, planted tree	China	Asia		2975.0	39. Asian Oak	S4. Wild	?	110.0	1.17e-05	Homozygous	aneu;+1*3;+1*8;
XTRA_EJQ	HLJ2	Duan et al. 2018	SRR7851823	118.652	China:Jingbo lake, Heilongjiang	Bark of Quercus mongokica, secondary forest	China	Asia		2909.0	38. Taiwan Wild 2	S4. Wild	?	82.0	8.75e-06	Homozygous	euploid
XTRA_EJR	FJ12	Duan et al. 2018	SRR7851824	215.614	China:Wuyi Mountain, Fujian	Peach, market	China	Asia		2985.0	39. Asian Oak	S4. Wild	?	119.0	1.27e-05	Homozygous	euploid
XTRA_EJS	HLJ225	Duan et al. 2018	SRR7851825	124.752	China:Qiqihaer, Heilongjiang	Fermented sorghum grain	China	Asia		2421.0	28. Baiju	S3. Asian Fermentation	2	14031.0	0.0014976	Heterozygous	euploid
XTRA_EJT	HLJ3	Duan et al. 2018	SRR7851826	140.531	China:Jingbo lake, Heilongjiang	Bark of Quercus mongokica, secondary forest	China	Asia		2910.0	38. Taiwan Wild 2	S4. Wild	?	63.0	6.72e-06	Homozygous	euploid
XTRA_EJU	BJ7	Duan et al. 2018	SRR7851827	266.474	China:Shunyi, Beijing	Bark of Pyrus sp., ochard	China	Asia		2986.0	39. Asian Oak	S4. Wild	?	102.0	1.09e-05	Homozygous	euploid
XTRA_EJV	BJ4	Duan et al. 2018	SRR7851828	135.972	China:Haidian, Beijing	Intestine of a butterfly, park	China	Asia		2977.0	39. Asian Oak	S4. Wild	?	131.0	1.4e-05	Homozygous	aneu;+1*1;
XTRA_EJW	FJ1	Duan et al. 2018	SRR7851829	253.205	China:Wuyi Mountain, Fujian	Bark of Castanea mollissima, planted tree	China	Asia		2903.0		S4. Wild	?	224.0	2.39e-05	Homozygous	euploid
XTRA_EJX	BJ28	Duan et al. 2018	SRR7851830	138.859	China:Wuling Mountain, Beijing	Bark of Castanea sp., secondary forest	China	Asia		2857.0	37. Taiwan Wild 1	S4. Wild	2	8170.0	0.00087203	Heterozygous	euploid
XTRA_EJY	JT49.4	Duan et al. 2018	SRR7851831	169.434	China:Zhouzhi, Shanxi	Dry fermented dough	China	Asia		2391.0	28. Baiju	S3. Asian Fermentation	2	12081.0	0.00128947	Heterozygous	aneu;+2*14;
XTRA_EJZ	SXJM6.6	Duan et al. 2018	SRR7851832	141.729	China:Yuncheng, Shanxi	Fermenting dough	China	Asia		2373.0	28. Baiju	S3. Asian Fermentation	2	12149.0	0.00129673	Heterozygous	euploid
XTRA_EKA	XZ3.1	Duan et al. 2018	SRR7851833	119.04	China:Dazi, Tibet	Daqu (starter) of Qingkejiu (highland barley wine)	China	Asia		2370.0	28. Baiju	S3. Asian Fermentation	2	8955.0	0.00095581	Heterozygous	euploid
XTRA_EKB	XZ2.1	Duan et al. 2018	SRR7851834	189.458	China:Lasa, Tibet	Daqu (starter) of Qingkejiu (highland barley wine)	China	Asia		2368.0	28. Baiju	S3. Asian Fermentation	2	7234.0	0.00077212	Heterozygous	euploid
XTRA_EKC	XZ4.2	Duan et al. 2018	SRR7851835	196.224	China:Gongbujiangda, Tibet	Daqu (starter) of Qingkejiu (highland barley wine)	China	Asia		2366.0	28. Baiju	S3. Asian Fermentation	2	6801.0	0.00072591	Heterozygous	euploid
XTRA_EKD	XZ4.1	Duan et al. 2018	SRR7851836	433.558	China:Gongbujiangda, Tibet	Daqu (starter) of Qingkejiu (highland barley wine)	China	Asia		2367.0	28. Baiju	S3. Asian Fermentation	2	9867.0	0.00105316	Heterozygous	euploid
XTRA_EKE	XZ10.1	Duan et al. 2018	SRR7851837	383.653	China:Gongga, Tibet	Daqu (starter) of Qingkejiu (highland barley wine)	China	Asia		2369.0	28. Baiju	S3. Asian Fermentation	2	6282.0	0.00067051	Heterozygous	euploid
XTRA_EKF	XZ7	Duan et al. 2018	SRR7851838	150.656	China:Nielamu, Tibet	Daqu (starter) of Qingkejiu (highland barley wine)	China	Asia		2371.0	28. Baiju	S3. Asian Fermentation	2	8534.0	0.00091088	Heterozygous	euploid
XTRA_EKG	JQ9.3	Duan et al. 2018	SRR7851839	138.76	China:Nanyang, Henan	Dry fermented dough	China	Asia		2434.0	28. Baiju	S3. Asian Fermentation	3	18877.0	0.00201484	Heterozygous	euploid
XTRA_EKH	JL2	Duan et al. 2018	SRR7851840	164.129	China:Changbai Mountain, Jilin	Bark of Quercus mongokica, secondary forest	China	Asia		2388.0	28. Baiju	S3. Asian Fermentation	2	13255.0	0.00141478	Heterozygous	euploid
XTRA_EKI	HZJZ5.5	Duan et al. 2018	SRR7851841	142.584	China:Heze, Shandong	Fermented sorghum grain	China	Asia		2416.0	28. Baiju	S3. Asian Fermentation	3	12589.0	0.00134369	Heterozygous	euploid
XTRA_EKJ	MTJZ3	Duan et al. 2018	SRR7851842	232.142	China:Renhuai, Guizhou	Daqu (starter) of Baijiu (Chinese liquor)	China	Asia		2426.0	28. Baiju	S3. Asian Fermentation	2	7356.0	0.00078514	Heterozygous	aneu;+1*1;+1*3;+1*5;+1*6;+1*8;+1*9;
XTRA_EKK	HZJZ4.5	Duan et al. 2018	SRR7851843	137.953	China:Heze, Shandong	Fermented sorghum grain	China	Asia		2415.0	28. Baiju	S3. Asian Fermentation	2	5011.0	0.00053485	Heterozygous	aneu;+1*1;+1*3;+1*6;
XTRA_EKL	BTP1	Duan et al. 2018	SRR7851844	229.099	China:Yantai, Shandong	Fermenting rice	China	Asia		2600.0	31. Huangjiu	S3. Asian Fermentation	2	4933.0	0.00052653	Heterozygous	aneu;+1*1;
XTRA_EKM	HLJ1	Duan et al. 2018	SRR7851845	113.341	China:Dongling Mountain, Beijing	Bark of Quercus mongokica, secondary forest	China	Asia		2741.0	35. Chinese Wild	S4. Wild	?	91.0	9.71e-06	Homozygous	euploid
XTRA_EKN	JL1	Duan et al. 2018	SRR7851846	167.296	China:Changbai Mountain, Jilin	Bark of Quercus sp., secondary forest	China	Asia		2147.0			?	42.0	4.48e-06	Homozygous	euploid
XTRA_EKO	HZJZ5.4	Duan et al. 2018	SRR7851847	173.476	China:Heze, Shandong	Fermented sorghum grain	China	Asia		2417.0	28. Baiju	S3. Asian Fermentation	3	12926.0	0.00137966	Heterozygous	euploid
XTRA_EKP	YN5	Duan et al. 2018	SRR7851848	169.763	China:Dali, Yunnan	Soil, suburban tree	China	Asia		2983.0		S4. Wild	?	44.0	4.7e-06	Homozygous	euploid
XTRA_EKQ	BJ9	Duan et al. 2018	SRR7851849	127.333	China:Wuling Mountain, Beijing	Bark of Ulmus sp., secondary forest	China	Asia		1596.0			?	150.0	1.6e-05	Homozygous	euploid
XTRA_EKR	BJ5	Duan et al. 2018	SRR7851850	134.684	China:Wuling Mountain, Beijing	Apple, orchard	China	Asia		1595.0			?	69.0	7.36e-06	Homozygous	euploid
XTRA_EKS	BJ2	Duan et al. 2018	SRR7851851	225.131	China:Shunyi, Beijing	Apple, orchard	China	Asia		1594.0	16. Canadian Wine		?	177.0	1.89e-05	Homozygous	euploid
XTRA_EKT	SD4	Duan et al. 2018	SRR7851852	130.371	China:Qufu, Shandong	Grapes, orchard	China	Asia		1556.0	16. Canadian Wine		?	91.0	9.71e-06	Homozygous	euploid
XTRA_EKU	HLJ4	Duan et al. 2018	SRR7851853	154.207	China:Qiqihaer, Heilongjiang	Fermented sorghum grain	China	Asia		2419.0	28. Baiju	S3. Asian Fermentation	2	17812.0	0.00190117	Heterozygous	euploid
XTRA_EKV	BJ11	Duan et al. 2018	SRR7851854	248.175	China:Wuling Mountain, Beijing	Rotten wood, secondary forest	China	Asia		1597.0			?	45.0	4.8e-06	Homozygous	euploid
XTRA_EKW	BJ10	Duan et al. 2018	SRR7851855	170.449	China:Wuling Mountain, Beijing	Bark of Ulmus sp., secondary forest	China	Asia		1599.0			?	36.0	3.84e-06	Homozygous	aneu;+1*1;+1*6;
XTRA_EKX	HLJ59	Duan et al. 2018	SRR7851856	228.684	China:Qiqihaer, Heilongjiang	Fermented sorghum grain	China	Asia		2423.0	28. Baiju	S3. Asian Fermentation	2	15683.0	0.00167393	Heterozygous	euploid
XTRA_EKY	QH2.1	Duan et al. 2018	SRR7851857	218.087	China:Qinghai	Fermenting dough	China	Asia		2351.0	28. Baiju	S3. Asian Fermentation	2	22960.0	0.00245064	Heterozygous	aneu;+1*1;+1*3;+1*6;+1*9;
XTRA_EKZ	QH1.1	Duan et al. 2018	SRR7851858	222.296	China:Qinghai	Fermenting dough	China	Asia		2352.0	28. Baiju	S3. Asian Fermentation	2	23362.0	0.00249355	Heterozygous	euploid
XTRA_ELA	WL1	Duan et al. 2018	SRR7851859	213.915	China:Wulanchabu, Inner Mongolia	Fermenting dough	Mongolia	Asia		2202.0			3	39608.0	0.00422757	Heterozygous	aneu;+1*12;
XTRA_ELB	SXJM9.5	Duan et al. 2018	SRR7851860	141.114	China:Yuncheng, Shanxi	Fermenting dough	China	Asia		2186.0			3	32659.0	0.00348586	Heterozygous	aneu;-1*11;-1*15;-1*4;
XTRA_ELC	SXJM1.1	Duan et al. 2018	SRR7851861	195.574	China:Yuncheng, Shanxi	Fermenting dough	China	Asia		2200.0			4	56721.0	0.00605413	Heterozygous	euploid
XTRA_ELD	QH7.3	Duan et al. 2018	SRR7851862	181.945	China:Minhe, Qinghai	Fermenting dough	China	Asia		2187.0			3	40048.0	0.00427453	Heterozygous	aneu;+1*1;
XTRA_ELE	GS3.1	Duan et al. 2018	SRR7851863	237.485	China:Lanzhou, Gansu	Fermenting dough	China	Asia		2191.0			3	59195.0	0.00631819	Heterozygous	aneu;+3*1;+2*3;+1*5;+3*6;+1*8;+2*9;
XTRA_ELF	NX8.1	Duan et al. 2018	SRR7851864	229.71	China:Yinchuan, Ningxia	Fermenting dough	China	Asia		2345.0	28. Baiju	S3. Asian Fermentation	2	19180.0	0.00204718	Heterozygous	aneu;+2*1;+1*3;+1*6;+1*9;
XTRA_ELG	WL4	Duan et al. 2018	SRR7851865	178.806	China:Wulanchabu, Inner Mongolia	Fermenting dough	Mongolia	Asia		2204.0			3	40765.0	0.00435106	Heterozygous	aneu;+2*1;+2*3;+2*6;+1*8;+1*9;
XTRA_ELH	WL2	Duan et al. 2018	SRR7851866	189.006	China:Wulanchabu, Inner Mongolia	Fermenting dough	Mongolia	Asia		2203.0			3	40949.0	0.0043707	Heterozygous	aneu;+3*1;+2*3;+1*5;+3*6;+1*8;+2*9;
XTRA_ELI	ZJ1	Duan et al. 2018	SRR7851867	94.5502	China:Gutian Mountain, Zhejiang	Rotten wood, primeval forest	China	Asia	Single-End reads	2868.0	37. Taiwan Wild 1	S4. Wild	?	94.0	1e-05	Homozygous	euploid
XTRA_ELJ	ZJ2	Duan et al. 2018	SRR7851868	67.3946	China:Gutian Mountain, Zhejiang	Rotten wood, primeval forest	China	Asia	Single-End reads	2869.0	37. Taiwan Wild 1	S4. Wild	?	65.0	6.94e-06	Homozygous	euploid
XTRA_ELK	HN18	Duan et al. 2018	SRR7851869	212.104	China:Wuzhi Mountain, Hainan	Bark of a Fagaceae tree, primeval forest	China	Asia		2872.0	37. Taiwan Wild 1	S4. Wild	?	107.0	1.14e-05	Homozygous	euploid
XTRA_ELL	SX9	Duan et al. 2018	SRR7851870	206.684	China:Qinling Mountain, Shaanxi	Tomato, orchard	China	Asia		2861.0		S4. Wild	2	54617.0	0.00582956	Heterozygous	euploid
XTRA_ELM	HN17	Duan et al. 2018	SRR7851872	247.844	China:Wuzhi Mountain, Hainan	Bark of a Fagaceae tree, primeval forest	China	Asia		2873.0	37. Taiwan Wild 1	S4. Wild	?	105.0	1.12e-05	Homozygous	aneu;+1*1;
XTRA_ELN	HN14	Duan et al. 2018	SRR7851873	125.557	China:Jianfengling Mountain, Hainan	Rotten wood, primeval forest	China	Asia		2871.0	37. Taiwan Wild 1	S4. Wild	?	111.0	1.18e-05	Homozygous	aneu;+1*1;+1*3;+1*6;
XTRA_ELO	FJ6	Duan et al. 2018	SRR7851875	202.028	China:Wuyi Mountain, Fujian	Bark of Prunus mume, planted tree	China	Asia		2876.0	37. Taiwan Wild 1	S4. Wild	?	84.0	8.97e-06	Homozygous	euploid
XTRA_ELP	HN13	Duan et al. 2018	SRR7851876	200.867	China:Jianfengling Mountain, Hainan	Rotten wood, primeval forest	China	Asia		2870.0	37. Taiwan Wild 1	S4. Wild	?	94.0	1e-05	Homozygous	euploid
XTRA_ELQ	JQ9.4	Duan et al. 2018	SRR7851877	186.146	China:Nanyang, Henan	Fermenting dough	China	Asia		2354.0	28. Baiju	S3. Asian Fermentation	3	27878.0	0.00297556	Heterozygous	euploid
XTRA_ELR	HN5.1	Duan et al. 2018	SRR7851878	265.717	China:Biyang, Henan	Dry fermented dough	China	Asia		2356.0	28. Baiju	S3. Asian Fermentation	3	28695.0	0.00306277	Heterozygous	aneu;+2*1;+1*3;+1*6;+1*9;
XTRA_ELS	TY1.5	Duan et al. 2018	SRR7851879	207.385	China:Taiyuan, Shanxi	Fermenting dough	China	Asia		2355.0	28. Baiju	S3. Asian Fermentation	3	28357.0	0.00302669	Heterozygous	aneu;+2*1;+2*3;+1*5;+2*6;+1*8;+1*9;
XTRA_ELT	TY1.4	Duan et al. 2018	SRR7851880	175.839	China:Taiyuan, Shanxi	Fermenting dough	China	Asia		2357.0	28. Baiju	S3. Asian Fermentation	3	27347.0	0.00291889	Heterozygous	aneu;+2*1;+2*3;+2*6;+1*8;+1*9;
XTRA_ELU	TY3.9	Duan et al. 2018	SRR7851881	270.423	China:Taiyuan, Shanxi	Fermenting dough	China	Asia		2358.0	28. Baiju	S3. Asian Fermentation	3	27330.0	0.00291707	Heterozygous	aneu;+3*1;-1*12;+2*3;+1*5;+3*6;+1*8;+2*9;
XTRA_ELV	TY2.1	Duan et al. 2018	SRR7851882	217.298	China:Taiyuan, Shanxi	Fermenting dough	China	Asia		2353.0	28. Baiju	S3. Asian Fermentation	3	27946.0	0.00298282	Heterozygous	aneu;+1*1;+1*3;+1*6;
XTRA_ELW	GZLJ3.19	Duan et al. 2018	SRR7851883	259.225	China:Changshun, Guizhou	Fermented sorghum grain	China	Asia		2408.0	28. Baiju	S3. Asian Fermentation	2	8957.0	0.00095603	Heterozygous	euploid
XTRA_ELX	GZLJ3.1	Duan et al. 2018	SRR7851884	221.943	China:Changshun, Guizhou	Fermented sorghum grain	China	Asia		2430.0	28. Baiju	S3. Asian Fermentation	2	10545.0	0.00112552	Heterozygous	euploid
XTRA_ELY	GZLJ3.30	Duan et al. 2018	SRR7851885	193.271	China:Changshun, Guizhou	Fermented sorghum grain	China	Asia		2409.0	28. Baiju	S3. Asian Fermentation	2	9770.0	0.0010428	Heterozygous	aneu;+1*1;+1*3;+1*5;+1*6;+1*8;+1*9;
XTRA_ELZ	GZLJ3.22	Duan et al. 2018	SRR7851886	255.01	China:Changshun, Guizhou	Fermented sorghum grain	China	Asia		2410.0	28. Baiju	S3. Asian Fermentation	2	9942.0	0.00106116	Heterozygous	aneu;+1*1;+1*3;+1*6;+1*8;+1*9;
XTRA_EMA	LJZ22.1	Duan et al. 2018	SRR7851887	153.996	China:Yanan, Shanxi	Dry fermented dough	China	Asia		2535.0	30. Mantou	S3. Asian Fermentation	2	5278.0	0.00056335	Heterozygous	euploid
XTRA_EMB	LJQ13C.1	Duan et al. 2018	SRR7851888	176.746	China:Yanan, Shanxi	Fermenting dough	China	Asia		2532.0	30. Mantou	S3. Asian Fermentation	2	7260.0	0.0007749	Heterozygous	euploid
XTRA_EMC	LJQ13A.5	Duan et al. 2018	SRR7851889	226.896	China:Yanan, Shanxi	Fermenting dough	China	Asia		2533.0	30. Mantou	S3. Asian Fermentation	2	8227.0	0.00087811	Heterozygous	euploid
XTRA_EMD	LJQ131.6	Duan et al. 2018	SRR7851890	180.742	China:Yanan, Shanxi	Fermenting dough	China	Asia		2530.0	30. Mantou	S3. Asian Fermentation	2	6709.0	0.00071609	Heterozygous	euploid
XTRA_EME	JL3	Duan et al. 2018	SRR7851891	223.725	China:Changbai Mountain, Jilin	Peach, market	China	Asia		2148.0			?	42.0	4.48e-06	Homozygous	euploid
XTRA_EMF	YN2	Duan et al. 2018	SRR7851892	134.999	China:Jinghong, Yunnan	Orange, orchard	China	Asia	Single-End reads	2735.0			4	45570.0	0.00486392	Heterozygous	aneu;+2*12;
XTRA_EMG	MTJZ4	Duan et al. 2018	SRR7851893	143.028	China:Renhuai, Guizhou	Daqu (starter) of Chinese liquor	China	Asia		2520.0	30. Mantou	S3. Asian Fermentation	2	10235.0	0.00109243	Heterozygous	aneu;+1*1;+1*3;+1*6;
XTRA_EMH	LJM21.10	Duan et al. 2018	SRR7851894	179.011	China:Yanan, Shanxi	Fermenting dough	China	Asia		2321.0	28. Baiju	S3. Asian Fermentation	3	38454.0	0.00410439	Heterozygous	euploid
XTRA_EMI	LJM21.3	Duan et al. 2018	SRR7851895	129.924	China:Yanan, Shanxi	Fermenting dough	China	Asia		2317.0	28. Baiju	S3. Asian Fermentation	3	33630.0	0.0035895	Heterozygous	euploid
XTRA_EMJ	HN1.9	Duan et al. 2018	SRR7851896	142.704	China:Xuchang, Henan	Fermenting dough	China	Asia		2318.0	28. Baiju	S3. Asian Fermentation	3	36101.0	0.00385325	Heterozygous	euploid
XTRA_EMK	LJM21.1	Duan et al. 2018	SRR7851897	198.98	China:Yanan, Shanxi	Fermenting dough	China	Asia		2327.0	28. Baiju	S3. Asian Fermentation	3	33789.0	0.00360648	Heterozygous	aneu;+1*12;
XTRA_EML	CJM25.4	Duan et al. 2018	SRR7851898	239.974	China:Yuncheng, Shandong	Fermenting dough	China	Asia		2325.0	28. Baiju	S3. Asian Fermentation	3	35325.0	0.00377042	Heterozygous	aneu;+2*1;+2*3;+1*6;+1*9;
XTRA_EMM	CJM25.5	Duan et al. 2018	SRR7851899	183.788	China:Yuncheng, Shandong	Fermenting dough	China	Asia		2330.0	28. Baiju	S3. Asian Fermentation	3	32232.0	0.00344029	Heterozygous	aneu;+1*1;
XTRA_EMN	CJM21.4	Duan et al. 2018	SRR7851900	135.975	China:Yuncheng, Shandong	Fermenting dough	China	Asia		2322.0	28. Baiju	S3. Asian Fermentation	3	38338.0	0.00409201	Heterozygous	euploid
XTRA_EMO	CJM25.1	Duan et al. 2018	SRR7851901	151.32	China:Yuncheng, Shandong	Fermenting dough	China	Asia		2331.0	28. Baiju	S3. Asian Fermentation	3	32146.0	0.00343111	Heterozygous	aneu;+2*12;
XTRA_EMP	LJM21.9	Duan et al. 2018	SRR7851902	135.442	China:Yanan, Shanxi	Fermenting dough	China	Asia		2323.0	28. Baiju	S3. Asian Fermentation	3	38421.0	0.00410087	Heterozygous	aneu;+1*1;
XTRA_EMQ	LJM6A.1	Duan et al. 2018	SRR7851903	176.648	China:Yanan, Shanxi	Fermenting dough	China	Asia		2319.0	28. Baiju	S3. Asian Fermentation	3	33955.0	0.00362419	Heterozygous	aneu;+1*12;-1*3;
XTRA_EMR	SX2	Duan et al. 2018	SRR7851904	184.8	China:Qinling Mountain, Shaanxi	Bark of a Fagaceae tree, primeval forest	China	Asia		2767.0	35. Chinese Wild	S4. Wild	?	364.0	3.89e-05	Homozygous	euploid
XTRA_EMS	CQJZ1.4	Duan et al. 2018	SRR7851906	122.438	China:Shaoxing, Zhejiang	Fermented rice	China	Asia		2546.0		S3. Asian Fermentation	?	101.0	1.08e-05	Homozygous	euploid
XTRA_EMT	HN3	Duan et al. 2018	SRR7851907	256.298	China:Diaoluo Mountain, Hainan	Rotten wood, primeval forest	China	Asia		2781.0	35. Chinese Wild	S4. Wild	?	81.0	8.65e-06	Homozygous	euploid
XTRA_EMU	HN2	Duan et al. 2018	SRR7851908	211.023	China:Diaoluo Mountain, Hainan	Rotten wood, primeval forest	China	Asia		2780.0	35. Chinese Wild	S4. Wild	?	111.0	1.18e-05	Homozygous	aneu;+1*9;
XTRA_EMV	HN1	Duan et al. 2018	SRR7851909	307.868	China:Diaoluo Mountain, Hainan	Rotten wood, primeval forest	China	Asia		2782.0	35. Chinese Wild	S4. Wild	?	92.0	9.820000000000001e-06	Homozygous	euploid
XTRA_EMW	FJ10	Duan et al. 2018	SRR7851910	376.513	China:Wuyi Mountain, Fujian	Bark of Castanopsis fordii, primeval forest	China	Asia		2772.0	35. Chinese Wild	S4. Wild	?	93.0	9.93e-06	Homozygous	euploid
XTRA_EMX	HN7	Duan et al. 2018	SRR7851911	201.57	China:Bawangling Mountain, Hainan	Rotten wood, primeval forest	China	Asia	Single-End reads	2779.0	35. Chinese Wild	S4. Wild	?	73.0	7.79e-06	Homozygous	euploid
XTRA_EMY	HN5	Duan et al. 2018	SRR7851913	239.724	China:Bawangling Mountain, Hainan	Rotten wood, primeval forest	China	Asia		2778.0	35. Chinese Wild	S4. Wild	?	87.0	9.29e-06	Homozygous	euploid
XTRA_EMZ	HN4	Duan et al. 2018	SRR7851914	137.499	China:Bawangling Mountain, Hainan	Rotten wood, primeval forest	China	Asia		2776.0	35. Chinese Wild	S4. Wild	?	82.0	8.75e-06	Homozygous	euploid
XTRA_ENA	BQ8.2	Duan et al. 2018	SRR7851915	160.841	China:Leshan, Sichuan	Huangjiu (rice wine) starter	China	Asia		2608.0	31. Huangjiu	S3. Asian Fermentation	2	3875.0	0.0004136	Heterozygous	aneu;+1*1;+1*3;+1*6;
XTRA_ENB	BQ8.1	Duan et al. 2018	SRR7851916	175.138	China:Leshan, Sichuan	Huangjiu (rice wine) starter	China	Asia		2609.0	31. Huangjiu	S3. Asian Fermentation	2	3720.0	0.00039706	Heterozygous	euploid
XTRA_ENC	BQ1.1	Duan et al. 2018	SRR7851917	165.301	China:Longyan, Fujian	Huangjiu (rice wine) starter	China	Asia		2616.0	31. Huangjiu	S3. Asian Fermentation	2	4074.0	0.00043484	Heterozygous	euploid
XTRA_END	ANG.CJ.1	Duan et al. 2018	SRR7851918	209.744	China:Yichang, Hubei	Active dry yeast	China	Asia		2625.0	31. Huangjiu	S3. Asian Fermentation	2	3995.0	0.00042641	Heterozygous	euploid
XTRA_ENE	2.1392	Duan et al. 2018	SRR7851919	203.671	China:Shaoxing, Zhejiang	Huangjiu (rice wine) starter	China	Asia		2548.0		S3. Asian Fermentation	?	68.0	7.26e-06	Homozygous	euploid
XTRA_ENF	MTZ13.12	Duan et al. 2018	SRR7851920	188.559	China:Maotai, Guizhou	Soil from a distillery	China	Asia		2412.0	28. Baiju	S3. Asian Fermentation	4	7134.0	0.00076145	Heterozygous	euploid
XTRA_ENG	CJM11.1	Duan et al. 2018	SRR7851921	227.87	China:Yuncheng, Shandong	Fermenting dough	China	Asia		2195.0			3	45934.0	0.00490277	Heterozygous	aneu;+4*1;+1*3;+2*6;+1*9;
XTRA_ENH	ANGGW.1	Duan et al. 2018	SRR7851922	129.003	China:Yichang, Hubei	Active dry yeast	China	Asia		2201.0			4	57967.0	0.00618712	Heterozygous	euploid
XTRA_ENI	CJM6.2	Duan et al. 2018	SRR7851923	194.072	China:Yuncheng, Shandong	Fermenting dough	China	Asia		2196.0			3	45344.0	0.0048398	Heterozygous	aneu;+4*1;+1*3;+2*6;+1*9;
XTRA_ENJ	CJM20.1	Duan et al. 2018	SRR7851924	208.897	China:Yuncheng, Shandong	Fermenting dough	China	Asia		2194.0			3	45377.0	0.00484332	Heterozygous	aneu;+4*1;+2*3;+2*6;+1*9;
XTRA_ENK	WJM5.2	Duan et al. 2018	SRR7851925	233.578	China:Juancheng, Shandong	Fermenting dough	China	Asia		2329.0	28. Baiju	S3. Asian Fermentation	3	32029.0	0.00341862	Heterozygous	aneu;+3*1;+2*3;+1*5;+2*6;+1*8;+2*9;
XTRA_ENL	LJM6A.4	Duan et al. 2018	SRR7851926	227.611	China:Yanan, Shanxi	Fermenting dough	China	Asia		2320.0	28. Baiju	S3. Asian Fermentation	3	33373.0	0.00356207	Heterozygous	aneu;+1*1;+1*3;
XTRA_ENM	NX8.3	Duan et al. 2018	SRR7851927	151.579	China:Yinchuan, Ningxia	Fermenting dough	China	Asia		2299.0			3	40894.0	0.00436483	Heterozygous	euploid
XTRA_ENN	WJZ1.2	Duan et al. 2018	SRR7851928	158.546	China:Juancheng, Shandong	Fermenting dough	China	Asia		2328.0	28. Baiju	S3. Asian Fermentation	3	33892.0	0.00361747	Heterozygous	aneu;+2*1;+1*3;+2*6;+1*9;
XTRA_ENO	GS1	Duan et al. 2018	SRR7851929	206.171	China:Lanzhou, Gansu	Fermenting dough	China	Asia		2190.0			3	45143.0	0.00481835	Heterozygous	aneu;+3*1;-1*12;+2*3;+3*6;+1*9;
XTRA_ENP	DJM4.1	Duan et al. 2018	SRR7851930	236.839	China:Yuncheng, Shandong	Fermenting dough	China	Asia		2197.0			3	45942.0	0.00490363	Heterozygous	aneu;+3*1;+1*3;+1*6;
XTRA_ENQ	XXYS1.4	Duan et al. 2018	SRR7851931	226.14	China:Xiangxiyuan, Shennongjia, Hubei	Bark, primeval forest	China	Asia		2784.0	35. Chinese Wild	S4. Wild	?	125.0	1.33e-05	Homozygous	euploid
XTRA_ENR	YN3	Duan et al. 2018	SRR7851932	109.266	China:Dali, Yunnan	Soil, suburban tree	China	Asia	Single-End reads	2902.0		S4. Wild	?	130.0	1.39e-05	Homozygous	aneu;+1*1;
XTRA_ENS	YN4	Duan et al. 2018	SRR7851933	92.3787	China:Dali, Yunnan	Rotten wood, suburban tree	China	Asia	Single-End reads	2970.0	39. Asian Oak	S4. Wild	?	77.0	8.22e-06	Homozygous	euploid
XTRA_ENT	XJ3	Duan et al. 2018	SRR7851934	213.872	China:Korla, Xinjiang	Apple, orchard	China	Asia	Single-End reads	2855.0			?	93.0	9.93e-06	Homozygous	euploid
XTRA_ENU	XJ6	Duan et al. 2018	SRR7851935	172.629	China:Korla, Xinjiang	Pear, orchard	China	Asia		2987.0	39. Asian Oak	S4. Wild	?	69.0	7.36e-06	Homozygous	euploid
XTRA_ENV	XJ7	Duan et al. 2018	SRR7851936	142.826	China:Korla, Xinjiang	Pear, orchard	China	Asia		2856.0	37. Taiwan Wild 1	S4. Wild	?	93.0	9.93e-06	Homozygous	euploid
XTRA_ENW	YN1	Duan et al. 2018	SRR7851937	122.076	China:Jinghong, Yunnan	Pineapple, orchard	China	Asia		2984.0	39. Asian Oak	S4. Wild	?	139.0	1.48e-05	Homozygous	euploid
XTRA_ENX	SD3	Duan et al. 2018	SRR7851938	104.796	China:Taian, Shandong	Bark of Quercus sp., planted tree	China	Asia		2858.0	37. Taiwan Wild 1	S4. Wild	?	115.0	1.23e-05	Homozygous	euploid
XTRA_ENY	SX10	Duan et al. 2018	SRR7851939	124.284	China:Qinling Mountain, Shaanxi	Persimmon, planted tree	China	Asia		2974.0	39. Asian Oak	S4. Wild	?	145.0	1.55e-05	Homozygous	euploid
XTRA_ENZ	SX11	Duan et al. 2018	SRR7851940	118.689	China:Qinling Mountain, Shaanxi	Bark of walnut, planted tree	China	Asia		2817.0	36. North American Wild	S4. Wild	4	16224.0	0.00173167	Heterozygous	euploid
XTRA_EOA	XJ1	Duan et al. 2018	SRR7851941	203.98	China:Xinjiang	Soil, orchard	China	Asia		2973.0	39. Asian Oak	S4. Wild	?	87.0	9.29e-06	Homozygous	euploid
XTRA_EOB	LY0200	Lee et al. 2022	SRR15616231	143.87	Taiwan, Taichung, Heping: Wuling farm	Symbiosis	Taiwan	Asia		2963.0	39. Asian Oak	S4. Wild	2	105.0	1.12e-05	Homozygous	aneu;+1*1;+1*3;-1*4;+1*6;+1*9;
XTRA_EOC	LY0197	Lee et al. 2022	SRR15616232	138.2	Taiwan, Taichung, Heping: Wuling farm	Symbiosis	Taiwan	Asia		2964.0	39. Asian Oak	S4. Wild	2	113.0	1.21e-05	Homozygous	aneu;+1*1;+1*3;-1*4;+1*6;+1*9;
XTRA_EOD	LY0177	Lee et al. 2022	SRR15616233	149.92	Taiwan, Taichung, Heping: Wuling farm	Symbiosis	Taiwan	Asia		2961.0	39. Asian Oak	S4. Wild	2	102.0	1.09e-05	Homozygous	aneu;+1*1;-1*16;+1*3;-1*4;+1*6;+1*9;
XTRA_EOE	H420-8	Lee et al. 2022	SRR15616234	122.0	Taiwan, Yilan, Datong: Tuling	Plant	Taiwan	Asia		2806.0	35. Chinese Wild	S4. Wild	2	72.0	7.68e-06	Homozygous	euploid
XTRA_EOF	H418-7	Lee et al. 2022	SRR15616235	161.93	Taiwan, Yilan, Datong: Tuling	Plant	Taiwan	Asia		2793.0	35. Chinese Wild	S4. Wild	2	85.0	9.07e-06	Homozygous	euploid
XTRA_EOG	H416-8	Lee et al. 2022	SRR15616236	160.84	Taiwan, Yilan, Datong: Tuling	Plant	Taiwan	Asia		2965.0	39. Asian Oak	S4. Wild	2	108.0	1.15e-05	Homozygous	euploid
XTRA_EOH	XI07	Lee et al. 2022	SRR15616237	103.02	Taiwan, Yilan, Datong: Tuling	Plant	Taiwan	Asia		2927.0		S4. Wild	2	12341.0	0.00131722	Heterozygous	euploid
XTRA_EOI	H415-8	Lee et al. 2022	SRR15616238	168.5	Taiwan, Yilan, Datong: Tuling	Plant	Taiwan	Asia		2795.0	35. Chinese Wild	S4. Wild	2	80.0	8.54e-06	Homozygous	euploid
XTRA_EOJ	XI04	Lee et al. 2022	SRR15616240	98.73	Taiwan, Yilan, Datong: Tuling	Plant	Taiwan	Asia		2808.0	35. Chinese Wild	S4. Wild	2	100.0	1.07e-05	Homozygous	euploid
XTRA_EOK	XI02	Lee et al. 2022	SRR15616241	101.23	Taiwan, New Taipei, Shiding: Zhongyangkeng Road	Plant	Taiwan	Asia		2979.0	39. Asian Oak	S4. Wild	2	147.0	1.57e-05	Homozygous	aneu;+1*1;+1*3;+1*6;+1*9;
XTRA_EOL	SR28	Lee et al. 2022	SRR15616242	66.39	Taiwan, Nantou, Yuchih: Lianhuachi Research Center	Plant	Taiwan	Asia		2906.0		S4. Wild	2	188.0	2.01e-05	Homozygous	euploid
XTRA_EOM	SR27	Lee et al. 2022	SRR15616243	59.92	Taiwan, Nantou, Yuchih: Lianhuachi Research Center	Plant	Taiwan	Asia		2905.0		S4. Wild	2	175.0	1.87e-05	Homozygous	euploid
XTRA_EON	SR26	Lee et al. 2022	SRR15616244	66.68	Taiwan, Nantou, Puli: Shikeng Road	Plant	Taiwan	Asia		2956.0	39. Asian Oak	S4. Wild	2	169.0	1.8e-05	Homozygous	aneu;+1*3;-1*4;+1*6;
XTRA_EOO	SR25	Lee et al. 2022	SRR15616245	67.21	Taiwan, Taipei	Fermentation	Taiwan	Asia		2574.0	31. Huangjiu	S3. Asian Fermentation	2	5705.0	0.00060892	Heterozygous	euploid
XTRA_EOP	SR24	Lee et al. 2022	SRR15616246	56.53	Taiwan, Taipei	Fermentation	Taiwan	Asia		2575.0	31. Huangjiu	S3. Asian Fermentation	2	5124.0	0.00054691	Heterozygous	euploid
XTRA_EOQ	SR23	Lee et al. 2022	SRR15616247	51.56	Taiwan, Yilan, Datong: Taipingshan Forest Recreation Area, Taiwan Beech Trail	Plant	Taiwan	Asia		1581.0			2	52.0	5.55e-06	Homozygous	euploid
XTRA_EOR	SR22	Lee et al. 2022	SRR15616248	66.18	Taiwan, Yilan, Yuanshan: Fushan Botanical Garden	Plant	Taiwan	Asia		2896.0	37. Taiwan Wild 1	S4. Wild	2	161.0	1.72e-05	Homozygous	euploid
XTRA_EOS	H414-8	Lee et al. 2022	SRR15616249	155.56	Taiwan, Yilan, Datong: Tuling	Plant	Taiwan	Asia		2804.0	35. Chinese Wild	S4. Wild	2	92.0	9.820000000000001e-06	Homozygous	euploid
XTRA_EOT	SR21	Lee et al. 2022	SRR15616250	65.51	Taiwan, Yilan, Yuanshan: Fushan Botanical Garden	Plant	Taiwan	Asia		2900.0	37. Taiwan Wild 1	S4. Wild	2	160.0	1.71e-05	Homozygous	euploid
XTRA_EOU	SR20	Lee et al. 2022	SRR15616251	66.03	Taiwan, Yilan, Yuanshan: Fushan Botanical Garden	Plant	Taiwan	Asia		2895.0	37. Taiwan Wild 1	S4. Wild	2	149.0	1.59e-05	Homozygous	euploid
XTRA_EOV	SR19	Lee et al. 2022	SRR15616252	61.22	Taiwan, Yilan, Yuanshan: Fushan Botanical Garden	Plant	Taiwan	Asia		2880.0	37. Taiwan Wild 1	S4. Wild	2	98.0	1.05e-05	Homozygous	euploid
XTRA_EOW	SR17	Lee et al. 2022	SRR15616254	52.0	Taiwan, Yilan, Yuanshan: Fushan Botanical Garden	Plant	Taiwan	Asia		2901.0	37. Taiwan Wild 1	S4. Wild	2	159.0	1.7e-05	Homozygous	euploid
XTRA_EOX	SR16	Lee et al. 2022	SRR15616255	62.8	Taiwan, Yilan, Yuanshan: Fushan Botanical Garden	Plant	Taiwan	Asia		2893.0	37. Taiwan Wild 1	S4. Wild	2	133.0	1.42e-05	Homozygous	aneu;+1*2;
XTRA_EOY	SR15	Lee et al. 2022	SRR15616256	64.12	Taiwan, Yilan, Yuanshan: Fushan Botanical Garden	Plant	Taiwan	Asia		2894.0	37. Taiwan Wild 1	S4. Wild	2	137.0	1.46e-05	Homozygous	euploid
XTRA_EOZ	SR14	Lee et al. 2022	SRR15616257	66.24	Taiwan, Yilan, Yuanshan: Fushan Botanical Garden	Plant	Taiwan	Asia		2899.0	37. Taiwan Wild 1	S4. Wild	2	168.0	1.79e-05	Homozygous	euploid
XTRA_EPA	SR13	Lee et al. 2022	SRR15616258	67.18	Taiwan, Yilan, Yuanshan: Fushan Botanical Garden	Plant	Taiwan	Asia		2849.0		S4. Wild	2	151.0	1.61e-05	Homozygous	euploid
XTRA_EPB	SR12	Lee et al. 2022	SRR15616259	58.09	Taiwan, Yilan, Yuanshan: Fushan Botanical Garden	Plant	Taiwan	Asia		2897.0	37. Taiwan Wild 1	S4. Wild	2	157.0	1.68e-05	Homozygous	euploid
XTRA_EPC	H413-8	Lee et al. 2022	SRR15616260	105.24	Taiwan, Yilan, Datong: Tuling	Plant	Taiwan	Asia		2792.0	35. Chinese Wild	S4. Wild	2	79.0	8.43e-06	Homozygous	euploid
XTRA_EPD	H344-7	Lee et al. 2022	SRR15616261	137.33	Taiwan, Yilan, Datong: Tuling	Plant	Taiwan	Asia		2813.0	35. Chinese Wild	S4. Wild	2	77.0	8.22e-06	Homozygous	euploid
XTRA_EPE	H342-1	Lee et al. 2022	SRR15616262	108.3	Taiwan, Yilan, Datong: Tuling	Plant	Taiwan	Asia		2800.0	35. Chinese Wild	S4. Wild	2	78.0	8.33e-06	Homozygous	euploid
XTRA_EPF	SR11	Lee et al. 2022	SRR15616263	65.62	Taiwan, Yilan, Yuanshan: Fushan Botanical Garden	Plant	Taiwan	Asia		2898.0	37. Taiwan Wild 1	S4. Wild	2	151.0	1.61e-05	Homozygous	aneu;+1*15;
XTRA_EPG	SR10	Lee et al. 2022	SRR15616264	53.3	Taiwan, Yilan, Yuanshan: Fushan Botanical Garden	Plant	Taiwan	Asia		2882.0	37. Taiwan Wild 1	S4. Wild	2	98.0	1.05e-05	Homozygous	euploid
XTRA_EPH	SR09	Lee et al. 2022	SRR15616265	44.56	Taiwan, Yilan, Yuanshan: Fushan Botanical Garden	Plant	Taiwan	Asia		2883.0	37. Taiwan Wild 1	S4. Wild	2	119.0	1.27e-05	Homozygous	aneu;+1*8;
XTRA_EPI	SPA0366	Lee et al. 2022	SRR15616266	169.0	Taiwan, Yilan, Datong: Trailhead of Mount Nanhu	Plant	Taiwan	Asia		2801.0	35. Chinese Wild	S4. Wild	2	81.0	8.65e-06	Homozygous	aneu;+1*1;+2*3;-1*4;+1*6;+1*9;
XTRA_EPJ	SPA0359	Lee et al. 2022	SRR15616267	157.4	Taiwan, Yilan, Datong: Tuling	Plant	Taiwan	Asia		2815.0	35. Chinese Wild	S4. Wild	2	89.0	9.5e-06	Homozygous	aneu;+2*1;+2*3;+1*6;+1*9;
XTRA_EPK	SPA0356	Lee et al. 2022	SRR15616268	146.4	Taiwan, Yilan, Datong: Tuling	Plant	Taiwan	Asia		2816.0	35. Chinese Wild	S4. Wild	2	69.0	7.36e-06	Homozygous	aneu;+2*1;+1*11;+2*3;+1*6;+1*9;
XTRA_EPL	SPA0354	Lee et al. 2022	SRR15616269	162.32	Taiwan, Yilan, Datong: Tuling	Plant	Taiwan	Asia		2807.0	35. Chinese Wild	S4. Wild	2	77.0	8.22e-06	Homozygous	aneu;+2*1;+2*3;+1*6;+1*9;
XTRA_EPM	SPA0348	Lee et al. 2022	SRR15616270	165.01	Taiwan, Yilan, Datong: Tuling	Plant	Taiwan	Asia		2802.0	35. Chinese Wild	S4. Wild	2	74.0	7.9e-06	Homozygous	aneu;+2*1;+2*3;-1*4;+1*6;+1*9;
XTRA_EPN	H412-8	Lee et al. 2022	SRR15616273	160.98	Taiwan, Yilan, Datong: Tuling	Plant	Taiwan	Asia		2797.0	35. Chinese Wild	S4. Wild	2	79.0	8.43e-06	Homozygous	euploid
XTRA_EPO	S9	Lee et al. 2022	SRR15616274	112.54	Taiwan, Yilan, Yuanshan: Fushan Botanical Garden	Plant	Taiwan	Asia		2904.0		S4. Wild	2	195.0	2.08e-05	Homozygous	euploid
XTRA_EPP	S6	Lee et al. 2022	SRR15616277	76.77	Taiwan, Taipei, Nangang: Nangangshan Hiking Trail	Plant	Taiwan	Asia		2890.0	37. Taiwan Wild 1	S4. Wild	2	119.0	1.27e-05	Homozygous	euploid
XTRA_EPQ	S4	Lee et al. 2022	SRR15616279	102.85	Taiwan, Taipei, Nangang: Academia Sinica	Plant	Taiwan	Asia		2888.0	37. Taiwan Wild 1	S4. Wild	2	117.0	1.25e-05	Homozygous	euploid
XTRA_EPR	S3	Lee et al. 2022	SRR15616280	102.88	Taiwan, Taipei, Nangang: Academia Sinica	Plant	Taiwan	Asia		2887.0	37. Taiwan Wild 1	S4. Wild	2	119.0	1.27e-05	Homozygous	euploid
XTRA_EPS	S2	Lee et al. 2022	SRR15616281	95.8	Taiwan, Taipei, Nangang: Academia Sinica	Plant	Taiwan	Asia		2891.0	37. Taiwan Wild 1	S4. Wild	2	120.0	1.28e-05	Homozygous	euploid
XTRA_EPT	S1	Lee et al. 2022	SRR15616282	102.37	Taiwan, Taipei, Nangang: Academia Sinica	Plant	Taiwan	Asia		2885.0	37. Taiwan Wild 1	S4. Wild	2	123.0	1.31e-05	Homozygous	euploid
XTRA_EPU	S18	Lee et al. 2022	SRR15616283	77.92	Taiwan, New Taipei, Xizhi: Qinjin Road	Plant	Taiwan	Asia		2884.0	37. Taiwan Wild 1	S4. Wild	2	126.0	1.34e-05	Homozygous	euploid
XTRA_EPV	H411-8	Lee et al. 2022	SRR15616284	114.26	Taiwan, Yilan, Datong: Tuling	Plant	Taiwan	Asia		2803.0	35. Chinese Wild	S4. Wild	2	73.0	7.79e-06	Homozygous	euploid
XTRA_EPW	S17	Lee et al. 2022	SRR15616285	88.65	Taiwan, New Taipei, Xizhi: Qinjin Road	Plant	Taiwan	Asia		1578.0			2	77.0	8.22e-06	Homozygous	euploid
XTRA_EPX	S15	Lee et al. 2022	SRR15616287	89.58	Taiwan, Yilan, Yuanshan: Fushan Botanical Garden	Plant	Taiwan	Asia		1580.0			2	15.0	1.6e-06	Homozygous	euploid
XTRA_EPY	S12	Lee et al. 2022	SRR15616290	95.73	Taiwan, Yilan, Yuanshan: Fushan Botanical Garden	Plant	Taiwan	Asia		2980.0	39. Asian Oak	S4. Wild	2	120.0	1.28e-05	Homozygous	aneu;+2*9;
XTRA_EPZ	S11	Lee et al. 2022	SRR15616291	54.43	Taiwan, Yilan, Yuanshan: Fushan Botanical Garden	Plant	Taiwan	Asia		2981.0	39. Asian Oak	S4. Wild	2	117.0	1.25e-05	Homozygous	euploid
XTRA_EQA	RG12	Lee et al. 2022	SRR15616293	70.96	Taiwan, Pingtung	Fermentation	Taiwan	Asia		2499.0	30. Mantou	S3. Asian Fermentation	2	3854.0	0.00041136	Heterozygous	euploid
XTRA_EQB	RG11	Lee et al. 2022	SRR15616294	80.85	Taiwan, Yilan, Yuanshan: Fushan Botanical Garden	Plant	Taiwan	Asia		2892.0	37. Taiwan Wild 1	S4. Wild	2	120.0	1.28e-05	Homozygous	euploid
XTRA_EQC	H409-8	Lee et al. 2022	SRR15616295	165.3	Taiwan, Yilan, Datong: Tuling	Plant	Taiwan	Asia		2811.0	35. Chinese Wild	S4. Wild	2	81.0	8.65e-06	Homozygous	euploid
XTRA_EQD	RG10	Lee et al. 2022	SRR15616296	77.88	Taiwan, Pingtung	Fermentation	Taiwan	Asia		2573.0	31. Huangjiu	S3. Asian Fermentation	2	695.0	7.42e-05	Heterozygous	euploid
XTRA_EQE	RG09	Lee et al. 2022	SRR15616297	69.39	Taiwan, Pingtung	Fermentation	Taiwan	Asia		2500.0	30. Mantou	S3. Asian Fermentation	2	3862.0	0.00041221	Heterozygous	euploid
XTRA_EQF	RG08	Lee et al. 2022	SRR15616298	124.93	Taiwan, Pingtung, Fangliao: Dahan Forest Road	Plant	Taiwan	Asia		2957.0		S4. Wild	2	89.0	9.5e-06	Homozygous	euploid
XTRA_EQG	RG05	Lee et al. 2022	SRR15616300	76.74	Taiwan, Chiayi	Industrial	Taiwan	Asia		2263.0			2	22821.0	0.0024358	Heterozygous	aneu;+1*1;
XTRA_EQH	RG04	Lee et al. 2022	SRR15616301	83.54	Taiwan	Industrial	Taiwan	Asia		2334.0			2	27759.0	0.00296286	Heterozygous	euploid
XTRA_EQI	RG03	Lee et al. 2022	SRR15616302	70.2	Taiwan	Industrial	Taiwan	Asia		2335.0			2	27761.0	0.00296308	Heterozygous	euploid
XTRA_EQJ	RG02	Lee et al. 2022	SRR15616303	80.97	Taiwan	Industrial	Taiwan	Asia		2544.0	30. Mantou	S3. Asian Fermentation	2	932.0	9.95e-05	Heterozygous	aneu;+1*10;
XTRA_EQK	RG01	Lee et al. 2022	SRR15616304	85.37	Taiwan	Industrial	Taiwan	Asia		2566.0	30. Mantou	S3. Asian Fermentation	2	75.0	8.01e-06	Homozygous	euploid
XTRA_EQL	H359-1	Lee et al. 2022	SRR15616306	109.56	Taiwan, Yilan, Datong: Tuling	Plant	Taiwan	Asia		2794.0	35. Chinese Wild	S4. Wild	2	1370.0	0.00014623	Heterozygous	euploid
XTRA_EQM	PD39A	Lee et al. 2022	SRR15616308	95.48	Taiwan, Nantou, Puli: Moon River Villa	Plant	Taiwan	Asia		2385.0	28. Baiju	S3. Asian Fermentation	2	17296.0	0.00184609	Heterozygous	euploid
XTRA_EQN	PD37B	Lee et al. 2022	SRR15616310	92.43	Taiwan, Nantou, Puli: Shikeng Road	Plant	Taiwan	Asia		2863.0	37. Taiwan Wild 1	S4. Wild	2	104.0	1.11e-05	Homozygous	aneu;+1*1;+1*3;+1*6;
XTRA_EQO	PD34A	Lee et al. 2022	SRR15616313	102.96	Taiwan, Taitung, Daren: Shouka	Plant	Taiwan	Asia		2866.0	37. Taiwan Wild 1	S4. Wild	2	98.0	1.05e-05	Homozygous	aneu;+1*1;+1*3;
XTRA_EQP	PD32A	Lee et al. 2022	SRR15616315	104.63	Taiwan, Taitung, Beinan: Lijia Forest Road	Plant	Taiwan	Asia		2988.0		S4. Wild	2	88.0	9.39e-06	Homozygous	aneu;+1*1;+1*3;+1*6;+1*9;
XTRA_EQQ	H352-8	Lee et al. 2022	SRR15616317	108.46	Taiwan, Yilan, Datong: Tuling	Plant	Taiwan	Asia		2812.0	35. Chinese Wild	S4. Wild	2	65.0	6.94e-06	Homozygous	aneu;+1*14;
XTRA_EQR	PD30A	Lee et al. 2022	SRR15616318	126.0	Taiwan, Taitung, Beinan: Lijia Forest Road	Plant	Taiwan	Asia		2989.0		S4. Wild	2	84.0	8.97e-06	Homozygous	aneu;+1*1;+1*3;+1*6;+1*9;
XTRA_EQS	PD29A	Lee et al. 2022	SRR15616319	120.15	Taiwan, Taitung, Beinan: Castanopsis carlesii seed orchard	Plant	Taiwan	Asia		2725.0		S4. Wild	2	164.0	1.75e-05	Homozygous	aneu;+1*1;+1*3;+1*5;+1*6;-1*7;+1*8;+1*9;
XTRA_EQT	PD26A	Lee et al. 2022	SRR15616322	101.84	Taiwan, Hualien, Fuli: Cilamitay	Plant	Taiwan	Asia		2971.0		S4. Wild	2	116.0	1.24e-05	Homozygous	aneu;+1*1;+1*3;
XTRA_EQU	PD25A	Lee et al. 2022	SRR15616323	104.1	Taiwan, Nantou, Renai: Meifeng	Plant	Taiwan	Asia		2799.0	35. Chinese Wild	S4. Wild	2	115.0	1.23e-05	Homozygous	aneu;+1*1;+2*3;+1*6;+1*9;
XTRA_EQV	PD24A	Lee et al. 2022	SRR15616324	96.29	Taiwan, Yilan, Datong: Tuling	Plant	Taiwan	Asia		2796.0	35. Chinese Wild	S4. Wild	2	110.0	1.17e-05	Homozygous	euploid
XTRA_EQW	PD23A	Lee et al. 2022	SRR15616325	36.9	Taiwan, Taipei, Daan: National Taiwan University campus	Plant	Taiwan	Asia		2930.0	38. Taiwan Wild 2	S4. Wild	2	164.0	1.75e-05	Homozygous	euploid
XTRA_EQX	PD22A	Lee et al. 2022	SRR15616326	33.88	Taiwan, Taipei, Daan: National Taiwan University campus	Plant	Taiwan	Asia		2938.0	38. Taiwan Wild 2	S4. Wild	2	163.0	1.74e-05	Homozygous	euploid
XTRA_EQY	H348-7	Lee et al. 2022	SRR15616328	111.17	Taiwan, Yilan, Datong: Tuling	Plant	Taiwan	Asia		2814.0	35. Chinese Wild	S4. Wild	2	87.0	9.29e-06	Homozygous	euploid
XTRA_EQZ	PD20A	Lee et al. 2022	SRR15616329	32.78	Taiwan, Taipei, Daan: National Taiwan University campus	Plant	Taiwan	Asia		2948.0	38. Taiwan Wild 2	S4. Wild	2	151.0	1.61e-05	Homozygous	euploid
XTRA_ERA	PD19A	Lee et al. 2022	SRR15616330	98.73	Taiwan, Taipei, Daan: National Taiwan University campus	Plant	Taiwan	Asia		2949.0	38. Taiwan Wild 2	S4. Wild	2	135.0	1.44e-05	Homozygous	euploid
XTRA_ERB	PD18A	Lee et al. 2022	SRR15616331	38.92	Taiwan, Taipei, Daan: National Taiwan University campus	Plant	Taiwan	Asia		2935.0	38. Taiwan Wild 2	S4. Wild	2	145.0	1.55e-05	Homozygous	euploid
XTRA_ERC	PD17A	Lee et al. 2022	SRR15616332	37.65	Taiwan, Taipei, Daan: National Taiwan University campus	Plant	Taiwan	Asia		2937.0	38. Taiwan Wild 2	S4. Wild	2	162.0	1.73e-05	Homozygous	euploid
XTRA_ERD	PD16A	Lee et al. 2022	SRR15616333	34.93	Taiwan, Taipei, Daan: National Taiwan University campus	Plant	Taiwan	Asia		2941.0	38. Taiwan Wild 2	S4. Wild	2	156.0	1.67e-05	Homozygous	euploid
XTRA_ERE	PD14A	Lee et al. 2022	SRR15616335	102.02	Taiwan, Taipei, Daan: National Taiwan University campus	Plant	Taiwan	Asia		2944.0	38. Taiwan Wild 2	S4. Wild	2	141.0	1.5e-05	Homozygous	euploid
XTRA_ERF	PD13B	Lee et al. 2022	SRR15616336	31.97	Taiwan, Taipei, Daan: National Taiwan University campus	Plant	Taiwan	Asia		2947.0	38. Taiwan Wild 2	S4. Wild	2	163.0	1.74e-05	Homozygous	euploid
XTRA_ERG	PD12A	Lee et al. 2022	SRR15616337	35.66	Taiwan, Taipei, Daan: National Taiwan University campus	Plant	Taiwan	Asia		2945.0	38. Taiwan Wild 2	S4. Wild	2	158.0	1.69e-05	Homozygous	euploid
XTRA_ERH	PD11A	Lee et al. 2022	SRR15616338	40.56	Taiwan, Taipei, Daan: National Taiwan University campus	Plant	Taiwan	Asia		2942.0	38. Taiwan Wild 2	S4. Wild	2	159.0	1.7e-05	Homozygous	euploid
XTRA_ERI	H347-8	Lee et al. 2022	SRR15616339	116.77	Taiwan, Yilan, Datong: Tuling	Plant	Taiwan	Asia		2809.0	35. Chinese Wild	S4. Wild	2	65.0	6.94e-06	Homozygous	euploid
XTRA_ERJ	PD10A	Lee et al. 2022	SRR15616340	46.24	Taiwan, Taipei, Daan: National Taiwan University campus	Plant	Taiwan	Asia		2932.0	38. Taiwan Wild 2	S4. Wild	2	143.0	1.53e-05	Homozygous	euploid
XTRA_ERK	PD09A	Lee et al. 2022	SRR15616341	37.43	Taiwan, Taipei, Daan: National Taiwan University campus	Plant	Taiwan	Asia		2946.0	38. Taiwan Wild 2	S4. Wild	2	159.0	1.7e-05	Homozygous	euploid
XTRA_ERL	PD08A	Lee et al. 2022	SRR15616342	94.93	Taiwan, Taipei, Daan: National Taiwan University campus	Plant	Taiwan	Asia		2936.0	38. Taiwan Wild 2	S4. Wild	2	136.0	1.45e-05	Homozygous	euploid
XTRA_ERM	PD07A	Lee et al. 2022	SRR15616343	97.28	Taiwan, Taipei, Daan: National Taiwan University campus	Plant	Taiwan	Asia		2934.0	38. Taiwan Wild 2	S4. Wild	2	130.0	1.39e-05	Homozygous	euploid
XTRA_ERN	PD06A	Lee et al. 2022	SRR15616344	40.09	Taiwan, Taipei, Daan: National Taiwan University campus	Plant	Taiwan	Asia		2933.0	38. Taiwan Wild 2	S4. Wild	2	137.0	1.46e-05	Homozygous	euploid
XTRA_ERO	PD05B	Lee et al. 2022	SRR15616345	96.84	Taiwan, Taipei, Daan: National Taiwan University campus	Plant	Taiwan	Asia		2943.0	38. Taiwan Wild 2	S4. Wild	2	161.0	1.72e-05	Homozygous	euploid
XTRA_ERP	PD04A	Lee et al. 2022	SRR15616346	37.26	Taiwan, Taipei, Daan: National Taiwan University campus	Plant	Taiwan	Asia		2950.0	38. Taiwan Wild 2	S4. Wild	2	161.0	1.72e-05	Homozygous	euploid
XTRA_ERQ	PD03A	Lee et al. 2022	SRR15616347	42.15	Taiwan, Taipei, Daan: National Taiwan University campus	Plant	Taiwan	Asia		2951.0	38. Taiwan Wild 2	S4. Wild	2	170.0	1.81e-05	Homozygous	euploid
XTRA_ERR	PD02A	Lee et al. 2022	SRR15616348	57.83	Taiwan, Taipei, Daan: National Taiwan University campus	Plant	Taiwan	Asia		2940.0	38. Taiwan Wild 2	S4. Wild	2	159.0	1.7e-05	Homozygous	euploid
XTRA_ERS	PD01B	Lee et al. 2022	SRR15616349	55.21	Taiwan, Taipei, Daan: National Taiwan University campus	Plant	Taiwan	Asia		2931.0	38. Taiwan Wild 2	S4. Wild	2	154.0	1.64e-05	Homozygous	euploid
XTRA_ERT	H346-1	Lee et al. 2022	SRR15616350	126.62	Taiwan, Yilan, Datong: Tuling	Plant	Taiwan	Asia		2810.0	35. Chinese Wild	S4. Wild	2	73.0	7.79e-06	Homozygous	euploid
XTRA_ERU	PD38A	Lee et al. 2022	SRR15616309	120.17	Taiwan, Nantou, Puli: Shikeng Road	Plant	Taiwan	Asia		2860.0		S4. Wild	2	116.0	1.24e-05	Homozygous	aneu;+1*1;+1*3;+1*6;+1*8;+1*9;
XTRA_ERV	PD36A	Lee et al. 2022	SRR15616311	106.44	Taiwan, Nantou, Puli: Shikeng Road	Plant	Taiwan	Asia		2966.0	39. Asian Oak	S4. Wild	3	111.0	1.18e-05	Homozygous	aneu;+1*1;+1*3;+1*6;+1*9;
XTRA_ERW	PD35A	Lee et al. 2022	SRR15616312	118.79	Taiwan, Nantou, Puli: Shikeng Road	Plant	Taiwan	Asia		2864.0	37. Taiwan Wild 1	S4. Wild	2	110.0	1.17e-05	Homozygous	aneu;+1*1;+1*3;+1*6;
XTRA_ERX	PD33A	Lee et al. 2022	SRR15616314	107.22	Taiwan, Taitung, Daren: Shouka	Plant	Taiwan	Asia		2867.0	37. Taiwan Wild 1	S4. Wild	2	95.0	1.01e-05	Homozygous	aneu;+1*1;+1*3;+1*5;+1*6;+1*8;+1*9;
XTRA_ERY	PD31A	Lee et al. 2022	SRR15616316	98.12	Taiwan, Taitung, Dawu: Sanzhuku Recreation Farm	Plant	Taiwan	Asia		2865.0	37. Taiwan Wild 1	S4. Wild	2	100.0	1.07e-05	Homozygous	aneu;+1*1;
XTRA_ERZ	PD28A	Lee et al. 2022	SRR15616320	121.72	Taiwan, Taitung, Beinan: Castanopsis carlesii seed orchard	Plant	Taiwan	Asia		2959.0		S4. Wild	2	79.0	8.43e-06	Homozygous	aneu;+1*1;+1*3;+1*6;+1*9;
XTRA_ESA	PD27A	Lee et al. 2022	SRR15616321	103.5	Taiwan, Hualien, Fuli: Cilamitay	Plant	Taiwan	Asia		2972.0		S4. Wild	2	94.0	1e-05	Homozygous	aneu;+1*1;+1*3;+1*9;
XTRA_ESB	XI06	Lee et al. 2022	SRR15616239	108.54	Taiwan, Yilan, Datong: Tuling	Plant	Taiwan	Asia		2879.0	37. Taiwan Wild 1	S4. Wild	2	99.0	1.06e-05	Homozygous	euploid
XTRA_ESC	SR18	Lee et al. 2022	SRR15616253	63.0	Taiwan, Yilan, Yuanshan: Fushan Botanical Garden	Plant	Taiwan	Asia		2881.0	37. Taiwan Wild 1	S4. Wild	2	102.0	1.09e-05	Homozygous	euploid
XTRA_ESD	SPA0344	Lee et al. 2022	SRR15616271	146.32	Taiwan, Yilan, Datong: Tuling	Plant	Taiwan	Asia		2798.0	35. Chinese Wild	S4. Wild	2	70.0	7.47e-06	Homozygous	aneu;+1*1;+1*13;+1*6;+1*9;
XTRA_ESE	SPA0342	Lee et al. 2022	SRR15616272	178.34	Taiwan, Yilan, Datong: Tuling	Plant	Taiwan	Asia		2805.0	35. Chinese Wild	S4. Wild	2	73.0	7.79e-06	Homozygous	aneu;+2*1;+2*3;+1*6;+1*9;
XTRA_ESF	PD21B	Lee et al. 2022	SRR15616327	36.45	Taiwan, Taipei, Daan: National Taiwan University campus	Plant	Taiwan	Asia		2929.0	38. Taiwan Wild 2	S4. Wild	2	116.0	1.24e-05	Homozygous	euploid
XTRA_ESG	S8	Lee et al. 2022	SRR15616275	84.71	Taiwan, Yilan, Yuanshan: Fushan Botanical Garden	Plant	Taiwan	Asia		2928.0		S4. Wild	2	97.0	1.04e-05	Homozygous	euploid
XTRA_ESH	S7	Lee et al. 2022	SRR15616276	90.11	Taiwan, Taipei, Nangang: Nangangshan Hiking Trail	Plant	Taiwan	Asia		2978.0	39. Asian Oak	S4. Wild	2	90.0	9.61e-06	Homozygous	euploid
XTRA_ESI	S5	Lee et al. 2022	SRR15616278	105.63	Taiwan, Taipei, Nangang: Nangangshan Hiking Trail	Plant	Taiwan	Asia		2889.0	37. Taiwan Wild 1	S4. Wild	2	114.0	1.22e-05	Homozygous	euploid
XTRA_ESJ	S16	Lee et al. 2022	SRR15616286	81.23	Taiwan, Taipei, Nangang: Academia Sinica	Plant	Taiwan	Asia		1582.0			2	15.0	1.6e-06	Homozygous	aneu;+1*1;+1*3;-1*4;+1*6;
XTRA_ESK	S14	Lee et al. 2022	SRR15616288	121.78	Taiwan, Yilan, Yuanshan: Fushan Botanical Garden	Plant	Taiwan	Asia		2346.0	28. Baiju	S3. Asian Fermentation	2	23304.0	0.00248736	Heterozygous	aneu;+1*1;-1*15;-1*16;+1*3;-1*4;+1*6;+1*9;
XTRA_ESL	S13	Lee et al. 2022	SRR15616289	103.83	Taiwan, Yilan, Yuanshan: Fushan Botanical Garden	Plant	Taiwan	Asia		2982.0	39. Asian Oak	S4. Wild	2	120.0	1.28e-05	Homozygous	euploid
XTRA_ESM	S10	Lee et al. 2022	SRR15616292	115.07	Taiwan, Yilan, Yuanshan: Fushan Botanical Garden	Plant	Taiwan	Asia		2886.0	37. Taiwan Wild 1	S4. Wild	2	117.0	1.25e-05	Homozygous	euploid
XTRA_ESN	RG06	Lee et al. 2022	SRR15616299	72.72	Taiwan, Pingtung, Majia: Litingshan	Plant	Taiwan	Asia		2958.0		S4. Wild	2	92.0	9.820000000000001e-06	Homozygous	euploid
XTRA_ESO	PD41A	Lee et al. 2022	SRR15616305	112.58	Taiwan, Island, Dongsha: Da-Wang temple	Plant	Taiwan	Asia		2926.0		S4. Wild	2	127.0	1.36e-05	Homozygous	aneu;+1*1;-1*12;+1*3;+1*6;+1*8;+1*9;
XTRA_ESP	PD40A	Lee et al. 2022	SRR15616307	97.22	Taiwan, Nantou, Puli: National Chi Nan University	Plant	Taiwan	Asia		2907.0		S4. Wild	2	137.0	1.46e-05	Homozygous	aneu;+1*1;+1*3;+1*6;+1*8;+1*9;
XTRA_ESQ	PD15A	Lee et al. 2022	SRR15616334	102.26	Taiwan, Taipei, Daan: National Taiwan University campus	Plant	Taiwan	Asia		2939.0	38. Taiwan Wild 2	S4. Wild	2	145.0	1.55e-05	Homozygous	euploid
XTRA_ESR	LY0215	Lee et al. 2022	SRR15616351	157.11	Taiwan, Taichung, Heping: Wuling farm	Symbiosis	Taiwan	Asia		2962.0	39. Asian Oak	S4. Wild	2	104.0	1.11e-05	Homozygous	aneu;+1*1;+1*3;-1*4;+1*6;+1*9;
XTRA_ESS	NIGN11	Han et al. 2021	SRR13317136	305.3	Nigeria, USI EKIT	HIBIUS	Nigeria	Africa		2676.0	33. African Palm Wine		?	129.0	1.38e-05	Homozygous	euploid
XTRA_EST	NIGF6	Han et al. 2021	SRR13317133	261.7	Nigeria, OBA ILE	Palm wine	Nigeria	Africa		2660.0	33. African Palm Wine		?	100.0	1.07e-05	Homozygous	aneu;+1*11;+1*9;
XTRA_ESU	NIGN9	Han et al. 2021	SRR13317137	255.86	Nigeria, ADO EKITI	SWEET POTATO	Nigeria	Africa		2661.0	33. African Palm Wine		2	9563.0	0.00102071	Heterozygous	euploid
XTRA_ESV	NIGF10	Han et al. 2021	SRR13317127	283.53	Nigeria, ADO EKITI	Palm wine	Nigeria	Africa		2677.0	33. African Palm Wine		?	79.0	8.43e-06	Homozygous	euploid
XTRA_ESW	NIGF3	Han et al. 2021	SRR13317132	362.64	Nigeria, AKURE	Palm wine	Nigeria	Africa		2662.0	33. African Palm Wine		2	5291.0	0.00056474	Heterozygous	euploid
XTRA_ESX	NIGF4	Han et al. 2021	SRR13317182	291.19	Nigeria, AKURE	Palm wine	Nigeria	Africa		2675.0	33. African Palm Wine		?	121.0	1.29e-05	Homozygous	euploid
XTRA_ESY	NIGF7	Han et al. 2021	SRR13317134	331.52	Nigeria, OMUO-ARAN	Palm wine	Nigeria	Africa		2657.0	33. African Palm Wine		2	13897.0	0.0014833	Heterozygous	euploid
XTRA_ESZ	NIGF8	Han et al. 2021	SRR13317135	264.47	Nigeria, OMUO-ARAN	Palm wine	Nigeria	Africa		2658.0	33. African Palm Wine		2	8087.0	0.00086317	Heterozygous	euploid
XTRA_ETA	NIGF12	Han et al. 2021	SRR13317128	305.67	Nigeria, KADUNA	KUNNU	Nigeria	Africa		2678.0	33. African Palm Wine		?	79.0	8.43e-06	Homozygous	euploid
XTRA_ETB	SAN8	Han et al. 2021	SRR13317172	188.8	South Africa, Tshikweta Limpopo province	Lychee tree	South Africa	Africa		2309.0			2	14842.0	0.00158416	Heterozygous	euploid
XTRA_ETC	SAN9	Han et al. 2021	SRR13317173	330.66	South Africa, Tshikweta Limpopo province	Lychee tree	South Africa	Africa		2307.0			2	17663.0	0.00188526	Heterozygous	euploid
XTRA_ETD	MAUN3	Han et al. 2021	SRR13317125	227.43	Mauritius, Casela	Dracaema reflexa (tree)	Mauritius	Africa		2310.0			2	19907.0	0.00212478	Heterozygous	euploid
XTRA_ETE	MAUN5	Han et al. 2021	SRR13317106	300.25	Mauritius, Casela	Dracaema reflexa (tree)	Mauritius	Africa		2311.0			2	20253.0	0.00216171	Heterozygous	euploid
XTRA_ETF	MAUF1	Han et al. 2021	SRR13317123	300.6	Mauritius, Quatre Bornes	Mango Juice	Mauritius	Africa		2306.0			2	18416.0	0.00196564	Heterozygous	euploid
XTRA_ETG	MAUF2	Han et al. 2021	SRR13317124	293.28	Mauritius, Quatre Bornes	Mango Juice	Mauritius	Africa		2308.0			2	17594.0	0.0018779	Heterozygous	euploid
XTRA_ETH	SCN2	Han et al. 2021	SRR13317084	258.49	China, Luzhou, Sichuan	Fermented sorghum grain	China	Asia		2380.0	28. Baiju	S3. Asian Fermentation	2	14635.0	0.00156207	Heterozygous	euploid
XTRA_ETI	SCN6	Han et al. 2021	SRR13317089	264.56	China, Luzhou, Sichuan	Daqu (starter) of Baijiu (Chinese liquor)	China	Asia		2381.0	28. Baiju	S3. Asian Fermentation	2	16160.0	0.00172484	Heterozygous	euploid
XTRA_ETJ	SCN7	Han et al. 2021	SRR13317090	337.95	China, Luzhou, Sichuan	Daqu (starter) of Baijiu (Chinese liquor)	China	Asia		2382.0	28. Baiju	S3. Asian Fermentation	2	16162.0	0.00172505	Heterozygous	euploid
XTRA_ETK	SCN8	Han et al. 2021	SRR13317091	317.22	China, Luzhou, Sichuan	Daqu (starter) of Baijiu (Chinese liquor)	China	Asia		2379.0	28. Baiju	S3. Asian Fermentation	2	12855.0	0.00137208	Heterozygous	euploid
XTRA_ETL	JSN3	Han et al. 2021	SRR13317080	210.79	China, Huaian, Jiangsu	Fermented sorghum grain	China	Asia		2383.0	28. Baiju	S3. Asian Fermentation	2	15166.0	0.00161875	Heterozygous	aneu;+1*14;
XTRA_ETM	GZU1	Han et al. 2021	SRR13317069	301.26	China, Duyun, Guizhou	Daqu (starter) of Baijiu (Chinese liquor)	China	Asia		2360.0	28. Baiju	S3. Asian Fermentation	2	8028.0	0.00085687	Heterozygous	euploid
XTRA_ETN	HBU1	Han et al. 2021	SRR13317070	160.3	China, Hubei	Fermented sorghum grain	China	Asia		2361.0	28. Baiju	S3. Asian Fermentation	2	9363.0	0.00099936	Heterozygous	aneu;+1*12;
XTRA_ETO	GSU1	Han et al. 2021	SRR13317061	257.75	China, Tianshui, Gansu	Daqu (starter) of Baijiu (Chinese liquor)	China	Asia		2495.0	30. Mantou	S3. Asian Fermentation	2	9829.0	0.0010491	Heterozygous	euploid
XTRA_ETP	FJN1	Han et al. 2021	SRR13317060	267.38	China, Fujiang	Fermenting rice	China	Asia		2545.0	30. Mantou	S3. Asian Fermentation	?	55.0	5.87e-06	Homozygous	aneu;+1*11;
XTRA_ETQ	SHXU1	Han et al. 2021	SRR13317095	285.15	China, Shanxi	Daqu (starter) of Baijiu (Chinese liquor)	China	Asia		2547.0		S3. Asian Fermentation	?	100.0	1.07e-05	Homozygous	euploid
XTRA_ETR	ZJH2	Han et al. 2021	SRR13317164	245.6	China, Shaoxing, Zhejiang	Fermenting rice	China	Asia		2550.0		S3. Asian Fermentation	?	94.0	1e-05	Homozygous	euploid
XTRA_ETS	ZJH4	Han et al. 2021	SRR13317064	288.44	China, Shaoxing, Zhejiang	Fermenting rice	China	Asia		2551.0		S3. Asian Fermentation	?	73.0	7.79e-06	Homozygous	euploid
XTRA_ETT	ZJH7	Han et al. 2021	SRR13317097	258.49	China, Shaoxing, Zhejiang	Fermenting rice	China	Asia		2572.0	31. Huangjiu	S3. Asian Fermentation	2	9304.0	0.00099306	Heterozygous	euploid
XTRA_ETU	BJQ1	Han et al. 2021	SRR13317176	274.63	China, Beijing	Fermented sorghum grain	China	Asia		2617.0	31. Huangjiu	S3. Asian Fermentation	2	4074.0	0.00043484	Heterozygous	euploid
XTRA_ETV	GXU1	Han et al. 2021	SRR13317062	293.87	China, Guangxi	Fermenting rice	China	Asia		2619.0	31. Huangjiu	S3. Asian Fermentation	2	4079.0	0.00043537	Heterozygous	euploid
XTRA_ETW	HNN1	Han et al. 2021	SRR13317073	260.2	China, Henan	Fermented sorghum grain	China	Asia		2620.0	31. Huangjiu	S3. Asian Fermentation	2	4067.0	0.00043409	Heterozygous	euploid
XTRA_ETX	JSN2	Han et al. 2021	SRR13317079	216.75	China, Huaian,Jiangsu	Fermented sorghum grain	China	Asia		2593.0	31. Huangjiu	S3. Asian Fermentation	2	4503.0	0.00048063	Heterozygous	euploid
XTRA_ETY	JSN5	Han et al. 2021	SRR13317082	214.75	China, Huaian,Jiangsu	Fermented sorghum grain	China	Asia		2601.0	31. Huangjiu	S3. Asian Fermentation	2	4332.0	0.00046238	Heterozygous	euploid
XTRA_ETZ	HBU2	Han et al. 2021	SRR13317071	226.9	China, Hubei	Fermented sorghum grain	China	Asia		2606.0	31. Huangjiu	S3. Asian Fermentation	2	4188.0	0.00044701	Heterozygous	euploid
XTRA_EUA	SDU1	Han et al. 2021	SRR13317094	246.05	China, Shandong	Fermented sorghum grain	China	Asia		2594.0	31. Huangjiu	S3. Asian Fermentation	2	3579.0	0.00038201	Heterozygous	euploid
XTRA_EUB	SDN1	Han et al. 2021	SRR13317093	302.69	China, Shandong	Fermented sorghum grain	China	Asia		2626.0	31. Huangjiu	S3. Asian Fermentation	2	4010.0	0.00042801	Heterozygous	euploid
XTRA_EUC	ZJH1	Han et al. 2021	SRR13317153	289.86	China, Shaoxing,Zhejiang	Fermenting rice	China	Asia		2610.0	31. Huangjiu	S3. Asian Fermentation	2	3419.0	0.00036493	Heterozygous	euploid
XTRA_EUD	ZJH3	Han et al. 2021	SRR13317175	260.94	China, Shaoxing,Zhejiang	Fermenting rice	China	Asia		2621.0	31. Huangjiu	S3. Asian Fermentation	?	69.0	7.36e-06	Homozygous	euploid
XTRA_EUE	ZJH6	Han et al. 2021	SRR13317086	251.99	China, Shaoxing,Zhejiang	Fermenting rice	China	Asia		2622.0	31. Huangjiu	S3. Asian Fermentation	2	3164.0	0.00033771	Heterozygous	euploid
XTRA_EUF	XJN2	Han et al. 2021	SRR13317183	231.91	China, Tachang,Xinjiang	Fermented sorghum grain	China	Asia		2618.0	31. Huangjiu	S3. Asian Fermentation	2	4045.0	0.00043174	Heterozygous	euploid
XTRA_EUG	SAF29	Han et al. 2021	SRR13317144	359.91	South Africa, Eastern Cape	Milk	South Africa	Africa		2567.0	30. Mantou	S3. Asian Fermentation	2	5124.0	0.00054691	Heterozygous	euploid
XTRA_EUH	JSN6	Han et al. 2021	SRR13317076	234.66	China, Jiangsu	Fermented sorghum grain	China	Asia		2511.0	30. Mantou	S3. Asian Fermentation	?	28.0	2.99e-06	Homozygous	euploid
XTRA_EUI	ZJH8	Han et al. 2021	SRR13317184	265.84	China, Shaoxing,Zhejiang	Fermenting rice	China	Asia		2516.0	30. Mantou	S3. Asian Fermentation	?	98.0	1.05e-05	Homozygous	euploid
XTRA_EUJ	ZJH5	Han et al. 2021	SRR13317075	251.24	China, Shaoxing,Zhejiang	Fermenting rice	China	Asia		2517.0	30. Mantou	S3. Asian Fermentation	?	107.0	1.14e-05	Homozygous	euploid
XTRA_EUK	ZJH9	Han et al. 2021	SRR13317185	287.8	China, Shaoxing,Zhejiang	Fermenting rice	China	Asia		2515.0	30. Mantou	S3. Asian Fermentation	?	126.0	1.34e-05	Homozygous	euploid
XTRA_EUL	SAF28	Han et al. 2021	SRR13317143	256.86	South Africa, Eastern Cape	Milk	South Africa	Africa		2568.0	30. Mantou	S3. Asian Fermentation	2	5949.0	0.00063497	Heterozygous	euploid
XTRA_EUM	SAF27	Han et al. 2021	SRR13317141	237.64	South Africa, Eastern Cape	Milk	South Africa	Africa		2569.0	30. Mantou	S3. Asian Fermentation	2	5961.0	0.00063625	Heterozygous	euploid
XTRA_EUN	MAUN4	Han et al. 2021	SRR13317126	234.76	Mauritius, Casela	Cassine orientalis	Mauritius	Africa		2570.0	30. Mantou	S3. Asian Fermentation	2	5961.0	0.00063625	Heterozygous	aneu;+1*14;
XTRA_EUO	JSN7	Han et al. 2021	SRR13317074	289.15	China, Jiangsu	Daqu (starter) of Baijiu (Chinese liquor)	China	Asia		2513.0	30. Mantou	S3. Asian Fermentation	?	60.0	6.4e-06	Homozygous	euploid
XTRA_EUP	SAN30	Han et al. 2021	SRR13317166	232.12	South Africa, South Africa	Tree	South Africa	Africa		2395.0	28. Baiju	S3. Asian Fermentation	2	14928.0	0.00159334	Heterozygous	euploid
XTRA_EUQ	SAN32	Han et al. 2021	SRR13317168	276.62	South Africa, South Africa	Tree	South Africa	Africa		2394.0	28. Baiju	S3. Asian Fermentation	2	14351.0	0.00153176	Heterozygous	euploid
XTRA_EUR	SAN31	Han et al. 2021	SRR13317167	289.24	South Africa, South Africa	Tree	South Africa	Africa		2399.0	28. Baiju	S3. Asian Fermentation	2	12552.0	0.00133974	Heterozygous	euploid
XTRA_EUS	SAN33	Han et al. 2021	SRR13317169	290.89	South Africa, South Africa	Tree	South Africa	Africa		2400.0	28. Baiju	S3. Asian Fermentation	2	12057.0	0.00128691	Heterozygous	euploid
XTRA_EUT	SXQ1	Han et al. 2021	SRR13317098	362.7	China, Xinghuacun,Shanxi	Daqu (starter) of Baijiu (Chinese liquor)	China	Asia		2396.0	28. Baiju	S3. Asian Fermentation	2	14929.0	0.00159345	Heterozygous	euploid
XTRA_EUU	BJQ2	Han et al. 2021	SRR13317177	210.77	China, Beijing	Fermented sorghum grain	China	Asia		2401.0	28. Baiju	S3. Asian Fermentation	2	12557.0	0.00134027	Heterozygous	euploid
XTRA_EUV	SCN9	Han et al. 2021	SRR13317092	297.56	China, Luzhou,Sichuan	Daqu (starter) of Baijiu (Chinese liquor)	China	Asia		2393.0	28. Baiju	S3. Asian Fermentation	2	11960.0	0.00127655	Heterozygous	euploid
XTRA_EUW	HLJU1	Han et al. 2021	SRR13317072	265.56	China, Mudanjing,Heilongjiang	Daqu (starter) of Baijiu (Chinese liquor)	China	Asia		2397.0	28. Baiju	S3. Asian Fermentation	2	11658.0	0.00124432	Heterozygous	euploid
XTRA_EUX	AHN1	Han et al. 2021	SRR13317174	227.05	China, Bozhou,Anhui	Fermented sorghum grain	China	Asia		2398.0	28. Baiju	S3. Asian Fermentation	2	5408.0	0.00057722	Heterozygous	aneu;+1*12;
XTRA_EUY	SXQ7	Han et al. 2021	SRR13317103	229.9	China, Xinghuacun,Shanxi	Fermented sorghum grain	China	Asia		2389.0	28. Baiju	S3. Asian Fermentation	2	15475.0	0.00165173	Heterozygous	aneu;+1*9;
XTRA_EUZ	SXQ2	Han et al. 2021	SRR13317105	247.04	China, Xinghuacun,Shanxi	Daqu (starter) of Baijiu (Chinese liquor)	China	Asia		2390.0	28. Baiju	S3. Asian Fermentation	2	17512.0	0.00186915	Heterozygous	aneu;+1*14;
XTRA_EVA	GZJ2	Han et al. 2021	SRR13317065	281.11	China, Guizhou	Fermented sorghum grain	China	Asia		2521.0	30. Mantou	S3. Asian Fermentation	2	6415.0	0.00068471	Heterozygous	aneu;+1*9;
XTRA_EVB	JMU1	Han et al. 2021	SRR13317077	257.76	China, Jinmen	Daqu (starter) of Baijiu (Chinese liquor)	China	Asia		2564.0	30. Mantou	S3. Asian Fermentation	?	67.0	7.15e-06	Homozygous	euploid
XTRA_EVC	SXQ3	Han et al. 2021	SRR13317099	229.88	China, Xinghuacun,Shanxi	Fermented sorghum grain	China	Asia		2501.0	30. Mantou	S3. Asian Fermentation	2	15174.0	0.0016196	Heterozygous	euploid
XTRA_EVD	SXQ4	Han et al. 2021	SRR13317100	152.26	China, Xinghuacun,Shanxi	Fermented sorghum grain	China	Asia		2502.0	30. Mantou	S3. Asian Fermentation	2	12372.0	0.00132053	Heterozygous	euploid
XTRA_EVE	BJQ5	Han et al. 2021	SRR13317180	301.09	China, Beijing	Fermented sorghum grain	China	Asia		2424.0	28. Baiju	S3. Asian Fermentation	2	16132.0	0.00172185	Heterozygous	euploid
XTRA_EVF	SCN4	Han et al. 2021	SRR13317087	284.07	China, Luzhou,Sichuan	Fermented sorghum grain	China	Asia		2429.0	28. Baiju	S3. Asian Fermentation	2	11428.0	0.00121977	Heterozygous	euploid
XTRA_EVG	SCN5	Han et al. 2021	SRR13317088	292.29	China, Luzhou,Sichuan	Fermented sorghum grain	China	Asia		2432.0	28. Baiju	S3. Asian Fermentation	2	8058.0	0.00086007	Heterozygous	euploid
XTRA_EVH	SCN3	Han et al. 2021	SRR13317085	280.85	China, Luzhou,Sichuan	Fermented sorghum grain	China	Asia		2433.0	28. Baiju	S3. Asian Fermentation	2	8155.0	0.00087043	Heterozygous	euploid
XTRA_EVI	SCN1	Han et al. 2021	SRR13317083	281.07	China, Luzhou,Sichuan	Fermented sorghum grain	China	Asia		2431.0	28. Baiju	S3. Asian Fermentation	2	9704.0	0.00103576	Heterozygous	euploid
XTRA_EVJ	GZJ3	Han et al. 2021	SRR13317066	237.04	China, Maotai,Guizhou	Fermented sorghum grain	China	Asia		2427.0	28. Baiju	S3. Asian Fermentation	2	4141.0	0.00044199	Heterozygous	euploid
XTRA_EVK	GZJ4	Han et al. 2021	SRR13317067	200.88	China, Maotai,Guizhou	Fermented sorghum grain	China	Asia		2428.0	28. Baiju	S3. Asian Fermentation	2	6227.0	0.00066464	Heterozygous	euploid
XTRA_EVL	GZJ5	Han et al. 2021	SRR13317068	176.71	China, Maotai,Guizhou	Fermented sorghum grain	China	Asia		2425.0	28. Baiju	S3. Asian Fermentation	2	6327.0	0.00067531	Heterozygous	euploid
XTRA_EVM	BJQ4	Han et al. 2021	SRR13317179	280.48	China, Beijing	Fermented sorghum grain	China	Asia		2403.0	28. Baiju	S3. Asian Fermentation	2	12933.0	0.00138041	Heterozygous	euploid
XTRA_EVN	XJN1	Han et al. 2021	SRR13317122	270.5	China, Eehe,Xinjiang	Fermented sorghum grain	China	Asia		2503.0	30. Mantou	S3. Asian Fermentation	2	7928.0	0.0008462	Heterozygous	euploid
XTRA_EVO	JSN1	Han et al. 2021	SRR13317078	288.58	China, Huaian,Jiangsu	Fermented sorghum grain	China	Asia		2402.0	28. Baiju	S3. Asian Fermentation	2	15664.0	0.0016719	Heterozygous	euploid
XTRA_EVP	XJN3	Han et al. 2021	SRR13317142	282.7	China, Qitai,Xinjiang	Fermented sorghum grain	China	Asia		2405.0	28. Baiju	S3. Asian Fermentation	2	12216.0	0.00130388	Heterozygous	euploid
XTRA_EVQ	SXQ10	Han et al. 2021	SRR13317096	346.88	China, Xinghuacun,Shanxi	Fermented sorghum grain	China	Asia		2411.0	28. Baiju	S3. Asian Fermentation	2	9973.0	0.00106447	Heterozygous	euploid
XTRA_EVR	SXQ9	Han et al. 2021	SRR13317111	250.92	China, Xinghuacun,Shanxi	Fermented sorghum grain	China	Asia		2404.0	28. Baiju	S3. Asian Fermentation	2	16385.0	0.00174886	Heterozygous	euploid
XTRA_EVS	SXQ5	Han et al. 2021	SRR13317101	235.31	China, Xinghuacun,Shanxi	Fermented sorghum grain	China	Asia		2347.0	28. Baiju	S3. Asian Fermentation	3	29846.0	0.00318562	Heterozygous	euploid
XTRA_EVT	SXQ6	Han et al. 2021	SRR13317102	291.47	China, Xinghuacun,Shanxi	Fermented sorghum grain	China	Asia		2348.0	28. Baiju	S3. Asian Fermentation	3	39270.0	0.00419149	Heterozygous	euploid
XTRA_EVU	SXQ8	Han et al. 2021	SRR13317104	249.76	China, Xinghuacun,Shanxi	Fermented sorghum grain	China	Asia		2349.0	28. Baiju	S3. Asian Fermentation	3	37340.0	0.00398549	Heterozygous	euploid
XTRA_EVV	BJQ3	Han et al. 2021	SRR13317178	258.85	China, Beijing	Fermented sorghum grain	China	Asia		2413.0	28. Baiju	S3. Asian Fermentation	3	12376.0	0.00132095	Heterozygous	euploid
XTRA_EVW	BJQ6	Han et al. 2021	SRR13317181	341.5	China, Beijing	Fermented sorghum grain	China	Asia		2414.0	28. Baiju	S3. Asian Fermentation	2	9313.0	0.00099403	Heterozygous	euploid
XTRA_EVX	JSN4	Han et al. 2021	SRR13317081	233.27	China, Huaian,Jiangsu	Fermented sorghum grain	China	Asia		2406.0	28. Baiju	S3. Asian Fermentation	2	10747.0	0.00114708	Heterozygous	euploid
XTRA_EVY	GZJ1	Han et al. 2021	SRR13317063	235.65	China, Maotai,Guizhou	Daqu (starter) of Baijiu (Chinese liquor)	China	Asia		2407.0	28. Baiju	S3. Asian Fermentation	3	14792.0	0.00157883	Heterozygous	aneu;+1*8;
XTRA_EVZ	SAF26	Han et al. 2021	SRR13317140	280.15	South Africa, Eastern Cape	sorghum beer	South Africa	Africa		2145.0			2	40784.0	0.00435309	Heterozygous	aneu;+1*4;
XTRA_EWA	SAN20	Han et al. 2021	SRR13317159	286.64	South Africa, Limpopo province	Mavhunda(tree)	South Africa	Africa		2247.0			2	45113.0	0.00481514	Heterozygous	euploid
XTRA_EWB	SAN21	Han et al. 2021	SRR13317160	265.08	South Africa, Limpopo province	Mavhunda(tree)	South Africa	Africa		2248.0			2	45121.0	0.004816	Heterozygous	euploid
XTRA_EWC	SAN10	Han et al. 2021	SRR13317148	319.04	South Africa, Tshikweta, Limpopo province	Lychee tree	South Africa	Africa		2146.0			2	42735.0	0.00456133	Heterozygous	euploid
XTRA_EWD	SAN6	Han et al. 2021	SRR13317170	273.27	South Africa, Shakadza, Limpopo province	Marula (tree)	South Africa	Africa		1473.0	15. African Beer		?	134.0	1.43e-05	Homozygous	euploid
XTRA_EWE	ETPF3	Han et al. 2021	SRR13317114	258.85	Ethiopia, Addis Ababa	Honey wine	Ethiopia	Africa		1481.0	15. African Beer		2	19585.0	0.00209041	Heterozygous	euploid
XTRA_EWF	ETPF10	Han et al. 2021	SRR13317107	277.28	Ethiopia, Addis Ababa	Sorghum beer	Ethiopia	Africa		1478.0	15. African Beer		2	21808.0	0.00232768	Heterozygous	euploid
XTRA_EWG	ETPF9	Han et al. 2021	SRR13317118	346.29	Ethiopia, Gonder	Honey wine	Ethiopia	Africa		1482.0	15. African Beer		2	18275.0	0.00195059	Heterozygous	euploid
XTRA_EWH	ETPF12	Han et al. 2021	SRR13317109	235.27	Ethiopia, Gonder	Mash	Ethiopia	Africa		1479.0	15. African Beer		2	24763.0	0.00264308	Heterozygous	euploid
XTRA_EWI	ETPF13	Han et al. 2021	SRR13317112	253.32	Ethiopia, Lalibela	Honey wine	Ethiopia	Africa		1480.0	15. African Beer		2	17460.0	0.0018636	Heterozygous	euploid
XTRA_EWJ	ETPN7	Han et al. 2021	SRR13317120	316.05	Ethiopia, Addis Ababa	Wheat	Ethiopia	Africa		1488.0	15. African Beer		2	10734.0	0.0011457	Heterozygous	euploid
XTRA_EWK	ETPF11	Han et al. 2021	SRR13317108	319.56	Ethiopia, Gonder	Honey wine	Ethiopia	Africa		1490.0	15. African Beer		2	14047.0	0.00149931	Heterozygous	euploid
XTRA_EWL	ETPN8	Han et al. 2021	SRR13317121	268.34	Ethiopia, Gonder	Geshu leaves	Ethiopia	Africa		1487.0	15. African Beer		2	9365.0	0.00099958	Heterozygous	euploid
XTRA_EWM	ETPF1	Han et al. 2021	SRR13317110	205.56	Ethiopia, Lalibela	Honey wine	Ethiopia	Africa		1491.0	15. African Beer		3	17089.0	0.001824	Heterozygous	euploid
XTRA_EWN	ETPN14	Han et al. 2021	SRR13317119	326.66	Ethiopia, Lalibela	Wheat	Ethiopia	Africa		1489.0	15. African Beer		2	10725.0	0.00114474	Heterozygous	euploid
XTRA_EWO	NIGF1	Han et al. 2021	SRR13317129	277.01	Nigeria, AKURE	BURUKUTU	Nigeria	Africa		1497.0	15. African Beer		2	14113.0	0.00150635	Heterozygous	aneu;-1*1;
XTRA_EWP	NIGF2	Han et al. 2021	SRR13317130	276.64	Nigeria, AKURE	BURUKUTU	Nigeria	Africa		1498.0	15. African Beer		2	13504.0	0.00144135	Heterozygous	euploid
XTRA_EWQ	NIGF5	Han et al. 2021	SRR13317131	321.44	Nigeria, AKURE	BURUKUTU	Nigeria	Africa		1493.0	15. African Beer		2	10025.0	0.00107002	Heterozygous	euploid
XTRA_EWR	SAF3	Han et al. 2021	SRR13317145	202.94	South Africa, Shakadza, Limpopo province	Sorghum beer	South Africa	Africa		1522.0	15. African Beer		3	14940.0	0.00159462	Heterozygous	euploid
XTRA_EWS	SAF4	Han et al. 2021	SRR13317146	295.79	South Africa, Shakadza, Limpopo province	Sorghum beer	South Africa	Africa		1523.0	15. African Beer		3	15050.0	0.00160636	Heterozygous	euploid
XTRA_EWT	SAN11	Han et al. 2021	SRR13317149	279.16	South Africa, Tshikweta, Limpopo province	Guava tree	South Africa	Africa		1520.0	15. African Beer		3	17481.0	0.00186584	Heterozygous	euploid
XTRA_EWU	SAN12	Han et al. 2021	SRR13317150	292.82	South Africa, Tshikweta, Limpopo province	Lychee tree	South Africa	Africa		1515.0	15. African Beer		3	19356.0	0.00206597	Heterozygous	euploid
XTRA_EWV	SAN13	Han et al. 2021	SRR13317151	277.86	South Africa, Tshikweta, Limpopo province	Lychee tree	South Africa	Africa		1516.0	15. African Beer		3	21795.0	0.00232629	Heterozygous	aneu;+1*14;
XTRA_EWW	SAN7	Han et al. 2021	SRR13317171	421.67	South Africa, Tshikweta, Limpopo province	Guava tree	South Africa	Africa		1521.0	15. African Beer		3	17266.0	0.00184289	Heterozygous	euploid
XTRA_EWX	SAN22	Han et al. 2021	SRR13317161	284.94	South Africa, Basani, Limpopo province	Orange tree	South Africa	Africa		1526.0	15. African Beer		3	38643.0	0.00412457	Heterozygous	euploid
XTRA_EWY	SAF1	Han et al. 2021	SRR13317138	313.06	South Africa, Shakadza, Limpopo province	Sorghum beer	South Africa	Africa		1525.0	15. African Beer		3	37187.0	0.00396916	Heterozygous	euploid
XTRA_EWZ	SAF2	Han et al. 2021	SRR13317139	244.17	South Africa, Shakadza, Limpopo province	Sorghum beer	South Africa	Africa		1527.0	15. African Beer		3	38847.0	0.00414634	Heterozygous	euploid
XTRA_EXA	SAF5	Han et al. 2021	SRR13317147	277.49	South Africa, Shakadza, Limpopo province	Sorghum beer	South Africa	Africa		1524.0	15. African Beer		3	38377.0	0.00409618	Heterozygous	euploid
XTRA_EXB	SAN19	Han et al. 2021	SRR13317158	295.39	South Africa, Tshikweta, Limpopo province	Guava tree	South Africa	Africa		1529.0	15. African Beer		2	20425.0	0.00218007	Heterozygous	euploid
XTRA_EXC	SAN16	Han et al. 2021	SRR13317155	235.61	South Africa, Tshikweta, Limpopo province	Guava tree	South Africa	Africa		1532.0	15. African Beer		2	20413.0	0.00217879	Heterozygous	euploid
XTRA_EXD	SAN14	Han et al. 2021	SRR13317152	231.46	South Africa, Tshikweta, Limpopo province	Avocado(tree)	South Africa	Africa		1528.0	15. African Beer		2	19885.0	0.00212243	Heterozygous	euploid
XTRA_EXE	SAN18	Han et al. 2021	SRR13317157	317.67	South Africa, Tshikweta, Limpopo province	Guava tree	South Africa	Africa		1533.0	15. African Beer		2	20410.0	0.00217847	Heterozygous	euploid
XTRA_EXF	SAN15	Han et al. 2021	SRR13317154	335.52	South Africa, Tshikweta, Limpopo province	Guava tree	South Africa	Africa		1531.0	15. African Beer		2	20430.0	0.0021806	Heterozygous	euploid
XTRA_EXG	SAN17	Han et al. 2021	SRR13317156	300.2	South Africa, Tshikweta, Limpopo province	Guava tree	South Africa	Africa		1530.0	15. African Beer		2	20424.0	0.00217996	Heterozygous	euploid
XTRA_EXH	SAN23	Han et al. 2021	SRR13317162	261.45	South Africa, Limpopo province	Muhuyu(tree)	South Africa	Africa		1534.0	15. African Beer		2	20400.0	0.0021774	Heterozygous	euploid
XTRA_EXI	ETPF5	Han et al. 2021	SRR13317116	245.37	Ethiopia, Addis Ababa	Honey wine	Ethiopia	Africa		1865.0	20. Mixed Origins 1	S2. Beer	4	46955.0	0.00501175	Heterozygous	euploid
XTRA_EXJ	ETPF4	Han et al. 2021	SRR13317115	217.18	Ethiopia, Addis Ababa	Honey wine	Ethiopia	Africa		1866.0	20. Mixed Origins 1	S2. Beer	4	44096.0	0.00470659	Heterozygous	euploid
XTRA_EXK	ETPF2	Han et al. 2021	SRR13317113	263.73	Ethiopia, Addis Ababa	Honey wine	Ethiopia	Africa		1471.0			2	27804.0	0.00296767	Heterozygous	euploid
XTRA_EXL	ETPF6	Han et al. 2021	SRR13317117	281.84	Ethiopia, Addis Ababa	Honey wine	Ethiopia	Africa		1472.0			2	27742.0	0.00296105	Heterozygous	euploid
XTRA_EXM	SAN25	Han et al. 2021	SRR13317165	197.68	South Africa, Western Cape	Oak tree	South Africa	Africa		196.0	1. AU Wine 1	S1. Wine	2	1021.0	0.00010898	Heterozygous	euploid
XTRA_EXN	SAN24	Han et al. 2021	SRR13317163	235.12	South Africa, Western Cape	Oak tree	South Africa	Africa		141.0	1. AU Wine 1	S1. Wine	2	4695.0	0.00050112	Heterozygous	euploid
XTRA_EXO	IT_CXC_S1	Basile et al. 2021	SRR11788434	67.308	France	wine	France	Europe		646.0	7. AU Wine 3	S1. Wine	?	11.0	1.17e-06	Homozygous	euploid
XTRA_EXP	IT_CXD_S2	Basile et al. 2021	SRR11788433	75.870843	Italy	wine	Italy	Europe		412.0	5. Georgian Wine	S1. Wine	2	2685.0	0.00028658	Heterozygous	euploid
XTRA_EXQ	IT_CXE_S3	Basile et al. 2021	SRR11788394	80.4174546	Swiss	wine	Switzerland	Europe		790.0	7. AU Wine 3	S1. Wine	?	13.0	1.39e-06	Homozygous	euploid
XTRA_EXR	IT_CXH_S6	Basile et al. 2021	SRR11788383	115.461868	France	wine	France	Europe		676.0	7. AU Wine 3	S1. Wine	?	19.0	2.03e-06	Homozygous	euploid
XTRA_EXS	IT_CXJ_S8	Basile et al. 2021	SRR11788428	99.7917273	France	wine	France	Europe		372.0	4. Commercial Wine	S1. Wine	2	7925.0	0.00084588	Heterozygous	euploid
XTRA_EXT	IT_CXK_S9	Basile et al. 2021	SRR11788417	79.0889008	Italy	wine	Italy	Europe		90.0	1. AU Wine 1	S1. Wine	2	3457.0	0.00036898	Heterozygous	euploid
XTRA_EXU	IT_CXL_S10	Basile et al. 2021	SRR11788406	199.520926	France	wine	France	Europe		715.0	7. AU Wine 3	S1. Wine	2	3183.0	0.00033974	Heterozygous	euploid
XTRA_EXV	IT_CXN_S12	Basile et al. 2021	SRR11788367	115.875893	Italy	wine	Italy	Europe		164.0	1. AU Wine 1	S1. Wine	?	15.0	1.6e-06	Homozygous	euploid
XTRA_EXW	IT_CXQ_S15	Basile et al. 2021	SRR11788360	119.511967	Italy	animal feed	Italy	Europe		1823.0	20. Mixed Origins 1	S2. Beer	3	32156.0	0.00343218	Heterozygous	aneu;-1*1;
XTRA_EXX	IT_CXS_S17	Basile et al. 2021	SRR11788359	119.997099	France	wine	France	Europe		768.0	7. AU Wine 3	S1. Wine	?	14.0	1.49e-06	Homozygous	euploid
XTRA_EXY	IT_CXT_S18	Basile et al. 2021	SRR11788432	106.821074	Italy	wine	Italy	Europe		329.0	4. Commercial Wine	S1. Wine	2	13982.0	0.00149237	Heterozygous	euploid
XTRA_EXZ	IT_CXU_S19	Basile et al. 2021	SRR11788403	132.240372	Italy	wine	Italy	Europe		892.0	8. AU Wine 4	S1. Wine	?	21.0	2.24e-06	Homozygous	euploid
XTRA_EYA	IT_CXV_S20	Basile et al. 2021	SRR11788402	125.908339	Chile	wine	Chile	South America		1114.0	8. AU Wine 4	S1. Wine	?	12.0	1.28e-06	Homozygous	euploid
XTRA_EYB	IT_CXW_S21	Basile et al. 2021	SRR11788401	70.0575868	USA	wine	USA	North America		573.0	6. West Europe Wine	S1. Wine	2	4609.0	0.00049194	Heterozygous	euploid
XTRA_EYC	IT_CXX_S22	Basile et al. 2021	SRR11788400	128.592198	Italy	wine	Italy	Europe		268.0	2. AU Wine 2	S1. Wine	2	6372.0	0.00068012	Heterozygous	euploid
XTRA_EYD	IT_CXZ_S24	Basile et al. 2021	SRR11788399	126.612025	Italy	wine	Italy	Europe		1554.0			?	69.0	7.36e-06	Homozygous	euploid
XTRA_EYE	IT_DBJ_S1	Basile et al. 2021	SRR11788398	98.9871322	Italy	wine	Italy	Europe		326.0	4. Commercial Wine	S1. Wine	2	13729.0	0.00146537	Heterozygous	euploid
XTRA_EYF	IT_DBK_S2	Basile et al. 2021	SRR11788397	104.152215	Italy	wine	Italy	Europe		688.0	7. AU Wine 3	S1. Wine	?	26.0	2.78e-06	Homozygous	euploid
XTRA_EYG	IT_DBL_S3	Basile et al. 2021	SRR11788396	88.8366198	USA	wine	USA	North America		709.0	7. AU Wine 3	S1. Wine	2	4412.0	0.00047092	Heterozygous	euploid
XTRA_EYH	IT_DBM_S4	Basile et al. 2021	SRR11788395	88.0270909	Italy	wine	Italy	Europe		385.0		S1. Wine	2	8296.0	0.00088548	Heterozygous	euploid
XTRA_EYI	IT_DBN_S5	Basile et al. 2021	SRR11788393	137.327703	USA	wine	USA	North America		734.0	7. AU Wine 3	S1. Wine	2	3178.0	0.0003392	Heterozygous	euploid
XTRA_EYJ	IT_DBO_S6	Basile et al. 2021	SRR11788392	83.1773802	France	wine	France	Europe		718.0	7. AU Wine 3	S1. Wine	?	208.0	2.22e-05	Homozygous	euploid
XTRA_EYK	IT_DBP_S7	Basile et al. 2021	SRR11788391	131.790273	Italy	wine	Italy	Europe		89.0	1. AU Wine 1	S1. Wine	2	3454.0	0.00036866	Heterozygous	euploid
XTRA_EYL	IT_DBQ_S8	Basile et al. 2021	SRR11788390	119.550099	Italy	wine	Italy	Europe		281.0	2. AU Wine 2	S1. Wine	2	10145.0	0.00108283	Heterozygous	euploid
XTRA_EYM	IT_DBR_S9	Basile et al. 2021	SRR11788389	120.188678	Italy	wine	Italy	Europe		332.0	4. Commercial Wine	S1. Wine	2	14361.0	0.00153282	Heterozygous	euploid
XTRA_EYN	IT_DBS_S10	Basile et al. 2021	SRR11788388	99.2373967	Italy	wine	Italy	Europe		334.0	4. Commercial Wine	S1. Wine	2	14272.0	0.00152332	Heterozygous	euploid
XTRA_EYO	IT_DBT_S11	Basile et al. 2021	SRR11788387	94.6921984	France	wine	France	Europe		574.0	6. West Europe Wine	S1. Wine	2	4423.0	0.00047209	Heterozygous	euploid
XTRA_EYP	IT_DBU_S12	Basile et al. 2021	SRR11788386	85.8622066	Italy	wine	Italy	Europe		88.0	1. AU Wine 1	S1. Wine	2	3451.0	0.00036834	Heterozygous	euploid
XTRA_EYQ	IT_DBV_S13	Basile et al. 2021	SRR11788385	167.776215	France	wine	France	Europe		285.0	2. AU Wine 2	S1. Wine	2	10716.0	0.00114377	Heterozygous	euploid
XTRA_EYR	IT_DBW_S14	Basile et al. 2021	SRR11788384	130.406603	France	wine	France	Europe		319.0		S1. Wine	2	11764.0	0.00125563	Heterozygous	euploid
XTRA_EYS	IT_DBX_S15	Basile et al. 2021	SRR11788382	99.0967934	USA	wine	USA	North America		411.0	5. Georgian Wine	S1. Wine	2	4555.0	0.00048618	Heterozygous	euploid
XTRA_EYT	IT_DBY_S16	Basile et al. 2021	SRR11788381	86.010595	Italy	wine	Italy	Europe		91.0	1. AU Wine 1	S1. Wine	2	4168.0	0.00044487	Heterozygous	euploid
XTRA_EYU	IT_DBZ_S17	Basile et al. 2021	SRR11788380	84.9183471	France	wine	France	Europe		365.0	4. Commercial Wine	S1. Wine	2	14346.0	0.00153122	Heterozygous	euploid
XTRA_EYV	IT_DCA_S18	Basile et al. 2021	SRR11788379	110.339256	Italy	wine	Italy	Europe		129.0	1. AU Wine 1	S1. Wine	?	15.0	1.6e-06	Homozygous	euploid
XTRA_EYW	IT_DCC_S20	Basile et al. 2021	SRR11788378	80.6883223	Portugal	wine	Portugal	Europe		359.0	4. Commercial Wine	S1. Wine	2	12405.0	0.00132405	Heterozygous	euploid
XTRA_EYX	IT_DDR_S21	Basile et al. 2021	SRR11788377	78.9591074	France	wine	France	Europe		194.0	1. AU Wine 1	S1. Wine	2	3451.0	0.00036834	Heterozygous	euploid
XTRA_EYY	IT_DDS_S22	Basile et al. 2021	SRR11788376	93.8132975	France	wine	France	Europe		611.0	7. AU Wine 3	S1. Wine	?	7.0	7.47e-07	Homozygous	euploid
XTRA_EYZ	IT_DDT_S23	Basile et al. 2021	SRR11788431	93.9481984	France	wine	France	Europe		147.0	1. AU Wine 1	S1. Wine	2	6074.0	0.00064831	Heterozygous	euploid
XTRA_EZA	IT_DDU_S24	Basile et al. 2021	SRR11788430	88.7605537	France	wine	France	Europe		148.0	1. AU Wine 1	S1. Wine	2	5018.0	0.0005356	Heterozygous	euploid
XTRA_EZB	IT_DDV_S25	Basile et al. 2021	SRR11788429	149.844124	France	wine	France	Europe		199.0	1. AU Wine 1	S1. Wine	2	4908.0	0.00052386	Heterozygous	euploid
XTRA_EZC	IT_DDW_S26	Basile et al. 2021	SRR11788427	146.338959	France	wine	France	Europe		575.0	6. West Europe Wine	S1. Wine	2	3872.0	0.00041328	Heterozygous	euploid
XTRA_EZD	IT_DEA_S30	Basile et al. 2021	SRR11788426	101.100248	France	wine	France	Europe		741.0	7. AU Wine 3	S1. Wine	?	15.0	1.6e-06	Homozygous	euploid
XTRA_EZE	IT_DEB_S31	Basile et al. 2021	SRR11788425	139.212025	France	wine	France	Europe		690.0	7. AU Wine 3	S1. Wine	?	35.0	3.74e-06	Homozygous	euploid
XTRA_EZF	IT_DEC_S32	Basile et al. 2021	SRR11788424	143.213306	France	wine	France	Europe		785.0	7. AU Wine 3	S1. Wine	?	30.0	3.2e-06	Homozygous	euploid
XTRA_EZG	IT_DED_S33	Basile et al. 2021	SRR11788423	145.926818	France	wine	France	Europe		674.0	7. AU Wine 3	S1. Wine	2	1334.0	0.00014239	Heterozygous	euploid
XTRA_EZH	IT_DEE_S34	Basile et al. 2021	SRR11788422	107.591876	France	wine	France	Europe		750.0	7. AU Wine 3	S1. Wine	2	2868.0	0.00030612	Heterozygous	euploid
XTRA_EZI	IT_DEF_S35	Basile et al. 2021	SRR11788421	81.5180331	France	wine	France	Europe		782.0	7. AU Wine 3	S1. Wine	?	14.0	1.49e-06	Homozygous	euploid
XTRA_EZJ	IT_DEG_S36	Basile et al. 2021	SRR11788420	95.4632479	France	wine	France	Europe		647.0	7. AU Wine 3	S1. Wine	2	8616.0	0.00091963	Heterozygous	euploid
XTRA_EZK	IT_DEH_S37	Basile et al. 2021	SRR11788419	73.7796198	France	wine	France	Europe		211.0	1. AU Wine 1	S1. Wine	2	10762.0	0.00114868	Heterozygous	euploid
XTRA_EZL	IT_DEI_S38	Basile et al. 2021	SRR11788418	93.0943388	France	rhum	France	Europe		2080.0			2	26043.0	0.0027797	Heterozygous	euploid
XTRA_EZM	IT_DEJ_S39	Basile et al. 2021	SRR11788416	80.1222149	France	wine	France	Europe		743.0	7. AU Wine 3	S1. Wine	?	12.0	1.28e-06	Homozygous	euploid
XTRA_EZN	IT_DEK_S40	Basile et al. 2021	SRR11788415	67.9156612	France	wine	France	Europe		373.0	4. Commercial Wine	S1. Wine	2	7922.0	0.00084556	Heterozygous	euploid
XTRA_EZO	IT_DEL_S41	Basile et al. 2021	SRR11788414	61.3110744	France	wine	France	Europe		645.0	7. AU Wine 3	S1. Wine	2	3107.0	0.00033163	Heterozygous	euploid
XTRA_EZP	IT_DEM_S42	Basile et al. 2021	SRR11788413	82.6010579	France	wine	France	Europe		203.0	1. AU Wine 1	S1. Wine	?	5.0	5.34e-07	Homozygous	euploid
XTRA_EZQ	IT_DEN_S43	Basile et al. 2021	SRR11788412	62.9899091	France	wine	France	Europe		890.0	8. AU Wine 4	S1. Wine	?	11.0	1.17e-06	Homozygous	euploid
XTRA_EZR	IT_DEO_S44	Basile et al. 2021	SRR11788411	90.6746281	France	wine	France	Europe		703.0	7. AU Wine 3	S1. Wine	2	6012.0	0.00064169	Heterozygous	euploid
XTRA_EZS	IT_DEP_S45	Basile et al. 2021	SRR11788410	99.2753554	France	wine	France	Europe		650.0	7. AU Wine 3	S1. Wine	?	22.0	2.35e-06	Homozygous	euploid
XTRA_EZT	IT_DEQ_S46	Basile et al. 2021	SRR11788409	104.437463	France	wine	France	Europe		651.0	7. AU Wine 3	S1. Wine	?	24.0	2.56e-06	Homozygous	euploid
XTRA_EZU	IT_DER_S47	Basile et al. 2021	SRR11788408	63.1053223	France	wine	France	Europe		649.0	7. AU Wine 3	S1. Wine	?	10.0	1.07e-06	Homozygous	euploid
XTRA_EZV	IT_DES_S48	Basile et al. 2021	SRR11788407	153.447744	France	wine	France	Europe		510.0	6. West Europe Wine	S1. Wine	2	2976.0	0.00031764	Heterozygous	euploid
XTRA_EZW	IT_DET_S49	Basile et al. 2021	SRR11788405	59.4348347	France	rhum	France	Europe		2230.0			?	124.0	1.32e-05	Homozygous	euploid
XTRA_EZX	IT_DEU_S50	Basile et al. 2021	SRR11788404	69.0193636	France	wine	France	Europe		708.0	7. AU Wine 3	S1. Wine	?	11.0	1.17e-06	Homozygous	euploid
XTRA_EZY	IT_DEV_S51	Basile et al. 2021	SRR11788375	117.51062	France	wine	France	Europe		292.0	2. AU Wine 2	S1. Wine	2	9949.0	0.00106191	Heterozygous	euploid
XTRA_EZZ	IT_DEW_S52	Basile et al. 2021	SRR11788374	106.957909	France	wine	France	Europe		719.0	7. AU Wine 3	S1. Wine	?	83.0	8.86e-06	Homozygous	euploid
XTRA_FAA	IT_DEX_S53	Basile et al. 2021	SRR11788373	77.6704959	France	wine	France	Europe		271.0	2. AU Wine 2	S1. Wine	2	9491.0	0.00101302	Heterozygous	euploid
XTRA_FAB	A.1728	Fay et al. 2019	SRR8172994	20.3	UK	Wyeast 1728 Scottish Ale	United Kingdom	Europe									euploid
XTRA_FAC	ABM1	Fay et al. 2019	SRR8173053	254.9	France	AB Mauri baking #1	France	Europe		1869.0	20. Mixed Origins 1	S2. Beer	4	50457.0	0.00538554	Heterozygous	euploid
XTRA_FAD	ABM2	Fay et al. 2019	SRR8173054	163.82	France	AB Mauri baking #2	France	Europe		1840.0	20. Mixed Origins 1	S2. Beer	3	38226.0	0.00408006	Heterozygous	aneu;+1*1;+1*14;
XTRA_FAE	ABM3	Fay et al. 2019	SRR8173051	137.54	France	AB Mauri baking #3	France	Europe		2270.0	27. US Clinical 2		3	35469.0	0.00378579	Heterozygous	aneu;+1*6;+1*9;
XTRA_FAF	ABM4	Fay et al. 2019	SRR8173052	250.91	France	AB Mauri baking #4	France	Europe		2271.0	27. US Clinical 2		3	35474.0	0.00378632	Heterozygous	aneu;+1*6;+1*9;
XTRA_FAG	ABM5	Fay et al. 2019	SRR8173049	138.09	France	AB Mauri baking #5	France	Europe		2272.0	27. US Clinical 2		3	34741.0	0.00370809	Heterozygous	aneu;+1*9;
XTRA_FAH	BC217	Fay et al. 2019	SRR8173007	87.63	CA, USA	Matalpha HO::NatMX, derived from BC187, UCD2120, wine barrel, CA, USA	USA	North America		1152.0	8. AU Wine 4	S1. Wine	?	35.0	3.74e-06	Homozygous	euploid
XTRA_FAI	L.Brewferm	Fay et al. 2019	SRR8172928	21.24		Brewferm Lager Yeast											euploid
XTRA_FAJ	YJF153	Fay et al. 2019	SRR8172981	90.76	PA, USA	Mata HO:dsdAMX4, derived from YPS163, oak tree, PA, USA	USA	North America		3022.0	39. Asian Oak	S4. Wild	?	80.0	8.54e-06	Homozygous	euploid
XTRA_FAK	YMD1834	Fay et al. 2019	SRR8172961	167.23	Belgium	Wyeast 1388 Belgian Strong	Belgium	Europe		1341.0	12. Belgium Beer 1		2	13283.0	0.00141776	Heterozygous	aneu;+1*14;
XTRA_FAL	YMD1864	Fay et al. 2019	SRR8172962	194.98	UK	Wyeast 1275 Thames Valley (English)	United Kingdom	Europe		1722.0	19. UK Beer	S2. Beer	4	29005.0	0.00309585	Heterozygous	euploid
XTRA_FAM	YMD1865	Fay et al. 2019	SRR8172983	205.4	UK	Wyeast 1469 W Yorkshire (English)	United Kingdom	Europe		1744.0	19. UK Beer	S2. Beer	4	32997.0	0.00352194	Heterozygous	aneu;-1*6;
XTRA_FAN	YMD1866	Fay et al. 2019	SRR8172984	190.32	UK	Wyeast 1728 Scottish Ale	United Kingdom	Europe		1763.0	19. UK Beer	S2. Beer	4	31894.0	0.00340421	Heterozygous	aneu;+2*1;+2*2;-1*8;
XTRA_FAO	YMD1867	Fay et al. 2019	SRR8172946	210.34	North America	Wyeast 1332 Northwest (American) Ale	North America	North America		1727.0	19. UK Beer	S2. Beer	4	31675.0	0.00338084	Heterozygous	aneu;+1*2;+1*3;+1*9;
XTRA_FAP	YMD1868	Fay et al. 2019	SRR8172945	215.36	Newport, Oregon	Wyeast Rogue Pacman (American)	USA	North America		1704.0	19. UK Beer	S2. Beer	4	23701.0	0.00252973	Heterozygous	euploid
XTRA_FAQ	YMD1869	Fay et al. 2019	SRR8172944	227.74	UK	Wyeast 1098 British Ale	United Kingdom	Europe		1738.0	19. UK Beer	S2. Beer	3	25163.0	0.00268578	Heterozygous	euploid
XTRA_FAR	YMD1870	Fay et al. 2019	SRR8172943	213.15	UK	Wyeast 1028 London Ale	United Kingdom	Europe		1759.0	19. UK Beer	S2. Beer	4	32660.0	0.00348597	Heterozygous	euploid
XTRA_FAS	YMD1871	Fay et al. 2019	SRR8172942	159.94	Germany	Wyeast 2565 Kolsch (German)	Germany	Europe		1694.0	18. Belgium Beer 2	S2. Beer	4	28052.0	0.00299414	Heterozygous	euploid
XTRA_FAT	YMD1872	Fay et al. 2019	SRR8172941	212.34	UK	Wyeast 1318 London Ale III	United Kingdom	Europe		1740.0	19. UK Beer	S2. Beer	4	33473.0	0.00357275	Heterozygous	aneu;-1*1;
XTRA_FAU	YMD1873	Fay et al. 2019	SRR8172940	203.53	Germany	Wyeast 3068 Weihenstephan (German wheat)	Germany	Europe		1654.0		S2. Beer	4	25285.0	0.0026988	Heterozygous	euploid
XTRA_FAW	YMD1875	Fay et al. 2019	SRR8172938	223.19	Belgium	Wyeast 3787 Trappist HG (Belgian)	Belgium	Europe		1671.0	18. Belgium Beer 2	S2. Beer	4	26299.0	0.00280703	Heterozygous	aneu;+1*1;-1*6;+2*9;
XTRA_FAX	YMD1950	Fay et al. 2019	SRR8172937	226.2	Belgium	Wyeast 3463 Forbidden Fruit (Belgian wheat)	Belgium	Europe		1664.0	18. Belgium Beer 2	S2. Beer	4	29122.0	0.00310834	Heterozygous	aneu;-1*1;
XTRA_FAY	YMD1952	Fay et al. 2019	SRR8173055	199.83	Germany	Wyeast 2565 Kolsch (German)	Germany	Europe		1692.0	18. Belgium Beer 2	S2. Beer	4	27942.0	0.00298239	Heterozygous	euploid
XTRA_FAZ	YMD1981	Fay et al. 2019	SRR8173056	169.68	UK	Wyeast 1968 London ESB	United Kingdom	Europe		1735.0	19. UK Beer	S2. Beer	4	32011.0	0.0034167	Heterozygous	aneu;+1*2;
XTRA_FBA	YO1047	Fay et al. 2019	SRR8172976	40.15	South Africa	Soil, South Africa	South Africa	Africa		2818.0	36. North American Wild	S4. Wild	?	220.0	2.35e-05	Homozygous	euploid
XTRA_FBB	YO1112	Fay et al. 2019	SRR8172975	44.0	Honduras	Green coffee beans, Honduras	Honduras	North America		1622.0			?	56.0	5.98e-06	Homozygous	euploid
XTRA_FBC	YO1114	Fay et al. 2019	SRR8172978	86.38	Mexico	Green coffee beans, Mexico	Mexico	North America		2690.0		S4. Wild	?	93.0	9.93e-06	Homozygous	aneu;+1*8;
XTRA_FBD	YO1128	Fay et al. 2019	SRR8172977	63.62	Yemen	Green coffee beans, Ismaili District - Yemen	Yemen	Asia		1836.0	20. Mixed Origins 1	S2. Beer	3	37692.0	0.00402306	Heterozygous	euploid
XTRA_FBE	YO1133	Fay et al. 2019	SRR8172974	366.98	Ethiopia	Green coffee beans, Yirgacheffe - Ethiopia	Ethiopia	Africa		1835.0	20. Mixed Origins 1	S2. Beer	3	35501.0	0.00378921	Heterozygous	aneu;-1*1;
XTRA_FBF	YO1164	Fay et al. 2019	SRR8172973	310.98	San Jacinto, CA - United States	D. pseudoobscura, San Jacinto, CA - United States	USA	North America		1805.0	20. Mixed Origins 1	S2. Beer	3	43588.0	0.00465237	Heterozygous	aneu;+2*1;+1*11;+1*3;
XTRA_FBG	YO1201	Fay et al. 2019	SRR8173041	306.62	Java, Indenosia	Green coffee beans, Java - Indonesia	Indonesia	Asia		1826.0	20. Mixed Origins 1	S2. Beer	3	32823.0	0.00350337	Heterozygous	aneu;-1*4;
XTRA_FBH	YO1225	Fay et al. 2019	SRR8173042	166.68	Nueva Segovia - Nicaragua	Green coffee beans, Nueva Segovia - Nicaragua	Nicaragua	North America		1246.0	10. AU Wine 6	S1. Wine	?	64.0	6.83e-06	Homozygous	euploid
XTRA_FBI	YO1348	Fay et al. 2019	SRR8173043	69.93	Huehuetenango - Guatemala	Green coffee beans, Huehuetenango - Guatemala	Guatemala	North America		1623.0			?	27.0	2.88e-06	Homozygous	euploid
XTRA_FBJ	YO1480	Fay et al. 2019	SRR8173044	136.09	West Rwanda - Rwanda	Green coffee beans, Nkanka, West Rwanda - Rwanda	Rwanda	Africa		2144.0			?	177.0	1.89e-05	Homozygous	euploid
XTRA_FBK	YO1487	Fay et al. 2019	SRR8173037	95.76	Nyeri District - Kenya	Green coffee beans, Nyeri District - Kenya	Kenya	Africa		2229.0			?	223.0	2.38e-05	Homozygous	euploid
XTRA_FBL	YO1599	Fay et al. 2019	SRR8173038	83.9	Santa Barbara - Colombia	Green coffee beans, Santa Barbara - Colombia	Colombia	South America		2232.0			?	123.0	1.31e-05	Homozygous	euploid
XTRA_FBM	YO1600	Fay et al. 2019	SRR8173039	68.54	San Ignacio Cajamarca - Peru	Green coffee beans, San Ignacio Cajamarca - Peru	Peru	South America		1252.0		S1. Wine	?	107.0	1.14e-05	Homozygous	euploid
XTRA_FBN	YO317	Fay et al. 2019	SRR8173040	53.45	Philippines	Coconut, Philippines	Philippines	Asia		2641.0			?	133.0	1.42e-05	Homozygous	euploid
XTRA_FBO	YO367	Fay et al. 2019	SRR8173045	341.14	Evolution Canyon - Israel	South facing shady spot, Station 2, Evolution Canyon - Israel	Israel	Asia		1792.0	20. Mixed Origins 1	S2. Beer	4	46506.0	0.00496383	Heterozygous	aneu;-1*5;
XTRA_FBP	YO374	Fay et al. 2019	SRR8173046	35.83	Evolution Canyon - Israel	Shady spot, Station 6, Evolution Canyon - Israel	Israel	Asia		2283.0			2	17863.0	0.00190661	Heterozygous	aneu;+1*1;+2*8;
XTRA_FBQ	YO376	Fay et al. 2019	SRR8173022	39.08	Evolution Canyon - Israel	Sunny spot, Evolution Canyon - Israel	Israel	Asia		1612.0	17. Israel Wild		?	330.0	3.52e-05	Homozygous	euploid
XTRA_FBR	YO397	Fay et al. 2019	SRR8173021	36.8	California - United States	Beetle from infested Prunus Bokhariensis, California - United States	USA	North America		1588.0			?	60.0	6.4e-06	Homozygous	euploid
XTRA_FBS	YO416	Fay et al. 2019	SRR8173020	65.4	Ghana	Cacao fermentation, Ghana	Ghana	Africa		2169.0	26. West African Cocoa		2	12071.0	0.0012884	Heterozygous	euploid
XTRA_FBT	YO419	Fay et al. 2019	SRR8173019	64.18	Ghana	Cacao fermentation, Ghana	Ghana	Africa		2149.0	26. West African Cocoa		2	9370.0	0.00100011	Heterozygous	euploid
XTRA_FBU	YO465	Fay et al. 2019	SRR8173026	318.58	Gothenburg - Sweden	Fish gut, Gothenburg - Sweden	Sweden	Europe		1812.0	20. Mixed Origins 1	S2. Beer	4	43009.0	0.00459057	Heterozygous	euploid
XTRA_FBV	YO466	Fay et al. 2019	SRR8173025	85.09	Tanzania	Togwa, Tanzania	Tanzania	Tanzania		1514.0	15. African Beer		3	24581.0	0.00262366	Heterozygous	euploid
XTRA_FBW	YO468	Fay et al. 2019	SRR8173024	65.55	Tanzania	Togwa, Tanzania	Tanzania	Tanzania		2246.0			3	39380.0	0.00420323	Heterozygous	euploid
XTRA_FBX	YO645	Fay et al. 2019	SRR8173023	83.79	Costa Rica	Banana, Costa Rica	Costa Rica	North America		2226.0			2	38857.0	0.00414741	Heterozygous	euploid
XTRA_FBY	YO647	Fay et al. 2019	SRR8173018	71.32	Nepal	Murcha yeast cake, Nepal	Nepal	Asia		2365.0		S3. Asian Fermentation	2	4622.0	0.00049333	Heterozygous	euploid
XTRA_FBZ	YO648	Fay et al. 2019	SRR8173017	79.63	Malaysia	Tapioca, Malaysia	Malaysia	Asia		2591.0	31. Huangjiu	S3. Asian Fermentation	4	1396.0	0.000149	Heterozygous	euploid
XTRA_FCA	YO649	Fay et al. 2019	SRR8173079	37.26	China	Fermented food, China	China	Asia		2549.0		S3. Asian Fermentation	?	80.0	8.54e-06	Homozygous	aneu;+1*3;+1*8;
XTRA_FCB	YO670	Fay et al. 2019	SRR8173080	39.58	United States	Wheat starch, United States	USA	North America		2243.0			2	39660.0	0.00423312	Heterozygous	euploid
XTRA_FCC	YO672	Fay et al. 2019	SRR8173077	40.26	India	Jalebi, Indian fried (sweet) snack, India	India	Asia		2359.0	28. Baiju	S3. Asian Fermentation	3	14402.0	0.0015372	Heterozygous	euploid
XTRA_FCD	YO700	Fay et al. 2019	SRR8173078	77.63	Pakistan	Baker, Pakistan	Pakistan	Asia		2341.0		S3. Asian Fermentation	2	14025.0	0.00149696	Heterozygous	euploid
XTRA_FCE	YO705	Fay et al. 2019	SRR8173083	86.52	Brazil	Fermented cassava mash, Brazil	Brazil	South America		2090.0			3	41372.0	0.00441585	Heterozygous	aneu;+1*14;+1*8;
XTRA_FCF	YO707	Fay et al. 2019	SRR8173084	305.22		Coconut pod				1803.0	20. Mixed Origins 1	S2. Beer	3	48107.0	0.00513471	Heterozygous	aneu;+1*11;+2*3;
XTRA_FCG	YO715	Fay et al. 2019	SRR8173081	51.11	Italy	Stracchino cheese, Italy	Italy	Europe		1395.0	13. French Dairy		3	22977.0	0.00245245	Heterozygous	aneu;+1*1;
XTRA_FCH	YO721	Fay et al. 2019	SRR8173082	54.69		Kefyr				2261.0			3	31845.0	0.00339898	Heterozygous	aneu;+1*1;+1*3;+1*9;
XTRA_FCI	YO724	Fay et al. 2019	SRR8173085	43.1		Bark from Quercus variabi (Asian Oak)				2738.0	35. Chinese Wild	S4. Wild	?	140.0	1.49e-05	Homozygous	euploid
XTRA_FCJ	YO728	Fay et al. 2019	SRR8173086	52.61	Jamaica	Cane juice, Jamaica	Jamaica	North America		2094.0			2	24521.0	0.00261725	Heterozygous	euploid
XTRA_FCK	YO730	Fay et al. 2019	SRR8173058	60.57		Wild cherry tree gum				1960.0	22. French Guiana Human		?	94.0	1e-05	Homozygous	euploid
XTRA_FCL	YO732	Fay et al. 2019	SRR8173057	54.53		Amylo process (isolating EtOH from starch.)				2364.0	28. Baiju	S3. Asian Fermentation	3	14850.0	0.00158502	Heterozygous	aneu;+1*3;-1*6;
XTRA_FCM	YO734	Fay et al. 2019	SRR8173060	64.63	Yosemite, California - United States	D. pseudoobscura, Yosemite, California - United States	USA	North America		2269.0	27. US Clinical 2		3	33815.0	0.00360925	Heterozygous	euploid
XTRA_FCN	YO769	Fay et al. 2019	SRR8173059	76.05	Border Field State Park, San Diego County, California - United States	Mud, leaves, Border Field State Park, San Diego County, California - United States	USA	North America		2833.0	36. North American Wild	S4. Wild	?	104.0	1.11e-05	Homozygous	euploid
XTRA_FCO	YO770	Fay et al. 2019	SRR8173062	43.31	Border Field State Park, San Diego County, California - United States	Mud, leaves, Border Field State Park, San Diego County, California - United States	USA	North America		2384.0	28. Baiju	S3. Asian Fermentation	2	13651.0	0.00145704	Heterozygous	euploid
XTRA_FCP	YO798	Fay et al. 2019	SRR8173061	76.99	New Orleans, LA - United States	Citrus juice, New Orleans, LA - United States	USA	North America		2095.0	25. US Clinical 1		2	35311.0	0.00376893	Heterozygous	aneu;+1*14;
XTRA_FCQ	YO807	Fay et al. 2019	SRR8173064	366.61		Canned peaches				1802.0	20. Mixed Origins 1	S2. Beer	4	53032.0	0.00566038	Heterozygous	aneu;+1*1;
XTRA_FCR	YO814	Fay et al. 2019	SRR8173063	72.58	Nigeria	Unroasted beans, cacao, Nigeria	Nigeria	Africa		1624.0			2	46321.0	0.00494408	Heterozygous	euploid
XTRA_FCS	YO815	Fay et al. 2019	SRR8173066	124.71	Nigeria	Unroasted beans, cacao, Nigeria	Nigeria	Africa		2158.0	26. West African Cocoa		?	166.0	1.77e-05	Homozygous	euploid
XTRA_FCT	YO820	Fay et al. 2019	SRR8173065	70.19	Nigeria	Unroasted beans, cacao, Nigeria	Nigeria	Africa		2159.0	26. West African Cocoa		?	83.0	8.86e-06	Homozygous	euploid
XTRA_FCU	YO823	Fay et al. 2019	SRR8172955	78.69	Nigeria	Unroasted beans, cacao, Nigeria	Nigeria	Africa		2157.0			?	81.0	8.65e-06	Homozygous	euploid
XTRA_FCV	YO840	Fay et al. 2019	SRR8172956	43.5	Costa Rica	Unroasted beans, cacao, Costa Rica	Costa Rica	North America		1546.0	16. Canadian Wine		?	42.0	4.48e-06	Homozygous	euploid
XTRA_FCW	YO841	Fay et al. 2019	SRR8173015	60.18	Costa Rica	Unroasted beans, cacao, Costa Rica	Costa Rica	North America		1952.0			2	46807.0	0.00499595	Heterozygous	euploid
XTRA_FCX	YO849	Fay et al. 2019	SRR8173016	50.72	Peru	Unroasted beans, cacao, Peru	Peru	South America		1550.0			?	49.0	5.23e-06	Homozygous	euploid
XTRA_FCY	YO870	Fay et al. 2019	SRR8172959	223.14	Haiti	Unroasted beans, cacao, Haiti	Haiti	North America		2638.0			2	7718.0	0.00082378	Heterozygous	euploid
XTRA_FCZ	YO874	Fay et al. 2019	SRR8172960	46.89	Haiti	Unroasted beans, cacao, Haiti	Haiti	North America		1628.0			?	19.0	2.03e-06	Homozygous	euploid
XTRA_FDA	ACNCCsf_C6	Higgins et al. 2021	SRR12404013	107.32	New Zealand, Awatere	Spontaneous Commercial Ferment	New Zealand	Oceania		1128.0	8. AU Wine 4	S1. Wine	?	32.0	3.42e-06	Homozygous	euploid
XTRA_FDB	ACNCRsf_E5	Higgins et al. 2021	SRR12404012	101.71	New Zealand, Awatere	Spontaneous Commercial Ferment	New Zealand	Oceania		272.0	2. AU Wine 2	S1. Wine	2	9244.0	0.00098666	Heterozygous	euploid
XTRA_FDC	ACNCRsf_G1	Higgins et al. 2021	SRR12404001	111.28	New Zealand, Awatere	Spontaneous Commercial Ferment	New Zealand	Oceania		265.0	2. AU Wine 2	S1. Wine	2	6485.0	0.00069218	Heterozygous	euploid
XTRA_FDD	ACNTFsf_C5	Higgins et al. 2021	SRR12403990	141.76	New Zealand, Awatere	Spontaneous Commercial Ferment	New Zealand	Oceania		1127.0	8. AU Wine 4	S1. Wine	?	38.0	4.06e-06	Homozygous	euploid
XTRA_FDE	APRFVsf_F12	Higgins et al. 2021	SRR12403979	159.13	New Zealand, Awatere	Spontaneous Commercial Ferment	New Zealand	Oceania		1108.0	8. AU Wine 4	S1. Wine	2	12497.0	0.00133387	Heterozygous	euploid
XTRA_FDF	APRSEsf_D1	Higgins et al. 2021	SRR12403968	162.89	New Zealand, Awatere	Spontaneous Commercial Ferment	New Zealand	Oceania		1015.0	8. AU Wine 4	S1. Wine	?	19.0	2.03e-06	Homozygous	euploid
XTRA_FDG	APRSEsf_G9	Higgins et al. 2021	SRR12403965	189.61	New Zealand, Awatere	Spontaneous Commercial Ferment	New Zealand	Oceania		996.0	8. AU Wine 4	S1. Wine	?	35.0	3.74e-06	Homozygous	euploid
XTRA_FDH	ATOACsf_A9	Higgins et al. 2021	SRR12403964	157.65	New Zealand, Awatere	Spontaneous Commercial Ferment	New Zealand	Oceania		956.0			?	41.0	4.38e-06	Homozygous	euploid
XTRA_FDI	CAMBLsf_H9	Higgins et al. 2021	SRR12403963	174.52	New Zealand, Central Otago	Spontaneous Commercial Ferment	New Zealand	Oceania		161.0	1. AU Wine 1	S1. Wine	?	16.0	1.71e-06	Homozygous	euploid
XTRA_FDJ	CDRDRsf_A10	Higgins et al. 2021	SRR12403962	135.94	New Zealand, Central Otago	Spontaneous Commercial Ferment	New Zealand	Oceania		1170.0	8. AU Wine 4	S1. Wine	2	5143.0	0.00054894	Heterozygous	euploid
XTRA_FDK	CMDMDsf_F4	Higgins et al. 2021	SRR12404011	99.22	New Zealand, Central Otago	Spontaneous Commercial Ferment	New Zealand	Oceania		259.0	2. AU Wine 2	S1. Wine	2	6663.0	0.00071118	Heterozygous	euploid
XTRA_FDL	CMVMVsf_F3	Higgins et al. 2021	SRR12404010	122.73	New Zealand, Central Otago	Spontaneous Commercial Ferment	New Zealand	Oceania		260.0	2. AU Wine 2	S1. Wine	2	7791.0	0.00083157	Heterozygous	euploid
XTRA_FDM	CPEGIsf_C3	Higgins et al. 2021	SRR12404009	119.62	New Zealand, Central Otago	Spontaneous Commercial Ferment	New Zealand	Oceania		296.0	2. AU Wine 2	S1. Wine	2	8690.0	0.00092753	Heterozygous	euploid
XTRA_FDN	CRIRIsf_C2	Higgins et al. 2021	SRR12404008	127.57	New Zealand, Central Otago	Spontaneous Commercial Ferment	New Zealand	Oceania		278.0	2. AU Wine 2	S1. Wine	?	31.0	3.31e-06	Homozygous	euploid
XTRA_FDO	CRIRIsf_H2	Higgins et al. 2021	SRR12404007	104.67	New Zealand, Central Otago	Spontaneous Commercial Ferment	New Zealand	Oceania		280.0	2. AU Wine 2	S1. Wine	?	31.0	3.31e-06	Homozygous	euploid
XTRA_FDP	HPRMAsf_G6	Higgins et al. 2021	SRR12404006	104.18	New Zealand, Hawke's Bay	Spontaneous Commercial Ferment	New Zealand	Oceania		1133.0	8. AU Wine 4	S1. Wine	?	25.0	2.67e-06	Homozygous	euploid
XTRA_FDQ	HTHESsf_D10	Higgins et al. 2021	SRR12404005	115.85	New Zealand, Hawke's Bay	Spontaneous Commercial Ferment	New Zealand	Oceania		1144.0	8. AU Wine 4	S1. Wine	2	4943.0	0.00052759	Heterozygous	euploid
XTRA_FDR	HTHESsf_G10	Higgins et al. 2021	SRR12404004	135.23	New Zealand, Hawke's Bay	Spontaneous Commercial Ferment	New Zealand	Oceania		748.0	7. AU Wine 3	S1. Wine	2	2698.0	0.00028797	Heterozygous	euploid
XTRA_FDS	HTHMAsf_A11	Higgins et al. 2021	SRR12404003	136.81	New Zealand, Hawke's Bay	Spontaneous Commercial Ferment	New Zealand	Oceania		1140.0	8. AU Wine 4	S1. Wine	2	9805.0	0.00104654	Heterozygous	euploid
XTRA_FDT	HTHMAsf_H11	Higgins et al. 2021	SRR12404002	159.66	New Zealand, Hawke's Bay	Spontaneous Commercial Ferment	New Zealand	Oceania		1141.0	8. AU Wine 4	S1. Wine	2	11501.0	0.00122756	Heterozygous	euploid
XTRA_FDU	MARARsf_E10	Higgins et al. 2021	SRR12404000	168.91	New Zealand, Martinborough	Spontaneous Commercial Ferment	New Zealand	Oceania		653.0	7. AU Wine 3	S1. Wine	?	19.0	2.03e-06	Homozygous	euploid
XTRA_FDV	MARLIsf_C1	Higgins et al. 2021	SRR12403999	132.44	New Zealand, Martinborough	Spontaneous Commercial Ferment	New Zealand	Oceania		200.0	1. AU Wine 1	S1. Wine	2	4589.0	0.00048981	Heterozygous	euploid
XTRA_FDW	MPACLsf_B1	Higgins et al. 2021	SRR12403998	107.57	New Zealand, Martinborough	Spontaneous Commercial Ferment	New Zealand	Oceania		792.0	7. AU Wine 3	S1. Wine	?	16.0	1.71e-06	Homozygous	euploid
XTRA_FDX	MPAPEsf_A12	Higgins et al. 2021	SRR12403997	143.5	New Zealand, Martinborough	Spontaneous Commercial Ferment	New Zealand	Oceania		788.0	7. AU Wine 3	S1. Wine	?	14.0	1.49e-06	Homozygous	euploid
XTRA_FDY	MTKSBsf_A3	Higgins et al. 2021	SRR12403996	105.63	New Zealand, Martinborough	Spontaneous Commercial Ferment	New Zealand	Oceania		765.0	7. AU Wine 3	S1. Wine	?	10.0	1.07e-06	Homozygous	euploid
XTRA_FDZ	MTKSBsf_H10	Higgins et al. 2021	SRR12403995	108.78	New Zealand, Martinborough	Spontaneous Commercial Ferment	New Zealand	Oceania		823.0	7. AU Wine 3	S1. Wine	?	16.0	1.71e-06	Homozygous	euploid
XTRA_FEA	MTKSKsf_G9	Higgins et al. 2021	SRR12403994	137.46	New Zealand, Martinborough	Spontaneous Commercial Ferment	New Zealand	Oceania		763.0	7. AU Wine 3	S1. Wine	2	5737.0	0.00061234	Heterozygous	euploid
XTRA_FEB	NNEMAsf_G8	Higgins et al. 2021	SRR12403993	165.73	New Zealand, Nelson	Spontaneous Commercial Ferment	New Zealand	Oceania		730.0	7. AU Wine 3	S1. Wine	?	15.0	1.6e-06	Homozygous	euploid
XTRA_FEC	NSEBRsf_C5	Higgins et al. 2021	SRR12403992	127.45	New Zealand, Nelson	Spontaneous Commercial Ferment	New Zealand	Oceania		1153.0	8. AU Wine 4	S1. Wine	2	4484.0	0.0004786	Heterozygous	euploid
XTRA_FED	NSECHsf_F2	Higgins et al. 2021	SRR12403991	148.38	New Zealand, Nelson	Spontaneous Commercial Ferment	New Zealand	Oceania		1109.0	8. AU Wine 4	S1. Wine	?	46.0	4.9100000000000004e-06	Homozygous	euploid
XTRA_FEE	NSEERsf_G8	Higgins et al. 2021	SRR12403989	188.61	New Zealand, Nelson	Spontaneous Commercial Ferment	New Zealand	Oceania		1161.0	8. AU Wine 4	S1. Wine	2	3267.0	0.0003487	Heterozygous	euploid
XTRA_FEF	NSERVsf_H8	Higgins et al. 2021	SRR12403988	148.95	New Zealand, Nelson	Spontaneous Commercial Ferment	New Zealand	Oceania		1159.0	8. AU Wine 4	S1. Wine	2	4278.0	0.00045661	Heterozygous	euploid
XTRA_FEG	NSEWIsf_H11	Higgins et al. 2021	SRR12403987	187.55	New Zealand, Nelson	Spontaneous Commercial Ferment	New Zealand	Oceania		1163.0	8. AU Wine 4	S1. Wine	?	18.0	1.92e-06	Homozygous	euploid
XTRA_FEH	T52-27	Higgins et al. 2021	SRR12403986	287.89	New Zealand, West Auckland	River Ferment	New Zealand	Oceania		1135.0	8. AU Wine 4	S1. Wine	2	3155.0	0.00033675	Heterozygous	euploid
XTRA_FEI	WA-WaitakereRd-4	Higgins et al. 2021	SRR12403985	36.8	New Zealand, Wairau Valley	Spontaneous Commercial Ferment	New Zealand	Oceania		1136.0	8. AU Wine 4	S1. Wine	2	4703.0	0.00050198	Heterozygous	euploid
XTRA_FEJ	WCHLOsf_A9	Higgins et al. 2021	SRR12403984	201.15	New Zealand, Wairau Valley	Spontaneous Commercial Ferment	New Zealand	Oceania		204.0	1. AU Wine 1	S1. Wine	2	3266.0	0.0003486	Heterozygous	euploid
XTRA_FEK	WCHLOsf_H2	Higgins et al. 2021	SRR12403983	118.33	New Zealand, Wairau Valley	Spontaneous Commercial Ferment	New Zealand	Oceania		170.0	1. AU Wine 1	S1. Wine	?	63.0	6.72e-06	Homozygous	euploid
XTRA_FEL	WCHSAsf_D6	Higgins et al. 2021	SRR12403982	205.03	New Zealand, Wairau Valley	Spontaneous Commercial Ferment	New Zealand	Oceania		751.0	7. AU Wine 3	S1. Wine	2	6037.0	0.00064436	Heterozygous	euploid
XTRA_FEM	WDEOBsfP_A2	Higgins et al. 2021	SRR12403981	170.9	New Zealand, Wairau Valley	Spontaneous Commercial Ferment	New Zealand	Oceania		1154.0	8. AU Wine 4	S1. Wine	2	3555.0	0.00037944	Heterozygous	euploid
XTRA_FEN	WDEOBsf_C7	Higgins et al. 2021	SRR12403980	179.58	New Zealand, Wairau Valley	Spontaneous Commercial Ferment	New Zealand	Oceania		1113.0	8. AU Wine 4	S1. Wine	?	74.0	7.9e-06	Homozygous	euploid
XTRA_FEO	WHUHUsf_G11	Higgins et al. 2021	SRR12403978	119.37	New Zealand, Wairau Valley	Spontaneous Commercial Ferment	New Zealand	Oceania		705.0	7. AU Wine 3	S1. Wine	2	6950.0	0.00074181	Heterozygous	euploid
XTRA_FEP	WMRMRsf_A9	Higgins et al. 2021	SRR12403977	165.41	New Zealand, Wairau Valley	Spontaneous Commercial Ferment	New Zealand	Oceania		957.0			?	62.0	6.62e-06	Homozygous	euploid
XTRA_FEQ	WPRBOsf_B4	Higgins et al. 2021	SRR12403976	94.54	New Zealand, Wairau Valley	Spontaneous Commercial Ferment	New Zealand	Oceania		950.0	8. AU Wine 4	S1. Wine	2	9583.0	0.00102284	Heterozygous	euploid
XTRA_FER	WPRSQsf_F2	Higgins et al. 2021	SRR12403975	90.68	New Zealand, Wairau Valley	Spontaneous Commercial Ferment	New Zealand	Oceania		1016.0	8. AU Wine 4	S1. Wine	?	31.0	3.31e-06	Homozygous	euploid
XTRA_FES	WPRSQsf_G2	Higgins et al. 2021	SRR12403974	109.27	New Zealand, Wairau Valley	Spontaneous Commercial Ferment	New Zealand	Oceania		955.0			?	42.0	4.48e-06	Homozygous	euploid
XTRA_FET	WSEHOsf_B10	Higgins et al. 2021	SRR12403973	100.15	New Zealand, Wairau Valley	Spontaneous Commercial Ferment	New Zealand	Oceania		1134.0	8. AU Wine 4	S1. Wine	2	5894.0	0.0006291	Heterozygous	euploid
XTRA_FEU	WSEHOsf_D1	Higgins et al. 2021	SRR12403972	95.56	New Zealand, Wairau Valley	Spontaneous Commercial Ferment	New Zealand	Oceania		263.0	2. AU Wine 2	S1. Wine	2	7717.0	0.00082368	Heterozygous	euploid
XTRA_FEV	WSERCsf_C6	Higgins et al. 2021	SRR12403971	95.99	New Zealand, Wairau Valley	Spontaneous Commercial Ferment	New Zealand	Oceania		264.0	2. AU Wine 2	S1. Wine	2	7719.0	0.00082389	Heterozygous	euploid
XTRA_FEW	WSETAsf_A2	Higgins et al. 2021	SRR12403970	54.84	New Zealand, Wairau Valley	Spontaneous Commercial Ferment	New Zealand	Oceania		1156.0	8. AU Wine 4	S1. Wine	2	4433.0	0.00047316	Heterozygous	euploid
XTRA_FEX	WTETEsf_A10	Higgins et al. 2021	SRR12403969	143.4	New Zealand, Wairau Valley	Spontaneous Commercial Ferment	New Zealand	Oceania		1167.0	8. AU Wine 4	S1. Wine	2	5556.0	0.00059302	Heterozygous	euploid
XTRA_FEY	WTETEsf_C10	Higgins et al. 2021	SRR12403967	177.97	New Zealand, Wairau Valley	Spontaneous Commercial Ferment	New Zealand	Oceania		426.0	5. Georgian Wine	S1. Wine	2	3908.0	0.00041712	Heterozygous	euploid
XTRA_FEZ	WVBVBsf_B2	Higgins et al. 2021	SRR12403966	161.75	New Zealand, Wairau Valley	Spontaneous Commercial Ferment	New Zealand	Oceania		269.0	2. AU Wine 2	S1. Wine	2	9813.0	0.00104739	Heterozygous	euploid
XTRA_FFA	AG08	Ruiz et al. 2021	SRR12234053	89.71	Spain	Commercial wine yeast	Spain	Europe		821.0	7. AU Wine 3	S1. Wine	?	48.0	5.12e-06	Homozygous	aneu;+1*9;
XTRA_FFB	AG017	Ruiz et al. 2021	SRR12234051	136.48	Spain	Commercial wine yeast	Spain	Europe		144.0	1. AU Wine 1	S1. Wine	2	4810.0	0.0005134	Heterozygous	euploid
XTRA_FFC	AG023	Ruiz et al. 2021	SRR12234050	100.4	Spain	Commercial wine yeast	Spain	Europe		275.0	2. AU Wine 2	S1. Wine	2	9110.0	0.00097236	Heterozygous	euploid
XTRA_FFD	S-EM-129	Ruiz et al. 2021	SRR12234048	100.39	Spain	Fermented must isolate	Spain	Europe		282.0	2. AU Wine 2	S1. Wine	2	7196.0	0.00076807	Heterozygous	euploid
XTRA_FFE	S-EM-251	Ruiz et al. 2021	SRR12234047	92.22	Spain	Fermented must isolate	Spain	Europe		916.0	8. AU Wine 4	S1. Wine	?	18.0	1.92e-06	Homozygous	euploid
XTRA_FFF	S-EM-294	Ruiz et al. 2021	SRR12234046	102.09	Spain	Fermented must isolate	Spain	Europe		289.0	2. AU Wine 2	S1. Wine	2	10069.0	0.00107472	Heterozygous	euploid
XTRA_FFG	S-O-320	Ruiz et al. 2021	SRR12234045	102.34	Spain	Fermented must isolate	Spain	Europe		209.0	1. AU Wine 1	S1. Wine	?	12.0	1.28e-06	Homozygous	euploid
XTRA_FFH	S-O-353	Ruiz et al. 2021	SRR12234044	124.26	Spain	Fermented must isolate	Spain	Europe		288.0	2. AU Wine 2	S1. Wine	2	10695.0	0.00114153	Heterozygous	euploid
XTRA_FFI	S-EM-115	Ruiz et al. 2021	SRR12234049	99.01	Spain	Fermented must isolate	Spain	Europe		386.0		S1. Wine	2	8359.0	0.0008922	Heterozygous	aneu;+1*13;+1*9;
XTRA_FFJ	AG015	Ruiz et al. 2021	SRR12234052	84.85	Spain	Commercial wine strain	Spain	Europe		1788.0	20. Mixed Origins 1	S2. Beer	2	21759.0	0.00232245	Heterozygous	euploid
XTRA_FFK	Voss_1	Preiss et al. 2018	SRR7406279	1453.27	Norway	Dried yeast culture	Norway	Europe		2257.0			4	45163.0	0.00482048	Heterozygous	euploid
XTRA_FFL	Stordal_Ebbegarden_1	Preiss et al. 2018	SRR7406280	820.81	Norway	Dried yeast culture	Norway	Europe		2255.0			4	36905.0	0.00393906	Heterozygous	euploid
XTRA_FFM	Vermont	Preiss et al. 2018	SRR7406281	963.84	United Kingdom	Commercial yeast	United Kingdom	Europe		1729.0	19. UK Beer	S2. Beer	4	30141.0	0.00321711	Heterozygous	euploid
XTRA_FFN	Hornindal_1	Preiss et al. 2018	SRR7406283	1505.73	Norway	Liquid yeast culture	Norway	Europe		2258.0			4	47065.0	0.00502349	Heterozygous	euploid
XTRA_FFO	Granvin_1	Preiss et al. 2018	SRR7406284	1163.26	Norway	Liquid yeast culture	Norway	Europe		2259.0			4	45482.0	0.00485453	Heterozygous	aneu;+1*9;
XTRA_FFP	Laerdal_2	Preiss et al. 2018	SRR7406285	647.79	Norway	Liquid yeast culture	Norway	Europe		2260.0			4	40864.0	0.00436163	Heterozygous	euploid
XTRA_FFQ	Hornindal_2	Preiss et al. 2018	SRR7406286	1196.28	Norway	Liquid yeast culture	Norway	Europe		2256.0			4	42297.0	0.00451458	Heterozygous	euploid
XTRA_FFU	YMX004566	Avelar-Rivas et al. 2024	SRR30037205	200.267656	Michoacan	Agave Distillery	Mexico	North America		2032.0	23. Mexican Agave		?	100.0	1.07e-05	Homozygous	euploid
XTRA_FFW	YMX000841	Avelar-Rivas et al. 2024	SRR30037071	171.117868	Oaxaca	Agave Distillery	Mexico	North America		2024.0	23. Mexican Agave		2	11147.0	0.00118978	Heterozygous	euploid
XTRA_FFX	YMX000935	Avelar-Rivas et al. 2024	SRR30037069	210.46216	Oaxaca	Agave Distillery	Mexico	North America		2007.0	23. Mexican Agave		2	22616.0	0.00241392	Heterozygous	euploid
XTRA_FGA	YMX001945	Avelar-Rivas et al. 2024	SRR30037167	210.749725	Tamaulipas	Agave Distillery	Mexico	North America		1547.0			?	134.0	1.43e-05	Homozygous	euploid
XTRA_FGF	YMX002401	Avelar-Rivas et al. 2024	SRR30037154	166.318109	Puebla	Agave Distillery	Mexico	North America		2015.0	23. Mexican Agave		3	31514.0	0.00336365	Heterozygous	euploid
XTRA_FGG	YMX002427	Avelar-Rivas et al. 2024	SRR30037150	209.479503	Oaxaca	Agave Distillery	Mexico	North America		2012.0	23. Mexican Agave		?	193.0	2.06e-05	Homozygous	euploid
XTRA_FGI	YMX004659	Avelar-Rivas et al. 2024	SRR30037199	201.019474	Jalisco	Agave Distillery	Mexico	North America		2010.0	23. Mexican Agave		2	25118.0	0.00268097	Heterozygous	euploid
XTRA_FGK	YMX003337	Avelar-Rivas et al. 2024	SRR30037170	213.571988	Tamaulipas	Agave Distillery	Mexico	North America		2828.0	36. North American Wild	S4. Wild	?	121.0	1.29e-05	Homozygous	euploid
XTRA_FGL	YMX004033	Avelar-Rivas et al. 2024	SRR30037075	213.840024	Durango	Agave Distillery	Mexico	North America		2039.0	23. Mexican Agave		2	9623.0	0.00102711	Heterozygous	aneu;+1*1;+1*6;
XTRA_FGM	MJ5	Avelar-Rivas et al. 2024	SRR30037194	303.75992	Oaxaca	Agave Distillery	Mexico	North America		2016.0	23. Mexican Agave		2	12396.0	0.00132309	Heterozygous	euploid
XTRA_FGQ	YMX005538	Avelar-Rivas et al. 2024	SRR30037193	200.58438	Oaxaca	Agave Distillery	Mexico	North America		2017.0	23. Mexican Agave		2	22215.0	0.00237112	Heterozygous	euploid
XTRA_FGS	YMX005545	Avelar-Rivas et al. 2024	SRR30037187	301.386988	Jalisco	Agave Distillery	Mexico	North America		2029.0	23. Mexican Agave		?	96.0	1.02e-05	Homozygous	euploid
XTRA_FGT	YMX005546	Avelar-Rivas et al. 2024	SRR30037186	203.134912	Jalisco	Agave Distillery	Mexico	North America		2030.0	23. Mexican Agave		2	7433.0	0.00079336	Heterozygous	euploid
XTRA_FGV	YMX005549	Avelar-Rivas et al. 2024	SRR30037183	302.177318	Oaxaca	Agave Distillery	Mexico	North America		2009.0	23. Mexican Agave		2	30790.0	0.00328638	Heterozygous	euploid
XTRA_FGW	YMX005550	Avelar-Rivas et al. 2024	SRR30037182	302.85319	Oaxaca	Agave Distillery	Mexico	North America		2020.0	23. Mexican Agave		3	24453.0	0.00261	Heterozygous	euploid
XTRA_FGX	YMX005553	Avelar-Rivas et al. 2024	SRR30037122	303.742519	Oaxaca	Agave Distillery	Mexico	North America		2018.0	23. Mexican Agave		3	27050.0	0.00288719	Heterozygous	aneu;+1*1;
XTRA_FGY	YMX005555	Avelar-Rivas et al. 2024	SRR30037119	301.310601	Michoacan	Agave Distillery	Mexico	North America		2025.0	23. Mexican Agave		2	24149.0	0.00257755	Heterozygous	aneu;+1*1;
XTRA_FGZ	YMX005558	Avelar-Rivas et al. 2024	SRR30037116	299.93049	Oaxaca	Agave Distillery	Mexico	North America		2022.0	23. Mexican Agave		2	15255.0	0.00162825	Heterozygous	aneu;+2*1;+1*3;+1*6;
XTRA_FHA	YMX005561	Avelar-Rivas et al. 2024	SRR30037114	301.3706	Guerrero	Agave Distillery	Mexico	North America		2033.0	23. Mexican Agave		?	154.0	1.64e-05	Homozygous	euploid
XTRA_FHB	YMX005564	Avelar-Rivas et al. 2024	SRR30037112	302.77299	Oaxaca	Agave Distillery	Mexico	North America		2011.0	23. Mexican Agave		2	12542.0	0.00133867	Heterozygous	euploid
XTRA_FHC	YMX005565	Avelar-Rivas et al. 2024	SRR30037111	300.193472	Tamaulipas	Agave Distillery	Mexico	North America		2001.0	23. Mexican Agave		2	15559.0	0.00166069	Heterozygous	euploid
XTRA_FHD	YMX005570	Avelar-Rivas et al. 2024	SRR30037107	302.383891	Oaxaca	Agave Distillery	Mexico	North America		2014.0	23. Mexican Agave		?	84.0	8.97e-06	Homozygous	euploid
XTRA_FHE	YMX005571	Avelar-Rivas et al. 2024	SRR30037106	299.834298	Oaxaca	Agave Distillery	Mexico	North America		2019.0	23. Mexican Agave		2	16585.0	0.0017702	Heterozygous	aneu;+1*1;
XTRA_FHG	YMX005575	Avelar-Rivas et al. 2024	SRR30037102	200.388749	Puebla	Agave Distillery	Mexico	North America		2021.0	23. Mexican Agave		2	19302.0	0.0020602	Heterozygous	euploid
XTRA_FHH	YMX005576	Avelar-Rivas et al. 2024	SRR30037101	201.553391	Durango	Agave Distillery	Mexico	North America		2040.0	23. Mexican Agave		?	109.0	1.16e-05	Homozygous	euploid
XTRA_FHK	YMX005585	Avelar-Rivas et al. 2024	SRR30037096	201.109012	Jalisco	Agave Distillery	Mexico	North America		2026.0	23. Mexican Agave		?	124.0	1.32e-05	Homozygous	euploid
XTRA_FHL	YMX005588	Avelar-Rivas et al. 2024	SRR30037093	202.319001	Tamaulipas	Agave Distillery	Mexico	North America		2002.0	23. Mexican Agave		2	24161.0	0.00257883	Heterozygous	euploid
XTRA_FHM	YMX005592	Avelar-Rivas et al. 2024	SRR30037058	199.871486	EdoDeMex	Agave Distillery	Mexico	North America		2027.0	23. Mexican Agave		?	124.0	1.32e-05	Homozygous	euploid
XTRA_FHN	YMX005593	Avelar-Rivas et al. 2024	SRR30037057	201.276978	Estado de Mexico	Agave Distillery	Mexico	North America		2028.0	23. Mexican Agave		?	123.0	1.31e-05	Homozygous	euploid
XTRA_FHO	YMX005594	Avelar-Rivas et al. 2024	SRR30037055	200.43847	Jalisco	Agave Distillery	Mexico	North America		2034.0	23. Mexican Agave		?	109.0	1.16e-05	Homozygous	euploid
XTRA_FHP	YMX005597	Avelar-Rivas et al. 2024	SRR30037052	203.09991	Durango	Agave Distillery	Mexico	North America		2037.0	23. Mexican Agave		2	4299.0	0.00045885	Heterozygous	euploid
XTRA_FHR	YMX005603	Avelar-Rivas et al. 2024	SRR30037047	200.494249	Sonora	Agave Distillery	Mexico	North America		2035.0	23. Mexican Agave		?	137.0	1.46e-05	Homozygous	euploid
XTRA_FHV	YMX005616	Avelar-Rivas et al. 2024	SRR30037039	201.631328	Guerrero	Agave Distillery	Mexico	North America		2013.0	23. Mexican Agave		2	18864.0	0.00201345	Heterozygous	euploid
XTRA_FHY	YMX005630	Avelar-Rivas et al. 2024	SRR30037026	202.5863	Sonora	Agave Distillery	Mexico	North America		2036.0	23. Mexican Agave		?	77.0	8.22e-06	Homozygous	euploid
XTRA_FHZ	MOC1M	Avelar-Rivas et al. 2024	SRR30037020	201.556277	Morelos	Agave Distillery	Mexico	North America		2836.0	36. North American Wild	S4. Wild	?	100.0	1.07e-05	Homozygous	euploid
XTRA_FIA	TM10	Avelar-Rivas et al. 2024	SRR30037015	202.854481	Jalisco	Agave Distillery	Mexico	North America		2006.0			2	28779.0	0.00307173	Heterozygous	euploid
XTRA_FIB	M1L1	Avelar-Rivas et al. 2024	SRR30037014	200.381684	Jalisco	Agave Distillery	Mexico	North America		1993.0			2	34989.0	0.00373456	Heterozygous	euploid
XTRA_FIU	YMX009795	Avelar-Rivas et al. 2024	SRR30037178	181.910554	Tamaulipas	Agave Distillery	Mexico	North America		1999.0	23. Mexican Agave		2	46226.0	0.00493394	Heterozygous	euploid
XTRA_FIZ	YMX009815	Avelar-Rivas et al. 2024	SRR30037008	182.250247	Oaxaca	Agave Distillery	Mexico	North America		2008.0	23. Mexican Agave		2	27519.0	0.00293725	Heterozygous	euploid
XTRA_FJC	YMX009821	Avelar-Rivas et al. 2024	SRR30037006	180.114198	Durango	Agave Distillery	Mexico	North America		2038.0	23. Mexican Agave		2	4790.0	0.00051126	Heterozygous	euploid
XTRA_FJD	YMX009826	Avelar-Rivas et al. 2024	SRR30037002	180.118914	Tamaulipas	Agave Distillery	Mexico	North America		2000.0	23. Mexican Agave		2	36133.0	0.00385666	Heterozygous	euploid
XTRA_FJF	94-238.1	Avelar-Rivas et al. 2024	SRR30037001	180.536767	Jalisco	Agave Distillery	Mexico	North America		1949.0			2	20312.0	0.00216801	Heterozygous	euploid
XTRA_FJG	94-208.3	Avelar-Rivas et al. 2024	SRR30036998	180.720044	Jalisco	Agave Distillery	Mexico	North America		2005.0			2	27997.0	0.00298827	Heterozygous	euploid
XTRA_FJH	92-230.2	Avelar-Rivas et al. 2024	SRR30037181	183.004409	Jalisco	Agave Distillery	Mexico	North America		1951.0			2	34101.0	0.00363978	Heterozygous	euploid
XTRA_FJI	92-221.4	Avelar-Rivas et al. 2024	SRR30037179	180.462858	Jalisco	Agave Distillery	Mexico	North America		1950.0			2	31790.0	0.00339311	Heterozygous	euploid
XTRA_FJJ	OCP112	Marr et al. 2023	SRR19238640	208.963025	Canada: Okanagan Valley	vineyard/winery	Canada	North America		182.0	1. AU Wine 1	S1. Wine	2	25.0	2.67e-06	Homozygous	euploid
XTRA_FJK	OCP107	Marr et al. 2023	SRR19238641	230.561075	Canada: Okanagan Valley	vineyard	Canada	North America		484.0	6. West Europe Wine	S1. Wine	2	2929.0	0.00031263	Heterozygous	euploid
XTRA_FJL	SBV185	Marr et al. 2023	SRR19238642	204.898375	Canada: Okanagan Valley	vineyard/winery	Canada	North America		1551.0			2	24.0	2.56e-06	Homozygous	euploid
XTRA_FJM	SBV180	Marr et al. 2023	SRR19238643	257.060075	Canada: Okanagan Valley	vineyard	Canada	North America		894.0	8. AU Wine 4	S1. Wine	2	2409.0	0.00025713	Heterozygous	aneu;+1*12;
XTRA_FJN	SBV178	Marr et al. 2023	SRR19238644	201.699025	Canada: Okanagan Valley	vineyard	Canada	North America		1560.0			2	98.0	1.05e-05	Homozygous	euploid
XTRA_FJO	SBV197	Marr et al. 2023	SRR19238645	192.25435	Canada: Okanagan Valley	vineyard	Canada	North America		1568.0	16. Canadian Wine		2	87.0	9.29e-06	Homozygous	euploid
XTRA_FJP	SBV173	Marr et al. 2023	SRR19238646	221.679225	Canada: Okanagan Valley	vineyard	Canada	North America		1574.0			2	147.0	1.57e-05	Homozygous	euploid
XTRA_FJQ	OCP095	Marr et al. 2023	SRR19238647	230.646575	Canada: Okanagan Valley	vineyard	Canada	North America		1564.0			2	78.0	8.33e-06	Homozygous	euploid
XTRA_FJR	SBV171	Marr et al. 2023	SRR19238648	201.74765	Canada: Okanagan Valley	vineyard	Canada	North America		1537.0			2	33292.0	0.00355343	Heterozygous	euploid
XTRA_FJS	SBV155	Marr et al. 2023	SRR19238649	282.218275	Canada: Okanagan Valley	vineyard	Canada	North America		419.0	5. Georgian Wine	S1. Wine	2	3335.0	0.00035596	Heterozygous	euploid
XTRA_FJT	SBV154	Marr et al. 2023	SRR19238650	256.567175	Canada: Okanagan Valley	vineyard	Canada	North America		1575.0			2	116.0	1.24e-05	Homozygous	euploid
XTRA_FJU	SBV151	Marr et al. 2023	SRR19238651	231.636525	Canada: Okanagan Valley	vineyard	Canada	North America		1567.0	16. Canadian Wine		2	17924.0	0.00191312	Heterozygous	euploid
XTRA_FJV	SBV139	Marr et al. 2023	SRR19238652	207.512525	Canada: Okanagan Valley	winery	Canada	North America		481.0	6. West Europe Wine	S1. Wine	2	1657.0	0.00017686	Heterozygous	euploid
XTRA_FJW	SBV090	Marr et al. 2023	SRR19238653	202.5477	Canada: Okanagan Valley	vineyard	Canada	North America		179.0	1. AU Wine 1	S1. Wine	2	21.0	2.24e-06	Homozygous	euploid
XTRA_FJX	SBV087	Marr et al. 2023	SRR19238654	220.50545	Canada: Okanagan Valley	vineyard	Canada	North America		1593.0			2	986.0	0.00010524	Heterozygous	euploid
XTRA_FJY	SBV074	Marr et al. 2023	SRR19238655	204.8438	Canada: Okanagan Valley	vineyard	Canada	North America		1555.0			2	85.0	9.07e-06	Homozygous	euploid
XTRA_FJZ	SBV073	Marr et al. 2023	SRR19238656	106.350775	Canada: Okanagan Valley	vineyard	Canada	North America		1561.0			2	72.0	7.68e-06	Homozygous	euploid
XTRA_FKA	SBV058	Marr et al. 2023	SRR19238657	214.500475	Canada: Okanagan Valley	vineyard	Canada	North America		1576.0			2	12562.0	0.00134081	Heterozygous	euploid
XTRA_FKB	OCP090	Marr et al. 2023	SRR19238658	228.0498	Canada: Okanagan Valley	vineyard	Canada	North America		1557.0			2	116.0	1.24e-05	Homozygous	euploid
XTRA_FKC	SBV057	Marr et al. 2023	SRR19238659	113.701275	Canada: Okanagan Valley	vineyard	Canada	North America		1569.0	16. Canadian Wine		2	130.0	1.39e-05	Homozygous	euploid
XTRA_FKD	SBV055	Marr et al. 2023	SRR19238660	130.518075	Canada: Okanagan Valley	vineyard	Canada	North America		1590.0	16. Canadian Wine		2	40.0	4.27e-06	Homozygous	euploid
XTRA_FKE	SBV051	Marr et al. 2023	SRR19238661	99.930975	Canada: Okanagan Valley	vineyard	Canada	North America		1589.0			2	13.0	1.39e-06	Homozygous	euploid
XTRA_FKF	SBV050	Marr et al. 2023	SRR19238662	166.9826	Canada: Okanagan Valley	vineyard/winery	Canada	North America		1573.0	16. Canadian Wine		2	144.0	1.54e-05	Homozygous	euploid
XTRA_FKG	SBV041	Marr et al. 2023	SRR19238663	91.394325	Canada: Okanagan Valley	vineyard/winery	Canada	North America		1577.0			2	51.0	5.44e-06	Homozygous	euploid
XTRA_FKH	SBV040	Marr et al. 2023	SRR19238664	88.118	Canada: Okanagan Valley	vineyard	Canada	North America		1562.0			2	85.0	9.07e-06	Homozygous	euploid
XTRA_FKI	SBV034	Marr et al. 2023	SRR19238665	90.376175	Canada: Okanagan Valley	vineyard/winery	Canada	North America		1563.0	16. Canadian Wine		2	87.0	9.29e-06	Homozygous	euploid
XTRA_FKJ	SBV033	Marr et al. 2023	SRR19238666	97.525275	Canada: Okanagan Valley	vineyard/winery	Canada	North America		1591.0	16. Canadian Wine		2	44.0	4.7e-06	Homozygous	euploid
XTRA_FKK	SBV017	Marr et al. 2023	SRR19238667	230.35395	Canada: Okanagan Valley	winery	Canada	North America		463.0	6. West Europe Wine	S1. Wine	2	2583.0	0.0002757	Heterozygous	euploid
XTRA_FKL	SBV016	Marr et al. 2023	SRR19238668	192.528425	Canada: Okanagan Valley	vineyard/winery	Canada	North America		1585.0			2	80.0	8.54e-06	Homozygous	euploid
XTRA_FKM	OCP088	Marr et al. 2023	SRR19238669	219.0481	Canada: Okanagan Valley	winery	Canada	North America		1583.0	16. Canadian Wine		2	48.0	5.12e-06	Homozygous	euploid
XTRA_FKN	SBV015	Marr et al. 2023	SRR19238670	160.2982	Canada: Okanagan Valley	vineyard/winery	Canada	North America		1540.0	16. Canadian Wine		2	19880.0	0.0021219	Heterozygous	euploid
XTRA_FKO	SBV014	Marr et al. 2023	SRR19238671	156.243	Canada: Okanagan Valley	vineyard/winery	Canada	North America		1571.0	16. Canadian Wine		2	141.0	1.5e-05	Homozygous	euploid
XTRA_FKP	SBV011-2	Marr et al. 2023	SRR19238672	89.20585	Canada: Okanagan Valley	UNK	Canada	North America		1559.0			2	66.0	7.04e-06	Homozygous	euploid
XTRA_FKQ	SBV011-1	Marr et al. 2023	SRR19238673	242.7771	Canada: Okanagan Valley	vineyard/winery	Canada	North America		257.0	2. AU Wine 2	S1. Wine	2	6812.0	0.00072708	Heterozygous	euploid
XTRA_FKR	SBV007	Marr et al. 2023	SRR19238674	218.864325	Canada: Okanagan Valley	winery	Canada	North America		180.0	1. AU Wine 1	S1. Wine	2	34.0	3.63e-06	Homozygous	euploid
XTRA_FKS	SBV001	Marr et al. 2023	SRR19238675	255.241775	Canada: Okanagan Valley	vineyard/winery	Canada	North America		1566.0			2	23330.0	0.00249013	Heterozygous	euploid
XTRA_FKT	P93A01	Marr et al. 2023	SRR19238676	316.77475	Canada: Okanagan Valley	vineyard	Canada	North America		2273.0	27. US Clinical 2		3	34935.0	0.00372879	Heterozygous	aneu;+1*9;
XTRA_FKU	P87B02	Marr et al. 2023	SRR19238677	258.237725	Canada: Okanagan Valley	vineyard	Canada	North America		1552.0			2	15112.0	0.00161298	Heterozygous	euploid
XTRA_FKV	P109A01	Marr et al. 2023	SRR19238678	95.99035	Canada: Okanagan Valley	vineyard	Canada	North America		1553.0			2	27.0	2.88e-06	Homozygous	euploid
XTRA_FKW	OCP080-2	Marr et al. 2023	SRR19238679	235.173125	Canada: Okanagan Valley	winery	Canada	North America		1584.0	16. Canadian Wine		2	46.0	4.9100000000000004e-06	Homozygous	euploid
XTRA_FKX	P107C11	Marr et al. 2023	SRR19238680	97.686325	Canada: Okanagan Valley	vineyard	Canada	North America		467.0	6. West Europe Wine	S1. Wine	2	4228.0	0.00045128	Heterozygous	euploid
XTRA_FKY	P104A01	Marr et al. 2023	SRR19238681	132.5182	Canada: Okanagan Valley	vineyard	Canada	North America		1538.0			2	59.0	6.3e-06	Homozygous	euploid
XTRA_FKZ	P100A04	Marr et al. 2023	SRR19238682	95.6004	Canada: Okanagan Valley	vineyard	Canada	North America		167.0	1. AU Wine 1	S1. Wine	2	23.0	2.45e-06	Homozygous	euploid
XTRA_FLA	OCP204	Marr et al. 2023	SRR19238683	261.107275	Canada: Okanagan Valley	vineyard/winery	Canada	North America		83.0	1. AU Wine 1	S1. Wine	2	2493.0	0.00026609	Heterozygous	euploid
XTRA_FLB	OCP193	Marr et al. 2023	SRR19238684	245.007825	Canada: Okanagan Valley	vineyard/winery	Canada	North America		482.0	6. West Europe Wine	S1. Wine	2	3783.0	0.00040378	Heterozygous	euploid
XTRA_FLC	P93F02	Marr et al. 2023	SRR19238685	199.9848	Canada: Okanagan Valley	vineyard	Canada	North America		2274.0	27. US Clinical 2		3	34939.0	0.00372922	Heterozygous	aneu;+1*9;
XTRA_FLD	OK200	Marr et al. 2023	SRR19238686	96.772575	Canada: Okanagan Valley	vineyard	Canada	North America		825.0	7. AU Wine 3	S1. Wine	2	3.0	3.2e-07	Homozygous	euploid
XTRA_FLE	OK188	Marr et al. 2023	SRR19238687	278.466025	Canada: Okanagan Valley	vineyard	Canada	North America		1565.0			2	76.0	8.11e-06	Homozygous	euploid
XTRA_FLF	OK182	Marr et al. 2023	SRR19238688	106.460375	Canada: Okanagan Valley	vineyard	Canada	North America		1592.0	16. Canadian Wine		2	36.0	3.84e-06	Homozygous	euploid
XTRA_FLG	OK047	Marr et al. 2023	SRR19238689	254.084075	Canada: Okanagan Valley	vineyard	Canada	North America		2840.0	36. North American Wild	S4. Wild	2	101.0	1.08e-05	Homozygous	euploid
XTRA_FLH	OCP048	Marr et al. 2023	SRR19238690	195.708175	Canada: Okanagan Valley	winery	Canada	North America		82.0	1. AU Wine 1	S1. Wine	2	14.0	1.49e-06	Homozygous	euploid
XTRA_FLI	OCP295	Marr et al. 2023	SRR19238691	80.50385	Canada: Okanagan Valley	vineyard	Canada	North America		570.0	6. West Europe Wine	S1. Wine	2	1428.0	0.00015242	Heterozygous	euploid
XTRA_FLJ	OCP284	Marr et al. 2023	SRR19238692	110.9946	Canada: Okanagan Valley	winery	Canada	North America		464.0	6. West Europe Wine	S1. Wine	2	4896.0	0.00052258	Heterozygous	euploid
XTRA_FLK	OCP281	Marr et al. 2023	SRR19238693	97.0846	Canada: Okanagan Valley	UNK	Canada	North America		465.0	6. West Europe Wine	S1. Wine	2	4877.0	0.00052055	Heterozygous	euploid
XTRA_FLL	OCP251	Marr et al. 2023	SRR19238694	109.85855	Canada: Okanagan Valley	vineyard/winery	Canada	North America		1117.0	8. AU Wine 4	S1. Wine	2	4443.0	0.00047422	Heterozygous	euploid
XTRA_FLM	OCP279	Marr et al. 2023	SRR19238695	395.88675	Canada: Okanagan Valley	winery	Canada	North America		466.0	6. West Europe Wine	S1. Wine	2	4450.0	0.00047497	Heterozygous	euploid
XTRA_FLN	OCP245	Marr et al. 2023	SRR19238696	123.281425	Canada: Okanagan Valley	winery	Canada	North America		1116.0	8. AU Wine 4	S1. Wine	2	2514.0	0.00026833	Heterozygous	euploid
XTRA_FLO	OCP226	Marr et al. 2023	SRR19238697	98.777975	Canada: Okanagan Valley	vineyard/winery	Canada	North America		472.0	6. West Europe Wine	S1. Wine	2	27.0	2.88e-06	Homozygous	euploid
XTRA_FLP	OCP225	Marr et al. 2023	SRR19238698	207.6159	Canada: Okanagan Valley	winery	Canada	North America		473.0	6. West Europe Wine	S1. Wine	2	34.0	3.63e-06	Homozygous	euploid
XTRA_FLQ	OCP298-2	Marr et al. 2023	SRR19238699	209.798975	Canada: Okanagan Valley	vineyard	Canada	North America		78.0	1. AU Wine 1	S1. Wine	2	4612.0	0.00049226	Heterozygous	euploid
XTRA_FLR	OCP216	Marr et al. 2023	SRR19238700	252.047825	Canada: Okanagan Valley	vineyard/winery	Canada	North America		86.0	1. AU Wine 1	S1. Wine	2	2272.0	0.0002425	Heterozygous	euploid
XTRA_FLS	OCP212	Marr et al. 2023	SRR19238701	115.313325	Canada: Okanagan Valley	vineyard	Canada	North America		571.0	6. West Europe Wine	S1. Wine	2	2778.0	0.00029651	Heterozygous	euploid
XTRA_FLT	OCP041	Marr et al. 2023	SRR19238702	250.1914	Canada: Okanagan Valley	vineyard	Canada	North America		1572.0	16. Canadian Wine		2	107.0	1.14e-05	Homozygous	euploid
XTRA_FLU	OCP210	Marr et al. 2023	SRR19238703	98.5783	Canada: Okanagan Valley	starter/vineyard/winery	Canada	North America		85.0	1. AU Wine 1	S1. Wine	2	2382.0	0.00025424	Heterozygous	euploid
XTRA_FLV	OCP206	Marr et al. 2023	SRR19238704	89.038225	Canada: Okanagan Valley	winery	Canada	North America		84.0	1. AU Wine 1	S1. Wine	2	2623.0	0.00027997	Heterozygous	euploid
XTRA_FLW	OCP191	Marr et al. 2023	SRR19238705	236.373875	Canada: Okanagan Valley	winery	Canada	North America		483.0	6. West Europe Wine	S1. Wine	2	3842.0	0.00041008	Heterozygous	euploid
XTRA_FLX	OCP177	Marr et al. 2023	SRR19238706	229.874175	Canada: Okanagan Valley	winery	Canada	North America		79.0	1. AU Wine 1	S1. Wine	2	4561.0	0.00048682	Heterozygous	euploid
XTRA_FLY	OCP138	Marr et al. 2023	SRR19238707	180.256425	Canada: Okanagan Valley	vineyard/winery	Canada	North America		1115.0	8. AU Wine 4	S1. Wine	2	5015.0	0.00053528	Heterozygous	euploid
XTRA_FLZ	OCP128	Marr et al. 2023	SRR19238708	238.3128	Canada: Okanagan Valley	winery	Canada	North America		87.0	1. AU Wine 1	S1. Wine	2	2098.0	0.00022393	Heterozygous	euploid
XTRA_FMA	OCP125	Marr et al. 2023	SRR19238709	281.7648	Canada: Okanagan Valley	winery	Canada	North America		1558.0			2	105.0	1.12e-05	Homozygous	euploid
XTRA_FMB	OCP176	Marr et al. 2023	SRR19238710	356.80875	Canada: Okanagan Valley	vineyard/winery	Canada	North America		80.0	1. AU Wine 1	S1. Wine	2	4435.0	0.00047337	Heterozygous	euploid
XTRA_FMC	OCP116	Marr et al. 2023	SRR19238711	241.729425	Canada: Okanagan Valley	vineyard	Canada	North America		181.0	1. AU Wine 1	S1. Wine	2	459.0	4.9e-05	Homozygous	euploid
XTRA_FMD	OCP113	Marr et al. 2023	SRR19238712	234.1634	Canada: Okanagan Valley	vineyard/winery	Canada	North America		183.0	1. AU Wine 1	S1. Wine	2	29.0	3.1e-06	Homozygous	euploid
XTRA_FME	OCP032	Marr et al. 2023	SRR19238713	335.30935	Canada: Okanagan Valley	winery	Canada	North America		81.0	1. AU Wine 1	S1. Wine	2	4118.0	0.00043954	Heterozygous	euploid
XTRA_FMF	OCP007	Marr et al. 2023	SRR19238714	261.34295	Canada: Okanagan Valley	starter/vineyard	Canada	North America		1118.0	8. AU Wine 4	S1. Wine	2	4582.0	0.00048906	Heterozygous	euploid
XTRA_FMG	AQ2717	Morard et al. 2023	SRR22711715	282.815934		Lungs				2124.0	25. US Clinical 1		4	23136.0	0.00246943	Heterozygous	euploid
XTRA_FMH	36924	Morard et al. 2023	SRR22711716	142.017997		Breastmilk				1937.0	21. Mixed Origins 2	S2. Beer	4	52758.0	0.00563113	Heterozygous	euploid
XTRA_FMI	FBMI34	Morard et al. 2023	SRR22711717	197.488109		Breastmilk				1938.0	21. Mixed Origins 2	S2. Beer	4	52829.0	0.00563871	Heterozygous	aneu;+2*1;+2*6;
XTRA_FMJ	FBMI18	Morard et al. 2023	SRR22711718	137.418786		Breastmilk				1936.0	21. Mixed Origins 2	S2. Beer	4	52809.0	0.00563658	Heterozygous	euploid
XTRA_FMK	AQ435	Morard et al. 2023	SRR22711719	325.32075		Vagina				1935.0	21. Mixed Origins 2	S2. Beer	4	53167.0	0.00567479	Heterozygous	euploid
XTRA_FML	AQ2723	Morard et al. 2023	SRR22711720	165.964671		blood				1903.0	21. Mixed Origins 2	S2. Beer	2	29190.0	0.0031156	Heterozygous	aneu;+1*1;+1*3;+1*6;
XTRA_FMM	AQ2654	Morard et al. 2023	SRR22711721	334.570202		feces				1917.0	21. Mixed Origins 2	S2. Beer	4	49921.0	0.00532833	Heterozygous	aneu;-2*3;
XTRA_FMN	AQ2593	Morard et al. 2023	SRR22711722	454.720538		Bread				1945.0	21. Mixed Origins 2	S2. Beer	4	53078.0	0.00566529	Heterozygous	euploid
XTRA_FMO	AQ593	Morard et al. 2023	SRR22711723	305.176073		Sherry wine				403.0	5. Georgian Wine	S1. Wine	3	4549.0	0.00048554	Heterozygous	euploid
XTRA_FMP	AQ2584	Morard et al. 2023	SRR22711724	331.032307		Dietetic				745.0	7. AU Wine 3	S1. Wine	?	22.0	2.35e-06	Homozygous	euploid
XTRA_FMQ	AQ2724	Morard et al. 2023	SRR22711725	372.871384		blood				579.0	6. West Europe Wine	S1. Wine	2	1119.0	0.00011944	Heterozygous	aneu;+2*1;+1*3;+1*6;
XTRA_FMR	AQ2657	Morard et al. 2023	SRR22711726	376.131912		feces				580.0	6. West Europe Wine	S1. Wine	2	1422.0	0.00015178	Heterozygous	aneu;+1*1;
XTRA_FMS	AQ2587	Morard et al. 2023	SRR22711727	360.645145		Dietetic				581.0	6. West Europe Wine	S1. Wine	2	1399.0	0.00014932	Heterozygous	aneu;+1*9;
XTRA_FMT	AQ2885	Morard et al. 2023	SRR22711728	364.554884		Vagina				2642.0			2	19982.0	0.00213278	Heterozygous	aneu;+1*1;+2*3;+1*6;+1*9;
XTRA_FMU	AQ2722	Morard et al. 2023	SRR22711729	298.559653		blood				2217.0			2	14876.0	0.00158779	Heterozygous	aneu;+1*4;
XTRA_FMV	AQ2721	Morard et al. 2023	SRR22711730	261.037399		blood				2218.0			2	13847.0	0.00147796	Heterozygous	aneu;+1*5;
XTRA_FMW	AQ2720	Morard et al. 2023	SRR22711731	308.247135		blood				2085.0			2	38836.0	0.00414517	Heterozygous	aneu;+1*1;+1*6;+1*9;
XTRA_FMX	AQ2582	Morard et al. 2023	SRR22711732	308.370411		Dietetic				1940.0	21. Mixed Origins 2	S2. Beer	4	53515.0	0.00571193	Heterozygous	aneu;+1*6;
XTRA_FMY	AQ2580	Morard et al. 2023	SRR22711733	404.389496		Dietetic				1864.0	20. Mixed Origins 1	S2. Beer	4	45030.0	0.00480629	Heterozygous	aneu;+2*9;
XTRA_FMZ	2_B4_S10	Ward et al. 2024	SRR25064253	43.1690886	Australia	Spontaneous fermentation of grape juice	Australia	Oceania		1213.0	10. AU Wine 6	S1. Wine	2	13126.0	0.00140101	Heterozygous	euploid
XTRA_FNA	2018_P55_C5_S130	Ward et al. 2024	SRR25064259	79.9084388	Australia	Spontaneous fermentation of grape juice	Australia	Oceania		773.0	7. AU Wine 3	S1. Wine	?	41.0	4.38e-06	Homozygous	aneu;+2*1;+1*3;+2*6;+1*9;
XTRA_FNB	2018_P68_G10_S25	Ward et al. 2024	SRR25064261	121.68982	Australia	Spontaneous fermentation of grape juice	Australia	Oceania		772.0	7. AU Wine 3	S1. Wine	?	35.0	3.74e-06	Homozygous	aneu;+3*1;+1*16;+2*3;+1*5;+3*6;+1*9;
XTRA_FNC	2018_P49_F7_S11	Ward et al. 2024	SRR25064264	117.249315	Australia	Spontaneous fermentation of grape juice	Australia	Oceania		770.0	7. AU Wine 3	S1. Wine	?	17.0	1.81e-06	Homozygous	aneu;+1*1;+1*3;+1*6;
XTRA_FND	Y3-P2-G12_S9	Ward et al. 2024	SRR25064270	26.47885	Australia	Spontaneous fermentation of grape juice	Australia	Oceania		656.0	7. AU Wine 3	S1. Wine	?	12.0	1.28e-06	Homozygous	euploid
XTRA_FNE	2018_P51_H11_S93	Ward et al. 2024	SRR25064271	106.637188	Australia	Spontaneous fermentation of grape juice	Australia	Oceania		1247.0	10. AU Wine 6	S1. Wine	?	43.0	4.59e-06	Homozygous	aneu;+2*1;+1*3;+1*6;+1*9;
XTRA_FNF	2018_P44_H8_S98	Ward et al. 2024	SRR25064272	112.889796	Australia	Spontaneous fermentation of grape juice	Australia	Oceania		657.0	7. AU Wine 3	S1. Wine	?	18.0	1.92e-06	Homozygous	aneu;+1*1;+1*3;+1*6;
XTRA_FNG	E-3_S26	Ward et al. 2024	SRR25064276	133.897916	Australia	Spontaneous fermentation of grape juice	Australia	Oceania		1209.0	10. AU Wine 6	S1. Wine	2	17422.0	0.00185954	Heterozygous	aneu;+7*1;+1*10;+1*11;-1*12;+1*2;+5*3;+2*5;+6*6;+2*8;+3*9;
XTRA_FNH	I-4_S50	Ward et al. 2024	SRR25064281	139.015513	Australia	Spontaneous fermentation of grape juice	Australia	Oceania		242.0	1. AU Wine 1	S1. Wine	2	3146.0	0.00033579	Heterozygous	aneu;+2*1;+1*3;+1*6;
XTRA_FNI	2018_P22_H6_S58	Ward et al. 2024	SRR25064303	107.153441	Australia	Spontaneous fermentation of grape juice	Australia	Oceania		1183.0	9. AU Wine 5	S1. Wine	2	11614.0	0.00123962	Heterozygous	aneu;+3*1;+2*3;+1*5;+2*6;+1*9;
XTRA_FNJ	1_B3_S40	Ward et al. 2024	SRR25064306	64.549043	Australia	Spontaneous fermentation of grape juice	Australia	Oceania		1192.0	9. AU Wine 5	S1. Wine	2	10259.0	0.001095	Heterozygous	aneu;+5*1;+3*3;+1*4;+4*6;+1*8;+1*9;
XTRA_FNK	2_B6_S12	Ward et al. 2024	SRR25064310	45.5432421	Australia	Spontaneous fermentation of grape juice	Australia	Oceania		1198.0	9. AU Wine 5	S1. Wine	2	10931.0	0.00116672	Heterozygous	euploid
XTRA_FNL	2018_P20_A9_S127	Ward et al. 2024	SRR25064319	110.612756	Australia	Spontaneous fermentation of grape juice	Australia	Oceania		1179.0	9. AU Wine 5	S1. Wine	2	6424.0	0.00068567	Heterozygous	aneu;+1*1;+1*3;+1*6;+2*9;
XTRA_FNM	T-8_S112	Ward et al. 2024	SRR25064324	88.7374105	Australia	Spontaneous fermentation of grape juice	Australia	Oceania		1233.0	10. AU Wine 6	S1. Wine	2	8629.0	0.00092102	Heterozygous	aneu;+7*1;+1*10;+1*11;-1*12;+5*3;-1*4;+2*5;+6*6;+1*8;+3*9;
XTRA_FNN	Y3-P1-C04_S40	Ward et al. 2024	SRR25064329	24.6307857	Australia	Spontaneous fermentation of grape juice	Australia	Oceania		1242.0	10. AU Wine 6	S1. Wine	2	10385.0	0.00110845	Heterozygous	euploid
XTRA_FNO	2019_P14_D1_S109	Ward et al. 2024	SRR25064339	138.033885	Australia	Spontaneous fermentation of grape juice	Australia	Oceania		1098.0	8. AU Wine 4	S1. Wine	2	2866.0	0.0003059	Heterozygous	aneu;+1*1;+1*3;+1*6;
XTRA_FNP	D-4_S20	Ward et al. 2024	SRR25064343	89.2769768	Australia	Spontaneous fermentation of grape juice	Australia	Oceania		1090.0	8. AU Wine 4	S1. Wine	?	18.0	1.92e-06	Homozygous	aneu;+1*1;
XTRA_FNQ	2018_P5_E4_S77	Ward et al. 2024	SRR25064350	111.631479	Australia	Spontaneous fermentation of grape juice	Australia	Oceania		1093.0	8. AU Wine 4	S1. Wine	2	6593.0	0.00070371	Heterozygous	euploid
XTRA_FNR	2018_P1_A1_S99	Ward et al. 2024	SRR25064360	145.832962	Australia	Spontaneous fermentation of grape juice	Australia	Oceania		876.0	7. AU Wine 3	S1. Wine	?	12.0	1.28e-06	Homozygous	euploid
XTRA_FNS	2018_P31_A9_S64	Ward et al. 2024	SRR25064365	119.245554	Australia	Spontaneous fermentation of grape juice	Australia	Oceania		866.0	7. AU Wine 3	S1. Wine	?	15.0	1.6e-06	Homozygous	euploid
XTRA_FNT	2019_P6_A4_S31	Ward et al. 2024	SRR25064366	109.608635	Australia	Spontaneous fermentation of grape juice	Australia	Oceania		867.0	7. AU Wine 3	S1. Wine	?	25.0	2.67e-06	Homozygous	aneu;+1*1;+1*6;
XTRA_FNU	2018_P20_B8_S92	Ward et al. 2024	SRR25064385	125.109888	Australia	Spontaneous fermentation of grape juice	Australia	Oceania		1049.0	8. AU Wine 4	S1. Wine	?	24.0	2.56e-06	Homozygous	aneu;+1*1;+1*3;+1*6;
XTRA_FNV	1_H10_S127	Ward et al. 2024	SRR25064392	79.9894606	Australia	Spontaneous fermentation of grape juice	Australia	Oceania		1038.0	8. AU Wine 4	S1. Wine	2	15124.0	0.00161426	Heterozygous	aneu;+4*1;+3*3;+1*5;+3*6;+1*8;+1*9;
XTRA_FNW	A-5_S2	Ward et al. 2024	SRR25064396	77.8193288	Australia	Spontaneous fermentation of grape juice	Australia	Oceania		1215.0	10. AU Wine 6	S1. Wine	2	8756.0	0.00093457	Heterozygous	aneu;+2*1;+1*3;+1*6;
XTRA_FNX	2018_P49_C7_S12	Ward et al. 2024	SRR25064397	117.563022	Australia	Spontaneous fermentation of grape juice	Australia	Oceania		1216.0	10. AU Wine 6	S1. Wine	2	7699.0	0.00082175	Heterozygous	aneu;+1*1;+1*3;+1*6;
XTRA_FNY	T-4_S110	Ward et al. 2024	SRR25064426	92.3222343	Australia	Spontaneous fermentation of grape juice	Australia	Oceania		966.0	8. AU Wine 4	S1. Wine	?	33.0	3.52e-06	Homozygous	aneu;+4*1;+1*11;+2*3;+1*5;+3*6;+1*8;+1*9;
XTRA_FNZ	U-10_S131	Ward et al. 2024	SRR25064432	114.326735	Australia	Spontaneous fermentation of grape juice	Australia	Oceania		962.0	8. AU Wine 4	S1. Wine	?	102.0	1.09e-05	Homozygous	aneu;+2*1;+1*3;+1*6;
XTRA_FOA	1_A9_S122	Ward et al. 2024	SRR25064442	63.8937158	Australia	Spontaneous fermentation of grape juice	Australia	Oceania		1028.0	8. AU Wine 4	S1. Wine	2	3292.0	0.00035137	Heterozygous	euploid
XTRA_FOB	2018_P70_G8_S119	Ward et al. 2024	SRR25064445	103.032037	Australia	Spontaneous fermentation of grape juice	Australia	Oceania		1033.0	8. AU Wine 4	S1. Wine	?	23.0	2.45e-06	Homozygous	aneu;+2*1;+1*3;+1*6;+1*8;+1*9;
XTRA_FOC	2018_P31_D1_S137	Ward et al. 2024	SRR25064450	105.944382	Australia	Spontaneous fermentation of grape juice	Australia	Oceania		981.0	8. AU Wine 4	S1. Wine	?	11.0	1.17e-06	Homozygous	euploid
XTRA_FOD	1_H8_S125	Ward et al. 2024	SRR25064459	70.4840516	Australia	Spontaneous fermentation of grape juice	Australia	Oceania		968.0	8. AU Wine 4	S1. Wine	2	4311.0	0.00046014	Heterozygous	euploid
XTRA_FOE	U-5_S128	Ward et al. 2024	SRR25064463	126.142853	Australia	Spontaneous fermentation of grape juice	Australia	Oceania		972.0	8. AU Wine 4	S1. Wine	?	108.0	1.15e-05	Homozygous	aneu;+1*1;+1*3;+1*6;
XTRA_FOF	1_B4_S41	Ward et al. 2024	SRR25064469	26.7518612	Australia	Spontaneous fermentation of grape juice	Australia	Oceania		655.0	7. AU Wine 3	S1. Wine	?	110.0	1.17e-05	Homozygous	euploid
XTRA_FOG	2_B1_S7	Ward et al. 2024	SRR25064470	78.8887574	Australia	Spontaneous fermentation of grape juice	Australia	Oceania		1026.0	8. AU Wine 4	S1. Wine	2	5665.0	0.00060466	Heterozygous	euploid
XTRA_FOH	2019_P25_G2_S29	Ward et al. 2024	SRR25064508	101.049332	Australia	Spontaneous fermentation of grape juice	Australia	Oceania		843.0	7. AU Wine 3	S1. Wine	?	327.0	3.49e-05	Homozygous	aneu;+3*1;+1*3;+2*6;+1*9;
XTRA_FOI	2018_P73_A10_S15	Ward et al. 2024	SRR25064513	129.922647	Australia	Spontaneous fermentation of grape juice	Australia	Oceania		162.0	1. AU Wine 1	S1. Wine	2	4200.0	0.00044829	Heterozygous	aneu;+6*1;+1*11;+4*3;+1*5;+5*6;+1*8;+2*9;
XTRA_FOJ	2018_P16_F12_S91	Ward et al. 2024	SRR25064523	135.207173	Australia	Spontaneous fermentation of grape juice	Australia	Oceania		802.0	7. AU Wine 3	S1. Wine	2	6801.0	0.00072591	Heterozygous	aneu;+1*1;+1*3;+1*6;
XTRA_FOK	2018_P55_E8_S160	Ward et al. 2024	SRR25064527	114.473461	Australia	Spontaneous fermentation of grape juice	Australia	Oceania		896.0	8. AU Wine 4	S1. Wine	?	17.0	1.81e-06	Homozygous	aneu;+1*1;+1*3;+1*6;
XTRA_FOL	O-6_S81	Ward et al. 2024	SRR25064532	142.447269	Australia	Spontaneous fermentation of grape juice	Australia	Oceania		935.0	8. AU Wine 4	S1. Wine	?	53.0	5.66e-06	Homozygous	aneu;+1*1;+1*3;+1*6;
XTRA_FOM	Y1-P2-A01_S45	Ward et al. 2024	SRR25064538	26.3006862	Australia	Spontaneous fermentation of grape juice	Australia	Oceania		932.0	8. AU Wine 4	S1. Wine	?	22.0	2.35e-06	Homozygous	euploid
XTRA_FON	1_D12_S76	Ward et al. 2024	SRR25064539	67.7302902	Australia	Spontaneous fermentation of grape juice	Australia	Oceania		931.0	8. AU Wine 4	S1. Wine	?	69.0	7.36e-06	Homozygous	aneu;+1*5;
XTRA_FOO	1_C1_S51	Ward et al. 2024	SRR25064548	66.5187784	Australia	Spontaneous fermentation of grape juice	Australia	Oceania		1262.0		S1. Wine	2	24522.0	0.00261736	Heterozygous	aneu;+1*1;
XTRA_FOP	2018_P16_C2_S7	Ward et al. 2024	SRR25064562	117.684584	Australia	Spontaneous fermentation of grape juice	Australia	Oceania		988.0	8. AU Wine 4	S1. Wine	2	16948.0	0.00180895	Heterozygous	aneu;+1*1;
XTRA_FOQ	2018_P34_E10_S67	Ward et al. 2024	SRR25064564	110.859276	Australia	Spontaneous fermentation of grape juice	Australia	Oceania		814.0	7. AU Wine 3	S1. Wine	2	6497.0	0.00069346	Heterozygous	aneu;+1*1;+1*3;+1*6;+1*9;
XTRA_FOR	H-5_S44	Ward et al. 2024	SRR25064568	91.5000002	Australia	Spontaneous fermentation of grape juice	Australia	Oceania		1050.0	8. AU Wine 4	S1. Wine	?	86.0	9.18e-06	Homozygous	aneu;+1*1;+1*6;
XTRA_FOS	P-8_S88	Ward et al. 2024	SRR25064586	130.633578	Australia	Spontaneous fermentation of grape juice	Australia	Oceania		1018.0	8. AU Wine 4	S1. Wine	2	5485.0	0.00058544	Heterozygous	aneu;+3*1;+2*3;+2*6;+1*9;
XTRA_FOT	2018_P28_F9_S123	Ward et al. 2024	SRR25064591	101.2773	Australia	Spontaneous fermentation of grape juice	Australia	Oceania		911.0	8. AU Wine 4	S1. Wine	?	19.0	2.03e-06	Homozygous	euploid
XTRA_FOU	L-6_S69	Ward et al. 2024	SRR25064603	139.029946	Australia	Spontaneous fermentation of grape juice	Australia	Oceania		1061.0	8. AU Wine 4	S1. Wine	2	6115.0	0.00065269	Heterozygous	aneu;+2*1;+1*3;+2*6;
XTRA_FOV	2018_P5_D5_S18	Ward et al. 2024	SRR25064608	160.165005	Australia	Spontaneous fermentation of grape juice	Australia	Oceania		986.0	8. AU Wine 4	S1. Wine	?	25.0	2.67e-06	Homozygous	euploid
XTRA_FOW	1_C11_S62	Ward et al. 2024	SRR25064631	54.0870541	Australia	Spontaneous fermentation of grape juice	Australia	Oceania		1267.0	10. AU Wine 6	S1. Wine	2	22136.0	0.00236269	Heterozygous	euploid
XTRA_FOX	2018_P49_E12_S14	Ward et al. 2024	SRR25064633	122.68212	Australia	Spontaneous fermentation of grape juice	Australia	Oceania		1206.0	10. AU Wine 6	S1. Wine	2	9360.0	0.00099904	Heterozygous	aneu;+2*1;+1*3;+2*6;+1*9;
XTRA_FOY	1_A2_S45	Ward et al. 2024	SRR25064650	58.7642503	Australia	Spontaneous fermentation of grape juice	Australia	Oceania		1039.0	8. AU Wine 4	S1. Wine	?	78.0	8.33e-06	Homozygous	euploid
XTRA_FOZ	2018_P32_H12_S44	Ward et al. 2024	SRR25064651	77.4184056	Australia	Spontaneous fermentation of grape juice	Australia	Oceania		1224.0	10. AU Wine 6	S1. Wine	2	6649.0	0.00070968	Heterozygous	aneu;+1*1;
XTRA_FPA	1_F5_S95	Ward et al. 2024	SRR25064245	61.5766978	Australia	Spontaneous fermentation of grape juice	Australia	Oceania		886.0	7. AU Wine 3	S1. Wine	?	73.0	7.79e-06	Homozygous	aneu;+1*1;+1*3;+1*5;+1*6;
XTRA_FPB	2_C7_S21	Ward et al. 2024	SRR25064252	52.818107	Australia	Spontaneous fermentation of grape juice	Australia	Oceania		1001.0	8. AU Wine 4	S1. Wine	2	9505.0	0.00101452	Heterozygous	aneu;+1*1;
XTRA_FPC	J-9_S58	Ward et al. 2024	SRR25064256	142.279936	Australia	Spontaneous fermentation of grape juice	Australia	Oceania		776.0	7. AU Wine 3	S1. Wine	?	41.0	4.38e-06	Homozygous	euploid
XTRA_FPD	2018_P55_G2_S27	Ward et al. 2024	SRR25064258	104.837147	Australia	Spontaneous fermentation of grape juice	Australia	Oceania		771.0	7. AU Wine 3	S1. Wine	?	38.0	4.06e-06	Homozygous	aneu;+3*1;+1*16;+2*3;+1*5;+2*6;+1*9;
XTRA_FPE	2018_P68_A8_S88	Ward et al. 2024	SRR25064262	133.629063	Australia	Spontaneous fermentation of grape juice	Australia	Oceania		774.0	7. AU Wine 3	S1. Wine	?	13.0	1.39e-06	Homozygous	aneu;+1*1;+1*6;
XTRA_FPF	T2-P2-F01_S20	Ward et al. 2024	SRR25064269	29.5152603	Australia	Spontaneous fermentation of grape juice	Australia	Oceania		214.0	1. AU Wine 1	S1. Wine	?	27.0	2.88e-06	Homozygous	euploid
XTRA_FPG	2018_P28_E1_S80	Ward et al. 2024	SRR25064283	115.80426	Australia	Spontaneous fermentation of grape juice	Australia	Oceania		831.0	7. AU Wine 3	S1. Wine	?	9.0	9.61e-07	Homozygous	euploid
XTRA_FPH	2018_P48_F6_S155	Ward et al. 2024	SRR25064284	116.214116	Australia	Spontaneous fermentation of grape juice	Australia	Oceania		832.0	7. AU Wine 3	S1. Wine	?	51.0	5.44e-06	Homozygous	aneu;+1*1;+1*3;+1*6;
XTRA_FPI	2018_P48_H11_S132	Ward et al. 2024	SRR25064285	97.9386556	Australia	Spontaneous fermentation of grape juice	Australia	Oceania		829.0	7. AU Wine 3	S1. Wine	2	7225.0	0.00077116	Heterozygous	aneu;+6*1;+3*3;+4*6;+1*9;
XTRA_FPJ	Q-5_S94	Ward et al. 2024	SRR25064287	140.168064	Australia	Spontaneous fermentation of grape juice	Australia	Oceania		1221.0	10. AU Wine 6	S1. Wine	2	17326.0	0.00184929	Heterozygous	aneu;+4*1;+2*3;+2*6;+1*9;
XTRA_FPK	1_C10_S61	Ward et al. 2024	SRR25064292	57.7293953	Australia	Spontaneous fermentation of grape juice	Australia	Oceania		878.0	7. AU Wine 3	S1. Wine	?	22.0	2.35e-06	Homozygous	euploid
XTRA_FPL	1_G10_S114	Ward et al. 2024	SRR25064295	52.3691726	Australia	Spontaneous fermentation of grape juice	Australia	Oceania		885.0	7. AU Wine 3	S1. Wine	?	65.0	6.94e-06	Homozygous	aneu;+1*1;+1*3;+1*6;
XTRA_FPM	1_A1_S1	Ward et al. 2024	SRR25064297	53.8712057	Australia	Spontaneous fermentation of grape juice	Australia	Oceania		879.0	7. AU Wine 3	S1. Wine	?	31.0	3.31e-06	Homozygous	euploid
XTRA_FPN	L-10_S72	Ward et al. 2024	SRR25064298	156.753432	Australia	Spontaneous fermentation of grape juice	Australia	Oceania		1275.0	10. AU Wine 6	S1. Wine	2	22731.0	0.0024262	Heterozygous	aneu;+6*1;+1*11;+4*3;+1*5;+6*6;+1*8;+2*9;
XTRA_FPO	1_H6_S123	Ward et al. 2024	SRR25064299	72.5092718	Australia	Spontaneous fermentation of grape juice	Australia	Oceania		880.0	7. AU Wine 3	S1. Wine	?	25.0	2.67e-06	Homozygous	euploid
XTRA_FPP	A-9_S4	Ward et al. 2024	SRR25064302	64.857396	Australia	Spontaneous fermentation of grape juice	Australia	Oceania		1178.0	9. AU Wine 5	S1. Wine	2	10215.0	0.0010903	Heterozygous	aneu;+3*1;+2*3;+2*6;+1*9;
XTRA_FPQ	2_E1_S30	Ward et al. 2024	SRR25064309	54.3206585	Australia	Spontaneous fermentation of grape juice	Australia	Oceania		1195.0	9. AU Wine 5	S1. Wine	2	10038.0	0.00107141	Heterozygous	aneu;+2*1;+1*3;+1*6;-1*8;-1*9;
XTRA_FPR	2_C5_S19	Ward et al. 2024	SRR25064311	57.2040816	Australia	Spontaneous fermentation of grape juice	Australia	Oceania		1200.0	9. AU Wine 5	S1. Wine	2	9260.0	0.00098837	Heterozygous	euploid
XTRA_FPS	B-10_S12	Ward et al. 2024	SRR25064314	76.5797235	Australia	Spontaneous fermentation of grape juice	Australia	Oceania		1201.0	9. AU Wine 5	S1. Wine	2	10259.0	0.001095	Heterozygous	aneu;+1*1;+1*3;+1*6;
XTRA_FPT	U-1_S115	Ward et al. 2024	SRR25064326	97.1079677	Australia	Spontaneous fermentation of grape juice	Australia	Oceania		1230.0	10. AU Wine 6	S1. Wine	2	8696.0	0.00092817	Heterozygous	aneu;+2*1;+1*3;+1*6;
XTRA_FPU	2_D2_S23	Ward et al. 2024	SRR25064331	64.5633979	Australia	Spontaneous fermentation of grape juice	Australia	Oceania		1105.0	8. AU Wine 4	S1. Wine	?	47.0	5.02e-06	Homozygous	aneu;+1*1;+1*3;+1*6;
XTRA_FPV	1_G6_S109	Ward et al. 2024	SRR25064333	69.3198596	Australia	Spontaneous fermentation of grape juice	Australia	Oceania		1078.0	8. AU Wine 4	S1. Wine	2	7540.0	0.00080478	Heterozygous	euploid
XTRA_FPW	2018_P22_F9_S56	Ward et al. 2024	SRR25064338	167.576302	Australia	Spontaneous fermentation of grape juice	Australia	Oceania		1065.0	8. AU Wine 4	S1. Wine	?	14.0	1.49e-06	Homozygous	aneu;+1*1;+1*3;+1*6;
XTRA_FPX	1_C9_S60	Ward et al. 2024	SRR25064340	67.4972212	Australia	Spontaneous fermentation of grape juice	Australia	Oceania		1099.0	8. AU Wine 4	S1. Wine	2	2892.0	0.00030868	Heterozygous	aneu;+1*1;+1*6;
XTRA_FPY	C-6_S16	Ward et al. 2024	SRR25064345	33.177933	Australia	Spontaneous fermentation of grape juice	Australia	Oceania		1086.0	8. AU Wine 4	S1. Wine	?	21.0	2.24e-06	Homozygous	aneu;+1*1;+1*3;+1*6;
XTRA_FPZ	2018_P20_H5_S19	Ward et al. 2024	SRR25064348	136.725502	Australia	Spontaneous fermentation of grape juice	Australia	Oceania		1089.0	8. AU Wine 4	S1. Wine	?	16.0	1.71e-06	Homozygous	aneu;+1*1;+1*6;
XTRA_FQA	2018_P5_B12_S128	Ward et al. 2024	SRR25064351	143.843974	Australia	Spontaneous fermentation of grape juice	Australia	Oceania		1094.0	8. AU Wine 4	S1. Wine	?	50.0	5.34e-06	Homozygous	euploid
XTRA_FQB	2018_P5_G7_S106	Ward et al. 2024	SRR25064354	128.669552	Australia	Spontaneous fermentation of grape juice	Australia	Oceania		991.0	8. AU Wine 4	S1. Wine	?	11.0	1.17e-06	Homozygous	euploid
XTRA_FQC	1_A3_S56	Ward et al. 2024	SRR25064358	68.6587707	Australia	Spontaneous fermentation of grape juice	Australia	Oceania		884.0	7. AU Wine 3	S1. Wine	?	41.0	4.38e-06	Homozygous	euploid
XTRA_FQD	2018_P5_A9_S120	Ward et al. 2024	SRR25064362	147.541164	Australia	Spontaneous fermentation of grape juice	Australia	Oceania		874.0	7. AU Wine 3	S1. Wine	?	20.0	2.13e-06	Homozygous	euploid
XTRA_FQE	2019_P16_A10_S121	Ward et al. 2024	SRR25064369	103.515163	Australia	Spontaneous fermentation of grape juice	Australia	Oceania		869.0	7. AU Wine 3	S1. Wine	?	35.0	3.74e-06	Homozygous	aneu;+1*1;+1*3;+1*6;
XTRA_FQF	2019_P15_H5_S139	Ward et al. 2024	SRR25064371	125.532634	Australia	Spontaneous fermentation of grape juice	Australia	Oceania		868.0	7. AU Wine 3	S1. Wine	?	15.0	1.6e-06	Homozygous	aneu;+1*1;+1*6;
XTRA_FQG	2019_P25_C3_S168	Ward et al. 2024	SRR25064379	67.4717372	Australia	Spontaneous fermentation of grape juice	Australia	Oceania		856.0	7. AU Wine 3	S1. Wine	3	3429.0	0.000366	Heterozygous	aneu;+6*1;+2*3;+4*6;
XTRA_FQH	2019_P15_A7_S46	Ward et al. 2024	SRR25064382	118.969002	Australia	Spontaneous fermentation of grape juice	Australia	Oceania		849.0		S1. Wine	2	2987.0	0.00031882	Heterozygous	aneu;+6*1;+3*3;+4*6;+2*9;
XTRA_FQI	2019_P25_C11_S133	Ward et al. 2024	SRR25064384	116.733543	Australia	Spontaneous fermentation of grape juice	Australia	Oceania		851.0		S1. Wine	2	7228.0	0.00077148	Heterozygous	aneu;+11*1;+4*3;+6*6;
XTRA_FQJ	1_G8_S112	Ward et al. 2024	SRR25064387	69.9983072	Australia	Spontaneous fermentation of grape juice	Australia	Oceania		1046.0	8. AU Wine 4	S1. Wine	2	6748.0	0.00072025	Heterozygous	aneu;+1*1;
XTRA_FQK	G-2_S37	Ward et al. 2024	SRR25064388	147.60603	Australia	Spontaneous fermentation of grape juice	Australia	Oceania		1047.0	8. AU Wine 4	S1. Wine	?	44.0	4.7e-06	Homozygous	aneu;+1*1;+1*3;+1*6;
XTRA_FQL	2018_P1_G2_S13	Ward et al. 2024	SRR25064391	122.298453	Australia	Spontaneous fermentation of grape juice	Australia	Oceania		1041.0	8. AU Wine 4	S1. Wine	2	11404.0	0.00121721	Heterozygous	aneu;+2*1;+1*3;+1*6;
XTRA_FQM	2_D7_S29	Ward et al. 2024	SRR25064395	40.3677355	Australia	Spontaneous fermentation of grape juice	Australia	Oceania		1211.0	10. AU Wine 6	S1. Wine	2	8688.0	0.00092732	Heterozygous	euploid
XTRA_FQN	2_A3_S132	Ward et al. 2024	SRR25064398	76.0526707	Australia	Spontaneous fermentation of grape juice	Australia	Oceania		1214.0	10. AU Wine 6	S1. Wine	2	8658.0	0.00092411	Heterozygous	euploid
XTRA_FQO	1_D11_S75	Ward et al. 2024	SRR25064399	73.8259668	Australia	Spontaneous fermentation of grape juice	Australia	Oceania		1249.0	10. AU Wine 6	S1. Wine	2	15135.0	0.00161544	Heterozygous	aneu;+5*1;+3*3;+1*5;+3*6;+1*8;+2*9;
XTRA_FQP	Y3-P1-G08_S17	Ward et al. 2024	SRR25064400	28.1780258	Australia	Spontaneous fermentation of grape juice	Australia	Oceania		1142.0	8. AU Wine 4	S1. Wine	2	15305.0	0.00163358	Heterozygous	euploid
XTRA_FQQ	2_C2_S16	Ward et al. 2024	SRR25064407	55.8776544	Australia	Spontaneous fermentation of grape juice	Australia	Oceania		1186.0	9. AU Wine 5	S1. Wine	2	13298.0	0.00141936	Heterozygous	aneu;+1*1;
XTRA_FQR	F-7_S34	Ward et al. 2024	SRR25064410	143.077781	Australia	Spontaneous fermentation of grape juice	Australia	Oceania		1187.0	9. AU Wine 5	S1. Wine	2	12661.0	0.00135137	Heterozygous	aneu;+2*1;+1*3;+1*6;
XTRA_FQS	2018_P22_E10_S146	Ward et al. 2024	SRR25064411	127.958214	Australia	Spontaneous fermentation of grape juice	Australia	Oceania		1193.0	9. AU Wine 5	S1. Wine	2	12080.0	0.00128936	Heterozygous	aneu;+2*1;+2*3;+2*6;+1*9;
XTRA_FQT	2_D3_S25	Ward et al. 2024	SRR25064413	47.3455061	Australia	Spontaneous fermentation of grape juice	Australia	Oceania		1228.0		S1. Wine	2	7276.0	0.00077661	Heterozygous	euploid
XTRA_FQU	2018_P68_H1_S161	Ward et al. 2024	SRR25064414	143.934998	Australia	Spontaneous fermentation of grape juice	Australia	Oceania		1237.0	10. AU Wine 6	S1. Wine	2	9128.0	0.00097428	Heterozygous	aneu;+6*1;+1*11;+4*3;+1*5;+5*6;+2*8;+2*9;
XTRA_FQV	1_F12_S103	Ward et al. 2024	SRR25064416	70.5223229	Australia	Spontaneous fermentation of grape juice	Australia	Oceania		1171.0	9. AU Wine 5	S1. Wine	2	9098.0	0.00097108	Heterozygous	euploid
XTRA_FQW	2018_P70_C8_S140	Ward et al. 2024	SRR25064417	110.547349	Australia	Spontaneous fermentation of grape juice	Australia	Oceania		1272.0			2	27076.0	0.00288996	Heterozygous	aneu;+6*1;+1*11;+4*3;+1*5;+4*6;+2*8;+2*9;
XTRA_FQX	Q-9_S95	Ward et al. 2024	SRR25064420	107.595292	Australia	Spontaneous fermentation of grape juice	Australia	Oceania		975.0	8. AU Wine 4	S1. Wine	?	68.0	7.26e-06	Homozygous	aneu;+3*1;+1*3;+2*6;+1*9;
XTRA_FQY	T-9_S113	Ward et al. 2024	SRR25064422	76.3280123	Australia	Spontaneous fermentation of grape juice	Australia	Oceania		976.0	8. AU Wine 4	S1. Wine	?	38.0	4.06e-06	Homozygous	aneu;+3*1;+2*3;+1*5;+3*6;+1*8;+1*9;
XTRA_FQZ	V-5_S117	Ward et al. 2024	SRR25064423	72.468469	Australia	Spontaneous fermentation of grape juice	Australia	Oceania		979.0	8. AU Wine 4	S1. Wine	?	32.0	3.42e-06	Homozygous	aneu;+4*1;+2*3;+1*5;+3*6;+1*8;+1*9;
XTRA_FRA	Q-3_S92	Ward et al. 2024	SRR25064427	132.499093	Australia	Spontaneous fermentation of grape juice	Australia	Oceania		965.0	8. AU Wine 4	S1. Wine	?	56.0	5.98e-06	Homozygous	aneu;+3*1;+1*3;+2*6;+1*9;
XTRA_FRB	C-1_S13	Ward et al. 2024	SRR25064428	77.3695368	Australia	Spontaneous fermentation of grape juice	Australia	Oceania		1174.0		S1. Wine	2	15388.0	0.00164244	Heterozygous	aneu;+1*1;+1*3;+1*6;
XTRA_FRC	P-x_S89	Ward et al. 2024	SRR25064431	136.789436	Australia	Spontaneous fermentation of grape juice	Australia	Oceania		997.0	8. AU Wine 4	S1. Wine	2	4365.0	0.0004659	Heterozygous	aneu;+1*1;+1*3;+1*6;
XTRA_FRD	N-3_S74	Ward et al. 2024	SRR25064433	104.982716	Australia	Spontaneous fermentation of grape juice	Australia	Oceania		919.0	8. AU Wine 4	S1. Wine	?	91.0	9.71e-06	Homozygous	euploid
XTRA_FRE	H-7_S46	Ward et al. 2024	SRR25064435	90.9440352	Australia	Spontaneous fermentation of grape juice	Australia	Oceania		1007.0	8. AU Wine 4	S1. Wine	?	97.0	1.04e-05	Homozygous	aneu;+1*1;
XTRA_FRF	2018_P31_B10_S117	Ward et al. 2024	SRR25064449	130.198885	Australia	Spontaneous fermentation of grape juice	Australia	Oceania		1218.0	10. AU Wine 6	S1. Wine	?	16.0	1.71e-06	Homozygous	euploid
XTRA_FRG	C-3_S15	Ward et al. 2024	SRR25064455	64.2235373	Australia	Spontaneous fermentation of grape juice	Australia	Oceania		1101.0	8. AU Wine 4	S1. Wine	?	18.0	1.92e-06	Homozygous	aneu;+1*1;+1*3;+1*6;
XTRA_FRH	T1-P1-D08_S34	Ward et al. 2024	SRR25064462	26.0642837	Australia	Spontaneous fermentation of grape juice	Australia	Oceania		973.0	8. AU Wine 4	S1. Wine	?	26.0	2.78e-06	Homozygous	euploid
XTRA_FRI	T-5_S111	Ward et al. 2024	SRR25064464	87.1428075	Australia	Spontaneous fermentation of grape juice	Australia	Oceania		970.0	8. AU Wine 4	S1. Wine	3	1450.0	0.00015477	Heterozygous	aneu;+11*1;+2*10;+2*11;-1*12;+1*14;+7*3;-1*4;+2*5;+10*6;+3*8;+4*9;
XTRA_FRJ	V-2_S132	Ward et al. 2024	SRR25064465	138.450471	Australia	Spontaneous fermentation of grape juice	Australia	Oceania		969.0	8. AU Wine 4	S1. Wine	?	8.0	8.54e-07	Homozygous	aneu;+3*1;+2*3;+1*5;+2*6;+1*8;+1*9;
XTRA_FRK	2018_P70_C2_S86	Ward et al. 2024	SRR25064474	98.2982222	Australia	Spontaneous fermentation of grape juice	Australia	Oceania		812.0	7. AU Wine 3	S1. Wine	?	27.0	2.88e-06	Homozygous	aneu;+2*1;+1*3;+1*6;+1*8;+1*9;
XTRA_FRL	1_D1_S64	Ward et al. 2024	SRR25064476	72.3084297	Australia	Spontaneous fermentation of grape juice	Australia	Oceania		222.0	1. AU Wine 1	S1. Wine	2	3421.0	0.00036514	Heterozygous	euploid
XTRA_FRM	1_C5_S55	Ward et al. 2024	SRR25064478	76.6583539	Australia	Spontaneous fermentation of grape juice	Australia	Oceania		229.0	1. AU Wine 1	S1. Wine	2	3415.0	0.0003645	Heterozygous	aneu;+1*1;
XTRA_FRN	1_C6_S57	Ward et al. 2024	SRR25064480	78.7485383	Australia	Spontaneous fermentation of grape juice	Australia	Oceania		226.0	1. AU Wine 1	S1. Wine	2	3408.0	0.00036375	Heterozygous	aneu;+2*1;+1*3;+1*6;+1*9;
XTRA_FRO	1_E5_S82	Ward et al. 2024	SRR25064481	68.5462241	Australia	Spontaneous fermentation of grape juice	Australia	Oceania		239.0	1. AU Wine 1	S1. Wine	3	3486.0	0.00037208	Heterozygous	aneu;+1*1;
XTRA_FRP	1_D9_S73	Ward et al. 2024	SRR25064482	52.40765	Australia	Spontaneous fermentation of grape juice	Australia	Oceania		240.0	1. AU Wine 1	S1. Wine	3	2996.0	0.00031978	Heterozygous	euploid
XTRA_FRQ	1_A5_S78	Ward et al. 2024	SRR25064489	65.2301991	Australia	Spontaneous fermentation of grape juice	Australia	Oceania		243.0	1. AU Wine 1	S1. Wine	2	3261.0	0.00034806	Heterozygous	aneu;+1*1;+1*6;
XTRA_FRR	1_F1_S91	Ward et al. 2024	SRR25064490	71.7280586	Australia	Spontaneous fermentation of grape juice	Australia	Oceania		241.0	1. AU Wine 1	S1. Wine	2	3210.0	0.00034262	Heterozygous	aneu;+1*1;+1*3;+1*5;+2*6;
XTRA_FRS	1_F9_S99	Ward et al. 2024	SRR25064491	71.4737981	Australia	Spontaneous fermentation of grape juice	Australia	Oceania		218.0	1. AU Wine 1	S1. Wine	2	3089.0	0.00032971	Heterozygous	euploid
XTRA_FRT	1_D2_S65	Ward et al. 2024	SRR25064492	75.4398702	Australia	Spontaneous fermentation of grape juice	Australia	Oceania		219.0	1. AU Wine 1	S1. Wine	2	3111.0	0.00033205	Heterozygous	aneu;+4*1;+2*3;+3*6;+1*9;
XTRA_FRU	1_B8_S46	Ward et al. 2024	SRR25064493	35.7555897	Australia	Spontaneous fermentation of grape juice	Australia	Oceania		236.0	1. AU Wine 1	S1. Wine	3	3006.0	0.00032085	Heterozygous	aneu;+1*1;+2*6;
XTRA_FRV	1_D8_S72	Ward et al. 2024	SRR25064496	70.4990706	Australia	Spontaneous fermentation of grape juice	Australia	Oceania		215.0	1. AU Wine 1	S1. Wine	2	3953.0	0.00042192	Heterozygous	euploid
XTRA_FRW	2019_P14_F7_S112	Ward et al. 2024	SRR25064497	186.373343	Australia	Spontaneous fermentation of grape juice	Australia	Oceania		850.0		S1. Wine	2	7168.0	0.00076508	Heterozygous	aneu;+1*1;+1*6;
XTRA_FRX	2018_P70_D2_S10	Ward et al. 2024	SRR25064499	106.467361	Australia	Spontaneous fermentation of grape juice	Australia	Oceania		1269.0			2	24031.0	0.00256495	Heterozygous	aneu;+5*1;+1*10;+1*11;+4*3;+1*5;+4*6;+2*8;+3*9;
XTRA_FRY	2019_P15_C7_S151	Ward et al. 2024	SRR25064500	111.847464	Australia	Spontaneous fermentation of grape juice	Australia	Oceania		852.0		S1. Wine	2	7132.0	0.00076124	Heterozygous	aneu;+1*1;+1*3;+1*6;
XTRA_FRZ	1_G3_S106	Ward et al. 2024	SRR25064503	81.3102644	Australia	Spontaneous fermentation of grape juice	Australia	Oceania		847.0	7. AU Wine 3	S1. Wine	?	13.0	1.39e-06	Homozygous	euploid
XTRA_FSA	1_G11_S115	Ward et al. 2024	SRR25064504	56.4432494	Australia	Spontaneous fermentation of grape juice	Australia	Oceania		848.0	7. AU Wine 3	S1. Wine	?	51.0	5.44e-06	Homozygous	euploid
XTRA_FSB	2018_P1_H11_S79	Ward et al. 2024	SRR25064507	127.075054	Australia	Spontaneous fermentation of grape juice	Australia	Oceania		845.0	7. AU Wine 3	S1. Wine	?	15.0	1.6e-06	Homozygous	euploid
XTRA_FSC	2019_P20_A2_S47	Ward et al. 2024	SRR25064511	94.8299317	Australia	Spontaneous fermentation of grape juice	Australia	Oceania		841.0	7. AU Wine 3	S1. Wine	?	85.0	9.07e-06	Homozygous	aneu;+3*1;+2*3;+3*6;+1*8;+1*9;
XTRA_FSD	N-2_S73	Ward et al. 2024	SRR25064524	129.451911	Australia	Spontaneous fermentation of grape juice	Australia	Oceania		906.0	8. AU Wine 4	S1. Wine	2	4350.0	0.0004643	Heterozygous	euploid
XTRA_FSE	C-8_S17	Ward et al. 2024	SRR25064525	97.9737503	Australia	Spontaneous fermentation of grape juice	Australia	Oceania		1051.0	8. AU Wine 4	S1. Wine	?	19.0	2.03e-06	Homozygous	aneu;+1*1;+1*3;+1*6;
XTRA_FSF	O-7_S82	Ward et al. 2024	SRR25064530	139.059187	Australia	Spontaneous fermentation of grape juice	Australia	Oceania		928.0	8. AU Wine 4	S1. Wine	2	9268.0	0.00098922	Heterozygous	aneu;+3*1;+1*3;+2*6;
XTRA_FSG	O-1_S79	Ward et al. 2024	SRR25064535	103.028012	Australia	Spontaneous fermentation of grape juice	Australia	Oceania		936.0	8. AU Wine 4	S1. Wine	?	65.0	6.94e-06	Homozygous	aneu;+2*1;+1*3;+1*6;
XTRA_FSH	1_A7_S100	Ward et al. 2024	SRR25064546	79.1600418	Australia	Spontaneous fermentation of grape juice	Australia	Oceania		924.0	8. AU Wine 4	S1. Wine	2	10561.0	0.00112723	Heterozygous	aneu;+2*1;+1*3;+1*6;+1*9;
XTRA_FSI	2018_P24_H3_S38	Ward et al. 2024	SRR25064549	134.192158	Australia	Spontaneous fermentation of grape juice	Australia	Oceania		922.0	8. AU Wine 4	S1. Wine	?	26.0	2.78e-06	Homozygous	aneu;+2*1;+1*3;+1*6;+1*8;+1*9;
XTRA_FSJ	N-6_S76	Ward et al. 2024	SRR25064550	102.961246	Australia	Spontaneous fermentation of grape juice	Australia	Oceania		921.0	8. AU Wine 4	S1. Wine	2	8917.0	0.00095176	Heterozygous	aneu;+1*1;
XTRA_FSK	2018_P53_F11_S95	Ward et al. 2024	SRR25064551	105.595459	Australia	Spontaneous fermentation of grape juice	Australia	Oceania		920.0	8. AU Wine 4	S1. Wine	?	58.0	6.19e-06	Homozygous	aneu;+2*1;+1*3;+1*6;+1*9;
XTRA_FSL	1_F7_S97	Ward et al. 2024	SRR25064553	66.7088069	Australia	Spontaneous fermentation of grape juice	Australia	Oceania		1077.0	8. AU Wine 4	S1. Wine	?	35.0	3.74e-06	Homozygous	euploid
XTRA_FSM	2018_P32_G4_S1	Ward et al. 2024	SRR25064554	114.639327	Australia	Spontaneous fermentation of grape juice	Australia	Oceania		1225.0	10. AU Wine 6	S1. Wine	2	7421.0	0.00079208	Heterozygous	aneu;+1*1;+1*3;+1*6;
XTRA_FSN	2018_P28_H2_S17	Ward et al. 2024	SRR25064556	118.549404	Australia	Spontaneous fermentation of grape juice	Australia	Oceania		1202.0	10. AU Wine 6	S1. Wine	?	17.0	1.81e-06	Homozygous	euploid
XTRA_FSO	2_D6_S28	Ward et al. 2024	SRR25064565	75.9971724	Australia	Spontaneous fermentation of grape juice	Australia	Oceania		1044.0	8. AU Wine 4	S1. Wine	?	56.0	5.98e-06	Homozygous	euploid
XTRA_FSP	1_B12_S50	Ward et al. 2024	SRR25064566	53.8292623	Australia	Spontaneous fermentation of grape juice	Australia	Oceania		1043.0	8. AU Wine 4	S1. Wine	2	6349.0	0.00067766	Heterozygous	euploid
XTRA_FSQ	B-8_S11	Ward et al. 2024	SRR25064571	53.246889	Australia	Spontaneous fermentation of grape juice	Australia	Oceania		1095.0	8. AU Wine 4	S1. Wine	?	8.0	8.54e-07	Homozygous	aneu;+1*1;
XTRA_FSR	1_E12_S90	Ward et al. 2024	SRR25064576	54.0392073	Australia	Spontaneous fermentation of grape juice	Australia	Oceania		993.0	8. AU Wine 4	S1. Wine	?	68.0	7.26e-06	Homozygous	euploid
XTRA_FSS	R-5_S99	Ward et al. 2024	SRR25064577	95.960814	Australia	Spontaneous fermentation of grape juice	Australia	Oceania		1012.0	8. AU Wine 4	S1. Wine	2	5586.0	0.00059622	Heterozygous	euploid
XTRA_FST	T2-P2-G02_S36	Ward et al. 2024	SRR25064580	37.5603306	Australia	Spontaneous fermentation of grape juice	Australia	Oceania		1024.0	8. AU Wine 4	S1. Wine	2	5661.0	0.00060423	Heterozygous	euploid
XTRA_FSU	2019_P23_F1_S45	Ward et al. 2024	SRR25064583	145.192498	Australia	Spontaneous fermentation of grape juice	Australia	Oceania		1023.0	8. AU Wine 4	S1. Wine	2	5351.0	0.00057114	Heterozygous	aneu;+6*1;+3*3;+4*6;
XTRA_FSV	Q-12_S96	Ward et al. 2024	SRR25064584	133.508573	Australia	Spontaneous fermentation of grape juice	Australia	Oceania		1084.0	8. AU Wine 4	S1. Wine	?	44.0	4.7e-06	Homozygous	aneu;+2*1;+1*3;+1*6;
XTRA_FSW	1_E4_S81	Ward et al. 2024	SRR25064585	57.9533621	Australia	Spontaneous fermentation of grape juice	Australia	Oceania		994.0	8. AU Wine 4	S1. Wine	2	4922.0	0.00052535	Heterozygous	aneu;+2*1;+1*3;+1*6;
XTRA_FSX	2019_P23_G12_S158	Ward et al. 2024	SRR25064606	127.532652	Australia	Spontaneous fermentation of grape juice	Australia	Oceania		984.0	8. AU Wine 4	S1. Wine	?	15.0	1.6e-06	Homozygous	aneu;+1*1;+1*3;+1*6;
XTRA_FSY	1_A8_S111	Ward et al. 2024	SRR25064609	93.5659021	Australia	Spontaneous fermentation of grape juice	Australia	Oceania		908.0	8. AU Wine 4	S1. Wine	2	8734.0	0.00093223	Heterozygous	euploid
XTRA_FSZ	2018_P34_F2_S107	Ward et al. 2024	SRR25064610	135.859969	Australia	Spontaneous fermentation of grape juice	Australia	Oceania		1072.0	8. AU Wine 4	S1. Wine	2	5016.0	0.00053538	Heterozygous	aneu;+1*1;+1*6;
XTRA_FTA	1_F11_S102	Ward et al. 2024	SRR25064617	51.1109758	Australia	Spontaneous fermentation of grape juice	Australia	Oceania		901.0	8. AU Wine 4	S1. Wine	?	66.0	7.04e-06	Homozygous	euploid
XTRA_FTB	V-7_S118	Ward et al. 2024	SRR25064623	89.818091	Australia	Spontaneous fermentation of grape juice	Australia	Oceania		942.0	8. AU Wine 4	S1. Wine	?	43.0	4.59e-06	Homozygous	aneu;+3*1;+2*3;+2*6;+1*8;+1*9;
XTRA_FTC	Q-4_S93	Ward et al. 2024	SRR25064624	123.97484	Australia	Spontaneous fermentation of grape juice	Australia	Oceania		967.0	8. AU Wine 4	S1. Wine	?	35.0	3.74e-06	Homozygous	aneu;+2*1;+1*3;+2*6;+1*9;
XTRA_FTD	2_B7_S14	Ward et al. 2024	SRR25064627	87.3880484	Australia	Spontaneous fermentation of grape juice	Australia	Oceania		283.0	2. AU Wine 2	S1. Wine	2	10850.0	0.00115808	Heterozygous	aneu;+1*4;
XTRA_FTE	S-12_S108	Ward et al. 2024	SRR25064630	90.8654722	Australia	Spontaneous fermentation of grape juice	Australia	Oceania		1226.0	10. AU Wine 6	S1. Wine	2	13561.0	0.00144744	Heterozygous	aneu;+12*1;+1*10;+1*11;-1*12;+1*14;+1*2;+7*3;-1*4;+2*5;+10*6;+3*8;+4*9;
XTRA_FTF	2_A4_S3	Ward et al. 2024	SRR25064635	72.625464	Australia	Spontaneous fermentation of grape juice	Australia	Oceania		1175.0		S1. Wine	2	19150.0	0.00204398	Heterozygous	euploid
XTRA_FTG	D-12_S24	Ward et al. 2024	SRR25064638	100.113023	Australia	Spontaneous fermentation of grape juice	Australia	Oceania		1054.0	8. AU Wine 4	S1. Wine	?	13.0	1.39e-06	Homozygous	aneu;+1*1;
XTRA_FTH	D-8_S22	Ward et al. 2024	SRR25064641	102.488864	Australia	Spontaneous fermentation of grape juice	Australia	Oceania		1052.0	8. AU Wine 4	S1. Wine	?	16.0	1.71e-06	Homozygous	aneu;+1*1;+1*3;
XTRA_FTI	2018_P51_D12_S96	Ward et al. 2024	SRR25064654	151.077802	Australia	Spontaneous fermentation of grape juice	Australia	Oceania		1541.0			?	77.0	8.22e-06	Homozygous	aneu;+2*1;+1*3;+1*6;+1*8;+1*9;
XTRA_FTJ	2018_P22_H10_S35	Ward et al. 2024	SRR25064655	114.374854	Australia	Spontaneous fermentation of grape juice	Australia	Oceania		1542.0			?	124.0	1.32e-05	Homozygous	aneu;+1*1;+1*3;+1*6;+1*9;
XTRA_FTK	F-3_S32	Ward et al. 2024	SRR25064248	126.638076	Australia	Spontaneous fermentation of grape juice	Australia	Oceania		1222.0	10. AU Wine 6	S1. Wine	2	11251.0	0.00120088	Heterozygous	aneu;+1*3;+2*6;+1*9;
XTRA_FTL	1_G4_S107	Ward et al. 2024	SRR25064250	40.649611	Australia	Spontaneous fermentation of grape juice	Australia	Oceania		971.0	8. AU Wine 4	S1. Wine	2	6554.0	0.00069954	Heterozygous	euploid
XTRA_FTM	2019_P23_G9_S41	Ward et al. 2024	SRR25064277	169.905283	Australia	Spontaneous fermentation of grape juice	Australia	Oceania		231.0	1. AU Wine 1	S1. Wine	2	3373.0	0.00036002	Heterozygous	aneu;+3*1;+2*3;+2*6;+1*9;
XTRA_FTN	2018_P68_A11_S101	Ward et al. 2024	SRR25064282	108.385149	Australia	Spontaneous fermentation of grape juice	Australia	Oceania		830.0	7. AU Wine 3	S1. Wine	?	18.0	1.92e-06	Homozygous	aneu;+1*1;+1*3;+1*6;
XTRA_FTO	1_H4_S120	Ward et al. 2024	SRR25064317	57.1212553	Australia	Spontaneous fermentation of grape juice	Australia	Oceania		1180.0	9. AU Wine 5	S1. Wine	2	8008.0	0.00085474	Heterozygous	aneu;+1*1;
XTRA_FTP	2_A5_S4	Ward et al. 2024	SRR25064318	86.2588988	Australia	Spontaneous fermentation of grape juice	Australia	Oceania		1196.0	9. AU Wine 5	S1. Wine	2	5751.0	0.00061383	Heterozygous	euploid
XTRA_FTQ	W-2_S122	Ward et al. 2024	SRR25064325	92.5046277	Australia	Spontaneous fermentation of grape juice	Australia	Oceania		1231.0	10. AU Wine 6	S1. Wine	2	8381.0	0.00089455	Heterozygous	aneu;+1*1;+1*3;+1*6;
XTRA_FTR	F-6_S33	Ward et al. 2024	SRR25064330	122.763138	Australia	Spontaneous fermentation of grape juice	Australia	Oceania		1106.0	8. AU Wine 4	S1. Wine	?	112.0	1.2e-05	Homozygous	aneu;+1*1;+1*6;
XTRA_FTS	B-7_S10	Ward et al. 2024	SRR25064332	64.7416432	Australia	Spontaneous fermentation of grape juice	Australia	Oceania		1102.0	8. AU Wine 4	S1. Wine	?	24.0	2.56e-06	Homozygous	aneu;+1*1;
XTRA_FTT	C-12_S18	Ward et al. 2024	SRR25064341	102.924056	Australia	Spontaneous fermentation of grape juice	Australia	Oceania		1083.0	8. AU Wine 4	S1. Wine	2	3135.0	0.00033462	Heterozygous	aneu;+2*1;+1*3;+1*6;
XTRA_FTU	A-12_S6	Ward et al. 2024	SRR25064355	84.088765	Australia	Spontaneous fermentation of grape juice	Australia	Oceania		1257.0	10. AU Wine 6	S1. Wine	2	15745.0	0.00168055	Heterozygous	aneu;+2*1;+1*6;
XTRA_FTV	2018_P31_F7_S37	Ward et al. 2024	SRR25064356	56.0323333	Australia	Spontaneous fermentation of grape juice	Australia	Oceania		992.0	8. AU Wine 4	S1. Wine	?	24.0	2.56e-06	Homozygous	euploid
XTRA_FTW	L-1_S67	Ward et al. 2024	SRR25064364	149.6065	Australia	Spontaneous fermentation of grape juice	Australia	Oceania		1256.0	10. AU Wine 6	S1. Wine	2	19040.0	0.00203224	Heterozygous	aneu;+4*1;+2*3;+2*6;+1*9;
XTRA_FTX	1_F8_S98	Ward et al. 2024	SRR25064390	47.9075133	Australia	Spontaneous fermentation of grape juice	Australia	Oceania		1268.0	10. AU Wine 6	S1. Wine	2	21108.0	0.00225297	Heterozygous	aneu;+1*1;+1*3;+1*6;
XTRA_FTY	B-1_S7	Ward et al. 2024	SRR25064393	145.838739	Australia	Spontaneous fermentation of grape juice	Australia	Oceania		1210.0	10. AU Wine 6	S1. Wine	2	16500.0	0.00176113	Heterozygous	aneu;+1*1;
XTRA_FTZ	2_E3_S32	Ward et al. 2024	SRR25064405	62.2963893	Australia	Spontaneous fermentation of grape juice	Australia	Oceania		1191.0	9. AU Wine 5	S1. Wine	2	11687.0	0.00124741	Heterozygous	euploid
XTRA_FUA	G-3_S38	Ward et al. 2024	SRR25064440	202.238774	Australia	Spontaneous fermentation of grape juice	Australia	Oceania		1006.0	8. AU Wine 4	S1. Wine	?	45.0	4.8e-06	Homozygous	aneu;+1*1;+1*3;+1*6;
XTRA_FUB	1_G1_S104	Ward et al. 2024	SRR25064441	53.5903556	Australia	Spontaneous fermentation of grape juice	Australia	Oceania		1029.0	8. AU Wine 4	S1. Wine	?	105.0	1.12e-05	Homozygous	euploid
XTRA_FUC	2019_P6_C9_S4	Ward et al. 2024	SRR25064443	141.993317	Australia	Spontaneous fermentation of grape juice	Australia	Oceania		1030.0	8. AU Wine 4	S1. Wine	?	34.0	3.63e-06	Homozygous	aneu;+1*1;+1*6;
XTRA_FUD	1_3F_S93	Ward et al. 2024	SRR25064444	68.9080534	Australia	Spontaneous fermentation of grape juice	Australia	Oceania		1027.0	8. AU Wine 4	S1. Wine	?	25.0	2.67e-06	Homozygous	euploid
XTRA_FUE	2018_P16_F5_S43	Ward et al. 2024	SRR25064475	127.376816	Australia	Spontaneous fermentation of grape juice	Australia	Oceania		813.0	7. AU Wine 3	S1. Wine	?	19.0	2.03e-06	Homozygous	aneu;+1*1;+1*6;
XTRA_FUF	1_B2_S39	Ward et al. 2024	SRR25064484	78.5385457	Australia	Spontaneous fermentation of grape juice	Australia	Oceania		228.0	1. AU Wine 1	S1. Wine	2	3425.0	0.00036557	Heterozygous	aneu;+5*1;+3*3;+1*5;+4*6;+1*8;+2*9;
XTRA_FUG	1_H1_S117	Ward et al. 2024	SRR25064486	78.1201843	Australia	Spontaneous fermentation of grape juice	Australia	Oceania		233.0	1. AU Wine 1	S1. Wine	2	3390.0	0.00036183	Heterozygous	aneu;+2*1;+1*3;+1*6;+1*9;
XTRA_FUH	1_B10_S48	Ward et al. 2024	SRR25064487	70.5956621	Australia	Spontaneous fermentation of grape juice	Australia	Oceania		232.0	1. AU Wine 1	S1. Wine	2	3368.0	0.00035948	Heterozygous	aneu;+4*1;+2*3;+3*6;+1*9;
XTRA_FUI	2018_P51_H4_S85	Ward et al. 2024	SRR25064510	128.352614	Australia	Spontaneous fermentation of grape juice	Australia	Oceania		1239.0	10. AU Wine 6	S1. Wine	2	16476.0	0.00175857	Heterozygous	aneu;+1*1;+1*3;+1*6;
XTRA_FUJ	1_C12_S63	Ward et al. 2024	SRR25064512	50.6204019	Australia	Spontaneous fermentation of grape juice	Australia	Oceania		145.0	1. AU Wine 1	S1. Wine	2	5737.0	0.00061234	Heterozygous	aneu;+1*1;
XTRA_FUK	2018_P34_C10_S33	Ward et al. 2024	SRR25064515	119.345041	Australia	Spontaneous fermentation of grape juice	Australia	Oceania		810.0	7. AU Wine 3	S1. Wine	?	23.0	2.45e-06	Homozygous	euploid
XTRA_FUL	2018_P16_A7_S153	Ward et al. 2024	SRR25064517	136.348021	Australia	Spontaneous fermentation of grape juice	Australia	Oceania		811.0	7. AU Wine 3	S1. Wine	?	17.0	1.81e-06	Homozygous	aneu;+1*1;+1*3;+1*6;
XTRA_FUM	O-12_S84	Ward et al. 2024	SRR25064540	119.769921	Australia	Spontaneous fermentation of grape juice	Australia	Oceania		930.0	8. AU Wine 4	S1. Wine	?	97.0	1.04e-05	Homozygous	aneu;+1*1;+1*3;+1*6;
XTRA_FUN	2018_P24_H5_S138	Ward et al. 2024	SRR25064547	145.751597	Australia	Spontaneous fermentation of grape juice	Australia	Oceania		923.0	8. AU Wine 4	S1. Wine	?	17.0	1.81e-06	Homozygous	aneu;+1*1;+1*3;+1*6;
XTRA_FUO	2018_P20_F10_S154	Ward et al. 2024	SRR25064560	156.933515	Australia	Spontaneous fermentation of grape juice	Australia	Oceania		1075.0	8. AU Wine 4	S1. Wine	2	6835.0	0.00072954	Heterozygous	aneu;+1*1;+1*3;+1*6;
XTRA_FUP	J-11_S60	Ward et al. 2024	SRR25064588	181.034754	Australia	Spontaneous fermentation of grape juice	Australia	Oceania		914.0	8. AU Wine 4	S1. Wine	?	18.0	1.92e-06	Homozygous	euploid
XTRA_FUQ	O-3_S80	Ward et al. 2024	SRR25064590	148.03637	Australia	Spontaneous fermentation of grape juice	Australia	Oceania		912.0	8. AU Wine 4	S1. Wine	?	14.0	1.49e-06	Homozygous	aneu;+1*1;+1*3;+1*6;
XTRA_FUR	F-12_S36	Ward et al. 2024	SRR25064604	148.422282	Australia	Spontaneous fermentation of grape juice	Australia	Oceania		1258.0			2	18567.0	0.00198175	Heterozygous	aneu;+1*1;+1*3;+1*6;
XTRA_FUS	1_E2_S79	Ward et al. 2024	SRR25064611	55.7184637	Australia	Spontaneous fermentation of grape juice	Australia	Oceania		1064.0	8. AU Wine 4	S1. Wine	2	8634.0	0.00092155	Heterozygous	euploid
XTRA_FUT	1_D4_S68	Ward et al. 2024	SRR25064614	68.0340008	Australia	Spontaneous fermentation of grape juice	Australia	Oceania		1035.0	8. AU Wine 4	S1. Wine	2	4631.0	0.00049429	Heterozygous	aneu;+1*1;+1*2;
XTRA_FUU	1_G7_S110	Ward et al. 2024	SRR25064616	87.7358916	Australia	Spontaneous fermentation of grape juice	Australia	Oceania		902.0	8. AU Wine 4	S1. Wine	?	11.0	1.17e-06	Homozygous	euploid
XTRA_FUV	2018_P20_C11_S156	Ward et al. 2024	SRR25064626	132.792986	Australia	Spontaneous fermentation of grape juice	Australia	Oceania		944.0	8. AU Wine 4	S1. Wine	?	44.0	4.7e-06	Homozygous	euploid
XTRA_FUW	2018_P55_H5_S89	Ward et al. 2024	SRR25064263	142.25152	Australia	Spontaneous fermentation of grape juice	Australia	Oceania		775.0	7. AU Wine 3	S1. Wine	?	11.0	1.17e-06	Homozygous	aneu;+1*1;+1*3;+1*6;
XTRA_FUX	2019_P15_F7_S71	Ward et al. 2024	SRR25064273	126.974138	Australia	Spontaneous fermentation of grape juice	Australia	Oceania		654.0	7. AU Wine 3	S1. Wine	?	41.0	4.38e-06	Homozygous	aneu;+2*1;+1*3;+1*6;
XTRA_FUY	1_A11_S13	Ward et al. 2024	SRR25064301	57.3270844	Australia	Spontaneous fermentation of grape juice	Australia	Oceania		871.0	7. AU Wine 3	S1. Wine	?	28.0	2.99e-06	Homozygous	euploid
XTRA_FUZ	B-3_S8	Ward et al. 2024	SRR25064315	133.636123	Australia	Spontaneous fermentation of grape juice	Australia	Oceania		1199.0	9. AU Wine 5	S1. Wine	2	9869.0	0.00105337	Heterozygous	aneu;+2*1;+1*3;+1*6;
XTRA_FVA	2019_P14_D7_S52	Ward et al. 2024	SRR25064334	140.191705	Australia	Spontaneous fermentation of grape juice	Australia	Oceania		1092.0	8. AU Wine 4	S1. Wine	4	530.0	5.66e-05	Heterozygous	aneu;+12*1;+4*3;+9*6;
XTRA_FVB	U-2_S127	Ward et al. 2024	SRR25064425	104.879011	Australia	Spontaneous fermentation of grape juice	Australia	Oceania		978.0	8. AU Wine 4	S1. Wine	?	268.0	2.86e-05	Homozygous	aneu;+1*1;+1*3;+1*6;
XTRA_FVC	2018_P32_C11_S72	Ward et al. 2024	SRR25064452	103.761783	Australia	Spontaneous fermentation of grape juice	Australia	Oceania		982.0	8. AU Wine 4	S1. Wine	?	50.0	5.34e-06	Homozygous	euploid
XTRA_FVD	2019_P6_F1_S166	Ward et al. 2024	SRR25064505	95.2757362	Australia	Spontaneous fermentation of grape juice	Australia	Oceania		846.0	7. AU Wine 3	S1. Wine	?	19.0	2.03e-06	Homozygous	aneu;+1*1;+1*6;
XTRA_FVE	2018_P70_E4_S26	Ward et al. 2024	SRR25064522	97.6440449	Australia	Spontaneous fermentation of grape juice	Australia	Oceania		803.0	7. AU Wine 3	S1. Wine	2	6699.0	0.00071502	Heterozygous	aneu;+3*1;+2*3;+1*5;+3*6;+1*8;+2*9;
XTRA_FVF	1_G12_S116	Ward et al. 2024	SRR25064555	44.7937712	Australia	Spontaneous fermentation of grape juice	Australia	Oceania		945.0	8. AU Wine 4	S1. Wine	2	12090.0	0.00129043	Heterozygous	euploid
XTRA_FVG	1_E9_S86	Ward et al. 2024	SRR25064575	70.8819023	Australia	Spontaneous fermentation of grape juice	Australia	Oceania		1019.0	8. AU Wine 4	S1. Wine	?	54.0	5.76e-06	Homozygous	aneu;+1*1;+1*6;
XTRA_FVH	2019_P23_C5_S134	Ward et al. 2024	SRR25064579	117.15287	Australia	Spontaneous fermentation of grape juice	Australia	Oceania		1013.0	8. AU Wine 4	S1. Wine	?	26.0	2.78e-06	Homozygous	aneu;+1*1;+1*3;+1*6;
XTRA_FVI	Y2-P2-G07_S16	Ward et al. 2024	SRR25064587	23.422751	Australia	Spontaneous fermentation of grape juice	Australia	Oceania		915.0	8. AU Wine 4	S1. Wine	?	23.0	2.45e-06	Homozygous	euploid
XTRA_FVJ	2_A6_S5	Ward et al. 2024	SRR25064628	73.2759947	Australia	Spontaneous fermentation of grape juice	Australia	Oceania		298.0	2. AU Wine 2	S1. Wine	2	7844.0	0.00083723	Heterozygous	aneu;+1*1;+1*6;
XTRA_FVK	2019_P14_B7_S129	Ward et al. 2024	SRR25064644	140.147588	Australia	Spontaneous fermentation of grape juice	Australia	Oceania		1217.0	10. AU Wine 6	S1. Wine	2	8357.0	0.00089199	Heterozygous	aneu;+1*1;+1*3;+1*6;
XTRA_FVL	2018_P73_C8_S87	Ward et al. 2024	SRR25064274	98.8567868	Australia	Spontaneous fermentation of grape juice	Australia	Oceania		230.0	1. AU Wine 1	S1. Wine	2	3436.0	0.00036674	Heterozygous	aneu;+3*1;+2*3;+3*6;+1*9;
XTRA_FVM	2018_P73_H10_S69	Ward et al. 2024	SRR25064280	130.809913	Australia	Spontaneous fermentation of grape juice	Australia	Oceania		225.0	1. AU Wine 1	S1. Wine	2	3224.0	0.00034411	Heterozygous	aneu;+4*1;+1*11;+2*3;+1*5;+3*6;+2*9;
XTRA_FVN	2019_P16_A11_S49	Ward et al. 2024	SRR25064502	133.088466	Australia	Spontaneous fermentation of grape juice	Australia	Oceania		839.0	7. AU Wine 3	S1. Wine	2	6651.0	0.0007099	Heterozygous	aneu;+3*1;+2*3;+2*6;
XTRA_FVO	2018_P34_E2_S59	Ward et al. 2024	SRR25064518	79.0948988	Australia	Spontaneous fermentation of grape juice	Australia	Oceania		804.0	7. AU Wine 3	S1. Wine	?	28.0	2.99e-06	Homozygous	euploid
XTRA_FVP	Y3-P1-E09_S56	Ward et al. 2024	SRR25064593	28.372268	Australia	Spontaneous fermentation of grape juice	Australia	Oceania		1062.0	8. AU Wine 4	S1. Wine	?	13.0	1.39e-06	Homozygous	euploid
XTRA_FVQ	U-9_S130	Ward et al. 2024	SRR25064246	124.695796	Australia	Spontaneous fermentation of grape juice	Australia	Oceania		960.0	8. AU Wine 4	S1. Wine	?	62.0	6.62e-06	Homozygous	aneu;+2*1;+1*3;+1*6;
XTRA_FVR	U-8_S129	Ward et al. 2024	SRR25064247	103.799335	Australia	Spontaneous fermentation of grape juice	Australia	Oceania		958.0	8. AU Wine 4	S1. Wine	2	6471.0	0.00069068	Heterozygous	aneu;+3*1;+1*3;+2*6;
XTRA_FVS	2018_P44_A5_S3	Ward et al. 2024	SRR25064249	110.281972	Australia	Spontaneous fermentation of grape juice	Australia	Oceania		1273.0			2	29353.0	0.003133	Heterozygous	aneu;+2*1;+1*3;+1*6;+1*9;
XTRA_FVT	S-10_S107	Ward et al. 2024	SRR25064251	76.8958162	Australia	Spontaneous fermentation of grape juice	Australia	Oceania		941.0	8. AU Wine 4	S1. Wine	2	4746.0	0.00050657	Heterozygous	aneu;+8*1;+1*10;+1*11;+4*3;+1*5;+6*6;+2*8;+3*9;
XTRA_FVU	L-9_S71	Ward et al. 2024	SRR25064254	152.54868	Australia	Spontaneous fermentation of grape juice	Australia	Oceania		791.0	7. AU Wine 3	S1. Wine	?	23.0	2.45e-06	Homozygous	aneu;+2*1;+1*3;+2*6;+1*9;
XTRA_FVV	N-5_S75	Ward et al. 2024	SRR25064255	95.5919277	Australia	Spontaneous fermentation of grape juice	Australia	Oceania		778.0	7. AU Wine 3	S1. Wine	?	83.0	8.86e-06	Homozygous	euploid
XTRA_FVW	J-5_S56	Ward et al. 2024	SRR25064257	101.740466	Australia	Spontaneous fermentation of grape juice	Australia	Oceania		777.0	7. AU Wine 3	S1. Wine	?	37.0	3.95e-06	Homozygous	euploid
XTRA_FVX	2018_P49_F2_S5	Ward et al. 2024	SRR25064260	114.235838	Australia	Spontaneous fermentation of grape juice	Australia	Oceania		1223.0	10. AU Wine 6	S1. Wine	2	6378.0	0.00068076	Heterozygous	aneu;+2*1;+1*3;+2*6;+1*9;
XTRA_FVY	L-4_S68	Ward et al. 2024	SRR25064265	108.638029	Australia	Spontaneous fermentation of grape juice	Australia	Oceania		769.0	7. AU Wine 3	S1. Wine	?	84.0	8.97e-06	Homozygous	aneu;+1*1;+1*3;+1*6;
XTRA_FVZ	N-10_S77	Ward et al. 2024	SRR25064266	114.873371	Australia	Spontaneous fermentation of grape juice	Australia	Oceania		918.0	8. AU Wine 4	S1. Wine	4	537.0	5.73e-05	Heterozygous	aneu;+1*1;
XTRA_FWA	Y1-P2-H03_S14	Ward et al. 2024	SRR25064267	27.0696015	Australia	Spontaneous fermentation of grape juice	Australia	Oceania		903.0	8. AU Wine 4	S1. Wine	?	13.0	1.39e-06	Homozygous	euploid
XTRA_FWB	T1-P2-E04_S58	Ward et al. 2024	SRR25064268	24.3792403	Australia	Spontaneous fermentation of grape juice	Australia	Oceania		917.0	8. AU Wine 4	S1. Wine	?	22.0	2.35e-06	Homozygous	euploid
XTRA_FWC	2018_P73_C12_S136	Ward et al. 2024	SRR25064275	131.430651	Australia	Spontaneous fermentation of grape juice	Australia	Oceania		227.0	1. AU Wine 1	S1. Wine	2	3433.0	0.00036642	Heterozygous	aneu;+3*1;+2*3;+3*6;+1*9;
XTRA_FWD	2019_P15_D5_S157	Ward et al. 2024	SRR25064278	87.5224222	Australia	Spontaneous fermentation of grape juice	Australia	Oceania		217.0	1. AU Wine 1	S1. Wine	2	3373.0	0.00036002	Heterozygous	aneu;+2*1;+1*3;+2*6;+1*9;
XTRA_FWE	2018_P73_F5_S62	Ward et al. 2024	SRR25064279	114.593767	Australia	Spontaneous fermentation of grape juice	Australia	Oceania		235.0	1. AU Wine 1	S1. Wine	2	3324.0	0.00035479	Heterozygous	aneu;+3*1;+2*3;+1*5;+3*6;+1*9;
XTRA_FWF	2018_P24_C9_S164	Ward et al. 2024	SRR25064286	100.825441	Australia	Spontaneous fermentation of grape juice	Australia	Oceania		828.0	7. AU Wine 3	S1. Wine	?	20.0	2.13e-06	Homozygous	aneu;+1*1;+1*3;+1*6;+1*9;
XTRA_FWG	1_G9_S113	Ward et al. 2024	SRR25064288	58.7779568	Australia	Spontaneous fermentation of grape juice	Australia	Oceania		887.0	7. AU Wine 3	S1. Wine	?	72.0	7.68e-06	Homozygous	euploid
XTRA_FWH	1_G2_S105	Ward et al. 2024	SRR25064289	49.9860688	Australia	Spontaneous fermentation of grape juice	Australia	Oceania		888.0	7. AU Wine 3	S1. Wine	?	75.0	8.01e-06	Homozygous	euploid
XTRA_FWI	1_F6_S96	Ward et al. 2024	SRR25064291	65.059638	Australia	Spontaneous fermentation of grape juice	Australia	Oceania		877.0	7. AU Wine 3	S1. Wine	?	29.0	3.1e-06	Homozygous	euploid
XTRA_FWJ	1_B6_S43	Ward et al. 2024	SRR25064293	54.4697687	Australia	Spontaneous fermentation of grape juice	Australia	Oceania		882.0	7. AU Wine 3	S1. Wine	?	27.0	2.88e-06	Homozygous	euploid
XTRA_FWK	1_A10_S2	Ward et al. 2024	SRR25064294	59.3301326	Australia	Spontaneous fermentation of grape juice	Australia	Oceania		883.0	7. AU Wine 3	S1. Wine	?	40.0	4.27e-06	Homozygous	euploid
XTRA_FWL	1_H7_S124	Ward et al. 2024	SRR25064296	70.5553831	Australia	Spontaneous fermentation of grape juice	Australia	Oceania		881.0	7. AU Wine 3	S1. Wine	?	27.0	2.88e-06	Homozygous	euploid
XTRA_FWM	1_F2_S92	Ward et al. 2024	SRR25064307	82.0083417	Australia	Spontaneous fermentation of grape juice	Australia	Oceania		1177.0	9. AU Wine 5	S1. Wine	2	10922.0	0.00116576	Heterozygous	aneu;+1*5;
XTRA_FWN	2_D4_S26	Ward et al. 2024	SRR25064308	59.4912009	Australia	Spontaneous fermentation of grape juice	Australia	Oceania		1176.0	9. AU Wine 5	S1. Wine	2	11022.0	0.00117644	Heterozygous	euploid
XTRA_FWO	E-10_S29	Ward et al. 2024	SRR25064313	122.202362	Australia	Spontaneous fermentation of grape juice	Australia	Oceania		1197.0	9. AU Wine 5	S1. Wine	2	9983.0	0.00106554	Heterozygous	aneu;+5*1;+1*11;+3*3;+1*5;+5*6;+1*8;+2*9;
XTRA_FWP	A-3_S1	Ward et al. 2024	SRR25064316	172.037743	Australia	Spontaneous fermentation of grape juice	Australia	Oceania		1194.0	9. AU Wine 5	S1. Wine	2	7629.0	0.00081428	Heterozygous	aneu;+1*1;+1*3;+1*6;
XTRA_FWQ	L-7_S70	Ward et al. 2024	SRR25064320	220.877657	Australia	Spontaneous fermentation of grape juice	Australia	Oceania		1172.0		S1. Wine	2	11447.0	0.0012218	Heterozygous	aneu;+3*1;+2*3;+2*6;+1*9;
XTRA_FWR	2_A2_S131	Ward et al. 2024	SRR25064322	80.6578948	Australia	Spontaneous fermentation of grape juice	Australia	Oceania		1173.0		S1. Wine	2	11732.0	0.00125222	Heterozygous	euploid
XTRA_FWS	P-4_S86	Ward et al. 2024	SRR25064323	119.297706	Australia	Spontaneous fermentation of grape juice	Australia	Oceania		1232.0	10. AU Wine 6	S1. Wine	2	9547.0	0.001019	Heterozygous	aneu;+3*1;+1*3;+1*6;+1*9;
XTRA_FWT	T-10_S114	Ward et al. 2024	SRR25064328	89.3242067	Australia	Spontaneous fermentation of grape juice	Australia	Oceania		1227.0	10. AU Wine 6	S1. Wine	?	51.0	5.44e-06	Homozygous	aneu;+3*1;+1*11;+1*16;+3*3;+1*5;+3*6;+1*9;
XTRA_FWU	2018_P32_E2_S94	Ward et al. 2024	SRR25064335	131.222835	Australia	Spontaneous fermentation of grape juice	Australia	Oceania		1056.0	8. AU Wine 4	S1. Wine	?	31.0	3.31e-06	Homozygous	euploid
XTRA_FWV	2018_P49_A3_S81	Ward et al. 2024	SRR25064336	114.360238	Australia	Spontaneous fermentation of grape juice	Australia	Oceania		1063.0	8. AU Wine 4	S1. Wine	?	19.0	2.03e-06	Homozygous	aneu;+1*1;
XTRA_FWW	2018_P44_E1_S122	Ward et al. 2024	SRR25064337	96.1021185	Australia	Spontaneous fermentation of grape juice	Australia	Oceania		1067.0	8. AU Wine 4	S1. Wine	?	15.0	1.6e-06	Homozygous	aneu;+1*1;+1*3;+1*6;
XTRA_FWX	J-2_S55	Ward et al. 2024	SRR25064342	132.027632	Australia	Spontaneous fermentation of grape juice	Australia	Oceania		1082.0	8. AU Wine 4	S1. Wine	?	34.0	3.63e-06	Homozygous	aneu;+1*1;+1*3;
XTRA_FWY	F-8_S35	Ward et al. 2024	SRR25064344	133.485816	Australia	Spontaneous fermentation of grape juice	Australia	Oceania		1261.0	10. AU Wine 6	S1. Wine	2	16560.0	0.00176753	Heterozygous	aneu;+2*1;+1*3;+1*6;
XTRA_FWZ	2018_P20_F4_S124	Ward et al. 2024	SRR25064346	130.16368	Australia	Spontaneous fermentation of grape juice	Australia	Oceania		1087.0	8. AU Wine 4	S1. Wine	?	19.0	2.03e-06	Homozygous	aneu;+1*1;+1*3;+1*6;
XTRA_FXA	Y2-P2-A10_S55	Ward et al. 2024	SRR25064347	29.3226549	Australia	Spontaneous fermentation of grape juice	Australia	Oceania		943.0	8. AU Wine 4	S1. Wine	?	23.0	2.45e-06	Homozygous	euploid
XTRA_FXB	2_C3_S17	Ward et al. 2024	SRR25064349	65.3799578	Australia	Spontaneous fermentation of grape juice	Australia	Oceania		1091.0	8. AU Wine 4	S1. Wine	?	46.0	4.9100000000000004e-06	Homozygous	aneu;+1*6;
XTRA_FXC	2_D5_S27	Ward et al. 2024	SRR25064352	64.0151685	Australia	Spontaneous fermentation of grape juice	Australia	Oceania		1088.0	8. AU Wine 4	S1. Wine	2	5450.0	0.00058171	Heterozygous	aneu;+1*6;
XTRA_FXD	1_H3_S119	Ward et al. 2024	SRR25064353	67.8875466	Australia	Spontaneous fermentation of grape juice	Australia	Oceania		1085.0	8. AU Wine 4	S1. Wine	2	7311.0	0.00078034	Heterozygous	aneu;+1*1;
XTRA_FXE	2018_P1_D4_S54	Ward et al. 2024	SRR25064359	158.173906	Australia	Spontaneous fermentation of grape juice	Australia	Oceania		875.0	7. AU Wine 3	S1. Wine	?	17.0	1.81e-06	Homozygous	euploid
XTRA_FXF	2018_P1_E8_S167	Ward et al. 2024	SRR25064361	157.229098	Australia	Spontaneous fermentation of grape juice	Australia	Oceania		873.0	7. AU Wine 3	S1. Wine	?	12.0	1.28e-06	Homozygous	euploid
XTRA_FXG	2018_P1_A9_S82	Ward et al. 2024	SRR25064363	133.983064	Australia	Spontaneous fermentation of grape juice	Australia	Oceania		865.0	7. AU Wine 3	S1. Wine	?	17.0	1.81e-06	Homozygous	euploid
XTRA_FXH	2019_P6_C4_S66	Ward et al. 2024	SRR25064368	120.575085	Australia	Spontaneous fermentation of grape juice	Australia	Oceania		864.0	7. AU Wine 3	S1. Wine	?	53.0	5.66e-06	Homozygous	aneu;+1*1;+1*6;
XTRA_FXI	2019_P20_A5_S148	Ward et al. 2024	SRR25064370	113.272771	Australia	Spontaneous fermentation of grape juice	Australia	Oceania		862.0	7. AU Wine 3	S1. Wine	?	180.0	1.92e-05	Homozygous	aneu;+3*1;+1*3;+2*6;+1*9;
XTRA_FXJ	2019_P25_G9_S40	Ward et al. 2024	SRR25064372	108.494989	Australia	Spontaneous fermentation of grape juice	Australia	Oceania		863.0	7. AU Wine 3	S1. Wine	?	247.0	2.64e-05	Homozygous	aneu;+2*1;+1*3;+1*6;
XTRA_FXK	1_B5_S42	Ward et al. 2024	SRR25064374	62.0992885	Australia	Spontaneous fermentation of grape juice	Australia	Oceania		858.0	7. AU Wine 3	S1. Wine	?	63.0	6.72e-06	Homozygous	aneu;+1*3;+1*6;
XTRA_FXL	1_F4_S94	Ward et al. 2024	SRR25064375	85.2053794	Australia	Spontaneous fermentation of grape juice	Australia	Oceania		1250.0	10. AU Wine 6	S1. Wine	2	19520.0	0.00208347	Heterozygous	aneu;+1*1;
XTRA_FXM	2019_P6_B2_S21	Ward et al. 2024	SRR25064376	113.429669	Australia	Spontaneous fermentation of grape juice	Australia	Oceania		859.0	7. AU Wine 3	S1. Wine	?	48.0	5.12e-06	Homozygous	aneu;+1*1;+1*6;
XTRA_FXN	2019_P14_H10_S165	Ward et al. 2024	SRR25064377	144.537945	Australia	Spontaneous fermentation of grape juice	Australia	Oceania		860.0	7. AU Wine 3	S1. Wine	?	14.0	1.49e-06	Homozygous	aneu;+1*1;
XTRA_FXO	2019_P6_A10_S48	Ward et al. 2024	SRR25064378	118.610282	Australia	Spontaneous fermentation of grape juice	Australia	Oceania		857.0	7. AU Wine 3	S1. Wine	?	78.0	8.33e-06	Homozygous	aneu;+1*1;+1*6;
XTRA_FXP	2019_P25_B3_S76	Ward et al. 2024	SRR25064380	114.377092	Australia	Spontaneous fermentation of grape juice	Australia	Oceania		855.0	7. AU Wine 3	S1. Wine	2	4382.0	0.00046771	Heterozygous	aneu;+4*1;+2*3;+2*6;
XTRA_FXQ	2019_P16_A8_S116	Ward et al. 2024	SRR25064381	138.27965	Australia	Spontaneous fermentation of grape juice	Australia	Oceania		854.0	7. AU Wine 3	S1. Wine	?	17.0	1.81e-06	Homozygous	aneu;+1*1;+1*3;+1*6;
XTRA_FXR	2019_P25_A2_S75	Ward et al. 2024	SRR25064383	102.219732	Australia	Spontaneous fermentation of grape juice	Australia	Oceania		853.0		S1. Wine	?	385.0	4.11e-05	Homozygous	aneu;+3*1;+1*3;+2*6;
XTRA_FXS	2_B2_S8	Ward et al. 2024	SRR25064386	45.7245591	Australia	Spontaneous fermentation of grape juice	Australia	Oceania		1048.0	8. AU Wine 4	S1. Wine	?	47.0	5.02e-06	Homozygous	euploid
XTRA_FXT	2018_P32_A3_S143	Ward et al. 2024	SRR25064389	112.169745	Australia	Spontaneous fermentation of grape juice	Australia	Oceania		1042.0	8. AU Wine 4	S1. Wine	2	11623.0	0.00124058	Heterozygous	aneu;+1*1;+1*3;+1*6;
XTRA_FXU	E-11_S30	Ward et al. 2024	SRR25064394	122.716243	Australia	Spontaneous fermentation of grape juice	Australia	Oceania		1212.0	10. AU Wine 6	S1. Wine	2	8158.0	0.00087075	Heterozygous	aneu;+8*1;+1*10;+1*11;-1*12;+1*14;+5*3;+1*5;+6*6;+2*8;+3*9;
XTRA_FXV	2018_P55_F11_S84	Ward et al. 2024	SRR25064401	111.271834	Australia	Spontaneous fermentation of grape juice	Australia	Oceania		1265.0	10. AU Wine 6	S1. Wine	2	20577.0	0.00219629	Heterozygous	aneu;+5*1;+1*11;+3*3;+1*5;+4*6;+1*8;+2*9;
XTRA_FXW	Y1-P1-A06_S52	Ward et al. 2024	SRR25064402	33.5308397	Australia	Spontaneous fermentation of grape juice	Australia	Oceania		1143.0	8. AU Wine 4	S1. Wine	2	15227.0	0.00162526	Heterozygous	euploid
XTRA_FXX	D-2_S19	Ward et al. 2024	SRR25064404	115.762288	Australia	Spontaneous fermentation of grape juice	Australia	Oceania		1181.0	9. AU Wine 5	S1. Wine	?	35.0	3.74e-06	Homozygous	aneu;+1*1;+1*3;+1*6;
XTRA_FXY	2_C1_S15	Ward et al. 2024	SRR25064406	48.9349686	Australia	Spontaneous fermentation of grape juice	Australia	Oceania		1184.0	9. AU Wine 5	S1. Wine	2	12796.0	0.00136578	Heterozygous	aneu;+1*1;
XTRA_FXZ	F-2_S31	Ward et al. 2024	SRR25064408	81.278318	Australia	Spontaneous fermentation of grape juice	Australia	Oceania		1185.0	9. AU Wine 5	S1. Wine	2	12291.0	0.00131188	Heterozygous	aneu;+1*1;+1*3;+1*6;
XTRA_FYA	A-8_S3	Ward et al. 2024	SRR25064409	99.5891027	Australia	Spontaneous fermentation of grape juice	Australia	Oceania		1188.0	9. AU Wine 5	S1. Wine	2	12692.0	0.00135468	Heterozygous	aneu;+3*1;+1*3;+2*6;
XTRA_FYB	K-8_S65	Ward et al. 2024	SRR25064412	204.707903	Australia	Spontaneous fermentation of grape juice	Australia	Oceania		1276.0			?	30.0	3.2e-06	Homozygous	aneu;+2*1;+1*3;+1*6;
XTRA_FYC	S-5_S105	Ward et al. 2024	SRR25064418	84.7549608	Australia	Spontaneous fermentation of grape juice	Australia	Oceania		939.0	8. AU Wine 4	S1. Wine	2	8441.0	0.00090095	Heterozygous	aneu;+8*1;-1*12;+5*3;+1*5;+6*6;+2*8;+2*9;
XTRA_FYD	S-4_S104	Ward et al. 2024	SRR25064419	120.355044	Australia	Spontaneous fermentation of grape juice	Australia	Oceania		940.0	8. AU Wine 4	S1. Wine	2	7467.0	0.00079699	Heterozygous	aneu;+6*1;+1*10;+1*11;-1*12;+3*3;+2*5;+7*6;+1*8;+3*9;
XTRA_FYE	P-7_S87	Ward et al. 2024	SRR25064421	176.543318	Australia	Spontaneous fermentation of grape juice	Australia	Oceania		977.0	8. AU Wine 4	S1. Wine	?	8.0	8.54e-07	Homozygous	aneu;+1*1;
XTRA_FYF	V-3_S116	Ward et al. 2024	SRR25064424	101.057369	Australia	Spontaneous fermentation of grape juice	Australia	Oceania		980.0	8. AU Wine 4	S1. Wine	?	13.0	1.39e-06	Homozygous	aneu;+3*1;+2*3;+1*5;+3*6;+1*8;+1*9;
XTRA_FYG	V-12_S120	Ward et al. 2024	SRR25064429	90.1077868	Australia	Spontaneous fermentation of grape juice	Australia	Oceania		1120.0	8. AU Wine 4	S1. Wine	?	58.0	6.19e-06	Homozygous	aneu;+3*1;+2*3;+3*6;+1*8;+1*9;
XTRA_FYH	G-5_S39	Ward et al. 2024	SRR25064437	165.113322	Australia	Spontaneous fermentation of grape juice	Australia	Oceania		1005.0	8. AU Wine 4	S1. Wine	?	24.0	2.56e-06	Homozygous	euploid
XTRA_FYI	G-10_S42	Ward et al. 2024	SRR25064438	132.923534	Australia	Spontaneous fermentation of grape juice	Australia	Oceania		1004.0	8. AU Wine 4	S1. Wine	?	36.0	3.84e-06	Homozygous	aneu;+1*1;+1*3;+1*6;
XTRA_FYJ	2018_P53_C5_S104	Ward et al. 2024	SRR25064439	129.227779	Australia	Spontaneous fermentation of grape juice	Australia	Oceania		1080.0	8. AU Wine 4	S1. Wine	?	39.0	4.16e-06	Homozygous	aneu;+2*1;+1*3;+2*6;+1*8;+1*9;
XTRA_FYK	1_B7_S44	Ward et al. 2024	SRR25064447	50.6915528	Australia	Spontaneous fermentation of grape juice	Australia	Oceania		1032.0	8. AU Wine 4	S1. Wine	?	22.0	2.35e-06	Homozygous	euploid
XTRA_FYL	1_E11_S88	Ward et al. 2024	SRR25064448	82.7641395	Australia	Spontaneous fermentation of grape juice	Australia	Oceania		1031.0	8. AU Wine 4	S1. Wine	2	3338.0	0.00035628	Heterozygous	euploid
XTRA_FYM	1_D7_S71	Ward et al. 2024	SRR25064451	45.5845073	Australia	Spontaneous fermentation of grape juice	Australia	Oceania		1057.0	8. AU Wine 4	S1. Wine	?	100.0	1.07e-05	Homozygous	euploid
XTRA_FYN	2_C6_S20	Ward et al. 2024	SRR25064454	41.714006	Australia	Spontaneous fermentation of grape juice	Australia	Oceania		1058.0	8. AU Wine 4	S1. Wine	?	73.0	7.79e-06	Homozygous	euploid
XTRA_FYO	S-8_S106	Ward et al. 2024	SRR25064456	99.4068767	Australia	Spontaneous fermentation of grape juice	Australia	Oceania		964.0	8. AU Wine 4	S1. Wine	2	6789.0	0.00072463	Heterozygous	aneu;+7*1;+1*10;-1*12;+4*3;+1*5;+5*6;+1*8;+2*9;
XTRA_FYP	2019_P23_C10_S169	Ward et al. 2024	SRR25064457	135.189873	Australia	Spontaneous fermentation of grape juice	Australia	Oceania		1010.0	8. AU Wine 4	S1. Wine	2	5118.0	0.00054627	Heterozygous	aneu;+3*1;+2*3;+2*6;
XTRA_FYQ	1_A6_S89	Ward et al. 2024	SRR25064458	82.0980128	Australia	Spontaneous fermentation of grape juice	Australia	Oceania		1021.0	8. AU Wine 4	S1. Wine	2	7892.0	0.00084235	Heterozygous	aneu;+1*1;+1*3;+1*6;
XTRA_FYR	T-1_S109	Ward et al. 2024	SRR25064461	88.8711098	Australia	Spontaneous fermentation of grape juice	Australia	Oceania		974.0	8. AU Wine 4	S1. Wine	?	55.0	5.87e-06	Homozygous	aneu;+4*1;+1*11;+2*3;+1*5;+3*6;+1*8;+1*9;
XTRA_FYS	V-10_S119	Ward et al. 2024	SRR25064467	90.1973102	Australia	Spontaneous fermentation of grape juice	Australia	Oceania		959.0	8. AU Wine 4	S1. Wine	?	23.0	2.45e-06	Homozygous	aneu;+4*1;+1*10;+2*3;+1*5;+3*6;+1*8;
XTRA_FYT	R-7_S100	Ward et al. 2024	SRR25064468	103.186393	Australia	Spontaneous fermentation of grape juice	Australia	Oceania		961.0	8. AU Wine 4	S1. Wine	?	6.0	6.4e-07	Homozygous	euploid
XTRA_FYU	I-5_S51	Ward et al. 2024	SRR25064471	96.3754242	Australia	Spontaneous fermentation of grape juice	Australia	Oceania		210.0	1. AU Wine 1	S1. Wine	2	3584.0	0.00038254	Heterozygous	aneu;+1*1;+1*3;+1*6;
XTRA_FYV	1_A4_S67	Ward et al. 2024	SRR25064472	68.4990986	Australia	Spontaneous fermentation of grape juice	Australia	Oceania		206.0	1. AU Wine 1	S1. Wine	?	21.0	2.24e-06	Homozygous	euploid
XTRA_FYW	2018_P31_G7_S57	Ward et al. 2024	SRR25064473	138.532861	Australia	Spontaneous fermentation of grape juice	Australia	Oceania		822.0	7. AU Wine 3	S1. Wine	?	29.0	3.1e-06	Homozygous	euploid
XTRA_FYX	2018_P51_F11_S28	Ward et al. 2024	SRR25064477	92.770093	Australia	Spontaneous fermentation of grape juice	Australia	Oceania		1248.0		S1. Wine	?	54.0	5.76e-06	Homozygous	aneu;+2*1;+2*3;+2*6;+1*9;
XTRA_FYY	1_G5_S108	Ward et al. 2024	SRR25064483	68.8524857	Australia	Spontaneous fermentation of grape juice	Australia	Oceania		234.0	1. AU Wine 1	S1. Wine	2	3426.0	0.00036568	Heterozygous	aneu;+5*1;+3*3;+1*5;+4*6;+2*9;
XTRA_FYZ	1_H9_S126	Ward et al. 2024	SRR25064485	83.2884898	Australia	Spontaneous fermentation of grape juice	Australia	Oceania		220.0	1. AU Wine 1	S1. Wine	2	3397.0	0.00036258	Heterozygous	aneu;+2*1;+1*3;+1*6;
XTRA_FZA	2018_P49_G11_S105	Ward et al. 2024	SRR25064488	139.315298	Australia	Spontaneous fermentation of grape juice	Australia	Oceania		1076.0	8. AU Wine 4	S1. Wine	?	37.0	3.95e-06	Homozygous	aneu;+1*1;+1*3;+1*6;
XTRA_FZB	1_A12_S24	Ward et al. 2024	SRR25064494	49.9084888	Australia	Spontaneous fermentation of grape juice	Australia	Oceania		237.0	1. AU Wine 1	S1. Wine	3	3216.0	0.00034326	Heterozygous	aneu;+1*1;
XTRA_FZC	1_C4_S54	Ward et al. 2024	SRR25064495	59.5391788	Australia	Spontaneous fermentation of grape juice	Australia	Oceania		238.0	1. AU Wine 1	S1. Wine	2	2853.0	0.00030452	Heterozygous	aneu;+1*1;+1*6;
XTRA_FZD	G-6_S40	Ward et al. 2024	SRR25064498	137.567704	Australia	Spontaneous fermentation of grape juice	Australia	Oceania		1240.0	10. AU Wine 6	S1. Wine	2	13166.0	0.00140528	Heterozygous	aneu;+2*1;+1*3;+1*6;+1*9;
XTRA_FZE	2019_P20_A1_S111	Ward et al. 2024	SRR25064501	140.712409	Australia	Spontaneous fermentation of grape juice	Australia	Oceania		840.0	7. AU Wine 3	S1. Wine	2	6156.0	0.00065706	Heterozygous	aneu;+3*1;+2*3;+3*6;+1*9;
XTRA_FZF	2019_P14_C11_S159	Ward et al. 2024	SRR25064506	93.7734529	Australia	Spontaneous fermentation of grape juice	Australia	Oceania		844.0	7. AU Wine 3	S1. Wine	?	28.0	2.99e-06	Homozygous	aneu;+1*1;+1*6;
XTRA_FZG	2018_P44_G12_S24	Ward et al. 2024	SRR25064514	111.052222	Australia	Spontaneous fermentation of grape juice	Australia	Oceania		809.0	7. AU Wine 3	S1. Wine	?	18.0	1.92e-06	Homozygous	aneu;+1*1;+1*3;+1*6;
XTRA_FZH	2018_P34_C1_S135	Ward et al. 2024	SRR25064516	140.711124	Australia	Spontaneous fermentation of grape juice	Australia	Oceania		808.0	7. AU Wine 3	S1. Wine	?	21.0	2.24e-06	Homozygous	euploid
XTRA_FZI	1_E1_S77	Ward et al. 2024	SRR25064520	73.4839739	Australia	Spontaneous fermentation of grape juice	Australia	Oceania		806.0	7. AU Wine 3	S1. Wine	?	51.0	5.44e-06	Homozygous	euploid
XTRA_FZJ	J-10_S59	Ward et al. 2024	SRR25064531	177.081546	Australia	Spontaneous fermentation of grape juice	Australia	Oceania		927.0	8. AU Wine 4	S1. Wine	2	11304.0	0.00120653	Heterozygous	aneu;+1*1;
XTRA_FZK	N-12_S78	Ward et al. 2024	SRR25064533	120.298109	Australia	Spontaneous fermentation of grape juice	Australia	Oceania		937.0	8. AU Wine 4	S1. Wine	?	53.0	5.66e-06	Homozygous	euploid
XTRA_FZL	O-11_S83	Ward et al. 2024	SRR25064534	119.691107	Australia	Spontaneous fermentation of grape juice	Australia	Oceania		934.0	8. AU Wine 4	S1. Wine	?	73.0	7.79e-06	Homozygous	aneu;+1*1;+1*3;+1*6;
XTRA_FZM	J-7_S57	Ward et al. 2024	SRR25064536	142.379792	Australia	Spontaneous fermentation of grape juice	Australia	Oceania		933.0	8. AU Wine 4	S1. Wine	?	33.0	3.52e-06	Homozygous	aneu;+1*1;+1*6;
XTRA_FZN	1_B9_S47	Ward et al. 2024	SRR25064537	67.071728	Australia	Spontaneous fermentation of grape juice	Australia	Oceania		1263.0	10. AU Wine 6	S1. Wine	2	15432.0	0.00164714	Heterozygous	euploid
XTRA_FZO	Y3-P1-A02_S32	Ward et al. 2024	SRR25064541	26.5351856	Australia	Spontaneous fermentation of grape juice	Australia	Oceania		929.0	8. AU Wine 4	S1. Wine	2	14520.0	0.0015498	Heterozygous	euploid
XTRA_FZP	Y2-P2-E04_S7	Ward et al. 2024	SRR25064542	25.8457503	Australia	Spontaneous fermentation of grape juice	Australia	Oceania		898.0	8. AU Wine 4	S1. Wine	2	12107.0	0.00129224	Heterozygous	euploid
XTRA_FZQ	I-2_S49	Ward et al. 2024	SRR25064543	132.41551	Australia	Spontaneous fermentation of grape juice	Australia	Oceania		1204.0	10. AU Wine 6	S1. Wine	2	7261.0	0.000775	Heterozygous	aneu;+1*1;+1*3;+1*6;
XTRA_FZR	1_E7_S84	Ward et al. 2024	SRR25064545	70.1234238	Australia	Spontaneous fermentation of grape juice	Australia	Oceania		925.0	8. AU Wine 4	S1. Wine	2	10303.0	0.00109969	Heterozygous	aneu;+3*1;+2*3;+2*6;+1*9;
XTRA_FZS	T1-P2-E01_S50	Ward et al. 2024	SRR25064552	42.4731418	Australia	Spontaneous fermentation of grape juice	Australia	Oceania		1147.0	8. AU Wine 4	S1. Wine	2	10707.0	0.00114281	Heterozygous	euploid
XTRA_FZT	D-9_S23	Ward et al. 2024	SRR25064557	96.8643303	Australia	Spontaneous fermentation of grape juice	Australia	Oceania		335.0	4. Commercial Wine	S1. Wine	2	13397.0	0.00142993	Heterozygous	aneu;+2*1;+1*3;+1*6;
XTRA_FZU	Y1-P1-A02_S44	Ward et al. 2024	SRR25064558	26.1103029	Australia	Spontaneous fermentation of grape juice	Australia	Oceania		926.0	8. AU Wine 4	S1. Wine	2	16139.0	0.0017226	Heterozygous	euploid
XTRA_FZV	2018_P16_E7_S108	Ward et al. 2024	SRR25064559	129.958472	Australia	Spontaneous fermentation of grape juice	Australia	Oceania		1073.0	8. AU Wine 4	S1. Wine	2	14431.0	0.0015403	Heterozygous	aneu;+1*1;+1*3;+1*6;+1*9;
XTRA_FZW	E-7_S28	Ward et al. 2024	SRR25064563	116.770848	Australia	Spontaneous fermentation of grape juice	Australia	Oceania		1266.0	10. AU Wine 6	S1. Wine	2	20689.0	0.00220824	Heterozygous	aneu;+7*1;+1*10;+1*11;-1*12;+1*14;+1*2;+5*3;-1*4;+2*5;+5*6;-1*7;+3*8;
XTRA_FZX	1_D5_S69	Ward et al. 2024	SRR25064572	57.1638184	Australia	Spontaneous fermentation of grape juice	Australia	Oceania		1002.0	8. AU Wine 4	S1. Wine	?	34.0	3.63e-06	Homozygous	euploid
XTRA_FZY	2018_P53_A9_S74	Ward et al. 2024	SRR25064578	118.591921	Australia	Spontaneous fermentation of grape juice	Australia	Oceania		1079.0	8. AU Wine 4	S1. Wine	?	46.0	4.9100000000000004e-06	Homozygous	aneu;+2*1;+1*3;+1*6;+1*8;+1*9;
XTRA_FZZ	P-12_S90	Ward et al. 2024	SRR25064581	126.63749	Australia	Spontaneous fermentation of grape juice	Australia	Oceania		1025.0	8. AU Wine 4	S1. Wine	?	43.0	4.59e-06	Homozygous	aneu;+2*1;+1*3;+1*6;
XTRA_GAA	2019_P24_B6_S42	Ward et al. 2024	SRR25064582	103.394502	Australia	Spontaneous fermentation of grape juice	Australia	Oceania		1022.0	8. AU Wine 4	S1. Wine	2	1454.0	0.00015519	Heterozygous	aneu;+3*1;+1*3;+2*6;
XTRA_GAB	2018_P53_C1_S126	Ward et al. 2024	SRR25064589	99.1919876	Australia	Spontaneous fermentation of grape juice	Australia	Oceania		1081.0	8. AU Wine 4	S1. Wine	?	66.0	7.04e-06	Homozygous	aneu;+2*1;+1*3;+1*6;+1*8;+1*9;
XTRA_GAC	2_E2_S31	Ward et al. 2024	SRR25064592	74.9252681	Australia	Spontaneous fermentation of grape juice	Australia	Oceania		913.0	8. AU Wine 4	S1. Wine	?	27.0	2.88e-06	Homozygous	euploid
XTRA_GAD	T2-P2-E01_S12	Ward et al. 2024	SRR25064594	27.8834986	Australia	Spontaneous fermentation of grape juice	Australia	Oceania		1011.0	8. AU Wine 4	S1. Wine	?	49.0	5.23e-06	Homozygous	aneu;+1*1;
XTRA_GAE	2018_P44_D12_S53	Ward et al. 2024	SRR25064596	117.307735	Australia	Spontaneous fermentation of grape juice	Australia	Oceania		1103.0	8. AU Wine 4	S1. Wine	?	10.0	1.07e-06	Homozygous	aneu;+1*1;+1*3;+1*6;
XTRA_GAF	2018_P24_E2_S100	Ward et al. 2024	SRR25064597	129.92422	Australia	Spontaneous fermentation of grape juice	Australia	Oceania		905.0	8. AU Wine 4	S1. Wine	2	2480.0	0.0002647	Heterozygous	aneu;+2*1;+2*3;+2*6;+1*9;
XTRA_GAG	2018_P48_F5_S149	Ward et al. 2024	SRR25064598	99.8369656	Australia	Spontaneous fermentation of grape juice	Australia	Oceania		907.0	8. AU Wine 4	S1. Wine	?	70.0	7.47e-06	Homozygous	aneu;+1*1;+1*3;+1*6;
XTRA_GAH	2018_P24_A8_S8	Ward et al. 2024	SRR25064599	131.65449	Australia	Spontaneous fermentation of grape juice	Australia	Oceania		904.0	8. AU Wine 4	S1. Wine	2	5217.0	0.00055684	Heterozygous	aneu;+3*1;+2*3;+2*6;+1*9;
XTRA_GAI	2018_P24_B5_S16	Ward et al. 2024	SRR25064600	124.656172	Australia	Spontaneous fermentation of grape juice	Australia	Oceania		909.0	8. AU Wine 4	S1. Wine	?	14.0	1.49e-06	Homozygous	aneu;+1*1;+1*3;+1*6;+1*9;
XTRA_GAJ	2018_P68_H3_S63	Ward et al. 2024	SRR25064602	131.61868	Australia	Spontaneous fermentation of grape juice	Australia	Oceania		895.0	8. AU Wine 4	S1. Wine	?	19.0	2.03e-06	Homozygous	aneu;+1*1;+1*3;+1*6;
XTRA_GAK	R-3_S98	Ward et al. 2024	SRR25064605	94.3109073	Australia	Spontaneous fermentation of grape juice	Australia	Oceania		985.0	8. AU Wine 4	S1. Wine	?	9.0	9.61e-07	Homozygous	euploid
XTRA_GAL	1_H11_S128	Ward et al. 2024	SRR25064612	64.1471398	Australia	Spontaneous fermentation of grape juice	Australia	Oceania		1096.0	8. AU Wine 4	S1. Wine	?	91.0	9.71e-06	Homozygous	euploid
XTRA_GAM	2018_P28_G8_S51	Ward et al. 2024	SRR25064618	153.436893	Australia	Spontaneous fermentation of grape juice	Australia	Oceania		900.0	8. AU Wine 4	S1. Wine	?	11.0	1.17e-06	Homozygous	euploid
XTRA_GAN	1_F10_S101	Ward et al. 2024	SRR25064619	77.7295808	Australia	Spontaneous fermentation of grape juice	Australia	Oceania		899.0	8. AU Wine 4	S1. Wine	?	46.0	4.9100000000000004e-06	Homozygous	aneu;+3*1;+2*3;+1*5;+3*6;+1*9;
XTRA_GAO	2_B3_S9	Ward et al. 2024	SRR25064621	42.8818233	Australia	Spontaneous fermentation of grape juice	Australia	Oceania		947.0	8. AU Wine 4	S1. Wine	4	1835.0	0.00019586	Heterozygous	euploid
XTRA_GAP	1_C7_S58	Ward et al. 2024	SRR25064622	81.0518814	Australia	Spontaneous fermentation of grape juice	Australia	Oceania		946.0	8. AU Wine 4	S1. Wine	?	21.0	2.24e-06	Homozygous	aneu;+1*1;+1*3;+1*6;
XTRA_GAQ	2018_P53_G6_S50	Ward et al. 2024	SRR25064625	87.766208	Australia	Spontaneous fermentation of grape juice	Australia	Oceania		1074.0	8. AU Wine 4	S1. Wine	?	32.0	3.42e-06	Homozygous	aneu;+2*1;+1*3;+2*6;+1*9;
XTRA_GAR	Y3-P2-C04_S41	Ward et al. 2024	SRR25064629	27.6042856	Australia	Spontaneous fermentation of grape juice	Australia	Oceania		1220.0	10. AU Wine 6	S1. Wine	2	10892.0	0.00116256	Heterozygous	euploid
XTRA_GAS	2018_P55_G9_S125	Ward et al. 2024	SRR25064632	118.095833	Australia	Spontaneous fermentation of grape juice	Australia	Oceania		1207.0	10. AU Wine 6	S1. Wine	2	9292.0	0.00099178	Heterozygous	aneu;+9*1;+1*10;+2*11;+1*14;+1*2;+7*3;+2*5;+10*6;+4*8;+5*9;
XTRA_GAT	E-5_S27	Ward et al. 2024	SRR25064634	103.699897	Australia	Spontaneous fermentation of grape juice	Australia	Oceania		1208.0	10. AU Wine 6	S1. Wine	2	5105.0	0.00054488	Heterozygous	aneu;+6*1;+1*10;+1*11;-1*12;+4*3;+1*5;+5*6;+2*8;+3*9;
XTRA_GAU	2_B5_S11	Ward et al. 2024	SRR25064636	66.5570109	Australia	Spontaneous fermentation of grape juice	Australia	Oceania		1037.0	8. AU Wine 4	S1. Wine	2	9781.0	0.00104398	Heterozygous	euploid
XTRA_GAV	1_C8_S59	Ward et al. 2024	SRR25064637	87.7642239	Australia	Spontaneous fermentation of grape juice	Australia	Oceania		1071.0	8. AU Wine 4	S1. Wine	2	11540.0	0.00123172	Heterozygous	euploid
XTRA_GAW	C-2_S14	Ward et al. 2024	SRR25064639	82.6340527	Australia	Spontaneous fermentation of grape juice	Australia	Oceania		1055.0	8. AU Wine 4	S1. Wine	?	8.0	8.54e-07	Homozygous	aneu;+1*1;
XTRA_GAX	1_H12_S129	Ward et al. 2024	SRR25064640	74.4354383	Australia	Spontaneous fermentation of grape juice	Australia	Oceania		1053.0	8. AU Wine 4	S1. Wine	?	19.0	2.03e-06	Homozygous	euploid
XTRA_GAY	1_E10_S87	Ward et al. 2024	SRR25064643	59.3818344	Australia	Spontaneous fermentation of grape juice	Australia	Oceania		1203.0	10. AU Wine 6	S1. Wine	?	95.0	1.01e-05	Homozygous	aneu;+1*1;+1*6;
XTRA_GAZ	2018_P53_E8_S141	Ward et al. 2024	SRR25064645	175.412708	Australia	Spontaneous fermentation of grape juice	Australia	Oceania		1069.0		S1. Wine	2	6599.0	0.00070435	Heterozygous	aneu;+4*1;+2*3;+3*6;+1*8;+1*9;
XTRA_GBA	2018_P28_D12_S32	Ward et al. 2024	SRR25064646	92.2803662	Australia	Spontaneous fermentation of grape juice	Australia	Oceania		1070.0		S1. Wine	2	6561.0	0.00070029	Heterozygous	aneu;+1*1;
XTRA_GBB	H-4_S43	Ward et al. 2024	SRR25064647	91.6278428	Australia	Spontaneous fermentation of grape juice	Australia	Oceania		1068.0		S1. Wine	2	9082.0	0.00096937	Heterozygous	aneu;+1*1;+1*3;+1*6;
XTRA_GBC	2018_P16_H6_S142	Ward et al. 2024	SRR25064648	110.608989	Australia	Spontaneous fermentation of grape juice	Australia	Oceania		1066.0	8. AU Wine 4	S1. Wine	2	13098.0	0.00139802	Heterozygous	aneu;+1*1;+1*3;+1*6;
XTRA_GBD	1_E3_S80	Ward et al. 2024	SRR25064649	54.0466911	Australia	Spontaneous fermentation of grape juice	Australia	Oceania		1040.0	8. AU Wine 4	S1. Wine	?	52.0	5.55e-06	Homozygous	euploid
XTRA_GBE	1_H5_S121	Ward et al. 2024	SRR25064652	82.2232526	Australia	Spontaneous fermentation of grape juice	Australia	Oceania		1219.0	10. AU Wine 6	S1. Wine	?	75.0	8.01e-06	Homozygous	euploid
XTRA_GBF	2_A7_S6	Ward et al. 2024	SRR25064653	73.7737567	Australia	Spontaneous fermentation of grape juice	Australia	Oceania		1270.0			2	20990.0	0.00224037	Heterozygous	aneu;+2*1;+1*3;+1*6;
XTRA_GBG	1_D6_S70	Ward et al. 2024	SRR25064290	53.8341299	Australia	Spontaneous fermentation of grape juice	Australia	Oceania		889.0	7. AU Wine 3	S1. Wine	?	118.0	1.26e-05	Homozygous	euploid
XTRA_GBH	1_C2_S52	Ward et al. 2024	SRR25064300	76.1632973	Australia	Spontaneous fermentation of grape juice	Australia	Oceania		872.0	7. AU Wine 3	S1. Wine	?	19.0	2.03e-06	Homozygous	euploid
XTRA_GBI	A-11_S5	Ward et al. 2024	SRR25064304	98.23387	Australia	Spontaneous fermentation of grape juice	Australia	Oceania		1189.0	9. AU Wine 5	S1. Wine	2	10815.0	0.00115434	Heterozygous	aneu;+2*1;+1*3;+1*6;
XTRA_GBJ	2018_P22_B1_S78	Ward et al. 2024	SRR25064312	111.313138	Australia	Spontaneous fermentation of grape juice	Australia	Oceania		1536.0			2	36645.0	0.00391131	Heterozygous	aneu;+3*1;+2*3;+1*5;+2*6;+1*8;+1*9;
XTRA_GBK	R-11_S102	Ward et al. 2024	SRR25064321	122.469342	Australia	Spontaneous fermentation of grape juice	Australia	Oceania		1234.0	10. AU Wine 6	S1. Wine	2	9093.0	0.00097054	Heterozygous	aneu;+1*1;
XTRA_GBL	R-9_S101	Ward et al. 2024	SRR25064327	124.231279	Australia	Spontaneous fermentation of grape juice	Australia	Oceania		1229.0	10. AU Wine 6	S1. Wine	2	8801.0	0.00093938	Heterozygous	euploid
XTRA_GBM	2018_P31_H2_S118	Ward et al. 2024	SRR25064357	128.425768	Australia	Spontaneous fermentation of grape juice	Australia	Oceania		990.0	8. AU Wine 4	S1. Wine	?	12.0	1.28e-06	Homozygous	euploid
XTRA_GBN	2019_P15_E3_S83	Ward et al. 2024	SRR25064367	138.025813	Australia	Spontaneous fermentation of grape juice	Australia	Oceania		870.0	7. AU Wine 3	S1. Wine	?	14.0	1.49e-06	Homozygous	aneu;+1*1;
XTRA_GBO	1_C3_S53	Ward et al. 2024	SRR25064373	68.8657198	Australia	Spontaneous fermentation of grape juice	Australia	Oceania		861.0	7. AU Wine 3	S1. Wine	?	20.0	2.13e-06	Homozygous	euploid
XTRA_GBP	H-6_S45	Ward et al. 2024	SRR25064403	83.4672053	Australia	Spontaneous fermentation of grape juice	Australia	Oceania		1182.0	9. AU Wine 5	S1. Wine	?	179.0	1.91e-05	Homozygous	aneu;+1*1;
XTRA_GBQ	2018_P68_D8_S113	Ward et al. 2024	SRR25064415	142.037621	Australia	Spontaneous fermentation of grape juice	Australia	Oceania		1238.0	10. AU Wine 6	S1. Wine	2	9992.0	0.0010665	Heterozygous	aneu;+3*1;+2*3;+3*6;+1*8;+1*9;
XTRA_GBR	2018_P28_C1_S114	Ward et al. 2024	SRR25064430	106.342479	Australia	Spontaneous fermentation of grape juice	Australia	Oceania		1110.0	8. AU Wine 4	S1. Wine	2	5315.0	0.0005673	Heterozygous	euploid
XTRA_GBS	H-9_S47	Ward et al. 2024	SRR25064434	77.819538	Australia	Spontaneous fermentation of grape juice	Australia	Oceania		1008.0	8. AU Wine 4	S1. Wine	?	189.0	2.02e-05	Homozygous	aneu;+1*1;
XTRA_GBT	H-12_S48	Ward et al. 2024	SRR25064436	84.9044313	Australia	Spontaneous fermentation of grape juice	Australia	Oceania		1009.0	8. AU Wine 4	S1. Wine	?	118.0	1.26e-05	Homozygous	aneu;+1*1;
XTRA_GBU	2018_P5_B2_S70	Ward et al. 2024	SRR25064446	167.869058	Australia	Spontaneous fermentation of grape juice	Australia	Oceania		1034.0	8. AU Wine 4	S1. Wine	?	7.0	7.47e-07	Homozygous	euploid
XTRA_GBV	E-2_S25	Ward et al. 2024	SRR25064453	194.346874	Australia	Spontaneous fermentation of grape juice	Australia	Oceania		1059.0	8. AU Wine 4	S1. Wine	?	11.0	1.17e-06	Homozygous	aneu;+4*1;+1*11;+3*3;+1*5;+3*6;+1*8;+2*9;
XTRA_GBW	W-1_S121	Ward et al. 2024	SRR25064460	71.1974468	Australia	Spontaneous fermentation of grape juice	Australia	Oceania		1251.0	10. AU Wine 6	S1. Wine	2	14066.0	0.00150134	Heterozygous	aneu;+2*1;+1*3;+1*6;
XTRA_GBX	2019_P23_D11_S150	Ward et al. 2024	SRR25064466	149.898256	Australia	Spontaneous fermentation of grape juice	Australia	Oceania		963.0	8. AU Wine 4	S1. Wine	?	52.0	5.55e-06	Homozygous	aneu;+2*1;+1*3;+1*6;
XTRA_GBY	1_B1_S35	Ward et al. 2024	SRR25064479	66.3679743	Australia	Spontaneous fermentation of grape juice	Australia	Oceania		221.0	1. AU Wine 1	S1. Wine	2	3419.0	0.00036493	Heterozygous	euploid
XTRA_GBZ	2019_P20_A3_S22	Ward et al. 2024	SRR25064509	100.088873	Australia	Spontaneous fermentation of grape juice	Australia	Oceania		842.0	7. AU Wine 3	S1. Wine	?	202.0	2.16e-05	Homozygous	aneu;+2*1;+1*3;+2*6;
XTRA_GCA	Q-2_S91	Ward et al. 2024	SRR25064521	121.136867	Australia	Spontaneous fermentation of grape juice	Australia	Oceania		952.0	8. AU Wine 4	S1. Wine	2	15966.0	0.00170413	Heterozygous	aneu;+5*1;+3*3;+1*5;+4*6;+1*8;+1*9;
XTRA_GCB	2_C4_S18	Ward et al. 2024	SRR25064526	68.5655618	Australia	Spontaneous fermentation of grape juice	Australia	Oceania		1264.0	10. AU Wine 6	S1. Wine	2	18699.0	0.00199584	Heterozygous	aneu;+1*1;+1*3;+1*6;
XTRA_GCC	2018_P51_D2_S152	Ward et al. 2024	SRR25064529	171.560916	Australia	Spontaneous fermentation of grape juice	Australia	Oceania		1097.0	8. AU Wine 4	S1. Wine	?	13.0	1.39e-06	Homozygous	aneu;+2*1;+1*3;+2*6;+1*9;
XTRA_GCD	I-10_S53	Ward et al. 2024	SRR25064544	127.107655	Australia	Spontaneous fermentation of grape juice	Australia	Oceania		1205.0	10. AU Wine 6	S1. Wine	2	9113.0	0.00097268	Heterozygous	aneu;+1*1;+1*3;
XTRA_GCE	2018_P44_G6_S103	Ward et al. 2024	SRR25064561	116.690444	Australia	Spontaneous fermentation of grape juice	Australia	Oceania		989.0	8. AU Wine 4	S1. Wine	2	16449.0	0.00175569	Heterozygous	aneu;+2*1;+2*3;+1*6;+1*9;
XTRA_GCF	2_D1_S22	Ward et al. 2024	SRR25064567	84.6810835	Australia	Spontaneous fermentation of grape juice	Australia	Oceania		1045.0	8. AU Wine 4	S1. Wine	?	23.0	2.45e-06	Homozygous	euploid
XTRA_GCG	D-x_S21	Ward et al. 2024	SRR25064569	103.699897	Australia	Spontaneous fermentation of grape juice	Australia	Oceania		1003.0	8. AU Wine 4	S1. Wine	?	15.0	1.6e-06	Homozygous	aneu;+1*1;+1*3;+1*6;
XTRA_GCH	S-2_S103	Ward et al. 2024	SRR25064570	90.0779597	Australia	Spontaneous fermentation of grape juice	Australia	Oceania		999.0	8. AU Wine 4	S1. Wine	?	12.0	1.28e-06	Homozygous	aneu;+4*1;+2*3;+1*5;+3*6;+1*8;+1*9;
XTRA_GCI	2018_P34_H11_S61	Ward et al. 2024	SRR25064573	108.828722	Australia	Spontaneous fermentation of grape juice	Australia	Oceania		1000.0	8. AU Wine 4	S1. Wine	?	56.0	5.98e-06	Homozygous	euploid
XTRA_GCJ	P-2_S85	Ward et al. 2024	SRR25064574	165.071321	Australia	Spontaneous fermentation of grape juice	Australia	Oceania		1020.0	8. AU Wine 4	S1. Wine	?	40.0	4.27e-06	Homozygous	aneu;+1*1;+1*3;+1*6;
XTRA_GCK	2018_P48_C5_S162	Ward et al. 2024	SRR25064595	126.604405	Australia	Spontaneous fermentation of grape juice	Australia	Oceania		1104.0	8. AU Wine 4	S1. Wine	?	12.0	1.28e-06	Homozygous	aneu;+1*1;+1*3;+1*6;
XTRA_GCL	I-11_S54	Ward et al. 2024	SRR25064601	140.798701	Australia	Spontaneous fermentation of grape juice	Australia	Oceania		249.0	2. AU Wine 2	S1. Wine	2	4658.0	0.00049717	Heterozygous	aneu;+1*1;+1*6;
XTRA_GCM	R-2_S97	Ward et al. 2024	SRR25064607	81.2231817	Australia	Spontaneous fermentation of grape juice	Australia	Oceania		983.0	8. AU Wine 4	S1. Wine	?	25.0	2.67e-06	Homozygous	euploid
XTRA_GCN	1_E8_S85	Ward et al. 2024	SRR25064613	74.0279448	Australia	Spontaneous fermentation of grape juice	Australia	Oceania		1036.0	8. AU Wine 4	S1. Wine	?	49.0	5.23e-06	Homozygous	euploid
XTRA_GCO	2018_P51_C1_S39	Ward et al. 2024	SRR25064620	121.470008	Australia	Spontaneous fermentation of grape juice	Australia	Oceania		948.0	8. AU Wine 4	S1. Wine	?	49.0	5.23e-06	Homozygous	aneu;+1*1;+1*3;+1*6;
XTRA_GCP	2018_P32_D4_S131	Ward et al. 2024	SRR25064642	141.12713	Australia	Spontaneous fermentation of grape juice	Australia	Oceania		1271.0			2	24446.0	0.00260925	Heterozygous	aneu;+1*1;+1*3;+1*6;
XTRA_GCQ	2018_P70_F11_S34	Ward et al. 2024	SRR25064519	113.13209	Australia	Spontaneous fermentation of grape juice	Australia	Oceania		805.0	7. AU Wine 3	S1. Wine	?	68.0	7.26e-06	Homozygous	aneu;+3*1;+1*11;+2*3;+1*5;+3*6;+1*8;+2*9;
XTRA_GCR	2_E4_S33	Ward et al. 2024	SRR25064305	71.3873546	Australia	Spontaneous fermentation of grape juice	Australia	Oceania		1190.0	9. AU Wine 5	S1. Wine	2	9743.0	0.00103992	Heterozygous	aneu;+1*1;
XTRA_GCS	2018_P48_H3_S73	Ward et al. 2024	SRR25064528	106.885701	Australia	Spontaneous fermentation of grape juice	Australia	Oceania		897.0	8. AU Wine 4	S1. Wine	?	26.0	2.78e-06	Homozygous	aneu;+1*1;+1*3;+1*6;
XTRA_GCT	B-4_S9	Ward et al. 2024	SRR25064615	128.05631	Australia	Spontaneous fermentation of grape juice	Australia	Oceania		1259.0			2	13574.0	0.00144882	Heterozygous	aneu;+1*1;+1*3;+1*6;
