chromosome1	31731
chromosome1	31914
chromosome1	32044
chromosome1	32211
chromosome1	32322
chromosome1	32446
chromosome1	32577
chromosome1	32745
chromosome1	32905
chromosome1	33044
chromosome1	33151
chromosome1	33246
chromosome1	33355
chromosome1	33492
chromosome1	33608
chromosome1	33747
chromosome1	33893
chromosome1	34020
chromosome1	34158
chromosome1	34281
chromosome1	34395
chromosome1	34514
chromosome1	34639
chromosome1	34762
chromosome1	34863
chromosome1	35307
chromosome1	35443
chromosome1	35571
chromosome1	35709
chromosome1	35865
chromosome1	36030
chromosome1	36194
chromosome1	36341
chromosome1	36712
chromosome1	36856
chromosome1	37019
chromosome1	37119
chromosome1	37530
chromosome1	37639
chromosome1	37766
chromosome1	37877
chromosome1	38017
chromosome1	38186
chromosome1	38291
chromosome1	38399
chromosome1	38508
chromosome1	38638
chromosome1	38791
chromosome1	38928
chromosome1	39085
chromosome1	39233
chromosome1	39348
chromosome1	39461
chromosome1	39598
chromosome1	39723
chromosome1	39828
chromosome1	39959
chromosome1	40068
chromosome1	40221
chromosome1	40356
chromosome1	40540
chromosome1	40691
chromosome1	40837
chromosome1	40970
chromosome1	41088
chromosome1	41196
chromosome1	41324
chromosome1	41445
chromosome1	41590
chromosome1	41736
chromosome1	42266
chromosome1	42400
chromosome1	42499
chromosome1	42630
chromosome1	43070
chromosome1	43244
chromosome1	43421
chromosome1	43595
chromosome1	43829
chromosome1	44090
chromosome1	44261
chromosome1	44489
chromosome1	44660
chromosome1	44778
chromosome1	44888
chromosome1	45043
chromosome1	45898
chromosome1	45996
chromosome1	46183
chromosome1	46345
chromosome1	46561
chromosome1	46808
chromosome1	46997
chromosome1	47299
chromosome1	47503
chromosome1	47745
chromosome1	47926
chromosome1	48097
chromosome1	48240
chromosome1	48424
chromosome1	48550
chromosome1	48657
chromosome1	48812
chromosome1	48940
chromosome1	49067
chromosome1	49221
chromosome1	49388
chromosome1	49533
chromosome1	49667
chromosome1	49812
chromosome1	50024
chromosome1	50189
chromosome1	50327
chromosome1	50450
chromosome1	50642
chromosome1	50785
chromosome1	50918
chromosome1	51050
chromosome1	51215
chromosome1	51353
chromosome1	51457
chromosome1	51556
chromosome1	51858
chromosome1	52042
chromosome1	52194
chromosome1	52402
chromosome1	52529
chromosome1	52637
chromosome1	52748
chromosome1	52893
chromosome1	53027
chromosome1	53214
chromosome1	53407
chromosome1	53579
chromosome1	53797
chromosome1	53971
chromosome1	54112
chromosome1	54292
chromosome1	54451
chromosome1	54640
chromosome1	55075
chromosome1	55197
chromosome1	55346
chromosome1	55990
chromosome1	56111
chromosome1	56209
chromosome1	56333
chromosome1	56488
chromosome1	56627
chromosome1	56805
chromosome1	56971
chromosome1	57162
chromosome1	57341
chromosome1	57486
chromosome1	57651
chromosome1	57860
chromosome1	58104
chromosome1	58258
chromosome1	58438
chromosome1	58647
chromosome1	58857
chromosome1	59068
chromosome1	59236
chromosome1	59381
chromosome1	59550
chromosome1	59751
chromosome1	59916
chromosome1	60133
chromosome1	60361
chromosome1	60550
chromosome1	60735
chromosome1	60939
chromosome1	61111
chromosome1	61242
chromosome1	61423
chromosome1	61607
chromosome1	61751
chromosome1	61975
chromosome1	62180
chromosome1	62434
chromosome1	62754
chromosome1	62899
chromosome1	63107
chromosome1	63241
chromosome1	63493
chromosome1	63634
chromosome1	63839
chromosome1	64111
chromosome1	64356
chromosome1	64498
chromosome1	64676
chromosome1	64867
chromosome1	65071
chromosome1	65281
chromosome1	66037
chromosome1	66172
chromosome1	66299
chromosome1	66435
chromosome1	66572
chromosome1	66731
chromosome1	66906
chromosome1	67121
chromosome1	67296
chromosome1	67423
chromosome1	67546
chromosome1	67759
chromosome1	67883
chromosome1	68316
chromosome1	68446
chromosome1	68517
chromosome1	68673
chromosome1	68886
chromosome1	69016
chromosome1	69186
chromosome1	69382
chromosome1	69517
chromosome1	69997
chromosome1	70136
chromosome1	70298
chromosome1	70401
chromosome1	70550
chromosome1	71267
chromosome1	71367
chromosome1	71860
chromosome1	72132
chromosome1	72428
chromosome1	72826
chromosome1	73145
chromosome1	73708
chromosome1	73852
chromosome1	73970
chromosome1	74090
chromosome1	74204
chromosome1	74310
chromosome1	74421
chromosome1	74539
chromosome1	74643
chromosome1	74739
chromosome1	75157
chromosome1	75342
chromosome1	75535
chromosome1	75727
chromosome1	75934
chromosome1	76129
chromosome1	76269
chromosome1	76397
chromosome1	76518
chromosome1	76660
chromosome1	76864
chromosome1	77028
chromosome1	77200
chromosome1	77352
chromosome1	77680
chromosome1	77882
chromosome1	78094
chromosome1	78310
chromosome1	78508
chromosome1	78652
chromosome1	78815
chromosome1	79003
chromosome1	79261
chromosome1	79468
chromosome1	79659
chromosome1	79846
chromosome1	80064
chromosome1	80198
chromosome1	80310
chromosome1	80447
chromosome1	80653
chromosome1	80865
chromosome1	81013
chromosome1	81154
chromosome1	81328
chromosome1	81555
chromosome1	81704
chromosome1	81857
chromosome1	81999
chromosome1	82160
chromosome1	82290
chromosome1	82402
chromosome1	82557
chromosome1	82703
chromosome1	82941
chromosome1	83124
chromosome1	83356
chromosome1	83566
chromosome1	83754
chromosome1	83982
chromosome1	84167
chromosome1	84319
chromosome1	84507
chromosome1	84860
chromosome1	85034
chromosome1	85176
chromosome1	85387
chromosome1	85580
chromosome1	85695
chromosome1	85894
chromosome1	86045
chromosome1	86229
chromosome1	86381
chromosome1	86537
chromosome1	86707
chromosome1	86855
chromosome1	87052
chromosome1	87149
chromosome1	87278
chromosome1	87445
chromosome1	87661
chromosome1	87967
chromosome1	88157
chromosome1	88327
chromosome1	88463
chromosome1	88593
chromosome1	88748
chromosome1	88876
chromosome1	89105
chromosome1	89268
chromosome1	89442
chromosome1	89592
chromosome1	89760
chromosome1	89946
chromosome1	90141
chromosome1	90387
chromosome1	90576
chromosome1	90803
chromosome1	91026
chromosome1	91223
chromosome1	91419
chromosome1	91614
chromosome1	91880
chromosome1	92102
chromosome1	92369
chromosome1	92767
chromosome1	92941
chromosome1	93098
chromosome1	93290
chromosome1	93417
chromosome1	93595
chromosome1	93743
chromosome1	93878
chromosome1	94034
chromosome1	94275
chromosome1	94591
chromosome1	94763
chromosome1	94968
chromosome1	95139
chromosome1	95338
chromosome1	95707
chromosome1	95972
chromosome1	96299
chromosome1	96535
chromosome1	96827
chromosome1	97070
chromosome1	97337
chromosome1	97548
chromosome1	97786
chromosome1	97975
chromosome1	98246
chromosome1	98465
chromosome1	98729
chromosome1	99023
chromosome1	99181
chromosome1	99376
chromosome1	99563
chromosome1	99739
chromosome1	100164
chromosome1	100321
chromosome1	100533
chromosome1	100888
chromosome1	101550
chromosome1	101766
chromosome1	102004
chromosome1	102261
chromosome1	102448
chromosome1	102678
chromosome1	102856
chromosome1	103070
chromosome1	103230
chromosome1	103428
chromosome1	103578
chromosome1	103725
chromosome1	103878
chromosome1	104109
chromosome1	104307
chromosome1	104504
chromosome1	104698
chromosome1	104883
chromosome1	105095
chromosome1	105353
chromosome1	105618
chromosome1	105830
chromosome1	106075
chromosome1	106336
chromosome1	106586
chromosome1	106776
chromosome1	107010
chromosome1	107262
chromosome1	107484
chromosome1	107743
chromosome1	108015
chromosome1	108246
chromosome1	108433
chromosome1	108584
chromosome1	108763
chromosome1	108911
chromosome1	109101
chromosome1	109348
chromosome1	109550
chromosome1	109726
chromosome1	109923
chromosome1	110185
chromosome1	110335
chromosome1	110461
chromosome1	110846
chromosome1	111131
chromosome1	111425
chromosome1	111674
chromosome1	111915
chromosome1	112070
chromosome1	112339
chromosome1	112570
chromosome1	112798
chromosome1	113014
chromosome1	113215
chromosome1	113440
chromosome1	113683
chromosome1	113858
chromosome1	114023
chromosome1	114163
chromosome1	114327
chromosome1	114532
chromosome1	114643
chromosome1	114794
chromosome1	114945
chromosome1	115113
chromosome1	115353
chromosome1	115599
chromosome1	115831
chromosome1	116022
chromosome1	116238
chromosome1	116422
chromosome1	116650
chromosome1	116925
chromosome1	117133
chromosome1	117408
chromosome1	117633
chromosome1	117816
chromosome1	118083
chromosome1	118650
chromosome1	118817
chromosome1	119018
chromosome1	119192
chromosome1	119344
chromosome1	119479
chromosome1	119633
chromosome1	119833
chromosome1	119979
chromosome1	120147
chromosome1	120332
chromosome1	120463
chromosome1	120665
chromosome1	120897
chromosome1	121068
chromosome1	121211
chromosome1	121395
chromosome1	121576
chromosome1	121805
chromosome1	121997
chromosome1	122136
chromosome1	122245
chromosome1	122421
chromosome1	122648
chromosome1	122822
chromosome1	123020
chromosome1	123190
chromosome1	123382
chromosome1	123556
chromosome1	123800
chromosome1	124050
chromosome1	124241
chromosome1	124723
chromosome1	124878
chromosome1	125085
chromosome1	125277
chromosome1	125520
chromosome1	125727
chromosome1	125939
chromosome1	126195
chromosome1	126483
chromosome1	126768
chromosome1	127219
chromosome1	127437
chromosome1	127667
chromosome1	127854
chromosome1	128284
chromosome1	128435
chromosome1	128649
chromosome1	128805
chromosome1	129013
chromosome1	129234
chromosome1	129404
chromosome1	129592
chromosome1	129772
chromosome1	129950
chromosome1	130142
chromosome1	130271
chromosome1	130433
chromosome1	130574
chromosome1	130734
chromosome1	130966
chromosome1	131267
chromosome1	131494
chromosome1	131748
chromosome1	132004
chromosome1	132162
chromosome1	132337
chromosome1	132506
chromosome1	132680
chromosome1	132888
chromosome1	133164
chromosome1	133339
chromosome1	133547
chromosome1	133732
chromosome1	133893
chromosome1	134116
chromosome1	134381
chromosome1	134607
chromosome1	134874
chromosome1	135163
chromosome1	135331
chromosome1	135570
chromosome1	135760
chromosome1	135960
chromosome1	136208
chromosome1	136464
chromosome1	136752
chromosome1	136922
chromosome1	137068
chromosome1	137204
chromosome1	137474
chromosome1	137910
chromosome1	138163
chromosome1	138389
chromosome1	138596
chromosome1	139596
chromosome1	139761
chromosome1	141315
chromosome1	141593
chromosome1	141803
chromosome1	142006
chromosome1	142159
chromosome1	142851
chromosome1	143533
chromosome1	143840
chromosome1	144006
chromosome1	144248
chromosome1	144424
chromosome1	144694
chromosome1	144919
chromosome1	145170
chromosome1	145429
chromosome1	145663
chromosome1	145968
chromosome1	146166
chromosome1	146455
chromosome1	146659
chromosome1	146856
chromosome1	147109
chromosome1	147705
chromosome1	147855
chromosome1	148110
chromosome1	148316
chromosome1	148531
chromosome1	148729
chromosome1	148967
chromosome1	149238
chromosome1	149478
chromosome1	149607
chromosome1	149769
chromosome1	150057
chromosome1	150273
chromosome1	150535
chromosome1	150786
chromosome1	150990
chromosome1	151160
chromosome1	151279
chromosome1	152432
chromosome1	152658
chromosome1	152864
chromosome1	153084
chromosome1	153247
chromosome1	153421
chromosome1	153592
chromosome1	153751
chromosome1	154061
chromosome1	154356
chromosome1	154651
chromosome1	154989
chromosome1	155295
chromosome1	155480
chromosome1	155709
chromosome1	155922
chromosome1	156213
chromosome1	156411
chromosome1	156585
chromosome1	156898
chromosome1	157143
chromosome1	157384
chromosome1	157651
chromosome1	157885
chromosome1	158166
chromosome1	158401
chromosome1	158686
chromosome1	158878
chromosome1	159030
chromosome1	159200
chromosome1	159424
chromosome1	159658
chromosome1	166356
chromosome1	166468
chromosome1	166767
chromosome1	166967
chromosome1	167182
chromosome1	167356
chromosome1	167577
chromosome1	167722
chromosome1	167990
chromosome1	168211
chromosome1	168409
chromosome1	168596
chromosome1	168795
chromosome1	169033
chromosome1	169310
chromosome1	169533
chromosome1	169705
chromosome1	169983
chromosome1	170243
chromosome1	170468
chromosome1	170754
chromosome1	171044
chromosome1	171260
chromosome1	171629
chromosome1	172273
chromosome1	172526
chromosome1	172715
chromosome1	172872
chromosome1	173044
chromosome1	173263
chromosome1	173447
chromosome1	173654
chromosome1	173818
chromosome1	173992
chromosome1	174184
chromosome1	174437
chromosome1	174668
chromosome1	174829
chromosome1	175004
chromosome1	175164
chromosome1	175315
chromosome1	175452
chromosome1	175615
chromosome1	176829
chromosome1	177014
chromosome1	177170
chromosome1	177308
chromosome1	177449
chromosome1	177600
chromosome1	177745
chromosome1	177864
chromosome1	178002
chromosome1	178175
chromosome1	178317
chromosome1	178442
chromosome1	178549
chromosome1	178652
chromosome1	178765
chromosome1	178924
chromosome1	179052
chromosome1	179250
chromosome1	179452
chromosome1	179851
chromosome1	190508
chromosome1	190651
chromosome1	190855
chromosome1	191422
chromosome1	191722
chromosome1	191866
chromosome1	192022
chromosome1	192215
chromosome1	192834
chromosome1	192975
chromosome1	193137
chromosome1	193349
chromosome1	193512
chromosome1	193671
chromosome1	193790
chromosome1	193898
chromosome1	194219
chromosome1	194355
chromosome1	194484
chromosome1	194650
chromosome1	194815
chromosome1	194895
chromosome1	195061
chromosome1	195226
chromosome1	195393
chromosome1	195531
chromosome1	195676
chromosome1	195846
chromosome1	195969
chromosome1	196104
chromosome2	9615
chromosome2	9734
chromosome2	9839
chromosome2	9955
chromosome2	10164
chromosome2	10349
chromosome2	10571
chromosome2	10750
chromosome2	10899
chromosome2	11064
chromosome2	11267
chromosome2	11438
chromosome2	11568
chromosome2	11734
chromosome2	11899
chromosome2	12059
chromosome2	12254
chromosome2	12426
chromosome2	12615
chromosome2	12775
chromosome2	12988
chromosome2	13145
chromosome2	13371
chromosome2	13592
chromosome2	13764
chromosome2	14093
chromosome2	14331
chromosome2	14653
chromosome2	14976
chromosome2	15284
chromosome2	15473
chromosome2	15642
chromosome2	15835
chromosome2	15975
chromosome2	16266
chromosome2	16527
chromosome2	16731
chromosome2	16953
chromosome2	17232
chromosome2	17498
chromosome2	17731
chromosome2	17877
chromosome2	18034
chromosome2	18295
chromosome2	18487
chromosome2	18727
chromosome2	19002
chromosome2	19314
chromosome2	19557
chromosome2	19836
chromosome2	19985
chromosome2	20218
chromosome2	20425
chromosome2	20643
chromosome2	20898
chromosome2	21092
chromosome2	21308
chromosome2	21467
chromosome2	21594
chromosome2	21953
chromosome2	22148
chromosome2	22311
chromosome2	22467
chromosome2	22769
chromosome2	23013
chromosome2	23198
chromosome2	23405
chromosome2	23585
chromosome2	23766
chromosome2	23940
chromosome2	24307
chromosome2	24532
chromosome2	24959
chromosome2	25139
chromosome2	25296
chromosome2	25479
chromosome2	25680
chromosome2	25863
chromosome2	26068
chromosome2	26244
chromosome2	26462
chromosome2	26635
chromosome2	26836
chromosome2	27067
chromosome2	27232
chromosome2	27400
chromosome2	27592
chromosome2	27817
chromosome2	27960
chromosome2	28156
chromosome2	28715
chromosome2	28893
chromosome2	29137
chromosome2	29265
chromosome2	29361
chromosome2	36444
chromosome2	36609
chromosome2	36792
chromosome2	36977
chromosome2	37190
chromosome2	37574
chromosome2	37952
chromosome2	38253
chromosome2	38535
chromosome2	39338
chromosome2	39552
chromosome2	39807
chromosome2	39999
chromosome2	40179
chromosome2	40396
chromosome2	40848
chromosome2	41142
chromosome2	41271
chromosome2	41501
chromosome2	41649
chromosome2	41859
chromosome2	42048
chromosome2	42205
chromosome2	42436
chromosome2	42675
chromosome2	42851
chromosome2	43337
chromosome2	43484
chromosome2	43708
chromosome2	43960
chromosome2	44209
chromosome2	44439
chromosome2	44677
chromosome2	44930
chromosome2	45045
chromosome2	45188
chromosome2	45383
chromosome2	45721
chromosome2	45850
chromosome2	46271
chromosome2	46688
chromosome2	46901
chromosome2	47070
chromosome2	47202
chromosome2	47354
chromosome2	47609
chromosome2	47927
chromosome2	48194
chromosome2	48467
chromosome2	48655
chromosome2	48828
chromosome2	48976
chromosome2	49198
chromosome2	49495
chromosome2	49708
chromosome2	49937
chromosome2	50179
chromosome2	50406
chromosome2	50580
chromosome2	50730
chromosome2	50947
chromosome2	51221
chromosome2	51457
chromosome2	51738
chromosome2	52046
chromosome2	52252
chromosome2	52473
chromosome2	52714
chromosome2	52914
chromosome2	53175
chromosome2	53346
chromosome2	53536
chromosome2	53705
chromosome2	53930
chromosome2	54139
chromosome2	54338
chromosome2	54512
chromosome2	54708
chromosome2	54876
chromosome2	55002
chromosome2	55182
chromosome2	55355
chromosome2	55535
chromosome2	55714
chromosome2	55918
chromosome2	56131
chromosome2	56329
chromosome2	56533
chromosome2	56711
chromosome2	56865
chromosome2	57008
chromosome2	57238
chromosome2	57405
chromosome2	57576
chromosome2	57777
chromosome2	57931
chromosome2	58119
chromosome2	58372
chromosome2	58522
chromosome2	58750
chromosome2	58903
chromosome2	59071
chromosome2	59263
chromosome2	59463
chromosome2	59594
chromosome2	60053
chromosome2	60345
chromosome2	60470
chromosome2	60616
chromosome2	60793
chromosome2	60947
chromosome2	61078
chromosome2	61202
chromosome2	61420
chromosome2	61620
chromosome2	61797
chromosome2	61971
chromosome2	62163
chromosome2	62388
chromosome2	62555
chromosome2	62705
chromosome2	62877
chromosome2	63029
chromosome2	63130
chromosome2	63237
chromosome2	63336
chromosome2	63481
chromosome2	63636
chromosome2	63852
chromosome2	64058
chromosome2	64202
chromosome2	64337
chromosome2	64528
chromosome2	64716
chromosome2	64866
chromosome2	64989
chromosome2	65186
chromosome2	65354
chromosome2	65554
chromosome2	65747
chromosome2	65983
chromosome2	66179
chromosome2	66497
chromosome2	66725
chromosome2	67255
chromosome2	67562
chromosome2	67841
chromosome2	68054
chromosome2	68555
chromosome2	68760
chromosome2	68989
chromosome2	69145
chromosome2	69332
chromosome2	69517
chromosome2	69797
chromosome2	69978
chromosome2	70219
chromosome2	70415
chromosome2	70580
chromosome2	70743
chromosome2	70891
chromosome2	71099
chromosome2	71241
chromosome2	71374
chromosome2	71538
chromosome2	71710
chromosome2	72048
chromosome2	72189
chromosome2	72477
chromosome2	72645
chromosome2	72897
chromosome2	73212
chromosome2	73400
chromosome2	73566
chromosome2	73733
chromosome2	73909
chromosome2	74144
chromosome2	74336
chromosome2	74539
chromosome2	74731
chromosome2	74996
chromosome2	75277
chromosome2	75449
chromosome2	75619
chromosome2	75958
chromosome2	76109
chromosome2	76533
chromosome2	76770
chromosome2	76935
chromosome2	77154
chromosome2	77373
chromosome2	77595
chromosome2	77858
chromosome2	78134
chromosome2	78402
chromosome2	78579
chromosome2	78800
chromosome2	78999
chromosome2	79142
chromosome2	79329
chromosome2	79470
chromosome2	79650
chromosome2	80444
chromosome2	80657
chromosome2	81102
chromosome2	81292
chromosome2	81454
chromosome2	81665
chromosome2	81844
chromosome2	82054
chromosome2	82238
chromosome2	82429
chromosome2	82758
chromosome2	82924
chromosome2	83164
chromosome2	83351
chromosome2	83544
chromosome2	83743
chromosome2	84031
chromosome2	84255
chromosome2	84349
chromosome2	84561
chromosome2	84682
chromosome2	84801
chromosome2	84913
chromosome2	85108
chromosome2	85289
chromosome2	85480
chromosome2	85656
chromosome2	85852
chromosome2	86023
chromosome2	86200
chromosome2	86389
chromosome2	86528
chromosome2	86685
chromosome2	86781
chromosome2	86921
chromosome2	87049
chromosome2	87203
chromosome2	87326
chromosome2	87497
chromosome2	87599
chromosome2	87706
chromosome2	87832
chromosome2	87931
chromosome2	88968
chromosome2	89216
chromosome2	89355
chromosome2	89512
chromosome2	89628
chromosome2	89727
chromosome2	89833
chromosome2	89974
chromosome2	90193
chromosome2	90342
chromosome2	90663
chromosome2	90839
chromosome2	91142
chromosome2	91316
chromosome2	91605
chromosome2	91957
chromosome2	92327
chromosome2	92537
chromosome2	92782
chromosome2	93057
chromosome2	93274
chromosome2	93773
chromosome2	93946
chromosome2	94217
chromosome2	94476
chromosome2	94719
chromosome2	94917
chromosome2	95094
chromosome2	95253
chromosome2	95427
chromosome2	95588
chromosome2	95774
chromosome2	95946
chromosome2	96230
chromosome2	96849
chromosome2	97012
chromosome2	97159
chromosome2	97306
chromosome2	97509
chromosome2	97693
chromosome2	97957
chromosome2	98230
chromosome2	98436
chromosome2	98667
chromosome2	98945
chromosome2	99159
chromosome2	99275
chromosome2	99460
chromosome2	99598
chromosome2	99770
chromosome2	100026
chromosome2	100176
chromosome2	100478
chromosome2	100697
chromosome2	100935
chromosome2	101144
chromosome2	101390
chromosome2	101503
chromosome2	101601
chromosome2	101697
chromosome2	101811
chromosome2	101978
chromosome2	102152
chromosome2	102405
chromosome2	102555
chromosome2	102753
chromosome2	102949
chromosome2	103685
chromosome2	103850
chromosome2	104021
chromosome2	104242
chromosome2	104383
chromosome2	104796
chromosome2	104938
chromosome2	105118
chromosome2	105354
chromosome2	105545
chromosome2	105734
chromosome2	105913
chromosome2	106114
chromosome2	106344
chromosome2	106588
chromosome2	106798
chromosome2	107027
chromosome2	107167
chromosome2	107295
chromosome2	107476
chromosome2	107658
chromosome2	107783
chromosome2	107921
chromosome2	108051
chromosome2	108175
chromosome2	108339
chromosome2	108492
chromosome2	108650
chromosome2	108795
chromosome2	109021
chromosome2	109167
chromosome2	109384
chromosome2	109645
chromosome2	109806
chromosome2	110111
chromosome2	110335
chromosome2	110507
chromosome2	110661
chromosome2	110817
chromosome2	111002
chromosome2	111145
chromosome2	111302
chromosome2	111417
chromosome2	111610
chromosome2	111750
chromosome2	111983
chromosome2	112184
chromosome2	112387
chromosome2	112509
chromosome2	112742
chromosome2	112990
chromosome2	113248
chromosome2	113388
chromosome2	113549
chromosome2	113727
chromosome2	114001
chromosome2	114191
chromosome2	114430
chromosome2	114659
chromosome2	114847
chromosome2	115008
chromosome2	115237
chromosome2	115699
chromosome2	115878
chromosome2	116025
chromosome2	116208
chromosome2	116375
chromosome2	116526
chromosome2	116654
chromosome2	116788
chromosome2	116957
chromosome2	117100
chromosome2	117237
chromosome2	117438
chromosome2	117562
chromosome2	117759
chromosome2	117921
chromosome2	118060
chromosome2	118196
chromosome2	118302
chromosome2	118435
chromosome2	118593
chromosome2	118704
chromosome2	118833
chromosome2	118971
chromosome2	119094
chromosome2	119446
chromosome2	119627
chromosome2	119737
chromosome2	119892
chromosome2	120106
chromosome2	120315
chromosome2	120461
chromosome2	120645
chromosome2	120889
chromosome2	121117
chromosome2	121301
chromosome2	121467
chromosome2	121642
chromosome2	121800
chromosome2	121932
chromosome2	122099
chromosome2	122225
chromosome2	122985
chromosome2	123108
chromosome2	123318
chromosome2	123450
chromosome2	123719
chromosome2	123939
chromosome2	124145
chromosome2	124456
chromosome2	124612
chromosome2	124771
chromosome2	124890
chromosome2	125020
chromosome2	125139
chromosome2	125319
chromosome2	125542
chromosome2	125754
chromosome2	125981
chromosome2	126247
chromosome2	126380
chromosome2	126598
chromosome2	126760
chromosome2	126940
chromosome2	127276
chromosome2	127882
chromosome2	128069
chromosome2	128213
chromosome2	128373
chromosome2	128520
chromosome2	128660
chromosome2	128869
chromosome2	129074
chromosome2	129293
chromosome2	129453
chromosome2	129668
chromosome2	129885
chromosome2	130082
chromosome2	130304
chromosome2	130516
chromosome2	130690
chromosome2	130852
chromosome2	131042
chromosome2	131254
chromosome2	131468
chromosome2	131671
chromosome2	131846
chromosome2	132108
chromosome2	132213
chromosome2	132392
chromosome2	132597
chromosome2	132771
chromosome2	132945
chromosome2	133149
chromosome2	133353
chromosome2	133557
chromosome2	133705
chromosome2	134106
chromosome2	134340
chromosome2	134531
chromosome2	134772
chromosome2	134915
chromosome2	135077
chromosome2	135264
chromosome2	135414
chromosome2	135575
chromosome2	135718
chromosome2	135881
chromosome2	135970
chromosome2	136151
chromosome2	136303
chromosome2	136681
chromosome2	136862
chromosome2	136968
chromosome2	137116
chromosome2	137255
chromosome2	137350
chromosome2	137823
chromosome2	137918
chromosome2	138043
chromosome2	138387
chromosome2	138595
chromosome2	138812
chromosome2	139011
chromosome2	139229
chromosome2	139445
chromosome2	139741
chromosome2	139949
chromosome2	140108
chromosome2	140219
chromosome2	140360
chromosome2	140565
chromosome2	140737
chromosome2	140860
chromosome2	140975
chromosome2	141094
chromosome2	141227
chromosome2	141431
chromosome2	141666
chromosome2	142180
chromosome2	142481
chromosome2	142721
chromosome2	142907
chromosome2	143089
chromosome2	143337
chromosome2	143482
chromosome2	144213
chromosome2	144505
chromosome2	144722
chromosome2	144985
chromosome2	145285
chromosome2	145552
chromosome2	146138
chromosome2	146253
chromosome2	146471
chromosome2	146743
chromosome2	146946
chromosome2	147106
chromosome2	147292
chromosome2	147508
chromosome2	147715
chromosome2	147904
chromosome2	148108
chromosome2	148240
chromosome2	148418
chromosome2	148576
chromosome2	148802
chromosome2	148985
chromosome2	149221
chromosome2	149321
chromosome2	149497
chromosome2	149689
chromosome2	149861
chromosome2	150052
chromosome2	150214
chromosome2	150548
chromosome2	150714
chromosome2	150920
chromosome2	151197
chromosome2	151384
chromosome2	151564
chromosome2	151766
chromosome2	151987
chromosome2	152222
chromosome2	152411
chromosome2	152607
chromosome2	152822
chromosome2	153027
chromosome2	153232
chromosome2	153387
chromosome2	153795
chromosome2	153966
chromosome2	154149
chromosome2	154316
chromosome2	154448
chromosome2	154606
chromosome2	154798
chromosome2	154911
chromosome2	155109
chromosome2	155317
chromosome2	155939
chromosome2	156069
chromosome2	156285
chromosome2	156466
chromosome2	156630
chromosome2	156776
chromosome2	157187
chromosome2	157446
chromosome2	157598
chromosome2	157763
chromosome2	157949
chromosome2	158159
chromosome2	158308
chromosome2	158465
chromosome2	158651
chromosome2	158776
chromosome2	159013
chromosome2	159234
chromosome2	159462
chromosome2	159673
chromosome2	159877
chromosome2	160003
chromosome2	160143
chromosome2	160340
chromosome2	160534
chromosome2	160666
chromosome2	160807
chromosome2	160940
chromosome2	161125
chromosome2	161250
chromosome2	161524
chromosome2	161690
chromosome2	161833
chromosome2	162029
chromosome2	162163
chromosome2	162410
chromosome2	162626
chromosome2	163121
chromosome2	163439
chromosome2	163740
chromosome2	164000
chromosome2	164239
chromosome2	164395
chromosome2	164655
chromosome2	164814
chromosome2	165116
chromosome2	165240
chromosome2	165339
chromosome2	165493
chromosome2	165629
chromosome2	166544
chromosome2	166727
chromosome2	166871
chromosome2	167124
chromosome2	167695
chromosome2	167869
chromosome2	168200
chromosome2	168337
chromosome2	168482
chromosome2	168610
chromosome2	168719
chromosome2	168958
chromosome2	169299
chromosome2	169606
chromosome2	169744
chromosome2	170017
chromosome2	170152
chromosome2	170394
chromosome2	170593
chromosome2	170885
chromosome2	171183
chromosome2	171313
chromosome2	171473
chromosome2	171661
chromosome2	171833
chromosome2	171991
chromosome2	172168
chromosome2	172273
chromosome2	172572
chromosome2	172773
chromosome2	173010
chromosome2	173258
chromosome2	173529
chromosome2	173724
chromosome2	173895
chromosome2	174194
chromosome2	174381
chromosome2	175106
chromosome2	175353
chromosome2	175637
chromosome2	176009
chromosome2	176302
chromosome2	176598
chromosome2	176910
chromosome2	177179
chromosome2	177438
chromosome2	177600
chromosome2	178138
chromosome2	178529
chromosome2	178711
chromosome2	178996
chromosome2	179290
chromosome2	179680
chromosome2	180135
chromosome2	180318
chromosome2	180595
chromosome2	180805
chromosome2	180987
chromosome2	181124
chromosome2	181277
chromosome2	181462
chromosome2	181676
chromosome2	182046
chromosome2	182294
chromosome2	182445
chromosome2	182620
chromosome2	182776
chromosome2	183048
chromosome2	183203
chromosome2	183387
chromosome2	183634
chromosome2	184012
chromosome2	184352
chromosome2	184568
chromosome2	184841
chromosome2	185085
chromosome2	185264
chromosome2	185455
chromosome2	185709
chromosome2	186009
chromosome2	186253
chromosome2	186460
chromosome2	186644
chromosome2	186811
chromosome2	186936
chromosome2	187166
chromosome2	187498
chromosome2	187794
chromosome2	187972
chromosome2	188152
chromosome2	188303
chromosome2	188500
chromosome2	188770
chromosome2	188938
chromosome2	189094
chromosome2	189258
chromosome2	189459
chromosome2	189690
chromosome2	189935
chromosome2	190208
chromosome2	190374
chromosome2	190602
chromosome2	190782
chromosome2	191002
chromosome2	191239
chromosome2	191395
chromosome2	191580
chromosome2	191751
chromosome2	191937
chromosome2	192074
chromosome2	192314
chromosome2	192512
chromosome2	192708
chromosome2	192981
chromosome2	193273
chromosome2	193515
chromosome2	193754
chromosome2	193935
chromosome2	194116
chromosome2	194349
chromosome2	194577
chromosome2	194807
chromosome2	195111
chromosome2	195426
chromosome2	195654
chromosome2	195961
chromosome2	196081
chromosome2	196208
chromosome2	196414
chromosome2	196576
chromosome2	196745
chromosome2	198594
chromosome2	198790
chromosome2	198941
chromosome2	199193
chromosome2	199387
chromosome2	199568
chromosome2	199765
chromosome2	199920
chromosome2	200085
chromosome2	200269
chromosome2	200452
chromosome2	200707
chromosome2	200917
chromosome2	201113
chromosome2	201292
chromosome2	201467
chromosome2	201611
chromosome2	201806
chromosome2	201976
chromosome2	202138
chromosome2	202345
chromosome2	202580
chromosome2	202725
chromosome2	202941
chromosome2	203085
chromosome2	203282
chromosome2	203441
chromosome2	203658
chromosome2	203924
chromosome2	204095
chromosome2	204301
chromosome2	204574
chromosome2	204815
chromosome2	205100
chromosome2	205382
chromosome2	205622
chromosome2	205854
chromosome2	206146
chromosome2	206365
chromosome2	206606
chromosome2	206815
chromosome2	207174
chromosome2	207321
chromosome2	207505
chromosome2	207727
chromosome2	207914
chromosome2	208117
chromosome2	208379
chromosome2	208632
chromosome2	208831
chromosome2	208958
chromosome2	209200
chromosome2	209451
chromosome2	209666
chromosome2	209922
chromosome2	210204
chromosome2	210441
chromosome2	210624
chromosome2	210891
chromosome2	211053
chromosome2	211230
chromosome2	211386
chromosome2	211581
chromosome2	211812
chromosome2	212060
chromosome2	212903
chromosome2	213053
chromosome2	213277
chromosome2	213490
chromosome2	213642
chromosome2	213927
chromosome2	214146
chromosome2	214309
chromosome2	214526
chromosome2	214692
chromosome2	214953
chromosome2	215155
chromosome2	215484
chromosome2	215679
chromosome2	215824
chromosome2	216076
chromosome2	216362
chromosome2	216536
chromosome2	216678
chromosome2	216852
chromosome2	217006
chromosome2	217165
chromosome2	217329
chromosome2	217457
chromosome2	217647
chromosome2	217776
chromosome2	217931
chromosome2	218115
chromosome2	218504
chromosome2	218672
chromosome2	218878
chromosome2	219092
chromosome2	219302
chromosome2	219511
chromosome2	220032
chromosome2	220189
chromosome2	220360
chromosome2	220549
chromosome2	227313
chromosome2	227493
chromosome2	227716
chromosome2	228051
chromosome2	228288
chromosome2	228553
chromosome2	229474
chromosome2	229686
chromosome2	229839
chromosome2	230044
chromosome2	230276
chromosome2	230508
chromosome2	230776
chromosome2	231014
chromosome2	231437
chromosome2	231645
chromosome2	231893
chromosome2	232111
chromosome2	232347
chromosome2	232618
chromosome2	232894
chromosome2	233165
chromosome2	233367
chromosome2	233551
chromosome2	233826
chromosome2	234085
chromosome2	234342
chromosome2	234573
chromosome2	234828
chromosome2	235112
chromosome2	235550
chromosome2	235933
chromosome2	236156
chromosome2	236575
chromosome2	236901
chromosome2	237393
chromosome2	237541
chromosome2	237656
chromosome2	238438
chromosome2	238630
chromosome2	238751
chromosome2	239097
chromosome2	239382
chromosome2	239626
chromosome2	239862
chromosome2	240061
chromosome2	240384
chromosome2	240657
chromosome2	240927
chromosome2	241180
chromosome2	241736
chromosome2	241948
chromosome2	242179
chromosome2	242431
chromosome2	242662
chromosome2	242821
chromosome2	243013
chromosome2	243216
chromosome2	243468
chromosome2	243693
chromosome2	243946
chromosome2	244150
chromosome2	244536
chromosome2	244757
chromosome2	244942
chromosome2	245147
chromosome2	245453
chromosome2	245993
chromosome2	246217
chromosome2	246420
chromosome2	246738
chromosome2	246933
chromosome2	247106
chromosome2	247312
chromosome2	247603
chromosome2	247937
chromosome2	248199
chromosome2	248464
chromosome2	248971
chromosome2	249115
chromosome2	249253
chromosome2	249416
chromosome2	249536
chromosome2	249701
chromosome2	249880
chromosome2	250013
chromosome2	250178
chromosome2	250348
chromosome2	250464
chromosome2	250664
chromosome2	250843
chromosome2	250985
chromosome2	251121
chromosome2	251231
chromosome2	251410
chromosome2	252026
chromosome2	252550
chromosome2	252763
chromosome2	252917
chromosome2	253067
chromosome2	253277
chromosome2	253468
chromosome2	253589
chromosome2	253714
chromosome2	253884
chromosome2	254144
chromosome2	254298
chromosome2	254528
chromosome2	254659
chromosome2	254850
chromosome2	255541
chromosome2	255945
chromosome2	256098
chromosome2	256366
chromosome2	256597
chromosome2	257109
chromosome2	257302
chromosome2	257650
chromosome2	257965
chromosome2	258125
chromosome2	258286
chromosome2	258443
chromosome2	258559
chromosome2	258676
chromosome2	266496
chromosome2	266637
chromosome2	266772
chromosome2	266905
chromosome2	267096
chromosome2	267248
chromosome2	267447
chromosome2	267719
chromosome2	267974
chromosome2	268217
chromosome2	268490
chromosome2	268706
chromosome2	269022
chromosome2	269233
chromosome2	269432
chromosome2	269611
chromosome2	269823
chromosome2	269960
chromosome2	270100
chromosome2	270223
chromosome2	270385
chromosome2	271145
chromosome2	271334
chromosome2	271508
chromosome2	271619
chromosome2	271787
chromosome2	271963
chromosome2	272207
chromosome2	272366
chromosome2	272583
chromosome2	272747
chromosome2	272891
chromosome2	273065
chromosome2	273227
chromosome2	273379
chromosome2	273515
chromosome2	273630
chromosome2	277824
chromosome2	278260
chromosome2	280208
chromosome2	280313
chromosome2	280460
chromosome2	281538
chromosome2	281655
chromosome2	281857
chromosome2	282044
chromosome2	282225
chromosome2	282462
chromosome2	282672
chromosome2	282855
chromosome2	283035
chromosome2	283185
chromosome2	283366
chromosome2	283538
chromosome2	283708
chromosome2	283887
chromosome2	284065
chromosome2	284235
chromosome2	284476
chromosome2	284691
chromosome2	284881
chromosome2	285169
chromosome2	285529
chromosome2	285826
chromosome2	286026
chromosome2	286185
chromosome2	286349
chromosome2	286498
chromosome2	286678
chromosome2	286807
chromosome2	286988
chromosome2	287187
chromosome2	287362
chromosome2	287487
chromosome2	287600
chromosome2	287727
chromosome2	287904
chromosome2	288046
chromosome2	288235
chromosome2	288371
chromosome2	288509
chromosome2	288662
chromosome2	288792
chromosome2	288917
chromosome2	289042
chromosome2	289158
chromosome2	289323
chromosome2	289450
chromosome2	289642
chromosome2	289810
chromosome2	290055
chromosome2	290330
chromosome2	290801
chromosome2	291239
chromosome2	291612
chromosome2	291937
chromosome2	292193
chromosome2	292329
chromosome2	292530
chromosome2	292709
chromosome2	292848
chromosome2	292986
chromosome2	293198
chromosome2	293381
chromosome2	293572
chromosome2	293769
chromosome2	293980
chromosome2	294125
chromosome2	294572
chromosome2	294788
chromosome2	294974
chromosome2	295288
chromosome2	295479
chromosome2	295697
chromosome2	295843
chromosome2	296520
chromosome2	296837
chromosome2	297107
chromosome2	297606
chromosome2	297815
chromosome2	297986
chromosome2	298126
chromosome2	298308
chromosome2	298493
chromosome2	298682
chromosome2	298847
chromosome2	299034
chromosome2	299167
chromosome2	299271
chromosome2	299452
chromosome2	299665
chromosome2	299773
chromosome2	299871
chromosome2	301431
chromosome2	301501
chromosome2	301606
chromosome2	301709
chromosome2	301831
chromosome2	301937
chromosome2	302058
chromosome2	302174
chromosome2	302294
chromosome2	302387
chromosome2	302480
chromosome2	302584
chromosome2	302663
chromosome2	302745
chromosome2	302839
chromosome2	302932
chromosome2	303047
chromosome2	303234
chromosome2	303574
chromosome2	303678
chromosome2	303765
chromosome2	303882
chromosome2	304077
chromosome2	304186
chromosome2	304315
chromosome2	304514
chromosome2	304625
chromosome2	304818
chromosome2	304946
chromosome2	305140
chromosome2	305314
chromosome2	305472
chromosome2	305647
chromosome2	305878
chromosome2	306013
chromosome2	306347
chromosome2	306587
chromosome2	306767
chromosome2	306963
chromosome2	307106
chromosome2	307261
chromosome2	307906
chromosome2	308101
chromosome2	308250
chromosome2	309188
chromosome2	309330
chromosome2	309441
chromosome2	309564
chromosome2	309725
chromosome2	309885
chromosome2	310030
chromosome2	310189
chromosome2	310323
chromosome2	310497
chromosome2	310664
chromosome2	310826
chromosome2	310982
chromosome2	311155
chromosome2	311342
chromosome2	311804
chromosome2	311956
chromosome2	312050
chromosome2	312198
chromosome2	312300
chromosome2	312438
chromosome2	312606
chromosome2	312801
chromosome2	312974
chromosome2	313190
chromosome2	313385
chromosome2	313617
chromosome2	313915
chromosome2	314159
chromosome2	314537
chromosome2	314775
chromosome2	315075
chromosome2	315222
chromosome2	315427
chromosome2	315525
chromosome2	315663
chromosome2	315867
chromosome2	316036
chromosome2	316226
chromosome2	316411
chromosome2	317190
chromosome2	317337
chromosome2	317465
chromosome2	317582
chromosome2	317688
chromosome2	318250
chromosome2	318339
chromosome2	318598
chromosome2	318784
chromosome2	318950
chromosome2	319103
chromosome2	319306
chromosome2	319505
chromosome2	319713
chromosome2	319920
chromosome2	320087
chromosome2	320546
chromosome2	320674
chromosome2	320836
chromosome2	320966
chromosome2	321148
chromosome2	321286
chromosome2	321426
chromosome2	321574
chromosome2	321678
chromosome2	321954
chromosome2	322122
chromosome2	322316
chromosome2	322500
chromosome2	322647
chromosome2	322835
chromosome2	322963
chromosome2	323172
chromosome2	323342
chromosome2	323532
chromosome2	323688
chromosome2	323828
chromosome2	323957
chromosome2	324053
chromosome2	324156
chromosome2	324291
chromosome2	324475
chromosome2	324565
chromosome2	324651
chromosome2	324838
chromosome2	325007
chromosome2	325221
chromosome2	325377
chromosome2	325526
chromosome2	325694
chromosome2	325824
chromosome2	325994
chromosome2	326136
chromosome2	326265
chromosome2	326393
chromosome2	326609
chromosome2	326787
chromosome2	326926
chromosome2	327918
chromosome2	328134
chromosome2	328272
chromosome2	328442
chromosome2	328630
chromosome2	328752
chromosome2	328890
chromosome2	329028
chromosome2	329152
chromosome2	329272
chromosome2	329413
chromosome2	329757
chromosome2	329923
chromosome2	330083
chromosome2	330674
chromosome2	330836
chromosome2	330969
chromosome2	331107
chromosome2	331251
chromosome2	331382
chromosome2	331522
chromosome2	331619
chromosome2	331732
chromosome2	331856
chromosome2	331992
chromosome2	332126
chromosome2	332279
chromosome2	332598
chromosome2	332733
chromosome2	332937
chromosome2	333137
chromosome2	333328
chromosome2	333557
chromosome2	334512
chromosome2	334728
chromosome2	334901
chromosome2	335064
chromosome2	335238
chromosome2	335499
chromosome2	335730
chromosome2	335865
chromosome2	336066
chromosome2	336247
chromosome2	336379
chromosome2	336515
chromosome2	336645
chromosome2	336840
chromosome2	336974
chromosome2	337162
chromosome2	337362
chromosome2	337483
chromosome2	337585
chromosome2	337735
chromosome2	338074
chromosome2	338306
chromosome2	338475
chromosome2	338715
chromosome2	338864
chromosome2	339122
chromosome2	339319
chromosome2	339458
chromosome2	339578
chromosome2	339734
chromosome2	339897
chromosome2	340045
chromosome2	340226
chromosome2	340385
chromosome2	340548
chromosome2	340721
chromosome2	340855
chromosome2	340996
chromosome2	341201
chromosome2	341340
chromosome2	341537
chromosome2	341690
chromosome2	341829
chromosome2	342013
chromosome2	342125
chromosome2	342295
chromosome2	342425
chromosome2	342641
chromosome2	343340
chromosome2	343713
chromosome2	343940
chromosome2	344158
chromosome2	344671
chromosome2	344883
chromosome2	345058
chromosome2	345216
chromosome2	345399
chromosome2	345564
chromosome2	345689
chromosome2	345865
chromosome2	346024
chromosome2	346210
chromosome2	346418
chromosome2	346663
chromosome2	346789
chromosome2	346993
chromosome2	347229
chromosome2	347383
chromosome2	347815
chromosome2	347965
chromosome2	348144
chromosome2	348369
chromosome2	348490
chromosome2	348622
chromosome2	348826
chromosome2	349033
chromosome2	349225
chromosome2	349470
chromosome2	349572
chromosome2	349931
chromosome2	350081
chromosome2	350359
chromosome2	351080
chromosome2	351248
chromosome2	351512
chromosome2	351656
chromosome2	351795
chromosome2	352372
chromosome2	352578
chromosome2	352838
chromosome2	353045
chromosome2	353264
chromosome2	353774
chromosome2	353948
chromosome2	354157
chromosome2	354332
chromosome2	354564
chromosome2	354752
chromosome2	354911
chromosome2	355126
chromosome2	355319
chromosome2	355483
chromosome2	355672
chromosome2	355829
chromosome2	355993
chromosome2	356145
chromosome2	356485
chromosome2	356669
chromosome2	356855
chromosome2	357063
chromosome2	357293
chromosome2	357476
chromosome2	357658
chromosome2	357784
chromosome2	357937
chromosome2	358114
chromosome2	358342
chromosome2	358655
chromosome2	358836
chromosome2	358996
chromosome2	359186
chromosome2	359489
chromosome2	359762
chromosome2	360076
chromosome2	360320
chromosome2	360525
chromosome2	360670
chromosome2	360931
chromosome2	361204
chromosome2	361435
chromosome2	361661
chromosome2	361859
chromosome2	362104
chromosome2	362331
chromosome2	362463
chromosome2	362760
chromosome2	362907
chromosome2	363098
chromosome2	363350
chromosome2	363543
chromosome2	363668
chromosome2	363937
chromosome2	364205
chromosome2	364358
chromosome2	364473
chromosome2	364939
chromosome2	365164
chromosome2	365359
chromosome2	365507
chromosome2	365753
chromosome2	366068
chromosome2	366244
chromosome2	366407
chromosome2	366529
chromosome2	366763
chromosome2	367021
chromosome2	367164
chromosome2	367298
chromosome2	367454
chromosome2	367568
chromosome2	367664
chromosome2	367748
chromosome2	367864
chromosome2	368475
chromosome2	368596
chromosome2	368740
chromosome2	368855
chromosome2	368965
chromosome2	369082
chromosome2	369192
chromosome2	369305
chromosome2	369490
chromosome2	369994
chromosome2	370169
chromosome2	370334
chromosome2	370456
chromosome2	370610
chromosome2	370772
chromosome2	371017
chromosome2	371168
chromosome2	371321
chromosome2	371470
chromosome2	371611
chromosome2	371709
chromosome2	371866
chromosome2	372220
chromosome2	372577
chromosome2	372722
chromosome2	372858
chromosome2	373009
chromosome2	373094
chromosome2	373207
chromosome2	373503
chromosome2	373652
chromosome2	373855
chromosome2	374122
chromosome2	374336
chromosome2	374571
chromosome2	374868
chromosome2	375176
chromosome2	375392
chromosome2	375580
chromosome2	375720
chromosome2	375835
chromosome2	375974
chromosome2	376134
chromosome2	376353
chromosome2	376554
chromosome2	376690
chromosome2	376933
chromosome2	377192
chromosome2	377364
chromosome2	377552
chromosome2	377696
chromosome2	377891
chromosome2	378122
chromosome2	378277
chromosome2	378450
chromosome2	378588
chromosome2	378793
chromosome2	379007
chromosome2	379121
chromosome2	379216
chromosome2	379409
chromosome2	379658
chromosome2	379826
chromosome2	379985
chromosome2	380164
chromosome2	380318
chromosome2	380467
chromosome2	380592
chromosome2	380770
chromosome2	380917
chromosome2	381107
chromosome2	381293
chromosome2	381436
chromosome2	381596
chromosome2	381806
chromosome2	381960
chromosome2	382128
chromosome2	382294
chromosome2	382465
chromosome2	382599
chromosome2	382742
chromosome2	382944
chromosome2	383276
chromosome2	383376
chromosome2	383522
chromosome2	383688
chromosome2	383822
chromosome2	383946
chromosome2	384110
chromosome2	384272
chromosome2	384455
chromosome2	384596
chromosome2	384777
chromosome2	384935
chromosome2	385052
chromosome2	385166
chromosome2	385315
chromosome2	385508
chromosome2	385676
chromosome2	385795
chromosome2	385932
chromosome2	386474
chromosome2	386645
chromosome2	386807
chromosome2	386919
chromosome2	387042
chromosome2	387157
chromosome2	387291
chromosome2	387429
chromosome2	387541
chromosome2	387652
chromosome2	387773
chromosome2	387884
chromosome2	387993
chromosome2	388103
chromosome2	388208
chromosome2	388328
chromosome2	388486
chromosome2	388625
chromosome2	388792
chromosome2	388905
chromosome2	389033
chromosome2	389935
chromosome2	390104
chromosome2	390178
chromosome2	390325
chromosome2	390459
chromosome2	390568
chromosome2	390677
chromosome2	390817
chromosome2	390971
chromosome2	391143
chromosome2	391278
chromosome2	391738
chromosome2	391890
chromosome2	392020
chromosome2	392240
chromosome2	392632
chromosome2	392794
chromosome2	393521
chromosome2	393660
chromosome2	393833
chromosome2	394040
chromosome2	394229
chromosome2	394385
chromosome2	394533
chromosome2	394696
chromosome2	395584
chromosome2	395746
chromosome2	395871
chromosome2	395995
chromosome2	396278
chromosome2	396484
chromosome2	396609
chromosome2	396870
chromosome2	397015
chromosome2	397145
chromosome2	397340
chromosome2	397501
chromosome2	397744
chromosome2	397979
chromosome2	398140
chromosome2	398565
chromosome2	398731
chromosome2	398893
chromosome2	399193
chromosome2	399536
chromosome2	399952
chromosome2	400315
chromosome2	400581
chromosome2	401052
chromosome2	401271
chromosome2	401427
chromosome2	401653
chromosome2	401859
chromosome2	402099
chromosome2	402297
chromosome2	402501
chromosome2	402750
chromosome2	403033
chromosome2	403220
chromosome2	403359
chromosome2	403509
chromosome2	403823
chromosome2	404078
chromosome2	404265
chromosome2	404510
chromosome2	404693
chromosome2	404908
chromosome2	405033
chromosome2	405840
chromosome2	406105
chromosome2	406218
chromosome2	406356
chromosome2	406772
chromosome2	407086
chromosome2	407450
chromosome2	407621
chromosome2	407778
chromosome2	407937
chromosome2	408310
chromosome2	408483
chromosome2	408631
chromosome2	408759
chromosome2	408890
chromosome2	409016
chromosome2	409167
chromosome2	409381
chromosome2	409595
chromosome2	409811
chromosome2	409980
chromosome2	410184
chromosome2	410373
chromosome2	410535
chromosome2	410705
chromosome2	410872
chromosome2	411018
chromosome2	411212
chromosome2	411411
chromosome2	411663
chromosome2	411872
chromosome2	412077
chromosome2	412295
chromosome2	412496
chromosome2	412664
chromosome2	412908
chromosome2	413153
chromosome2	413393
chromosome2	413575
chromosome2	413909
chromosome2	414083
chromosome2	414435
chromosome2	414730
chromosome2	414906
chromosome2	415040
chromosome2	415207
chromosome2	415346
chromosome2	415479
chromosome2	415946
chromosome2	416143
chromosome2	416405
chromosome2	416651
chromosome2	416910
chromosome2	417139
chromosome2	418224
chromosome2	418359
chromosome2	418476
chromosome2	418787
chromosome2	418973
chromosome2	419182
chromosome2	419310
chromosome2	419510
chromosome2	419635
chromosome2	419788
chromosome2	419955
chromosome2	420274
chromosome2	420498
chromosome2	420657
chromosome2	420761
chromosome2	420962
chromosome2	421089
chromosome2	421219
chromosome2	421415
chromosome2	421566
chromosome2	421805
chromosome2	422019
chromosome2	422227
chromosome2	422442
chromosome2	422718
chromosome2	422913
chromosome2	423125
chromosome2	423692
chromosome2	423849
chromosome2	424088
chromosome2	424340
chromosome2	424544
chromosome2	424721
chromosome2	425242
chromosome2	425537
chromosome2	425808
chromosome2	426000
chromosome2	426400
chromosome2	426581
chromosome2	426706
chromosome2	426852
chromosome2	427031
chromosome2	427221
chromosome2	427452
chromosome2	427628
chromosome2	427922
chromosome2	430943
chromosome2	431084
chromosome2	431210
chromosome2	431372
chromosome2	431545
chromosome2	431667
chromosome2	431771
chromosome2	431912
chromosome2	432093
chromosome2	432335
chromosome2	432551
chromosome2	432774
chromosome2	432923
chromosome2	433073
chromosome2	433220
chromosome2	433429
chromosome2	433688
chromosome2	433860
chromosome2	434087
chromosome2	434459
chromosome2	434739
chromosome2	434914
chromosome2	435096
chromosome2	435281
chromosome2	435415
chromosome2	435603
chromosome2	435755
chromosome2	435949
chromosome2	436156
chromosome2	436458
chromosome2	436992
chromosome2	437229
chromosome2	437440
chromosome2	437742
chromosome2	437982
chromosome2	438218
chromosome2	438419
chromosome2	438619
chromosome2	438789
chromosome2	439612
chromosome2	439812
chromosome2	439975
chromosome2	440144
chromosome2	440337
chromosome2	440525
chromosome2	440764
chromosome2	440945
chromosome2	441144
chromosome2	441495
chromosome2	441635
chromosome2	441827
chromosome2	442004
chromosome2	442136
chromosome2	442249
chromosome2	442374
chromosome2	442516
chromosome2	442735
chromosome2	443096
chromosome2	443295
chromosome2	443527
chromosome2	443895
chromosome2	444084
chromosome2	444212
chromosome2	444394
chromosome2	444599
chromosome2	444796
chromosome2	444956
chromosome2	445211
chromosome2	445407
chromosome2	445602
chromosome2	445813
chromosome2	446031
chromosome2	446255
chromosome2	446501
chromosome2	446715
chromosome2	446927
chromosome2	447124
chromosome2	447318
chromosome2	447513
chromosome2	447639
chromosome2	447895
chromosome2	448106
chromosome2	448258
chromosome2	448510
chromosome2	448743
chromosome2	448961
chromosome2	449179
chromosome2	449417
chromosome2	449657
chromosome2	449822
chromosome2	450056
chromosome2	450275
chromosome2	450560
chromosome2	450807
chromosome2	451028
chromosome2	451218
chromosome2	451496
chromosome2	451704
chromosome2	451859
chromosome2	451956
chromosome2	452093
chromosome2	452768
chromosome2	453002
chromosome2	453223
chromosome2	453608
chromosome2	453738
chromosome2	453921
chromosome2	454113
chromosome2	454325
chromosome2	454438
chromosome2	454564
chromosome2	454760
chromosome2	454941
chromosome2	455111
chromosome2	455209
chromosome2	455460
chromosome2	455619
chromosome2	455952
chromosome2	456108
chromosome2	456234
chromosome2	456388
chromosome2	456518
chromosome2	456665
chromosome2	456854
chromosome2	457015
chromosome2	457208
chromosome2	457398
chromosome2	457567
chromosome2	457769
chromosome2	458037
chromosome2	458433
chromosome2	458576
chromosome2	458720
chromosome2	458835
chromosome2	459067
chromosome2	459243
chromosome2	459402
chromosome2	459596
chromosome2	459756
chromosome2	459954
chromosome2	460167
chromosome2	460384
chromosome2	460484
chromosome2	460629
chromosome2	460749
chromosome2	460893
chromosome2	461023
chromosome2	461184
chromosome2	461477
chromosome2	461652
chromosome2	461833
chromosome2	461966
chromosome2	462307
chromosome2	463012
chromosome2	463188
chromosome2	463341
chromosome2	463467
chromosome2	463627
chromosome2	463804
chromosome2	463951
chromosome2	464472
chromosome2	464703
chromosome2	464907
chromosome2	465192
chromosome2	465483
chromosome2	465996
chromosome2	466265
chromosome2	466414
chromosome2	466551
chromosome2	466676
chromosome2	466818
chromosome2	466976
chromosome2	467147
chromosome2	467302
chromosome2	467427
chromosome2	467600
chromosome2	467857
chromosome2	468053
chromosome2	468243
chromosome2	468513
chromosome2	468714
chromosome2	469011
chromosome2	469254
chromosome2	469716
chromosome2	469920
chromosome2	470102
chromosome2	470321
chromosome2	470558
chromosome2	470750
chromosome2	470909
chromosome2	471127
chromosome2	471320
chromosome2	471481
chromosome2	471676
chromosome2	471917
chromosome2	472133
chromosome2	472544
chromosome2	472771
chromosome2	472952
chromosome2	473121
chromosome2	473318
chromosome2	473527
chromosome2	473768
chromosome2	473940
chromosome2	474083
chromosome2	474215
chromosome2	474369
chromosome2	474544
chromosome2	474736
chromosome2	475007
chromosome2	475269
chromosome2	475465
chromosome2	475615
chromosome2	475850
chromosome2	476066
chromosome2	476301
chromosome2	476489
chromosome2	476628
chromosome2	476733
chromosome2	476894
chromosome2	477185
chromosome2	477260
chromosome2	477354
chromosome2	479417
chromosome2	479584
chromosome2	479732
chromosome2	479881
chromosome2	480046
chromosome2	480230
chromosome2	480566
chromosome2	480782
chromosome2	480973
chromosome2	481229
chromosome2	481553
chromosome2	481859
chromosome2	482043
chromosome2	482360
chromosome2	482735
chromosome2	483116
chromosome2	483363
chromosome2	483564
chromosome2	483732
chromosome2	483884
chromosome2	484102
chromosome2	484307
chromosome2	484524
chromosome2	484676
chromosome2	484914
chromosome2	485088
chromosome2	485264
chromosome2	485489
chromosome2	485746
chromosome2	486053
chromosome2	486359
chromosome2	486517
chromosome2	486704
chromosome2	486813
chromosome2	487200
chromosome2	487436
chromosome2	487658
chromosome2	487898
chromosome2	488057
chromosome2	488343
chromosome2	488535
chromosome2	488757
chromosome2	489072
chromosome2	489367
chromosome2	489601
chromosome2	489882
chromosome2	490165
chromosome2	490406
chromosome2	490544
chromosome2	490841
chromosome2	491065
chromosome2	491560
chromosome2	491920
chromosome2	492360
chromosome2	492742
chromosome2	493184
chromosome2	493434
chromosome2	493651
chromosome2	493822
chromosome2	493985
chromosome2	494661
chromosome2	494902
chromosome2	495110
chromosome2	495323
chromosome2	495514
chromosome2	495704
chromosome2	495927
chromosome2	496050
chromosome2	496537
chromosome2	496784
chromosome2	496947
chromosome2	497174
chromosome2	497351
chromosome2	497581
chromosome2	497774
chromosome2	497975
chromosome2	498138
chromosome2	498315
chromosome2	498491
chromosome2	498631
chromosome2	498814
chromosome2	499835
chromosome2	500015
chromosome2	500317
chromosome2	500534
chromosome2	500737
chromosome2	501017
chromosome2	501230
chromosome2	501407
chromosome2	501588
chromosome2	501719
chromosome2	501903
chromosome2	502091
chromosome2	502326
chromosome2	502569
chromosome2	502752
chromosome2	502941
chromosome2	503144
chromosome2	503348
chromosome2	503568
chromosome2	503799
chromosome2	504067
chromosome2	504233
chromosome2	504547
chromosome2	504671
chromosome2	504840
chromosome2	505066
chromosome2	505685
chromosome2	505885
chromosome2	506088
chromosome2	506294
chromosome2	506502
chromosome2	506738
chromosome2	506897
chromosome2	507098
chromosome2	507351
chromosome2	507992
chromosome2	508254
chromosome2	508519
chromosome2	508734
chromosome2	508991
chromosome2	509254
chromosome2	509535
chromosome2	509828
chromosome2	510104
chromosome2	510295
chromosome2	510518
chromosome2	510773
chromosome2	511030
chromosome2	511249
chromosome2	511470
chromosome2	511760
chromosome2	512025
chromosome2	512297
chromosome2	512689
chromosome2	512924
chromosome2	513179
chromosome2	513376
chromosome2	513709
chromosome2	513914
chromosome2	514106
chromosome2	514287
chromosome2	514840
chromosome2	515028
chromosome2	515196
chromosome2	515383
chromosome2	515522
chromosome2	515678
chromosome2	515849
chromosome2	516096
chromosome2	516353
chromosome2	516530
chromosome2	516773
chromosome2	517016
chromosome2	517404
chromosome2	517527
chromosome2	517761
chromosome2	518012
chromosome2	518195
chromosome2	518451
chromosome2	518634
chromosome2	518787
chromosome2	519030
chromosome2	519275
chromosome2	519444
chromosome2	519638
chromosome2	519819
chromosome2	520068
chromosome2	520249
chromosome2	520443
chromosome2	520657
chromosome2	520821
chromosome2	521069
chromosome2	521312
chromosome2	521478
chromosome2	521652
chromosome2	521866
chromosome2	522078
chromosome2	522566
chromosome2	522711
chromosome2	523018
chromosome2	523207
chromosome2	523420
chromosome2	523635
chromosome2	523789
chromosome2	523948
chromosome2	524118
chromosome2	524361
chromosome2	524604
chromosome2	524778
chromosome2	524973
chromosome2	525145
chromosome2	525293
chromosome2	525475
chromosome2	525767
chromosome2	525957
chromosome2	526165
chromosome2	526362
chromosome2	526566
chromosome2	526731
chromosome2	527092
chromosome2	527256
chromosome2	527485
chromosome2	527692
chromosome2	527849
chromosome2	528023
chromosome2	528195
chromosome2	528377
chromosome2	528611
chromosome2	528800
chromosome2	528945
chromosome2	529114
chromosome2	529295
chromosome2	529493
chromosome2	529708
chromosome2	529975
chromosome2	530155
chromosome2	530322
chromosome2	530962
chromosome2	531317
chromosome2	531697
chromosome2	531991
chromosome2	532263
chromosome2	532402
chromosome2	532502
chromosome2	532585
chromosome2	532705
chromosome2	532838
chromosome2	532973
chromosome2	533082
chromosome2	533314
chromosome2	533472
chromosome2	533649
chromosome2	533811
chromosome2	534016
chromosome2	534211
chromosome2	534409
chromosome2	534575
chromosome2	534731
chromosome2	535204
chromosome2	535433
chromosome2	535696
chromosome2	535960
chromosome2	536151
chromosome2	536288
chromosome2	536538
chromosome2	536723
chromosome2	536905
chromosome2	537076
chromosome2	537208
chromosome2	537467
chromosome2	537678
chromosome2	537835
chromosome2	537959
chromosome2	538079
chromosome2	538207
chromosome2	538376
chromosome2	538491
chromosome2	538627
chromosome2	538763
chromosome2	539372
chromosome2	539498
chromosome2	539659
chromosome2	539936
chromosome2	540103
chromosome2	540328
chromosome2	540476
chromosome2	540616
chromosome2	540777
chromosome2	541000
chromosome2	541355
chromosome2	541875
chromosome2	541998
chromosome2	542121
chromosome2	542247
chromosome2	542373
chromosome2	542505
chromosome2	542601
chromosome2	542743
chromosome2	542897
chromosome2	543021
chromosome2	543161
chromosome2	543269
chromosome2	543393
chromosome2	543522
chromosome2	543632
chromosome2	543747
chromosome2	543851
chromosome2	543955
chromosome2	544134
chromosome2	544267
chromosome2	544353
chromosome2	544473
chromosome2	544584
chromosome2	544839
chromosome2	544958
chromosome2	545096
chromosome2	545210
chromosome2	545371
chromosome2	545537
chromosome2	545684
chromosome2	545843
chromosome2	545985
chromosome2	546162
chromosome2	546346
chromosome2	546501
chromosome2	546689
chromosome2	546851
chromosome2	547119
chromosome2	547225
chromosome2	547366
chromosome2	547470
chromosome2	547621
chromosome2	547814
chromosome2	547945
chromosome2	548056
chromosome2	548186
chromosome2	548565
chromosome2	548833
chromosome2	549079
chromosome2	549265
chromosome2	549417
chromosome2	549552
chromosome2	549703
chromosome2	549839
chromosome2	550016
chromosome2	550144
chromosome2	550306
chromosome2	550428
chromosome2	550565
chromosome2	550688
chromosome2	550832
chromosome2	550996
chromosome2	551186
chromosome2	551397
chromosome2	551647
chromosome2	551822
chromosome2	552021
chromosome2	552277
chromosome2	552429
chromosome2	552597
chromosome2	552733
chromosome2	552872
chromosome2	553012
chromosome2	553241
chromosome2	553692
chromosome2	553876
chromosome2	554042
chromosome2	554209
chromosome2	554433
chromosome2	554563
chromosome2	554677
chromosome2	554828
chromosome2	554982
chromosome2	555159
chromosome2	555485
chromosome2	555626
chromosome2	555866
chromosome2	556080
chromosome2	556571
chromosome2	556742
chromosome2	556914
chromosome2	557061
chromosome2	557245
chromosome2	557439
chromosome2	557631
chromosome2	557853
chromosome2	558078
chromosome2	558461
chromosome2	558591
chromosome2	558780
chromosome2	559024
chromosome2	559275
chromosome2	559534
chromosome2	560103
chromosome2	560403
chromosome2	560698
chromosome2	560992
chromosome2	561534
chromosome2	561641
chromosome2	561860
chromosome2	562086
chromosome2	562266
chromosome2	562473
chromosome2	562639
chromosome2	563275
chromosome2	563609
chromosome2	563842
chromosome2	564079
chromosome2	564274
chromosome2	564487
chromosome2	564918
chromosome2	565105
chromosome2	565223
chromosome2	565432
chromosome2	565604
chromosome2	565739
chromosome2	565880
chromosome2	566012
chromosome2	566190
chromosome2	566370
chromosome2	566548
chromosome2	566698
chromosome2	566886
chromosome2	567065
chromosome2	567274
chromosome2	568066
chromosome2	568451
chromosome2	568615
chromosome2	568764
chromosome2	568925
chromosome2	569136
chromosome2	569373
chromosome2	569493
chromosome2	569665
chromosome2	570089
chromosome2	570403
chromosome2	570700
chromosome2	570936
chromosome2	571174
chromosome2	571620
chromosome2	571794
chromosome2	571921
chromosome2	572057
chromosome2	572221
chromosome2	572346
chromosome2	572576
chromosome2	572722
chromosome2	572884
chromosome2	573076
chromosome2	573232
chromosome2	573468
chromosome2	573613
chromosome2	573983
chromosome2	574148
chromosome2	574377
chromosome2	574556
chromosome2	574698
chromosome2	574851
chromosome2	575045
chromosome2	575262
chromosome2	575432
chromosome2	575592
chromosome2	575742
chromosome2	575942
chromosome2	576426
chromosome2	576569
chromosome2	576806
chromosome2	577011
chromosome2	577189
chromosome2	577450
chromosome2	577695
chromosome2	577815
chromosome2	577953
chromosome2	578120
chromosome2	578349
chromosome2	578541
chromosome2	578879
chromosome2	579277
chromosome2	579524
chromosome2	579690
chromosome2	579838
chromosome2	579944
chromosome2	580056
chromosome2	580288
chromosome2	580385
chromosome2	580516
chromosome2	580734
chromosome2	580883
chromosome2	581090
chromosome2	581216
chromosome2	581374
chromosome2	581468
chromosome2	581608
chromosome2	581796
chromosome2	582071
chromosome2	582227
chromosome2	582348
chromosome2	582519
chromosome2	582728
chromosome2	582919
chromosome2	583138
chromosome2	583336
chromosome2	583714
chromosome2	583893
chromosome2	584182
chromosome2	584357
chromosome2	584539
chromosome2	584972
chromosome2	585248
chromosome2	585527
chromosome2	585720
chromosome2	585896
chromosome2	586072
chromosome2	586802
chromosome2	586966
chromosome2	587154
chromosome2	587366
chromosome2	587578
chromosome2	587831
chromosome2	588137
chromosome2	588389
chromosome2	588606
chromosome2	588732
chromosome2	588881
chromosome2	589040
chromosome2	589318
chromosome2	589661
chromosome2	590009
chromosome2	590156
chromosome2	590298
chromosome2	590448
chromosome2	590631
chromosome2	590730
chromosome2	590869
chromosome2	591009
chromosome2	591132
chromosome2	591284
chromosome2	592342
chromosome2	592532
chromosome2	592636
chromosome2	592805
chromosome2	592951
chromosome2	593409
chromosome2	593531
chromosome2	593686
chromosome2	593865
chromosome2	593979
chromosome2	594135
chromosome2	594277
chromosome2	594399
chromosome2	594510
chromosome2	594646
chromosome2	594905
chromosome2	595106
chromosome2	595274
chromosome2	595405
chromosome2	595553
chromosome2	595669
chromosome2	595809
chromosome2	596294
chromosome2	596502
chromosome2	596682
chromosome2	596911
chromosome2	597519
chromosome2	597634
chromosome2	597818
chromosome2	597933
chromosome2	598048
chromosome2	598190
chromosome2	598316
chromosome2	598445
chromosome2	598557
chromosome2	598683
chromosome2	598808
chromosome2	599254
chromosome2	599430
chromosome2	599633
chromosome2	599799
chromosome2	599973
chromosome2	600169
chromosome2	600298
chromosome2	600618
chromosome2	600811
chromosome2	600985
chromosome2	601103
chromosome2	601253
chromosome2	601367
chromosome2	601518
chromosome2	601691
chromosome2	601842
chromosome2	601991
chromosome2	602327
chromosome2	605031
chromosome2	605284
chromosome2	605502
chromosome2	605735
chromosome2	605890
chromosome2	605990
chromosome2	606183
chromosome2	606326
chromosome2	606457
chromosome2	606595
chromosome2	606915
chromosome2	607501
chromosome2	607669
chromosome2	607960
chromosome2	608218
chromosome2	608456
chromosome2	608677
chromosome2	608876
chromosome2	609185
chromosome2	609388
chromosome2	609612
chromosome2	609807
chromosome2	609956
chromosome2	610110
chromosome2	610243
chromosome2	610378
chromosome2	610530
chromosome2	610737
chromosome2	610965
chromosome2	611204
chromosome2	611389
chromosome2	611617
chromosome2	611860
chromosome2	612005
chromosome2	612433
chromosome2	612737
chromosome2	613001
chromosome2	613259
chromosome2	613529
chromosome2	613794
chromosome2	614062
chromosome2	614191
chromosome2	614326
chromosome2	614484
chromosome2	614621
chromosome2	614727
chromosome2	614840
chromosome2	614959
chromosome2	615097
chromosome2	615317
chromosome2	615530
chromosome2	615662
chromosome2	615796
chromosome2	615925
chromosome2	616034
chromosome2	616307
chromosome2	616565
chromosome2	616880
chromosome2	617164
chromosome2	617359
chromosome2	617518
chromosome2	618020
chromosome2	618242
chromosome2	618489
chromosome2	618666
chromosome2	618751
chromosome2	618827
chromosome2	618953
chromosome2	619059
chromosome2	619163
chromosome2	619300
chromosome2	619472
chromosome2	619584
chromosome2	619723
chromosome2	619841
chromosome2	620087
chromosome2	620240
chromosome2	620680
chromosome2	620884
chromosome2	621151
chromosome2	621406
chromosome2	621660
chromosome2	621863
chromosome2	622129
chromosome2	622358
chromosome2	622524
chromosome2	623123
chromosome2	623262
chromosome2	623418
chromosome2	623605
chromosome2	623820
chromosome2	624001
chromosome2	624252
chromosome2	624455
chromosome2	624625
chromosome2	624791
chromosome2	624968
chromosome2	625084
chromosome2	625251
chromosome2	625368
chromosome2	625480
chromosome2	625658
chromosome2	625800
chromosome2	626003
chromosome2	626235
chromosome2	626433
chromosome2	626686
chromosome2	626944
chromosome2	627208
chromosome2	627568
chromosome2	627788
chromosome2	628023
chromosome2	628255
chromosome2	629100
chromosome2	629303
chromosome2	629476
chromosome2	629712
chromosome2	629864
chromosome2	630065
chromosome2	630219
chromosome2	630439
chromosome2	630640
chromosome2	630844
chromosome2	631062
chromosome2	631267
chromosome2	631449
chromosome2	631631
chromosome2	631780
chromosome2	632241
chromosome2	632609
chromosome2	632821
chromosome2	632982
chromosome2	633131
chromosome2	633322
chromosome2	633461
chromosome2	633636
chromosome2	633811
chromosome2	634032
chromosome2	634282
chromosome2	634577
chromosome2	634841
chromosome2	635037
chromosome2	635176
chromosome2	635390
chromosome2	635533
chromosome2	635764
chromosome2	635955
chromosome2	636168
chromosome2	636405
chromosome2	636552
chromosome2	636722
chromosome2	637024
chromosome2	637288
chromosome2	637540
chromosome2	637870
chromosome2	638026
chromosome2	638279
chromosome2	638505
chromosome2	638706
chromosome2	638899
chromosome2	639205
chromosome2	639418
chromosome2	639756
chromosome2	639945
chromosome2	640161
chromosome2	640396
chromosome2	640624
chromosome2	640823
chromosome2	640976
chromosome2	641186
chromosome2	641387
chromosome2	641569
chromosome2	641767
chromosome2	641930
chromosome2	642101
chromosome2	642482
chromosome2	642726
chromosome2	642930
chromosome2	645279
chromosome2	645415
chromosome2	645557
chromosome2	645762
chromosome2	645910
chromosome2	646300
chromosome2	646482
chromosome2	646743
chromosome2	646892
chromosome2	647034
chromosome2	647192
chromosome2	647348
chromosome2	647514
chromosome2	647677
chromosome2	647997
chromosome2	648211
chromosome2	648474
chromosome2	648732
chromosome2	648910
chromosome2	649139
chromosome2	649307
chromosome2	649578
chromosome2	649732
chromosome2	649892
chromosome2	650178
chromosome2	650460
chromosome2	650612
chromosome2	650865
chromosome2	651086
chromosome2	651265
chromosome2	651400
chromosome2	651576
chromosome2	651790
chromosome2	651999
chromosome2	652221
chromosome2	652501
chromosome2	652737
chromosome2	653277
chromosome2	653404
chromosome2	653551
chromosome2	653727
chromosome2	653859
chromosome2	654050
chromosome2	654263
chromosome2	654435
chromosome2	654600
chromosome2	654757
chromosome2	654958
chromosome2	655224
chromosome2	655619
chromosome2	655810
chromosome2	655925
chromosome2	656068
chromosome2	656259
chromosome2	656479
chromosome2	656658
chromosome2	656825
chromosome2	657014
chromosome2	657179
chromosome2	657443
chromosome2	657580
chromosome2	657742
chromosome2	657910
chromosome2	658092
chromosome2	658247
chromosome2	658462
chromosome2	658596
chromosome2	658920
chromosome2	659132
chromosome2	659292
chromosome2	659465
chromosome2	659622
chromosome2	660369
chromosome2	660594
chromosome2	660711
chromosome2	660911
chromosome2	661122
chromosome2	661710
chromosome2	661910
chromosome2	662111
chromosome2	662366
chromosome2	662491
chromosome2	662733
chromosome2	662822
chromosome2	662955
chromosome2	663123
chromosome2	663295
chromosome2	663509
chromosome2	663753
chromosome2	663913
chromosome2	664156
chromosome2	664371
chromosome2	664647
chromosome2	664812
chromosome2	665114
chromosome2	665371
chromosome2	665588
chromosome2	665891
chromosome2	666206
chromosome2	666425
chromosome2	666660
chromosome2	666852
chromosome2	667047
chromosome2	667279
chromosome2	667529
chromosome2	667734
chromosome2	667911
chromosome2	668104
chromosome2	668306
chromosome2	668467
chromosome2	668615
chromosome2	668788
chromosome2	668938
chromosome2	669107
chromosome2	669301
chromosome2	669500
chromosome2	669651
chromosome2	669848
chromosome2	669997
chromosome2	670132
chromosome2	670307
chromosome2	670429
chromosome2	670596
chromosome2	670742
chromosome2	670890
chromosome2	671081
chromosome2	671238
chromosome2	671429
chromosome2	671657
chromosome2	671852
chromosome2	672081
chromosome2	672231
chromosome2	672423
chromosome2	672609
chromosome2	672873
chromosome2	673081
chromosome2	673322
chromosome2	673788
chromosome2	674097
chromosome2	674320
chromosome2	674621
chromosome2	674901
chromosome2	675109
chromosome2	675512
chromosome2	675750
chromosome2	675912
chromosome2	676093
chromosome2	676396
chromosome2	676500
chromosome2	676673
chromosome2	676851
chromosome2	677067
chromosome2	677274
chromosome2	677566
chromosome2	677842
chromosome2	678114
chromosome2	678353
chromosome2	678541
chromosome2	678726
chromosome2	678874
chromosome2	679086
chromosome2	679260
chromosome2	679548
chromosome2	679740
chromosome2	679924
chromosome2	680068
chromosome2	680203
chromosome2	680455
chromosome2	680740
chromosome2	680901
chromosome2	681069
chromosome2	681197
chromosome2	681376
chromosome2	681679
chromosome2	682168
chromosome2	682323
chromosome2	682501
chromosome2	682645
chromosome2	682827
chromosome2	682998
chromosome2	683134
chromosome2	683245
chromosome2	683460
chromosome2	683616
chromosome2	683857
chromosome2	684086
chromosome2	684251
chromosome2	684445
chromosome2	684951
chromosome2	685175
chromosome2	685336
chromosome2	685673
chromosome2	685849
chromosome2	686074
chromosome2	686324
chromosome2	686545
chromosome2	686683
chromosome2	686861
chromosome2	687065
chromosome2	687342
chromosome2	687587
chromosome2	687797
chromosome2	688031
chromosome2	688316
chromosome2	688570
chromosome2	688826
chromosome2	689004
chromosome2	689229
chromosome2	689457
chromosome2	689719
chromosome2	689912
chromosome2	690135
chromosome2	690369
chromosome2	690539
chromosome2	690898
chromosome2	691180
chromosome2	691415
chromosome2	691576
chromosome2	691741
chromosome2	692016
chromosome2	692206
chromosome2	692364
chromosome2	692498
chromosome2	692680
chromosome2	692910
chromosome2	693169
chromosome2	693415
chromosome2	693666
chromosome2	693903
chromosome2	694107
chromosome2	694260
chromosome2	695235
chromosome2	695504
chromosome2	695840
chromosome2	696115
chromosome2	696409
chromosome2	696670
chromosome2	696972
chromosome2	697125
chromosome2	697376
chromosome2	697607
chromosome2	697760
chromosome2	698227
chromosome2	698417
chromosome2	698794
chromosome2	699042
chromosome2	699212
chromosome2	699395
chromosome2	699583
chromosome2	699813
chromosome2	699991
chromosome2	700625
chromosome2	700779
chromosome2	700971
chromosome2	701163
chromosome2	701327
chromosome2	701474
chromosome2	701675
chromosome2	702079
chromosome2	702337
chromosome2	702501
chromosome2	702657
chromosome2	702847
chromosome2	703106
chromosome2	703303
chromosome2	703509
chromosome2	703708
chromosome2	703945
chromosome2	704097
chromosome2	704301
chromosome2	704717
chromosome2	704919
chromosome2	705124
chromosome2	705353
chromosome2	705541
chromosome2	705749
chromosome2	706030
chromosome2	706231
chromosome2	706462
chromosome2	706754
chromosome2	706928
chromosome2	707052
chromosome2	707223
chromosome2	707365
chromosome2	707475
chromosome2	707626
chromosome2	707831
chromosome2	708173
chromosome2	708360
chromosome2	708657
chromosome2	708945
chromosome2	709282
chromosome2	709529
chromosome2	709851
chromosome2	710163
chromosome2	710529
chromosome2	710846
chromosome2	711115
chromosome2	711275
chromosome2	711455
chromosome2	711644
chromosome2	711877
chromosome2	712040
chromosome2	712193
chromosome2	712411
chromosome2	712586
chromosome2	713018
chromosome2	713183
chromosome2	713457
chromosome2	713719
chromosome2	713953
chromosome2	714234
chromosome2	714520
chromosome2	714739
chromosome2	714920
chromosome2	715167
chromosome2	715342
chromosome2	715533
chromosome2	715821
chromosome2	716088
chromosome2	716307
chromosome2	716546
chromosome2	716737
chromosome2	716892
chromosome2	717230
chromosome2	717524
chromosome2	717900
chromosome2	718411
chromosome2	718572
chromosome2	718670
chromosome2	718839
chromosome2	719011
chromosome2	719167
chromosome2	719401
chromosome2	719610
chromosome2	719941
chromosome2	720131
chromosome2	720533
chromosome2	720837
chromosome2	720978
chromosome2	721102
chromosome2	721454
chromosome2	721707
chromosome2	722127
chromosome2	722683
chromosome2	722949
chromosome2	723163
chromosome2	723334
chromosome2	723557
chromosome2	723860
chromosome2	724042
chromosome2	724270
chromosome2	724465
chromosome2	724651
chromosome2	724941
chromosome2	725180
chromosome2	725357
chromosome2	725529
chromosome2	725737
chromosome2	725888
chromosome2	726041
chromosome2	726311
chromosome2	726593
chromosome2	726882
chromosome2	727068
chromosome2	727195
chromosome2	727331
chromosome2	727766
chromosome2	727947
chromosome2	728142
chromosome2	728328
chromosome2	728484
chromosome2	728697
chromosome2	728843
chromosome2	728980
chromosome2	729235
chromosome2	729569
chromosome2	729784
chromosome2	729966
chromosome2	730184
chromosome2	730454
chromosome2	730602
chromosome2	730759
chromosome2	730934
chromosome2	731097
chromosome2	731298
chromosome2	731465
chromosome2	731613
chromosome2	731809
chromosome2	731993
chromosome2	732168
chromosome2	732365
chromosome2	732819
chromosome2	733017
chromosome2	733302
chromosome2	733446
chromosome2	733614
chromosome2	733867
chromosome2	734142
chromosome2	734409
chromosome2	734628
chromosome2	734853
chromosome2	735048
chromosome2	735249
chromosome2	735509
chromosome2	735814
chromosome2	736001
chromosome2	736188
chromosome2	736316
chromosome2	736477
chromosome2	736749
chromosome2	736986
chromosome2	737242
chromosome2	737514
chromosome2	737717
chromosome2	737959
chromosome2	738148
chromosome2	738332
chromosome2	738517
chromosome2	738769
chromosome2	738959
chromosome2	739205
chromosome2	739500
chromosome2	739803
chromosome2	739986
chromosome2	740178
chromosome2	740386
chromosome2	740646
chromosome2	740860
chromosome2	741067
chromosome2	741211
chromosome2	741359
chromosome2	741526
chromosome2	741751
chromosome2	741963
chromosome2	742218
chromosome2	742410
chromosome2	742623
chromosome2	742884
chromosome2	743079
chromosome2	743327
chromosome2	743523
chromosome2	743673
chromosome2	743848
chromosome2	744015
chromosome2	744160
chromosome2	744368
chromosome2	744477
chromosome2	744640
chromosome2	744819
chromosome2	744954
chromosome2	745085
chromosome2	745296
chromosome2	745450
chromosome2	745726
chromosome2	745943
chromosome2	746150
chromosome2	746392
chromosome2	746564
chromosome2	746734
chromosome2	746935
chromosome2	747099
chromosome2	747289
chromosome2	747525
chromosome2	747660
chromosome2	748121
chromosome2	748317
chromosome2	748474
chromosome2	748659
chromosome2	748835
chromosome2	749029
chromosome2	749240
chromosome2	749466
chromosome2	749639
chromosome2	749969
chromosome2	750276
chromosome2	750481
chromosome2	750710
chromosome2	751440
chromosome2	751650
chromosome2	751857
chromosome2	751994
chromosome2	752140
chromosome2	752302
chromosome2	752479
chromosome2	752621
chromosome2	752744
chromosome2	752916
chromosome2	753124
chromosome2	753270
chromosome2	753408
chromosome2	753548
chromosome2	753764
chromosome2	753931
chromosome2	754107
chromosome2	754343
chromosome2	754637
chromosome2	754851
chromosome2	755045
chromosome2	755257
chromosome2	755538
chromosome2	755744
chromosome2	756054
chromosome2	756348
chromosome2	756587
chromosome2	756802
chromosome2	757024
chromosome2	757672
chromosome2	757891
chromosome2	758055
chromosome2	758265
chromosome2	758448
chromosome2	758662
chromosome2	758855
chromosome2	758977
chromosome2	759134
chromosome2	759267
chromosome2	759405
chromosome2	759550
chromosome2	759732
chromosome2	759942
chromosome2	760143
chromosome2	760338
chromosome2	760586
chromosome2	760753
chromosome2	760910
chromosome2	761296
chromosome2	761475
chromosome2	761721
chromosome2	761888
chromosome2	762138
chromosome2	762379
chromosome2	762804
chromosome2	762997
chromosome2	763167
chromosome2	763390
chromosome2	763570
chromosome2	763802
chromosome2	763958
chromosome2	764221
chromosome2	764404
chromosome2	764582
chromosome2	764781
chromosome2	765039
chromosome2	765284
chromosome2	765513
chromosome2	765774
chromosome2	765978
chromosome2	766243
chromosome2	766425
chromosome2	766682
chromosome2	766961
chromosome2	767132
chromosome2	767367
chromosome2	767562
chromosome2	767838
chromosome2	768210
chromosome2	768419
chromosome2	768933
chromosome2	769201
chromosome2	769405
chromosome2	769624
chromosome2	769802
chromosome2	769986
chromosome2	770245
chromosome2	770455
chromosome2	770713
chromosome2	770820
chromosome2	770971
chromosome2	771107
chromosome2	771211
chromosome2	771362
chromosome2	771497
chromosome2	771698
chromosome2	771850
chromosome2	772033
chromosome2	772205
chromosome2	772356
chromosome2	772496
chromosome2	772663
chromosome2	772806
chromosome2	773015
chromosome2	773249
chromosome2	773440
chromosome2	773588
chromosome2	774071
chromosome2	774217
chromosome2	774332
chromosome2	774997
chromosome2	775225
chromosome2	775461
chromosome2	775723
chromosome2	776023
chromosome2	776296
chromosome2	776607
chromosome2	776864
chromosome2	777168
chromosome2	777363
chromosome2	777581
chromosome2	777804
chromosome2	778183
chromosome2	778326
chromosome2	778513
chromosome2	778693
chromosome2	778839
chromosome2	779046
chromosome2	779287
chromosome2	779458
chromosome2	779560
chromosome2	779707
chromosome2	780122
chromosome2	780517
chromosome2	780695
chromosome2	780875
chromosome2	781022
chromosome2	781171
chromosome2	781369
chromosome2	781551
chromosome2	781726
chromosome2	781856
chromosome2	781988
chromosome2	782086
chromosome2	782203
chromosome2	782303
chromosome2	782494
chromosome2	782609
chromosome2	782733
chromosome2	782847
chromosome2	783103
chromosome2	783307
chromosome2	783478
chromosome2	783769
chromosome2	783931
chromosome2	784105
chromosome2	784271
chromosome2	784432
chromosome2	785005
chromosome2	785139
chromosome2	785350
chromosome2	785478
chromosome2	785631
chromosome2	785820
chromosome2	786005
chromosome2	786113
chromosome2	786546
chromosome2	786723
chromosome2	786855
chromosome2	787025
chromosome2	787170
chromosome2	787335
chromosome2	787448
chromosome2	787569
chromosome2	787677
chromosome2	787839
chromosome2	787949
chromosome2	788140
chromosome2	788365
chromosome2	788691
chromosome2	788832
chromosome2	788954
chromosome2	789359
chromosome2	789470
chromosome2	789591
chromosome2	789729
chromosome2	789883
chromosome2	789999
chromosome2	790159
chromosome2	790323
chromosome2	790441
chromosome2	790614
chromosome2	790782
chromosome2	790941
chromosome2	791072
chromosome2	791208
chromosome2	791350
chromosome2	791607
chromosome2	791766
chromosome2	793942
chromosome2	794150
chromosome2	794273
chromosome2	794394
chromosome2	794508
chromosome2	794624
chromosome2	794741
chromosome2	794862
chromosome2	794976
chromosome2	795077
chromosome2	795191
chromosome2	795320
chromosome2	795441
chromosome2	795597
chromosome2	795869
chromosome2	795989
chromosome2	796106
chromosome2	796218
chromosome2	796340
chromosome2	796871
chromosome2	797043
chromosome2	797200
chromosome2	797345
chromosome2	797482
chromosome2	797605
chromosome2	797758
chromosome2	797899
chromosome2	798049
chromosome2	798203
chromosome2	798365
chromosome2	798535
chromosome2	798640
chromosome2	798741
chromosome2	798886
chromosome2	799018
chromosome2	800405
chromosome2	802710
chromosome2	802817
chromosome2	803118
chromosome2	803309
chromosome2	803501
chromosome2	803671
chromosome2	803867
chromosome2	804051
chromosome2	804128
chromosome2	804242
chromosome2	804345
chromosome2	804436
chromosome2	804560
chromosome2	804813
chromosome3	15452
chromosome3	15640
chromosome3	15894
chromosome3	16088
chromosome3	16318
chromosome3	16559
chromosome3	16767
chromosome3	16980
chromosome3	17090
chromosome3	17282
chromosome3	17514
chromosome3	17715
chromosome3	17921
chromosome3	18152
chromosome3	18393
chromosome3	18768
chromosome3	19023
chromosome3	19201
chromosome3	19383
chromosome3	19516
chromosome3	19737
chromosome3	19960
chromosome3	20169
chromosome3	20345
chromosome3	20611
chromosome3	20766
chromosome3	20997
chromosome3	21157
chromosome3	21308
chromosome3	21496
chromosome3	21628
chromosome3	21774
chromosome3	21955
chromosome3	22109
chromosome3	22287
chromosome3	22861
chromosome3	23086
chromosome3	23305
chromosome3	23537
chromosome3	23685
chromosome3	23930
chromosome3	24253
chromosome3	24442
chromosome3	24576
chromosome3	24714
chromosome3	24855
chromosome3	25037
chromosome3	25237
chromosome3	25436
chromosome3	25619
chromosome3	25818
chromosome3	26033
chromosome3	26261
chromosome3	26506
chromosome3	26735
chromosome3	27050
chromosome3	27276
chromosome3	27454
chromosome3	27887
chromosome3	28058
chromosome3	28253
chromosome3	28609
chromosome3	28869
chromosome3	30125
chromosome3	30976
chromosome3	31125
chromosome3	31360
chromosome3	31646
chromosome3	32070
chromosome3	32357
chromosome3	32573
chromosome3	32834
chromosome3	33071
chromosome3	33326
chromosome3	33566
chromosome3	33818
chromosome3	34174
chromosome3	34377
chromosome3	34608
chromosome3	34820
chromosome3	35000
chromosome3	35169
chromosome3	35358
chromosome3	35574
chromosome3	35743
chromosome3	35906
chromosome3	36099
chromosome3	36290
chromosome3	36469
chromosome3	36676
chromosome3	36853
chromosome3	36992
chromosome3	37226
chromosome3	37423
chromosome3	37824
chromosome3	38091
chromosome3	38402
chromosome3	38758
chromosome3	39165
chromosome3	39329
chromosome3	39447
chromosome3	39918
chromosome3	40096
chromosome3	40267
chromosome3	40441
chromosome3	40590
chromosome3	40766
chromosome3	40987
chromosome3	41136
chromosome3	41293
chromosome3	41513
chromosome3	42215
chromosome3	42372
chromosome3	42600
chromosome3	42845
chromosome3	43072
chromosome3	43328
chromosome3	43475
chromosome3	43819
chromosome3	44014
chromosome3	44249
chromosome3	44764
chromosome3	44973
chromosome3	45197
chromosome3	45381
chromosome3	45563
chromosome3	45710
chromosome3	45870
chromosome3	46039
chromosome3	46245
chromosome3	46416
chromosome3	46579
chromosome3	46749
chromosome3	47070
chromosome3	47249
chromosome3	47463
chromosome3	47700
chromosome3	47930
chromosome3	48108
chromosome3	48310
chromosome3	48467
chromosome3	48802
chromosome3	49028
chromosome3	49235
chromosome3	49469
chromosome3	49682
chromosome3	49865
chromosome3	50102
chromosome3	50260
chromosome3	50855
chromosome3	51059
chromosome3	51265
chromosome3	51479
chromosome3	51695
chromosome3	51908
chromosome3	52142
chromosome3	52525
chromosome3	52673
chromosome3	52842
chromosome3	52981
chromosome3	53162
chromosome3	53350
chromosome3	53583
chromosome3	53820
chromosome3	53925
chromosome3	54072
chromosome3	54231
chromosome3	54444
chromosome3	54655
chromosome3	54845
chromosome3	55229
chromosome3	55512
chromosome3	55712
chromosome3	55940
chromosome3	56154
chromosome3	56408
chromosome3	56599
chromosome3	56749
chromosome3	57635
chromosome3	57839
chromosome3	58028
chromosome3	58219
chromosome3	58406
chromosome3	58631
chromosome3	58830
chromosome3	59064
chromosome3	59256
chromosome3	59432
chromosome3	59569
chromosome3	59704
chromosome3	59842
chromosome3	60058
chromosome3	60256
chromosome3	60432
chromosome3	60615
chromosome3	60746
chromosome3	60930
chromosome3	61187
chromosome3	61376
chromosome3	61484
chromosome3	61632
chromosome3	61802
chromosome3	61969
chromosome3	62144
chromosome3	62282
chromosome3	62513
chromosome3	62638
chromosome3	62903
chromosome3	63147
chromosome3	63336
chromosome3	63472
chromosome3	63663
chromosome3	63881
chromosome3	64056
chromosome3	64205
chromosome3	64469
chromosome3	65077
chromosome3	65230
chromosome3	65397
chromosome3	65574
chromosome3	65723
chromosome3	65968
chromosome3	66213
chromosome3	66434
chromosome3	66699
chromosome3	66960
chromosome3	67200
chromosome3	67372
chromosome3	67533
chromosome3	67751
chromosome3	67975
chromosome3	68110
chromosome3	68276
chromosome3	68422
chromosome3	68618
chromosome3	68804
chromosome3	69022
chromosome3	69286
chromosome3	69476
chromosome3	69613
chromosome3	69928
chromosome3	70062
chromosome3	70242
chromosome3	70450
chromosome3	70708
chromosome3	70879
chromosome3	71158
chromosome3	71382
chromosome3	71776
chromosome3	71910
chromosome3	72067
chromosome3	72232
chromosome3	72419
chromosome3	72631
chromosome3	72800
chromosome3	72930
chromosome3	73105
chromosome3	73268
chromosome3	73433
chromosome3	73618
chromosome3	73795
chromosome3	73953
chromosome3	74081
chromosome3	74228
chromosome3	74569
chromosome3	74688
chromosome3	74878
chromosome3	75061
chromosome3	75303
chromosome3	75431
chromosome3	75614
chromosome3	75715
chromosome3	76036
chromosome3	76234
chromosome3	76432
chromosome3	76684
chromosome3	76897
chromosome3	77218
chromosome3	77445
chromosome3	77659
chromosome3	77826
chromosome3	77940
chromosome3	78056
chromosome3	78220
chromosome3	78351
chromosome3	78680
chromosome3	78989
chromosome3	79169
chromosome3	79357
chromosome3	79533
chromosome3	79701
chromosome3	79862
chromosome3	80080
chromosome3	80273
chromosome3	80429
chromosome3	80561
chromosome3	80744
chromosome3	80905
chromosome3	81112
chromosome3	81292
chromosome3	81466
chromosome3	81590
chromosome3	81781
chromosome3	81922
chromosome3	82063
chromosome3	83482
chromosome3	83619
chromosome3	83805
chromosome3	91002
chromosome3	91115
chromosome3	91599
chromosome3	91880
chromosome3	92193
chromosome3	92861
chromosome3	93160
chromosome3	93419
chromosome3	93689
chromosome3	93959
chromosome3	94167
chromosome3	94308
chromosome3	94465
chromosome3	94652
chromosome3	94885
chromosome3	95082
chromosome3	95302
chromosome3	95460
chromosome3	95658
chromosome3	95820
chromosome3	95982
chromosome3	96091
chromosome3	96317
chromosome3	96452
chromosome3	96613
chromosome3	96799
chromosome3	96993
chromosome3	97251
chromosome3	97474
chromosome3	97645
chromosome3	97860
chromosome3	98037
chromosome3	98262
chromosome3	98456
chromosome3	98667
chromosome3	98813
chromosome3	98959
chromosome3	99082
chromosome3	99207
chromosome3	99344
chromosome3	99492
chromosome3	99640
chromosome3	99781
chromosome3	99928
chromosome3	100126
chromosome3	100304
chromosome3	100466
chromosome3	100644
chromosome3	100813
chromosome3	100977
chromosome3	101145
chromosome3	101551
chromosome3	101715
chromosome3	102410
chromosome3	102633
chromosome3	102932
chromosome3	103152
chromosome3	103345
chromosome3	103538
chromosome3	103758
chromosome3	103974
chromosome3	104154
chromosome3	104436
chromosome3	104602
chromosome3	104863
chromosome3	105030
chromosome3	105245
chromosome3	105417
chromosome3	105572
chromosome3	105747
chromosome3	105917
chromosome3	106043
chromosome3	106215
chromosome3	106467
chromosome3	106611
chromosome3	106731
chromosome3	106909
chromosome3	107074
chromosome3	107271
chromosome3	107579
chromosome3	107743
chromosome3	108066
chromosome3	108275
chromosome3	108434
chromosome3	108554
chromosome3	108741
chromosome3	109148
chromosome3	109282
chromosome3	109434
chromosome3	109584
chromosome3	109779
chromosome3	109943
chromosome3	110094
chromosome3	110297
chromosome3	110482
chromosome3	110888
chromosome3	111060
chromosome3	111237
chromosome3	111432
chromosome3	111584
chromosome3	111767
chromosome3	111912
chromosome3	112062
chromosome3	112302
chromosome3	113519
chromosome3	113755
chromosome3	113895
chromosome3	117392
chromosome3	117613
chromosome3	117809
chromosome3	118001
chromosome3	118210
chromosome3	118417
chromosome3	118629
chromosome3	118782
chromosome3	118931
chromosome3	119135
chromosome3	119649
chromosome3	119820
chromosome3	120004
chromosome3	120181
chromosome3	120341
chromosome3	121058
chromosome3	121282
chromosome3	121492
chromosome3	121691
chromosome3	121885
chromosome3	122065
chromosome3	122253
chromosome3	122473
chromosome3	122646
chromosome3	122801
chromosome3	123557
chromosome3	123889
chromosome3	124002
chromosome3	126103
chromosome3	126301
chromosome3	126595
chromosome3	126711
chromosome3	127339
chromosome3	128639
chromosome3	128759
chromosome3	128934
chromosome3	129054
chromosome3	129243
chromosome3	129351
chromosome3	129576
chromosome3	129759
chromosome3	129987
chromosome3	130218
chromosome3	130826
chromosome3	131075
chromosome3	131280
chromosome3	131479
chromosome3	131732
chromosome3	132489
chromosome3	132888
chromosome3	133065
chromosome3	133200
chromosome3	133306
chromosome3	133472
chromosome3	133570
chromosome3	133749
chromosome3	134033
chromosome3	134275
chromosome3	134569
chromosome3	134750
chromosome3	134999
chromosome3	135304
chromosome3	135608
chromosome3	135793
chromosome3	135989
chromosome3	136231
chromosome3	136479
chromosome3	136768
chromosome3	137033
chromosome3	137185
chromosome3	137343
chromosome3	137560
chromosome3	138094
chromosome3	138534
chromosome3	138824
chromosome3	139538
chromosome3	139741
chromosome3	139961
chromosome3	140197
chromosome3	140403
chromosome3	140596
chromosome3	140832
chromosome3	141053
chromosome3	141288
chromosome3	141507
chromosome3	141706
chromosome3	141896
chromosome3	142167
chromosome3	143183
chromosome3	143483
chromosome3	143652
chromosome3	143858
chromosome3	144125
chromosome3	144321
chromosome3	144548
chromosome3	144867
chromosome3	145147
chromosome3	145460
chromosome3	145671
chromosome3	145925
chromosome3	146147
chromosome3	146366
chromosome3	146584
chromosome3	146843
chromosome3	146975
chromosome3	147268
chromosome3	147629
chromosome3	147808
chromosome3	147944
chromosome3	148284
chromosome3	148517
chromosome3	148699
chromosome3	149141
chromosome3	152233
chromosome3	152410
chromosome3	152538
chromosome3	152687
chromosome3	152884
chromosome3	153100
chromosome3	153317
chromosome3	153501
chromosome3	153704
chromosome3	154020
chromosome3	154182
chromosome3	154358
chromosome3	154599
chromosome3	154782
chromosome3	154979
chromosome3	155120
chromosome3	155250
chromosome3	155433
chromosome3	155578
chromosome3	155743
chromosome3	156227
chromosome3	156372
chromosome3	156538
chromosome3	156754
chromosome3	156960
chromosome3	157418
chromosome3	157553
chromosome3	157704
chromosome3	157848
chromosome3	158007
chromosome3	158158
chromosome3	158339
chromosome3	158481
chromosome3	158678
chromosome3	158959
chromosome3	159223
chromosome3	159499
chromosome3	159689
chromosome3	159903
chromosome3	160461
chromosome3	160671
chromosome3	160855
chromosome3	161200
chromosome3	161386
chromosome3	161623
chromosome3	161863
chromosome3	162117
chromosome3	162640
chromosome3	162872
chromosome3	163090
chromosome3	163377
chromosome3	163614
chromosome3	163810
chromosome3	163932
chromosome3	164093
chromosome3	164261
chromosome3	164410
chromosome3	164575
chromosome3	164761
chromosome3	164954
chromosome3	165121
chromosome3	165306
chromosome3	165506
chromosome3	165760
chromosome3	165971
chromosome3	166166
chromosome3	166333
chromosome3	166489
chromosome3	166606
chromosome3	166977
chromosome3	167135
chromosome3	167303
chromosome3	167486
chromosome3	167651
chromosome3	167868
chromosome3	168083
chromosome3	168229
chromosome3	169869
chromosome3	170002
chromosome3	170149
chromosome3	170365
chromosome3	170562
chromosome3	170735
chromosome3	170854
chromosome3	170999
chromosome3	171219
chromosome3	171477
chromosome3	171695
chromosome3	171905
chromosome3	172142
chromosome3	172373
chromosome3	172570
chromosome3	172692
chromosome3	173318
chromosome3	173540
chromosome3	173850
chromosome3	174011
chromosome3	174246
chromosome3	174447
chromosome3	174696
chromosome3	174898
chromosome3	175137
chromosome3	175302
chromosome3	175498
chromosome3	175705
chromosome3	176010
chromosome3	176287
chromosome3	176502
chromosome3	176723
chromosome3	176873
chromosome3	177043
chromosome3	177242
chromosome3	177536
chromosome3	177921
chromosome3	178085
chromosome3	178271
chromosome3	178428
chromosome3	178571
chromosome3	178836
chromosome3	178987
chromosome3	179112
chromosome3	179269
chromosome3	179452
chromosome3	179667
chromosome3	179812
chromosome3	180109
chromosome3	180302
chromosome3	180500
chromosome3	180713
chromosome3	180869
chromosome3	181598
chromosome3	181799
chromosome3	181959
chromosome3	182116
chromosome3	182229
chromosome3	182371
chromosome3	182510
chromosome3	182708
chromosome3	182883
chromosome3	183054
chromosome3	183259
chromosome3	183458
chromosome3	183790
chromosome3	183990
chromosome3	184185
chromosome3	184392
chromosome3	184649
chromosome3	184874
chromosome3	185046
chromosome3	185209
chromosome3	185423
chromosome3	185606
chromosome3	185743
chromosome3	185969
chromosome3	186123
chromosome3	186336
chromosome3	186500
chromosome3	186707
chromosome3	186866
chromosome3	187063
chromosome3	187276
chromosome3	187440
chromosome3	187564
chromosome3	187713
chromosome3	187853
chromosome3	188369
chromosome3	188634
chromosome3	188828
chromosome3	188957
chromosome3	189095
chromosome3	189295
chromosome3	189472
chromosome3	189635
chromosome3	189840
chromosome3	189975
chromosome3	190129
chromosome3	190586
chromosome3	190792
chromosome3	190970
chromosome3	191318
chromosome3	191614
chromosome3	191932
chromosome3	192122
chromosome3	192333
chromosome3	192521
chromosome3	192721
chromosome3	192889
chromosome3	193086
chromosome3	193301
chromosome3	193460
chromosome3	193641
chromosome3	193822
chromosome3	193957
chromosome3	194157
chromosome3	194468
chromosome3	194771
chromosome3	195038
chromosome3	195202
chromosome3	195446
chromosome3	195713
chromosome3	195929
chromosome3	196123
chromosome3	196439
chromosome3	196566
chromosome3	196727
chromosome3	196879
chromosome3	197047
chromosome3	197235
chromosome3	197376
chromosome3	197725
chromosome3	197888
chromosome3	198098
chromosome3	198318
chromosome3	198459
chromosome3	198615
chromosome3	201169
chromosome3	201288
chromosome3	201444
chromosome3	201549
chromosome3	201725
chromosome3	201870
chromosome3	201993
chromosome3	202145
chromosome3	202330
chromosome3	202548
chromosome3	202737
chromosome3	202922
chromosome3	203127
chromosome3	203335
chromosome3	203577
chromosome3	203718
chromosome3	203964
chromosome3	204168
chromosome3	204354
chromosome3	204525
chromosome3	204678
chromosome3	204879
chromosome3	205065
chromosome3	205293
chromosome3	205426
chromosome3	206290
chromosome3	206510
chromosome3	206697
chromosome3	207012
chromosome3	207149
chromosome3	207393
chromosome3	207609
chromosome3	207878
chromosome3	208004
chromosome3	208165
chromosome3	208399
chromosome3	208606
chromosome3	208839
chromosome3	209058
chromosome3	209287
chromosome3	209464
chromosome3	209668
chromosome3	210055
chromosome3	210262
chromosome3	210447
chromosome3	210782
chromosome3	211009
chromosome3	211243
chromosome3	211498
chromosome3	211922
chromosome3	212132
chromosome3	212345
chromosome3	212588
chromosome3	212769
chromosome3	213031
chromosome3	213225
chromosome3	213470
chromosome3	213675
chromosome3	214039
chromosome3	214281
chromosome3	214457
chromosome3	214611
chromosome3	214780
chromosome3	214986
chromosome3	215187
chromosome3	215355
chromosome3	215513
chromosome3	215656
chromosome3	215832
chromosome3	215975
chromosome3	216188
chromosome3	216352
chromosome3	216533
chromosome3	216687
chromosome3	216870
chromosome3	217056
chromosome3	217281
chromosome3	217592
chromosome3	217833
chromosome3	218055
chromosome3	218433
chromosome3	218654
chromosome3	218854
chromosome3	219058
chromosome3	219213
chromosome3	219355
chromosome3	219522
chromosome3	219676
chromosome3	219843
chromosome3	220023
chromosome3	220412
chromosome3	220630
chromosome3	220866
chromosome3	221086
chromosome3	221297
chromosome3	221525
chromosome3	221705
chromosome3	221925
chromosome3	222117
chromosome3	222341
chromosome3	222524
chromosome3	222725
chromosome3	222919
chromosome3	223157
chromosome3	223493
chromosome3	223677
chromosome3	223928
chromosome3	224117
chromosome3	224435
chromosome3	224607
chromosome3	224887
chromosome3	224968
chromosome3	225081
chromosome3	225267
chromosome3	225422
chromosome3	225547
chromosome3	225749
chromosome3	225960
chromosome3	226168
chromosome3	226316
chromosome3	226474
chromosome3	226695
chromosome3	226869
chromosome3	227050
chromosome3	227248
chromosome3	228081
chromosome3	228259
chromosome3	228435
chromosome3	228611
chromosome3	228802
chromosome3	229463
chromosome3	229675
chromosome3	229961
chromosome3	230133
chromosome3	230282
chromosome3	230485
chromosome3	230667
chromosome3	231377
chromosome3	231554
chromosome3	231793
chromosome3	231968
chromosome3	232169
chromosome3	232321
chromosome3	232546
chromosome3	232818
chromosome3	232956
chromosome3	233243
chromosome3	233369
chromosome3	233534
chromosome3	233630
chromosome3	233878
chromosome3	234029
chromosome3	234182
chromosome3	234337
chromosome3	234488
chromosome3	234608
chromosome3	234717
chromosome3	234988
chromosome3	235129
chromosome3	235251
chromosome3	235433
chromosome3	235605
chromosome3	235758
chromosome3	235957
chromosome3	236117
chromosome3	236311
chromosome3	236600
chromosome3	236737
chromosome3	236992
chromosome3	237119
chromosome3	237272
chromosome3	237414
chromosome3	237552
chromosome3	237687
chromosome3	237854
chromosome3	238023
chromosome3	238212
chromosome3	238485
chromosome3	238690
chromosome3	238842
chromosome3	238968
chromosome3	239109
chromosome3	239273
chromosome3	239450
chromosome3	239614
chromosome3	239815
chromosome3	239966
chromosome3	240279
chromosome3	240489
chromosome3	240615
chromosome3	240789
chromosome3	240992
chromosome3	241192
chromosome3	241357
chromosome3	241528
chromosome3	241674
chromosome3	241855
chromosome3	242030
chromosome3	242212
chromosome3	242596
chromosome3	242713
chromosome3	242821
chromosome3	242960
chromosome3	243086
chromosome3	243273
chromosome3	243424
chromosome3	243534
chromosome3	243681
chromosome3	243790
chromosome3	243917
chromosome3	244045
chromosome3	244165
chromosome3	244274
chromosome3	244414
chromosome3	244534
chromosome3	244638
chromosome3	244748
chromosome3	244837
chromosome3	244957
chromosome3	245066
chromosome3	245198
chromosome3	245289
chromosome3	245409
chromosome3	245510
chromosome3	245666
chromosome3	245772
chromosome3	245891
chromosome3	245993
chromosome3	246125
chromosome3	246230
chromosome3	246323
chromosome3	246435
chromosome3	246534
chromosome3	246701
chromosome3	246853
chromosome3	247000
chromosome3	247165
chromosome3	247368
chromosome3	247560
chromosome3	247778
chromosome3	248110
chromosome3	248297
chromosome3	248477
chromosome3	248623
chromosome3	248870
chromosome3	249026
chromosome3	249168
chromosome3	249402
chromosome3	249556
chromosome3	249717
chromosome3	249832
chromosome3	249981
chromosome3	250422
chromosome3	250700
chromosome3	250943
chromosome3	251165
chromosome3	251363
chromosome3	251540
chromosome3	251741
chromosome3	251975
chromosome3	252217
chromosome3	252359
chromosome3	252560
chromosome3	252755
chromosome3	252889
chromosome3	253084
chromosome3	253222
chromosome3	253461
chromosome3	253677
chromosome3	253864
chromosome3	254074
chromosome3	254367
chromosome3	254538
chromosome3	254730
chromosome3	254941
chromosome3	255135
chromosome3	255655
chromosome3	255878
chromosome3	256083
chromosome3	256283
chromosome3	256488
chromosome3	256698
chromosome3	256881
chromosome3	257130
chromosome3	257543
chromosome3	257716
chromosome3	257882
chromosome3	258085
chromosome3	258283
chromosome3	258444
chromosome3	258621
chromosome3	258748
chromosome3	258880
chromosome3	259017
chromosome3	259200
chromosome3	259453
chromosome3	259581
chromosome3	259754
chromosome3	260371
chromosome3	260631
chromosome3	260873
chromosome3	261171
chromosome3	261470
chromosome3	261639
chromosome3	261778
chromosome3	262010
chromosome3	262303
chromosome3	262507
chromosome3	262731
chromosome3	262841
chromosome3	263301
chromosome3	263519
chromosome3	263730
chromosome3	263883
chromosome3	264042
chromosome3	264184
chromosome3	264389
chromosome3	264578
chromosome3	264707
chromosome3	264839
chromosome3	265024
chromosome3	265175
chromosome3	265373
chromosome3	265571
chromosome3	265730
chromosome3	265900
chromosome3	266096
chromosome3	266282
chromosome3	266465
chromosome3	266636
chromosome3	266859
chromosome3	267032
chromosome3	267161
chromosome3	267339
chromosome3	267478
chromosome3	267630
chromosome3	267771
chromosome3	267929
chromosome3	268122
chromosome3	268261
chromosome3	268399
chromosome3	268518
chromosome3	268674
chromosome3	269268
chromosome3	269420
chromosome3	269549
chromosome3	269717
chromosome3	270085
chromosome3	270341
chromosome3	270483
chromosome3	270618
chromosome3	270799
chromosome3	270966
chromosome3	271156
chromosome3	271316
chromosome3	271586
chromosome3	271735
chromosome3	271884
chromosome3	272035
chromosome3	272251
chromosome3	272457
chromosome3	272672
chromosome3	273464
chromosome3	273734
chromosome3	273849
chromosome3	274024
chromosome3	274139
chromosome3	274320
chromosome3	274502
chromosome3	274645
chromosome3	274783
chromosome3	274942
chromosome3	275081
chromosome3	275261
chromosome3	275477
chromosome3	275790
chromosome3	276068
chromosome3	276273
chromosome3	276491
chromosome3	277125
chromosome3	277373
chromosome3	277572
chromosome3	277775
chromosome3	277996
chromosome3	278294
chromosome3	278439
chromosome3	278663
chromosome3	278821
chromosome3	279010
chromosome3	279215
chromosome3	279422
chromosome3	279569
chromosome3	279666
chromosome3	279831
chromosome3	279946
chromosome3	280089
chromosome3	280254
chromosome3	280429
chromosome3	280632
chromosome3	280821
chromosome3	281046
chromosome3	281277
chromosome3	281439
chromosome3	281649
chromosome3	281840
chromosome3	282072
chromosome3	282335
chromosome3	282580
chromosome3	282765
chromosome3	282950
chromosome3	283123
chromosome3	283329
chromosome3	283553
chromosome3	283758
chromosome3	284008
chromosome3	284140
chromosome3	284334
chromosome3	284602
chromosome3	284808
chromosome3	284982
chromosome3	285166
chromosome3	285400
chromosome3	285687
chromosome3	285870
chromosome3	286074
chromosome3	286754
chromosome3	286964
chromosome3	287349
chromosome3	287555
chromosome3	287763
chromosome3	287940
chromosome3	288067
chromosome3	288415
chromosome3	288615
chromosome3	288940
chromosome3	289095
chromosome3	289279
chromosome3	289396
chromosome3	289524
chromosome3	289629
chromosome3	289802
chromosome3	289911
chromosome3	290035
chromosome3	294188
chromosome4	19167
chromosome4	19310
chromosome4	19426
chromosome4	19575
chromosome4	19715
chromosome4	19903
chromosome4	20023
chromosome4	20136
chromosome4	20703
chromosome4	20839
chromosome4	20982
chromosome4	21199
chromosome4	21338
chromosome4	21499
chromosome4	21611
chromosome4	21714
chromosome4	21831
chromosome4	21980
chromosome4	22084
chromosome4	22204
chromosome4	22313
chromosome4	22410
chromosome4	22548
chromosome4	22785
chromosome4	22933
chromosome4	23107
chromosome4	23304
chromosome4	23444
chromosome4	23572
chromosome4	23724
chromosome4	23845
chromosome4	24004
chromosome4	24166
chromosome4	24314
chromosome4	24451
chromosome4	24583
chromosome4	24745
chromosome4	24891
chromosome4	25018
chromosome4	25156
chromosome4	25270
chromosome4	25413
chromosome4	25561
chromosome4	25709
chromosome4	25831
chromosome4	26912
chromosome4	27955
chromosome4	28095
chromosome4	28221
chromosome4	28358
chromosome4	28470
chromosome4	28600
chromosome4	28720
chromosome4	28869
chromosome4	28977
chromosome4	29158
chromosome4	29294
chromosome4	29426
chromosome4	29536
chromosome4	29657
chromosome4	29789
chromosome4	29922
chromosome4	30086
chromosome4	30233
chromosome4	30347
chromosome4	30505
chromosome4	30652
chromosome4	30785
chromosome4	30920
chromosome4	31055
chromosome4	31199
chromosome4	31331
chromosome4	31448
chromosome4	31607
chromosome4	31756
chromosome4	31864
chromosome4	32024
chromosome4	32229
chromosome4	32371
chromosome4	32502
chromosome4	32670
chromosome4	32776
chromosome4	32901
chromosome4	33022
chromosome4	33168
chromosome4	33628
chromosome4	33866
chromosome4	34315
chromosome4	34455
chromosome4	34626
chromosome4	34848
chromosome4	34968
chromosome4	35113
chromosome4	35277
chromosome4	35431
chromosome4	35578
chromosome4	35794
chromosome4	35895
chromosome4	36052
chromosome4	36172
chromosome4	36331
chromosome4	36451
chromosome4	36610
chromosome4	36761
chromosome4	36985
chromosome4	37124
chromosome4	37253
chromosome4	37437
chromosome4	37561
chromosome4	37676
chromosome4	37820
chromosome4	38049
chromosome4	38184
chromosome4	38385
chromosome4	38512
chromosome4	38903
chromosome4	39164
chromosome4	39365
chromosome4	39505
chromosome4	39653
chromosome4	39770
chromosome4	39896
chromosome4	40024
chromosome4	40225
chromosome4	40362
chromosome4	40514
chromosome4	40682
chromosome4	40853
chromosome4	41020
chromosome4	41192
chromosome4	41331
chromosome4	41519
chromosome4	41657
chromosome4	41765
chromosome4	41932
chromosome4	42116
chromosome4	42245
chromosome4	42393
chromosome4	42491
chromosome4	42737
chromosome4	42922
chromosome4	43143
chromosome4	43310
chromosome4	43428
chromosome4	43552
chromosome4	43710
chromosome4	45726
chromosome4	48048
chromosome4	48224
chromosome4	48348
chromosome4	48525
chromosome4	48718
chromosome4	48859
chromosome4	49006
chromosome4	49142
chromosome4	49306
chromosome4	49472
chromosome4	49595
chromosome4	49701
chromosome4	49879
chromosome4	50027
chromosome4	50176
chromosome4	50680
chromosome4	50836
chromosome4	51169
chromosome4	51339
chromosome4	51519
chromosome4	51669
chromosome4	51782
chromosome4	51961
chromosome4	52181
chromosome4	52271
chromosome4	52405
chromosome4	52591
chromosome4	52761
chromosome4	52902
chromosome4	53134
chromosome4	53346
chromosome4	53547
chromosome4	53697
chromosome4	53881
chromosome4	54060
chromosome4	54460
chromosome4	54678
chromosome4	54844
chromosome4	54970
chromosome4	55078
chromosome4	55204
chromosome4	55360
chromosome4	55535
chromosome4	55660
chromosome4	55797
chromosome4	55953
chromosome4	56115
chromosome4	56280
chromosome4	56480
chromosome4	56665
chromosome4	57231
chromosome4	57414
chromosome4	57559
chromosome4	57667
chromosome4	57787
chromosome4	57886
chromosome4	58003
chromosome4	58132
chromosome4	58260
chromosome4	58361
chromosome4	58481
chromosome4	58600
chromosome4	58736
chromosome4	58873
chromosome4	59023
chromosome4	59158
chromosome4	59285
chromosome4	59390
chromosome4	59506
chromosome4	59608
chromosome4	59719
chromosome4	59935
chromosome4	60049
chromosome4	60151
chromosome4	60257
chromosome4	60418
chromosome4	60813
chromosome4	60977
chromosome4	61098
chromosome4	61237
chromosome4	61418
chromosome4	61608
chromosome4	61812
chromosome4	61929
chromosome4	62021
chromosome4	62204
chromosome4	62354
chromosome4	62478
chromosome4	62653
chromosome4	62780
chromosome4	62940
chromosome4	63097
chromosome4	63303
chromosome4	63527
chromosome4	63684
chromosome4	63839
chromosome4	64029
chromosome4	64196
chromosome4	64333
chromosome4	64491
chromosome4	64661
chromosome4	64838
chromosome4	65037
chromosome4	65195
chromosome4	65358
chromosome4	65570
chromosome4	65881
chromosome4	66169
chromosome4	66285
chromosome4	66401
chromosome4	66589
chromosome4	66810
chromosome4	66978
chromosome4	67127
chromosome4	67370
chromosome4	67551
chromosome4	67793
chromosome4	67943
chromosome4	68111
chromosome4	68280
chromosome4	68421
chromosome4	68658
chromosome4	68797
chromosome4	68947
chromosome4	69099
chromosome4	69221
chromosome4	69367
chromosome4	69507
chromosome4	69655
chromosome4	69773
chromosome4	69927
chromosome4	70109
chromosome4	70258
chromosome4	70394
chromosome4	70621
chromosome4	70781
chromosome4	70931
chromosome4	71063
chromosome4	71211
chromosome4	71385
chromosome4	71507
chromosome4	71687
chromosome4	71849
chromosome4	72029
chromosome4	72266
chromosome4	72406
chromosome4	72776
chromosome4	72932
chromosome4	73132
chromosome4	73322
chromosome4	73500
chromosome4	73648
chromosome4	73817
chromosome4	73985
chromosome4	74136
chromosome4	74282
chromosome4	74440
chromosome4	74550
chromosome4	74677
chromosome4	74953
chromosome4	75075
chromosome4	75200
chromosome4	75338
chromosome4	75466
chromosome4	75574
chromosome4	75688
chromosome4	75793
chromosome4	75923
chromosome4	76037
chromosome4	76143
chromosome4	76312
chromosome4	76459
chromosome4	76552
chromosome4	76663
chromosome4	76961
chromosome4	77070
chromosome4	77258
chromosome4	77407
chromosome4	77673
chromosome4	77967
chromosome4	78086
chromosome4	78212
chromosome4	78353
chromosome4	78542
chromosome4	78722
chromosome4	78935
chromosome4	79102
chromosome4	79531
chromosome4	79687
chromosome4	79785
chromosome4	79921
chromosome4	80019
chromosome4	80154
chromosome4	80300
chromosome4	80396
chromosome4	80557
chromosome4	80784
chromosome4	80887
chromosome4	81020
chromosome4	81143
chromosome4	81242
chromosome4	81378
chromosome4	81541
chromosome4	81672
chromosome4	81794
chromosome4	81914
chromosome4	82060
chromosome4	82224
chromosome4	82329
chromosome4	82472
chromosome4	82632
chromosome4	82798
chromosome4	82915
chromosome4	83051
chromosome4	83189
chromosome4	83719
chromosome4	83902
chromosome4	84037
chromosome4	84165
chromosome4	84332
chromosome4	84518
chromosome4	84792
chromosome4	84953
chromosome4	85215
chromosome4	85373
chromosome4	85581
chromosome4	85772
chromosome4	85956
chromosome4	86365
chromosome4	86479
chromosome4	86667
chromosome4	86879
chromosome4	87094
chromosome4	87254
chromosome4	87369
chromosome4	87556
chromosome4	87718
chromosome4	87886
chromosome4	88286
chromosome4	88424
chromosome4	88548
chromosome4	88650
chromosome4	88770
chromosome4	88892
chromosome4	89048
chromosome4	89216
chromosome4	89370
chromosome4	89558
chromosome4	89733
chromosome4	89899
chromosome4	90081
chromosome4	90257
chromosome4	90424
chromosome4	90588
chromosome4	90748
chromosome4	90908
chromosome4	91053
chromosome4	91219
chromosome4	91353
chromosome4	91464
chromosome4	91615
chromosome4	91777
chromosome4	91933
chromosome4	92090
chromosome4	92890
chromosome4	93067
chromosome4	93250
chromosome4	93472
chromosome4	93728
chromosome4	94181
chromosome4	94295
chromosome4	94387
chromosome4	94544
chromosome4	94660
chromosome4	94746
chromosome4	94910
chromosome4	95036
chromosome4	95168
chromosome4	95282
chromosome4	95370
chromosome4	95483
chromosome4	95603
chromosome4	96236
chromosome4	96430
chromosome4	96601
chromosome4	96742
chromosome4	96856
chromosome4	97024
chromosome4	97213
chromosome4	97341
chromosome4	97468
chromosome4	97584
chromosome4	97732
chromosome4	97886
chromosome4	98043
chromosome4	98200
chromosome4	98307
chromosome4	98426
chromosome4	98580
chromosome4	98714
chromosome4	98891
chromosome4	99072
chromosome4	99215
chromosome4	99596
chromosome4	99854
chromosome4	100175
chromosome4	100415
chromosome4	100763
chromosome4	100913
chromosome4	101068
chromosome4	101348
chromosome4	101569
chromosome4	101698
chromosome4	101842
chromosome4	102022
chromosome4	102232
chromosome4	102403
chromosome4	102590
chromosome4	102731
chromosome4	102876
chromosome4	103042
chromosome4	103257
chromosome4	103406
chromosome4	103543
chromosome4	103784
chromosome4	104093
chromosome4	104441
chromosome4	104631
chromosome4	104791
chromosome4	104957
chromosome4	105102
chromosome4	105247
chromosome4	105373
chromosome4	105525
chromosome4	105657
chromosome4	105814
chromosome4	105972
chromosome4	106120
chromosome4	106234
chromosome4	106374
chromosome4	106478
chromosome4	106649
chromosome4	106788
chromosome4	107008
chromosome4	107260
chromosome4	107513
chromosome4	107743
chromosome4	107994
chromosome4	108209
chromosome4	108406
chromosome4	108623
chromosome4	108794
chromosome4	109019
chromosome4	109168
chromosome4	109394
chromosome4	109594
chromosome4	109724
chromosome4	109874
chromosome4	110057
chromosome4	110269
chromosome4	110385
chromosome4	110539
chromosome4	110709
chromosome4	110982
chromosome4	111286
chromosome4	111410
chromosome4	111583
chromosome4	111746
chromosome4	111926
chromosome4	112160
chromosome4	112440
chromosome4	112662
chromosome4	112920
chromosome4	113264
chromosome4	113470
chromosome4	113656
chromosome4	113827
chromosome4	113998
chromosome4	114145
chromosome4	114876
chromosome4	115106
chromosome4	115328
chromosome4	115544
chromosome4	115773
chromosome4	115997
chromosome4	116110
chromosome4	116404
chromosome4	116782
chromosome4	117362
chromosome4	117589
chromosome4	117747
chromosome4	117910
chromosome4	118702
chromosome4	118968
chromosome4	119215
chromosome4	119445
chromosome4	119718
chromosome4	119928
chromosome4	120166
chromosome4	120399
chromosome4	120648
chromosome4	120891
chromosome4	121210
chromosome4	121416
chromosome4	121593
chromosome4	121769
chromosome4	121952
chromosome4	122249
chromosome4	122528
chromosome4	122662
chromosome4	122853
chromosome4	123070
chromosome4	123206
chromosome4	123392
chromosome4	123540
chromosome4	124123
chromosome4	124299
chromosome4	124482
chromosome4	124786
chromosome4	124985
chromosome4	125122
chromosome4	125283
chromosome4	125360
chromosome4	125453
chromosome4	125588
chromosome4	125747
chromosome4	125954
chromosome4	126109
chromosome4	126283
chromosome4	126843
chromosome4	127195
chromosome4	127527
chromosome4	129262
chromosome4	129640
chromosome4	130402
chromosome4	130564
chromosome4	130742
chromosome4	130860
chromosome4	131009
chromosome4	131135
chromosome4	131356
chromosome4	131522
chromosome4	131738
chromosome4	131870
chromosome4	131992
chromosome4	132147
chromosome4	132362
chromosome4	132500
chromosome4	132655
chromosome4	132777
chromosome4	132919
chromosome4	133212
chromosome4	133373
chromosome4	133526
chromosome4	134096
chromosome4	134517
chromosome4	134686
chromosome4	134809
chromosome4	134989
chromosome4	135101
chromosome4	135329
chromosome4	135690
chromosome4	135798
chromosome4	136011
chromosome4	136253
chromosome4	136423
chromosome4	136602
chromosome4	136766
chromosome4	136912
chromosome4	137047
chromosome4	137238
chromosome4	137386
chromosome4	137978
chromosome4	138118
chromosome4	138254
chromosome4	138414
chromosome4	138626
chromosome4	138827
chromosome4	139003
chromosome4	139155
chromosome4	139426
chromosome4	139547
chromosome4	139691
chromosome4	139951
chromosome4	140209
chromosome4	140423
chromosome4	140659
chromosome4	140862
chromosome4	141060
chromosome4	141395
chromosome4	141589
chromosome4	141791
chromosome4	141976
chromosome4	142252
chromosome4	142472
chromosome4	142703
chromosome4	142972
chromosome4	143159
chromosome4	143308
chromosome4	143485
chromosome4	143733
chromosome4	144058
chromosome4	144529
chromosome4	144751
chromosome4	144958
chromosome4	145264
chromosome4	145492
chromosome4	145620
chromosome4	145777
chromosome4	145965
chromosome4	146213
chromosome4	146396
chromosome4	146660
chromosome4	146962
chromosome4	147163
chromosome4	147389
chromosome4	147598
chromosome4	147775
chromosome4	147920
chromosome4	148055
chromosome4	148274
chromosome4	148528
chromosome4	148707
chromosome4	148870
chromosome4	149476
chromosome4	149747
chromosome4	150059
chromosome4	150284
chromosome4	150544
chromosome4	150806
chromosome4	150990
chromosome4	151240
chromosome4	151584
chromosome4	151831
chromosome4	152250
chromosome4	152635
chromosome4	152917
chromosome4	153166
chromosome4	153469
chromosome4	153735
chromosome4	153982
chromosome4	154195
chromosome4	154453
chromosome4	154719
chromosome4	155050
chromosome4	155308
chromosome4	155593
chromosome4	156144
chromosome4	156321
chromosome4	156509
chromosome4	156643
chromosome4	156877
chromosome4	157061
chromosome4	157244
chromosome4	157427
chromosome4	157712
chromosome4	158088
chromosome4	158241
chromosome4	158361
chromosome4	158460
chromosome4	158624
chromosome4	158836
chromosome4	158956
chromosome4	159051
chromosome4	159147
chromosome4	159279
chromosome4	159376
chromosome4	159503
chromosome4	159651
chromosome4	159909
chromosome4	160119
chromosome4	160362
chromosome4	160557
chromosome4	160740
chromosome4	161041
chromosome4	161172
chromosome4	161289
chromosome4	161793
chromosome4	161910
chromosome4	162019
chromosome4	162213
chromosome4	162396
chromosome4	162555
chromosome4	162653
chromosome4	162743
chromosome4	162908
chromosome4	163028
chromosome4	163159
chromosome4	163272
chromosome4	163490
chromosome4	163677
chromosome4	163830
chromosome4	163986
chromosome4	164361
chromosome4	164552
chromosome4	164763
chromosome4	165164
chromosome4	165359
chromosome4	165570
chromosome4	165713
chromosome4	165875
chromosome4	166028
chromosome4	166219
chromosome4	166360
chromosome4	166540
chromosome4	166703
chromosome4	166855
chromosome4	166940
chromosome4	167075
chromosome4	167204
chromosome4	167325
chromosome4	167478
chromosome4	167595
chromosome4	167725
chromosome4	167944
chromosome4	168090
chromosome4	168246
chromosome4	168412
chromosome4	168641
chromosome4	168775
chromosome4	168913
chromosome4	169051
chromosome4	169261
chromosome4	169431
chromosome4	169573
chromosome4	170578
chromosome4	170776
chromosome4	171019
chromosome4	171295
chromosome4	171506
chromosome4	171918
chromosome4	172287
chromosome4	172404
chromosome4	172497
chromosome4	172636
chromosome4	172756
chromosome4	172874
chromosome4	172993
chromosome4	173161
chromosome4	173425
chromosome4	173638
chromosome4	173791
chromosome4	174369
chromosome4	174549
chromosome4	174649
chromosome4	174860
chromosome4	175022
chromosome4	175147
chromosome4	175295
chromosome4	175429
chromosome4	175604
chromosome4	175752
chromosome4	175931
chromosome4	176076
chromosome4	176198
chromosome4	176415
chromosome4	176582
chromosome4	176763
chromosome4	176904
chromosome4	177060
chromosome4	177280
chromosome4	177507
chromosome4	177756
chromosome4	178001
chromosome4	178164
chromosome4	178343
chromosome4	178473
chromosome4	178636
chromosome4	178797
chromosome4	178943
chromosome4	179138
chromosome4	179300
chromosome4	179453
chromosome4	179612
chromosome4	179740
chromosome4	179890
chromosome4	180035
chromosome4	180220
chromosome4	180434
chromosome4	180654
chromosome4	180800
chromosome4	181275
chromosome4	181490
chromosome4	181714
chromosome4	181959
chromosome4	182126
chromosome4	182392
chromosome4	182576
chromosome4	182857
chromosome4	183004
chromosome4	183176
chromosome4	183301
chromosome4	183482
chromosome4	183731
chromosome4	183889
chromosome4	184104
chromosome4	184320
chromosome4	184484
chromosome4	184696
chromosome4	184844
chromosome4	185041
chromosome4	185199
chromosome4	185353
chromosome4	185482
chromosome4	185642
chromosome4	185756
chromosome4	186238
chromosome4	186559
chromosome4	186841
chromosome4	187127
chromosome4	187320
chromosome4	187508
chromosome4	187693
chromosome4	188299
chromosome4	188532
chromosome4	188711
chromosome4	188881
chromosome4	189048
chromosome4	189267
chromosome4	189455
chromosome4	189657
chromosome4	189889
chromosome4	190115
chromosome4	190347
chromosome4	190599
chromosome4	190776
chromosome4	190905
chromosome4	191142
chromosome4	191364
chromosome4	191660
chromosome4	191883
chromosome4	192067
chromosome4	192295
chromosome4	192983
chromosome4	193207
chromosome4	193367
chromosome4	193541
chromosome4	193723
chromosome4	193970
chromosome4	194736
chromosome4	194979
chromosome4	195156
chromosome4	195343
chromosome4	195554
chromosome4	195752
chromosome4	195906
chromosome4	196157
chromosome4	196406
chromosome4	196674
chromosome4	196865
chromosome4	197084
chromosome4	197325
chromosome4	197583
chromosome4	197860
chromosome4	198142
chromosome4	198486
chromosome4	198685
chromosome4	198871
chromosome4	199073
chromosome4	199232
chromosome4	199393
chromosome4	199535
chromosome4	199734
chromosome4	199896
chromosome4	200076
chromosome4	200334
chromosome4	200566
chromosome4	200928
chromosome4	201261
chromosome4	201556
chromosome4	201893
chromosome4	202124
chromosome4	202386
chromosome4	202513
chromosome4	202646
chromosome4	202865
chromosome4	203178
chromosome4	203358
chromosome4	203581
chromosome4	203802
chromosome4	203974
chromosome4	204114
chromosome4	204307
chromosome4	204545
chromosome4	204772
chromosome4	205007
chromosome4	205182
chromosome4	205503
chromosome4	206155
chromosome4	206522
chromosome4	206830
chromosome4	207199
chromosome4	207520
chromosome4	207817
chromosome4	208138
chromosome4	208555
chromosome4	208858
chromosome4	209266
chromosome4	209647
chromosome4	209959
chromosome4	210195
chromosome4	210476
chromosome4	211460
chromosome4	211627
chromosome4	211859
chromosome4	212011
chromosome4	212161
chromosome4	212835
chromosome4	212995
chromosome4	213166
chromosome4	213394
chromosome4	213532
chromosome4	213726
chromosome4	213950
chromosome4	214145
chromosome4	214388
chromosome4	214625
chromosome4	214866
chromosome4	215057
chromosome4	215192
chromosome4	215338
chromosome4	215541
chromosome4	215683
chromosome4	215849
chromosome4	215983
chromosome4	216169
chromosome4	216316
chromosome4	216465
chromosome4	216693
chromosome4	216996
chromosome4	217197
chromosome4	217344
chromosome4	217480
chromosome4	217611
chromosome4	217793
chromosome4	217920
chromosome4	218074
chromosome4	218833
chromosome4	219149
chromosome4	219376
chromosome4	219740
chromosome4	219997
chromosome4	220521
chromosome4	220654
chromosome4	221127
chromosome4	221244
chromosome4	221982
chromosome4	222087
chromosome4	222234
chromosome4	222375
chromosome4	222520
chromosome4	222696
chromosome4	222879
chromosome4	223056
chromosome4	223264
chromosome4	223515
chromosome4	223825
chromosome4	224021
chromosome4	224204
chromosome4	224420
chromosome4	224660
chromosome4	224891
chromosome4	225053
chromosome4	225254
chromosome4	225416
chromosome4	225577
chromosome4	225791
chromosome4	225980
chromosome4	226185
chromosome4	226377
chromosome4	226586
chromosome4	226951
chromosome4	227119
chromosome4	227260
chromosome4	227375
chromosome4	227590
chromosome4	228517
chromosome4	228682
chromosome4	228826
chromosome4	228944
chromosome4	229095
chromosome4	229203
chromosome4	229549
chromosome4	229657
chromosome4	229776
chromosome4	229890
chromosome4	230112
chromosome4	230223
chromosome4	230676
chromosome4	230897
chromosome4	231053
chromosome4	231230
chromosome4	231421
chromosome4	231561
chromosome4	231725
chromosome4	232483
chromosome4	232814
chromosome4	233098
chromosome4	233301
chromosome4	233521
chromosome4	233762
chromosome4	234193
chromosome4	234336
chromosome4	234477
chromosome4	234690
chromosome4	234851
chromosome4	235082
chromosome4	235421
chromosome4	235621
chromosome4	236211
chromosome4	236449
chromosome4	236766
chromosome4	237147
chromosome4	237441
chromosome4	237786
chromosome4	238137
chromosome4	238369
chromosome4	238672
chromosome4	238817
chromosome4	238985
chromosome4	239177
chromosome4	239389
chromosome4	239529
chromosome4	239652
chromosome4	239792
chromosome4	239905
chromosome4	240001
chromosome4	240262
chromosome4	240486
chromosome4	240625
chromosome4	240783
chromosome4	240960
chromosome4	241119
chromosome4	241277
chromosome4	241414
chromosome4	241615
chromosome4	241840
chromosome4	241946
chromosome4	242077
chromosome4	242187
chromosome4	243001
chromosome4	243167
chromosome4	243388
chromosome4	243649
chromosome4	243838
chromosome4	244138
chromosome4	244340
chromosome4	244501
chromosome4	244703
chromosome4	245168
chromosome4	245365
chromosome4	245531
chromosome4	245708
chromosome4	245844
chromosome4	246014
chromosome4	246291
chromosome4	246533
chromosome4	246743
chromosome4	247001
chromosome4	247228
chromosome4	247450
chromosome4	247672
chromosome4	247818
chromosome4	247993
chromosome4	248678
chromosome4	248932
chromosome4	249128
chromosome4	249362
chromosome4	249600
chromosome4	249846
chromosome4	250195
chromosome4	250449
chromosome4	250654
chromosome4	250896
chromosome4	251098
chromosome4	251291
chromosome4	251496
chromosome4	251659
chromosome4	251868
chromosome4	252108
chromosome4	252279
chromosome4	252426
chromosome4	252663
chromosome4	252841
chromosome4	253140
chromosome4	253320
chromosome4	253552
chromosome4	254034
chromosome4	254229
chromosome4	254358
chromosome4	254619
chromosome4	254777
chromosome4	255008
chromosome4	255184
chromosome4	255330
chromosome4	255480
chromosome4	256035
chromosome4	256198
chromosome4	256395
chromosome4	256861
chromosome4	257012
chromosome4	257224
chromosome4	257421
chromosome4	257590
chromosome4	257908
chromosome4	258110
chromosome4	258286
chromosome4	258480
chromosome4	258618
chromosome4	258827
chromosome4	258965
chromosome4	259105
chromosome4	259302
chromosome4	259465
chromosome4	259634
chromosome4	259855
chromosome4	260056
chromosome4	260227
chromosome4	260397
chromosome4	260592
chromosome4	260729
chromosome4	260876
chromosome4	261056
chromosome4	261189
chromosome4	261382
chromosome4	261599
chromosome4	261753
chromosome4	261959
chromosome4	262158
chromosome4	262380
chromosome4	262577
chromosome4	262799
chromosome4	262998
chromosome4	263253
chromosome4	263485
chromosome4	263667
chromosome4	263881
chromosome4	264094
chromosome4	264479
chromosome4	264707
chromosome4	264975
chromosome4	265140
chromosome4	265309
chromosome4	265460
chromosome4	265636
chromosome4	265798
chromosome4	265968
chromosome4	266123
chromosome4	266289
chromosome4	266467
chromosome4	266625
chromosome4	266744
chromosome4	266911
chromosome4	267075
chromosome4	267220
chromosome4	267359
chromosome4	267520
chromosome4	267721
chromosome4	268025
chromosome4	268378
chromosome4	268630
chromosome4	268937
chromosome4	269098
chromosome4	269293
chromosome4	269526
chromosome4	269774
chromosome4	269959
chromosome4	270459
chromosome4	270637
chromosome4	270918
chromosome4	271285
chromosome4	271457
chromosome4	271671
chromosome4	271893
chromosome4	272073
chromosome4	272175
chromosome4	272339
chromosome4	272533
chromosome4	272803
chromosome4	272994
chromosome4	273205
chromosome4	273426
chromosome4	273906
chromosome4	274066
chromosome4	274316
chromosome4	274558
chromosome4	274733
chromosome4	274926
chromosome4	275345
chromosome4	275541
chromosome4	275759
chromosome4	275973
chromosome4	276117
chromosome4	276313
chromosome4	276479
chromosome4	276654
chromosome4	276797
chromosome4	276937
chromosome4	277153
chromosome4	277379
chromosome4	277591
chromosome4	277812
chromosome4	278118
chromosome4	278431
chromosome4	278695
chromosome4	279025
chromosome4	279627
chromosome4	279916
chromosome4	280172
chromosome4	280550
chromosome4	280849
chromosome4	281081
chromosome4	281298
chromosome4	281456
chromosome4	281666
chromosome4	281883
chromosome4	282340
chromosome4	282576
chromosome4	282853
chromosome4	283202
chromosome4	283380
chromosome4	283553
chromosome4	283683
chromosome4	283805
chromosome4	283914
chromosome4	284054
chromosome4	284240
chromosome4	284390
chromosome4	284752
chromosome4	284925
chromosome4	285031
chromosome4	285171
chromosome4	285463
chromosome4	285692
chromosome4	285852
chromosome4	286111
chromosome4	286321
chromosome4	286537
chromosome4	286712
chromosome4	286879
chromosome4	287199
chromosome4	287406
chromosome4	287565
chromosome4	287754
chromosome4	288015
chromosome4	288251
chromosome4	288470
chromosome4	288754
chromosome4	289033
chromosome4	289224
chromosome4	289443
chromosome4	289630
chromosome4	289778
chromosome4	290001
chromosome4	290178
chromosome4	290344
chromosome4	290543
chromosome4	290775
chromosome4	290943
chromosome4	291166
chromosome4	291434
chromosome4	291659
chromosome4	291809
chromosome4	291982
chromosome4	292147
chromosome4	292243
chromosome4	292524
chromosome4	292645
chromosome4	292773
chromosome4	292948
chromosome4	293151
chromosome4	293401
chromosome4	293592
chromosome4	293825
chromosome4	294097
chromosome4	294327
chromosome4	294449
chromosome4	294611
chromosome4	294796
chromosome4	294986
chromosome4	295238
chromosome4	295462
chromosome4	295643
chromosome4	295819
chromosome4	296011
chromosome4	296221
chromosome4	296374
chromosome4	296550
chromosome4	296739
chromosome4	296877
chromosome4	297139
chromosome4	297387
chromosome4	297645
chromosome4	297815
chromosome4	297984
chromosome4	298137
chromosome4	298507
chromosome4	298653
chromosome4	298839
chromosome4	299053
chromosome4	299250
chromosome4	299425
chromosome4	299621
chromosome4	299808
chromosome4	299945
chromosome4	300290
chromosome4	300532
chromosome4	300793
chromosome4	300965
chromosome4	301158
chromosome4	301260
chromosome4	301410
chromosome4	301608
chromosome4	301784
chromosome4	301988
chromosome4	302204
chromosome4	302697
chromosome4	302850
chromosome4	302961
chromosome4	303143
chromosome4	303303
chromosome4	303474
chromosome4	303726
chromosome4	303912
chromosome4	304148
chromosome4	304296
chromosome4	304548
chromosome4	304774
chromosome4	304897
chromosome4	305042
chromosome4	305210
chromosome4	305392
chromosome4	305698
chromosome4	306064
chromosome4	306402
chromosome4	307121
chromosome4	307393
chromosome4	307521
chromosome4	307629
chromosome4	307746
chromosome4	307920
chromosome4	308008
chromosome4	308100
chromosome4	308220
chromosome4	308369
chromosome4	308492
chromosome4	308649
chromosome4	308772
chromosome4	308938
chromosome4	309142
chromosome4	309937
chromosome4	310623
chromosome4	310848
chromosome4	311105
chromosome4	311330
chromosome4	311562
chromosome4	311796
chromosome4	312001
chromosome4	312274
chromosome4	312577
chromosome4	312735
chromosome4	312943
chromosome4	313098
chromosome4	313261
chromosome4	313404
chromosome4	313623
chromosome4	313874
chromosome4	314085
chromosome4	314628
chromosome4	314817
chromosome4	315203
chromosome4	315468
chromosome4	315651
chromosome4	315848
chromosome4	316075
chromosome4	316317
chromosome4	316482
chromosome4	316637
chromosome4	316734
chromosome4	317100
chromosome4	317283
chromosome4	317420
chromosome4	317616
chromosome4	317820
chromosome4	317991
chromosome4	318251
chromosome4	318462
chromosome4	318599
chromosome4	318896
chromosome4	319104
chromosome4	319294
chromosome4	319508
chromosome4	319716
chromosome4	319923
chromosome4	320100
chromosome4	320275
chromosome4	320458
chromosome4	320585
chromosome4	320728
chromosome4	320902
chromosome4	321096
chromosome4	321232
chromosome4	321366
chromosome4	321533
chromosome4	321675
chromosome4	321807
chromosome4	322001
chromosome4	322120
chromosome4	323312
chromosome4	323542
chromosome4	324257
chromosome4	324671
chromosome4	324897
chromosome4	325061
chromosome4	325236
chromosome4	325446
chromosome4	325749
chromosome4	325871
chromosome4	326024
chromosome4	326213
chromosome4	326323
chromosome4	326428
chromosome4	326512
chromosome4	326645
chromosome4	326778
chromosome4	326915
chromosome4	327089
chromosome4	327222
chromosome4	327647
chromosome4	327809
chromosome4	327954
chromosome4	328107
chromosome4	328574
chromosome4	328676
chromosome4	328833
chromosome4	328997
chromosome4	329096
chromosome4	329258
chromosome4	329941
chromosome4	330085
chromosome4	330250
chromosome4	330433
chromosome4	330575
chromosome4	330717
chromosome4	330833
chromosome4	330983
chromosome4	331126
chromosome4	331376
chromosome4	331527
chromosome4	331740
chromosome4	331865
chromosome4	332100
chromosome4	333528
chromosome4	333689
chromosome4	333847
chromosome4	334416
chromosome4	334603
chromosome4	334738
chromosome4	334909
chromosome4	335185
chromosome4	335383
chromosome4	335617
chromosome4	335969
chromosome4	336419
chromosome4	336597
chromosome4	336783
chromosome4	336919
chromosome4	337073
chromosome4	337224
chromosome4	337436
chromosome4	337611
chromosome4	337900
chromosome4	338543
chromosome4	338720
chromosome4	338869
chromosome4	339049
chromosome4	339271
chromosome4	339529
chromosome4	339706
chromosome4	339900
chromosome4	340080
chromosome4	340266
chromosome4	341106
chromosome4	341255
chromosome4	341374
chromosome4	341470
chromosome4	341596
chromosome4	341787
chromosome4	341961
chromosome4	342197
chromosome4	342421
chromosome4	342599
chromosome4	342784
chromosome4	342983
chromosome4	343239
chromosome4	343448
chromosome4	343691
chromosome4	344262
chromosome4	344471
chromosome4	344634
chromosome4	344854
chromosome4	345029
chromosome4	345184
chromosome4	345349
chromosome4	345478
chromosome4	345627
chromosome4	345844
chromosome4	346078
chromosome4	346312
chromosome4	346543
chromosome4	346767
chromosome4	346915
chromosome4	347094
chromosome4	347275
chromosome4	347464
chromosome4	347702
chromosome4	347921
chromosome4	348109
chromosome4	348848
chromosome4	349073
chromosome4	349249
chromosome4	349479
chromosome4	349895
chromosome4	350139
chromosome4	350305
chromosome4	350462
chromosome4	350579
chromosome4	350698
chromosome4	350910
chromosome4	351274
chromosome4	351426
chromosome4	351584
chromosome4	351747
chromosome4	351928
chromosome4	352080
chromosome4	352236
chromosome4	352385
chromosome4	352538
chromosome4	352697
chromosome4	352852
chromosome4	353156
chromosome4	353357
chromosome4	353544
chromosome4	353705
chromosome4	353899
chromosome4	354160
chromosome4	354442
chromosome4	354619
chromosome4	354842
chromosome4	355026
chromosome4	355149
chromosome4	355812
chromosome4	356076
chromosome4	356486
chromosome4	356818
chromosome4	356974
chromosome4	357148
chromosome4	357357
chromosome4	357464
chromosome4	357634
chromosome4	357763
chromosome4	357892
chromosome4	358035
chromosome4	358146
chromosome4	358296
chromosome4	358436
chromosome4	358556
chromosome4	358934
chromosome4	359047
chromosome4	359223
chromosome4	359629
chromosome4	360050
chromosome4	360211
chromosome4	360326
chromosome4	360517
chromosome4	360676
chromosome4	360879
chromosome4	361079
chromosome4	361299
chromosome4	361473
chromosome4	361912
chromosome4	362052
chromosome4	362655
chromosome4	362812
chromosome4	362999
chromosome4	363245
chromosome4	363413
chromosome4	363610
chromosome4	363713
chromosome4	363823
chromosome4	363985
chromosome4	364230
chromosome4	364411
chromosome4	364611
chromosome4	364776
chromosome4	365271
chromosome4	365417
chromosome4	365540
chromosome4	365666
chromosome4	365790
chromosome4	365966
chromosome4	366105
chromosome4	366307
chromosome4	366620
chromosome4	366772
chromosome4	366979
chromosome4	367156
chromosome4	367312
chromosome4	367461
chromosome4	367569
chromosome4	367667
chromosome4	367788
chromosome4	367902
chromosome4	368024
chromosome4	368129
chromosome4	368266
chromosome4	368405
chromosome4	368634
chromosome4	368840
chromosome4	369654
chromosome4	369863
chromosome4	370118
chromosome4	370382
chromosome4	370652
chromosome4	371234
chromosome4	371382
chromosome4	371571
chromosome4	371742
chromosome4	371865
chromosome4	372026
chromosome4	372146
chromosome4	372277
chromosome4	372541
chromosome4	372766
chromosome4	372984
chromosome4	373202
chromosome4	373399
chromosome4	373618
chromosome4	373761
chromosome4	373918
chromosome4	374201
chromosome4	374412
chromosome4	374600
chromosome4	374755
chromosome4	374942
chromosome4	375119
chromosome4	375318
chromosome4	375452
chromosome4	375675
chromosome4	375837
chromosome4	375999
chromosome4	376289
chromosome4	376482
chromosome4	376829
chromosome4	377044
chromosome4	377279
chromosome4	377546
chromosome4	377854
chromosome4	378052
chromosome4	378218
chromosome4	378386
chromosome4	378533
chromosome4	378645
chromosome4	378764
chromosome4	379005
chromosome4	379167
chromosome4	379376
chromosome4	379621
chromosome4	379829
chromosome4	380063
chromosome4	380266
chromosome4	380415
chromosome4	380659
chromosome4	380897
chromosome4	381093
chromosome4	381316
chromosome4	381503
chromosome4	381680
chromosome4	382055
chromosome4	382223
chromosome4	382395
chromosome4	382517
chromosome4	382655
chromosome4	382778
chromosome4	382904
chromosome4	383065
chromosome4	385124
chromosome4	385339
chromosome4	385515
chromosome4	385684
chromosome4	385813
chromosome4	386214
chromosome4	386373
chromosome4	387448
chromosome4	387655
chromosome4	387828
chromosome4	388038
chromosome4	388316
chromosome4	388480
chromosome4	388716
chromosome4	388879
chromosome4	389012
chromosome4	389159
chromosome4	389291
chromosome4	389463
chromosome4	389618
chromosome4	389798
chromosome4	390027
chromosome4	390183
chromosome4	390320
chromosome4	390695
chromosome4	390856
chromosome4	391013
chromosome4	391171
chromosome4	391403
chromosome4	391586
chromosome4	391779
chromosome4	392008
chromosome4	392545
chromosome4	392660
chromosome4	392793
chromosome4	392945
chromosome4	393178
chromosome4	393389
chromosome4	393567
chromosome4	393751
chromosome4	393932
chromosome4	394117
chromosome4	394323
chromosome4	394458
chromosome4	394720
chromosome4	394975
chromosome4	395266
chromosome4	395453
chromosome4	395674
chromosome4	395938
chromosome4	396154
chromosome4	396383
chromosome4	396687
chromosome4	396913
chromosome4	397073
chromosome4	397251
chromosome4	397411
chromosome4	397566
chromosome4	397758
chromosome4	397929
chromosome4	398105
chromosome4	398285
chromosome4	398394
chromosome4	398612
chromosome4	398862
chromosome4	399024
chromosome4	399405
chromosome4	399639
chromosome4	399993
chromosome4	400343
chromosome4	400607
chromosome4	401201
chromosome4	401462
chromosome4	401776
chromosome4	402070
chromosome4	402278
chromosome4	402464
chromosome4	402690
chromosome4	402924
chromosome4	403127
chromosome4	403347
chromosome4	403856
chromosome4	404049
chromosome4	404276
chromosome4	404627
chromosome4	404784
chromosome4	404916
chromosome4	405064
chromosome4	405525
chromosome4	405695
chromosome4	405953
chromosome4	406162
chromosome4	406385
chromosome4	406607
chromosome4	406813
chromosome4	406968
chromosome4	407139
chromosome4	407332
chromosome4	407490
chromosome4	407670
chromosome4	408339
chromosome4	408489
chromosome4	408635
chromosome4	408766
chromosome4	408941
chromosome4	409112
chromosome4	409265
chromosome4	409433
chromosome4	409597
chromosome4	409791
chromosome4	409902
chromosome4	410042
chromosome4	410225
chromosome4	410347
chromosome4	410500
chromosome4	410700
chromosome4	411003
chromosome4	411137
chromosome4	411923
chromosome4	412241
chromosome4	412456
chromosome4	412773
chromosome4	413345
chromosome4	413463
chromosome4	413749
chromosome4	414174
chromosome4	414366
chromosome4	414600
chromosome4	414843
chromosome4	415378
chromosome4	415532
chromosome4	415651
chromosome4	415810
chromosome4	415968
chromosome4	416181
chromosome4	416324
chromosome4	416499
chromosome4	416679
chromosome4	416962
chromosome4	417103
chromosome4	417227
chromosome4	417345
chromosome4	417490
chromosome4	417754
chromosome4	418016
chromosome4	418262
chromosome4	418602
chromosome4	418856
chromosome4	419044
chromosome4	419161
chromosome4	419332
chromosome4	419499
chromosome4	419664
chromosome4	419909
chromosome4	420097
chromosome4	420272
chromosome4	420492
chromosome4	420682
chromosome4	420858
chromosome4	421085
chromosome4	421272
chromosome4	421489
chromosome4	421667
chromosome4	421819
chromosome4	421989
chromosome4	422142
chromosome4	422248
chromosome4	422422
chromosome4	422544
chromosome4	422675
chromosome4	422857
chromosome4	423088
chromosome4	423266
chromosome4	423515
chromosome4	423720
chromosome4	423835
chromosome4	423995
chromosome4	424156
chromosome4	424301
chromosome4	424511
chromosome4	424697
chromosome4	424896
chromosome4	425090
chromosome4	425324
chromosome4	425510
chromosome4	425714
chromosome4	425996
chromosome4	426220
chromosome4	426419
chromosome4	426646
chromosome4	426813
chromosome4	427681
chromosome4	427945
chromosome4	428203
chromosome4	428725
chromosome4	428965
chromosome4	429103
chromosome4	429263
chromosome4	429424
chromosome4	429579
chromosome4	429745
chromosome4	429894
chromosome4	430060
chromosome4	430261
chromosome4	430445
chromosome4	430656
chromosome4	430819
chromosome4	430959
chromosome4	431116
chromosome4	431290
chromosome4	431452
chromosome4	431615
chromosome4	431754
chromosome4	431893
chromosome4	432043
chromosome4	432185
chromosome4	432329
chromosome4	432489
chromosome4	432629
chromosome4	432782
chromosome4	432937
chromosome4	433288
chromosome4	433506
chromosome4	433649
chromosome4	433827
chromosome4	433973
chromosome4	434276
chromosome4	437896
chromosome4	438036
chromosome4	438259
chromosome4	438535
chromosome4	438808
chromosome4	439078
chromosome4	439476
chromosome4	439649
chromosome4	439939
chromosome4	440250
chromosome4	440592
chromosome4	440846
chromosome4	441024
chromosome4	441212
chromosome4	441480
chromosome4	441672
chromosome4	441836
chromosome4	442118
chromosome4	442346
chromosome4	442821
chromosome4	443014
chromosome4	443334
chromosome4	443575
chromosome4	443973
chromosome4	444555
chromosome4	444708
chromosome4	444942
chromosome4	445187
chromosome4	445385
chromosome4	445578
chromosome4	445690
chromosome4	445817
chromosome4	446005
chromosome4	446170
chromosome4	446329
chromosome4	447264
chromosome4	447486
chromosome4	447663
chromosome4	447890
chromosome4	448046
chromosome4	448271
chromosome4	448463
chromosome4	448781
chromosome4	449051
chromosome4	450357
chromosome4	450625
chromosome4	450856
chromosome4	451063
chromosome4	451236
chromosome4	451405
chromosome4	451651
chromosome4	451897
chromosome4	452077
chromosome4	452317
chromosome4	452507
chromosome4	453305
chromosome4	453550
chromosome4	453827
chromosome4	453962
chromosome4	454168
chromosome4	454373
chromosome4	454587
chromosome4	454714
chromosome4	454852
chromosome4	454959
chromosome4	455168
chromosome4	455335
chromosome4	455510
chromosome4	455729
chromosome4	455898
chromosome4	456106
chromosome4	456257
chromosome4	456408
chromosome4	456568
chromosome4	457004
chromosome4	457201
chromosome4	457388
chromosome4	457541
chromosome4	457694
chromosome4	457846
chromosome4	458075
chromosome4	458192
chromosome4	458340
chromosome4	458751
chromosome4	458890
chromosome4	459095
chromosome4	459256
chromosome4	459418
chromosome4	459637
chromosome4	459831
chromosome4	460042
chromosome4	460225
chromosome4	460357
chromosome4	460531
chromosome4	460669
chromosome4	460807
chromosome4	460937
chromosome4	461080
chromosome4	461251
chromosome4	461372
chromosome4	461514
chromosome4	461692
chromosome4	461856
chromosome4	462002
chromosome4	462162
chromosome4	462295
chromosome4	462474
chromosome4	462837
chromosome4	462936
chromosome4	463061
chromosome4	463150
chromosome4	463295
chromosome4	463472
chromosome4	463610
chromosome4	463827
chromosome4	463970
chromosome4	464083
chromosome4	464237
chromosome4	464339
chromosome4	464479
chromosome4	464609
chromosome4	464745
chromosome4	464889
chromosome4	465013
chromosome4	465281
chromosome4	465485
chromosome4	465583
chromosome4	465801
chromosome4	465963
chromosome4	466056
chromosome4	466137
chromosome4	466270
chromosome4	466410
chromosome4	466572
chromosome4	466736
chromosome4	466895
chromosome4	467079
chromosome4	467232
chromosome4	467393
chromosome4	467547
chromosome4	467722
chromosome4	468000
chromosome4	468186
chromosome4	468381
chromosome4	468531
chromosome4	468690
chromosome4	468869
chromosome4	469065
chromosome4	469220
chromosome4	469370
chromosome4	469544
chromosome4	469705
chromosome4	469863
chromosome4	470016
chromosome4	470190
chromosome4	470986
chromosome4	471472
chromosome4	472659
chromosome4	473131
chromosome4	473529
chromosome4	473816
chromosome4	474005
chromosome4	474188
chromosome4	474315
chromosome4	474489
chromosome4	475143
chromosome4	475319
chromosome4	475466
chromosome4	475623
chromosome4	476093
chromosome4	476919
chromosome4	477121
chromosome4	477267
chromosome4	477409
chromosome4	477538
chromosome4	477680
chromosome4	477810
chromosome4	477973
chromosome4	478099
chromosome4	478239
chromosome4	478426
chromosome4	478606
chromosome4	478790
chromosome4	478911
chromosome4	479280
chromosome4	479496
chromosome4	479791
chromosome4	480096
chromosome4	480242
chromosome4	480414
chromosome4	480587
chromosome4	480764
chromosome4	480939
chromosome4	481167
chromosome4	481383
chromosome4	481573
chromosome4	481770
chromosome4	481928
chromosome4	482223
chromosome4	482884
chromosome4	483055
chromosome4	483224
chromosome4	483393
chromosome4	483566
chromosome4	483732
chromosome4	483865
chromosome4	484166
chromosome4	484308
chromosome4	484494
chromosome4	484679
chromosome4	484868
chromosome4	485038
chromosome4	485248
chromosome4	485399
chromosome4	485549
chromosome4	485673
chromosome4	485852
chromosome4	486094
chromosome4	486469
chromosome4	486618
chromosome4	486891
chromosome4	487160
chromosome4	487437
chromosome4	487769
chromosome4	488030
chromosome4	488170
chromosome4	488330
chromosome4	488481
chromosome4	488600
chromosome4	488730
chromosome4	489036
chromosome4	489247
chromosome4	489847
chromosome4	490188
chromosome4	490539
chromosome4	491062
chromosome4	491193
chromosome4	491326
chromosome4	491467
chromosome4	491687
chromosome4	491831
chromosome4	492033
chromosome4	492527
chromosome4	492725
chromosome4	492926
chromosome4	493073
chromosome4	493277
chromosome4	493495
chromosome4	493625
chromosome4	493755
chromosome4	493923
chromosome4	494160
chromosome4	494305
chromosome4	494431
chromosome4	494732
chromosome4	494955
chromosome4	495160
chromosome4	495464
chromosome4	495691
chromosome4	496019
chromosome4	496233
chromosome4	496415
chromosome4	496580
chromosome4	496756
chromosome4	496935
chromosome4	497206
chromosome4	497388
chromosome4	497557
chromosome4	497709
chromosome4	497866
chromosome4	498045
chromosome4	498255
chromosome4	498475
chromosome4	498602
chromosome4	498811
chromosome4	499027
chromosome4	499227
chromosome4	499463
chromosome4	499679
chromosome4	499815
chromosome4	500077
chromosome4	500451
chromosome4	500675
chromosome4	500873
chromosome4	501016
chromosome4	501369
chromosome4	501579
chromosome4	501688
chromosome4	501828
chromosome4	502022
chromosome4	502163
chromosome4	502308
chromosome4	502499
chromosome4	502713
chromosome4	502851
chromosome4	503097
chromosome4	503250
chromosome4	503429
chromosome4	503627
chromosome4	503759
chromosome4	504180
chromosome4	504431
chromosome4	504910
chromosome4	505075
chromosome4	505685
chromosome4	505826
chromosome4	506060
chromosome4	506247
chromosome4	506560
chromosome4	506876
chromosome4	507197
chromosome4	507439
chromosome4	507584
chromosome4	508305
chromosome4	508557
chromosome4	508794
chromosome4	509013
chromosome4	509809
chromosome4	510280
chromosome4	510702
chromosome4	510888
chromosome4	511073
chromosome4	511204
chromosome4	511360
chromosome4	511480
chromosome4	511660
chromosome4	511819
chromosome4	511975
chromosome4	512115
chromosome4	512253
chromosome4	512376
chromosome4	512494
chromosome4	512602
chromosome4	521089
chromosome4	521409
chromosome4	521527
chromosome4	521839
chromosome4	522032
chromosome4	522214
chromosome4	522433
chromosome4	522601
chromosome4	522853
chromosome4	523454
chromosome4	523620
chromosome4	523868
chromosome4	524035
chromosome4	524216
chromosome4	525463
chromosome4	525805
chromosome4	526072
chromosome4	526375
chromosome4	526604
chromosome4	526763
chromosome4	527030
chromosome4	538846
chromosome4	538978
chromosome4	539220
chromosome4	539377
chromosome4	539499
chromosome4	539607
chromosome4	539723
chromosome4	539890
chromosome4	540156
chromosome4	540341
chromosome4	540647
chromosome4	540795
chromosome4	541354
chromosome4	541495
chromosome4	541759
chromosome4	541870
chromosome4	542035
chromosome4	542176
chromosome4	542338
chromosome4	542500
chromosome4	542726
chromosome4	542928
chromosome4	543086
chromosome4	543232
chromosome4	543403
chromosome4	543526
chromosome4	543668
chromosome4	543810
chromosome4	543990
chromosome4	544521
chromosome4	545117
chromosome4	545233
chromosome4	545345
chromosome4	545464
chromosome4	545599
chromosome4	545717
chromosome4	545864
chromosome4	546024
chromosome4	546149
chromosome4	546317
chromosome4	546473
chromosome4	546827
chromosome4	547073
chromosome4	547304
chromosome4	547529
chromosome4	548131
chromosome4	548320
chromosome4	548809
chromosome4	548968
chromosome4	549148
chromosome4	549302
chromosome4	549467
chromosome4	549595
chromosome4	549747
chromosome4	549917
chromosome4	550078
chromosome4	550280
chromosome4	550429
chromosome4	550550
chromosome4	550652
chromosome4	550745
chromosome4	550893
chromosome4	551022
chromosome4	551140
chromosome4	551292
chromosome4	551420
chromosome4	551583
chromosome4	551731
chromosome4	552116
chromosome4	552396
chromosome4	552610
chromosome4	552830
chromosome4	553317
chromosome4	553452
chromosome4	553618
chromosome4	553760
chromosome4	553894
chromosome4	554087
chromosome4	554277
chromosome4	554418
chromosome4	554533
chromosome4	554704
chromosome4	554851
chromosome4	554961
chromosome4	555113
chromosome4	556155
chromosome4	556658
chromosome4	556814
chromosome4	556964
chromosome4	557105
chromosome4	557321
chromosome4	557719
chromosome4	557892
chromosome4	558070
chromosome4	558449
chromosome4	558652
chromosome4	558829
chromosome4	558928
chromosome4	559051
chromosome4	559233
chromosome4	559337
chromosome4	559450
chromosome4	559625
chromosome4	559807
chromosome4	559974
chromosome4	560213
chromosome4	560397
chromosome4	560547
chromosome4	560736
chromosome4	561343
chromosome4	561491
chromosome4	561649
chromosome4	561911
chromosome4	562133
chromosome4	562381
chromosome4	562485
chromosome4	562671
chromosome4	562762
chromosome4	563043
chromosome4	563197
chromosome4	563349
chromosome4	563444
chromosome4	563598
chromosome4	563728
chromosome4	563938
chromosome4	564165
chromosome4	564330
chromosome4	564453
chromosome4	564598
chromosome4	564721
chromosome4	565056
chromosome4	565241
chromosome4	565344
chromosome4	565468
chromosome4	565589
chromosome4	565740
chromosome4	565887
chromosome4	566019
chromosome4	566128
chromosome4	566251
chromosome4	566418
chromosome4	566568
chromosome4	566711
chromosome4	566848
chromosome4	567006
chromosome4	567103
chromosome4	567217
chromosome4	567333
chromosome4	567474
chromosome4	567800
chromosome4	567978
chromosome4	568149
chromosome4	568317
chromosome4	568484
chromosome4	568836
chromosome4	569019
chromosome4	569209
chromosome4	569335
chromosome4	569495
chromosome4	569638
chromosome4	569820
chromosome4	569925
chromosome4	570100
chromosome4	570470
chromosome4	570606
chromosome4	570726
chromosome4	570809
chromosome4	570923
chromosome4	571043
chromosome4	571160
chromosome4	571302
chromosome4	571505
chromosome4	571701
chromosome4	571951
chromosome4	572229
chromosome4	572388
chromosome4	572535
chromosome4	572709
chromosome4	572834
chromosome4	572951
chromosome4	573105
chromosome4	573253
chromosome4	573438
chromosome4	573642
chromosome4	574011
chromosome4	574293
chromosome4	574386
chromosome4	574515
chromosome4	574677
chromosome4	574813
chromosome4	574939
chromosome4	575054
chromosome4	575218
chromosome4	575342
chromosome4	575446
chromosome4	575568
chromosome4	575752
chromosome4	575948
chromosome4	576758
chromosome4	577007
chromosome4	577190
chromosome4	577466
chromosome4	577667
chromosome4	577845
chromosome4	578120
chromosome4	578719
chromosome4	578849
chromosome4	579011
chromosome4	579432
chromosome4	579549
chromosome4	579721
chromosome4	579841
chromosome4	579991
chromosome4	580248
chromosome4	580738
chromosome4	580902
chromosome4	581050
chromosome4	581208
chromosome4	581359
chromosome4	581487
chromosome4	581687
chromosome4	582002
chromosome4	582132
chromosome4	582288
chromosome4	582400
chromosome4	582545
chromosome4	582675
chromosome4	582910
chromosome4	583094
chromosome4	583271
chromosome4	583371
chromosome4	583518
chromosome4	583688
chromosome4	583823
chromosome4	583944
chromosome4	584100
chromosome4	584258
chromosome4	584802
chromosome4	584937
chromosome4	585161
chromosome4	585331
chromosome4	585488
chromosome4	585677
chromosome4	585841
chromosome4	586025
chromosome4	586144
chromosome4	586278
chromosome4	586400
chromosome4	586496
chromosome4	586645
chromosome4	587186
chromosome4	587686
chromosome4	588175
chromosome4	588310
chromosome4	588413
chromosome4	588494
chromosome4	588612
chromosome4	588939
chromosome4	589138
chromosome4	589376
chromosome4	589950
chromosome4	590097
chromosome4	590210
chromosome4	590301
chromosome4	590397
chromosome4	590499
chromosome4	590640
chromosome4	590742
chromosome4	590858
chromosome4	591010
chromosome4	591126
chromosome4	591250
chromosome4	591392
chromosome4	591547
chromosome4	591836
chromosome4	591936
chromosome4	592042
chromosome4	592147
chromosome4	592277
chromosome4	592411
chromosome4	593326
chromosome4	593473
chromosome4	593604
chromosome4	593773
chromosome4	593868
chromosome4	593996
chromosome4	594129
chromosome4	594255
chromosome4	594387
chromosome4	594561
chromosome4	594727
chromosome4	594864
chromosome4	595053
chromosome4	595199
chromosome4	595392
chromosome4	595526
chromosome4	595683
chromosome4	595864
chromosome4	596040
chromosome4	596192
chromosome4	596405
chromosome4	596574
chromosome4	596955
chromosome4	597070
chromosome4	597281
chromosome4	597488
chromosome4	597694
chromosome4	597968
chromosome4	598611
chromosome4	598764
chromosome4	598909
chromosome4	599063
chromosome4	599207
chromosome4	599346
chromosome4	599513
chromosome4	599607
chromosome4	599785
chromosome4	599879
chromosome4	600005
chromosome4	600097
chromosome4	600189
chromosome4	600341
chromosome4	600466
chromosome4	600615
chromosome4	600882
chromosome4	601656
chromosome4	601812
chromosome4	601938
chromosome4	602154
chromosome4	602360
chromosome4	602566
chromosome4	602925
chromosome4	603070
chromosome4	603348
chromosome4	603737
chromosome4	604038
chromosome4	604182
chromosome4	604550
chromosome4	604721
chromosome4	604904
chromosome4	605062
chromosome4	605253
chromosome4	605501
chromosome4	605748
chromosome4	605876
chromosome4	606007
chromosome4	606641
chromosome4	607658
chromosome4	607756
chromosome4	607890
chromosome4	608011
chromosome4	608158
chromosome4	608324
chromosome4	608639
chromosome4	608909
chromosome4	609065
chromosome4	609265
chromosome4	609439
chromosome4	609626
chromosome4	609856
chromosome4	610010
chromosome4	610166
chromosome4	610315
chromosome4	610448
chromosome4	610584
chromosome4	610726
chromosome4	610840
chromosome4	610991
chromosome4	611092
chromosome4	611202
chromosome4	611332
chromosome4	611455
chromosome4	611578
chromosome4	611742
chromosome4	611873
chromosome4	612335
chromosome4	612483
chromosome4	612699
chromosome4	612861
chromosome4	613039
chromosome4	613412
chromosome4	613534
chromosome4	613710
chromosome4	613911
chromosome4	614050
chromosome4	614205
chromosome4	614410
chromosome4	614539
chromosome4	614621
chromosome4	614736
chromosome4	614849
chromosome4	614967
chromosome4	615094
chromosome4	615247
chromosome4	615386
chromosome4	615509
chromosome4	615623
chromosome4	615757
chromosome4	615921
chromosome4	616023
chromosome4	616158
chromosome4	616325
chromosome4	616531
chromosome4	616670
chromosome4	617042
chromosome4	617237
chromosome4	617446
chromosome4	617620
chromosome4	617787
chromosome4	617967
chromosome4	618142
chromosome4	618288
chromosome4	618400
chromosome4	618589
chromosome4	618752
chromosome4	618933
chromosome4	619076
chromosome4	619226
chromosome4	619379
chromosome4	619495
chromosome4	619673
chromosome4	619783
chromosome4	620707
chromosome4	620861
chromosome4	621282
chromosome4	621372
chromosome4	621519
chromosome4	621663
chromosome4	622475
chromosome4	622613
chromosome4	622803
chromosome4	622923
chromosome4	623039
chromosome4	623174
chromosome4	623320
chromosome4	623431
chromosome4	623577
chromosome4	623712
chromosome4	623947
chromosome4	624088
chromosome4	624210
chromosome4	624325
chromosome4	624478
chromosome4	624877
chromosome4	625008
chromosome4	625145
chromosome4	625258
chromosome4	625393
chromosome4	625534
chromosome4	625699
chromosome4	625878
chromosome4	626125
chromosome4	626321
chromosome4	626930
chromosome4	627236
chromosome4	627477
chromosome4	627736
chromosome4	627968
chromosome4	628214
chromosome4	628538
chromosome4	629014
chromosome4	629125
chromosome4	629625
chromosome4	629749
chromosome4	629866
chromosome4	630023
chromosome4	630160
chromosome4	630311
chromosome4	630504
chromosome4	631025
chromosome4	631135
chromosome4	631334
chromosome4	631525
chromosome4	631681
chromosome4	631838
chromosome4	631950
chromosome4	632164
chromosome4	632374
chromosome4	632505
chromosome4	632703
chromosome4	632866
chromosome4	633021
chromosome4	633207
chromosome4	633393
chromosome4	633558
chromosome4	633681
chromosome4	633831
chromosome4	633975
chromosome4	634104
chromosome4	634276
chromosome4	634426
chromosome4	634570
chromosome4	634692
chromosome4	634857
chromosome4	635042
chromosome4	635196
chromosome4	635373
chromosome4	635550
chromosome4	635718
chromosome4	635847
chromosome4	635968
chromosome4	636108
chromosome4	636508
chromosome4	636648
chromosome4	636839
chromosome4	637288
chromosome4	637357
chromosome4	637484
chromosome4	637598
chromosome4	637751
chromosome4	637956
chromosome4	638098
chromosome4	638245
chromosome4	638343
chromosome4	638514
chromosome4	638617
chromosome4	638788
chromosome4	638929
chromosome4	639073
chromosome4	639247
chromosome4	639433
chromosome4	639640
chromosome4	640311
chromosome4	640483
chromosome4	640652
chromosome4	640823
chromosome4	640994
chromosome4	641156
chromosome4	641321
chromosome4	641492
chromosome4	641633
chromosome4	641734
chromosome4	641900
chromosome4	642068
chromosome4	642232
chromosome4	642373
chromosome4	642504
chromosome4	642656
chromosome4	642848
chromosome4	643042
chromosome4	643163
chromosome4	643285
chromosome4	643497
chromosome4	643630
chromosome4	643726
chromosome4	643855
chromosome4	643973
chromosome4	644173
chromosome4	644370
chromosome4	644548
chromosome4	644751
chromosome4	644918
chromosome4	645135
chromosome4	652118
chromosome4	652332
chromosome4	652449
chromosome4	652587
chromosome4	653121
chromosome4	653675
chromosome4	653840
chromosome4	654039
chromosome4	654299
chromosome4	654929
chromosome4	655084
chromosome4	655299
chromosome4	655471
chromosome4	655815
chromosome4	655978
chromosome4	656129
chromosome4	656368
chromosome4	656495
chromosome4	656658
chromosome4	656867
chromosome4	656981
chromosome4	657126
chromosome4	657300
chromosome4	657453
chromosome4	657641
chromosome4	657795
chromosome4	657976
chromosome4	658360
chromosome4	658514
chromosome4	658646
chromosome4	658809
chromosome4	659015
chromosome4	659153
chromosome4	659312
chromosome4	659438
chromosome4	659570
chromosome4	659711
chromosome4	659828
chromosome4	660032
chromosome4	660155
chromosome4	660283
chromosome4	660407
chromosome4	660566
chromosome4	660713
chromosome4	660834
chromosome4	660919
chromosome4	661181
chromosome4	661364
chromosome4	661480
chromosome4	661641
chromosome4	661830
chromosome4	661956
chromosome4	662082
chromosome4	662271
chromosome4	662444
chromosome4	662633
chromosome4	662783
chromosome4	663152
chromosome4	663306
chromosome4	663468
chromosome4	663611
chromosome4	663743
chromosome4	663873
chromosome4	663978
chromosome4	664093
chromosome4	664244
chromosome4	664395
chromosome4	664503
chromosome4	664661
chromosome4	664829
chromosome4	664972
chromosome4	665113
chromosome4	665538
chromosome4	665724
chromosome4	665901
chromosome4	666085
chromosome4	666327
chromosome4	666494
chromosome4	666690
chromosome4	666808
chromosome4	666947
chromosome4	667090
chromosome4	667257
chromosome4	667379
chromosome4	667488
chromosome4	667613
chromosome4	667729
chromosome4	667864
chromosome4	667965
chromosome4	669221
chromosome4	669436
chromosome4	669564
chromosome4	669713
chromosome4	669874
chromosome4	670045
chromosome4	670200
chromosome4	670345
chromosome4	670452
chromosome4	670622
chromosome4	670777
chromosome4	670933
chromosome4	671177
chromosome4	671379
chromosome4	671544
chromosome4	671742
chromosome4	672010
chromosome4	672153
chromosome4	672270
chromosome4	672442
chromosome4	672597
chromosome4	672788
chromosome4	672972
chromosome4	673106
chromosome4	673278
chromosome4	673611
chromosome4	673744
chromosome4	673858
chromosome4	673996
chromosome4	674149
chromosome4	674252
chromosome4	674365
chromosome4	674459
chromosome4	674600
chromosome4	674699
chromosome4	674834
chromosome4	674978
chromosome4	675149
chromosome4	675259
chromosome4	675373
chromosome4	675543
chromosome4	675651
chromosome4	675796
chromosome4	675957
chromosome4	676115
chromosome4	676255
chromosome4	676431
chromosome4	676609
chromosome4	676822
chromosome4	677014
chromosome4	677217
chromosome4	677408
chromosome4	677569
chromosome4	677784
chromosome4	678532
chromosome4	678775
chromosome4	679021
chromosome4	679197
chromosome4	679400
chromosome4	679612
chromosome4	679795
chromosome4	679949
chromosome4	680324
chromosome4	680429
chromosome4	680589
chromosome4	680701
chromosome4	680866
chromosome4	681020
chromosome4	681222
chromosome4	681379
chromosome4	681559
chromosome4	681731
chromosome4	681917
chromosome4	682149
chromosome4	682324
chromosome4	682835
chromosome4	683075
chromosome4	683325
chromosome4	683544
chromosome4	684067
chromosome4	684232
chromosome4	684411
chromosome4	684570
chromosome4	684711
chromosome4	684940
chromosome4	685054
chromosome4	685238
chromosome4	685443
chromosome4	685603
chromosome4	685742
chromosome4	685935
chromosome4	686121
chromosome4	686286
chromosome4	686458
chromosome4	686675
chromosome4	686846
chromosome4	686989
chromosome4	687190
chromosome4	687349
chromosome4	687524
chromosome4	687675
chromosome4	687830
chromosome4	688302
chromosome4	688449
chromosome4	688585
chromosome4	688738
chromosome4	688853
chromosome4	689080
chromosome4	689278
chromosome4	689428
chromosome4	689612
chromosome4	689810
chromosome4	690065
chromosome4	690284
chromosome4	690695
chromosome4	690835
chromosome4	690976
chromosome4	691199
chromosome4	691694
chromosome4	691908
chromosome4	692077
chromosome4	692305
chromosome4	692554
chromosome4	692743
chromosome4	692923
chromosome4	693110
chromosome4	693258
chromosome4	693436
chromosome4	693712
chromosome4	693915
chromosome4	694042
chromosome4	694210
chromosome4	694361
chromosome4	694513
chromosome4	694682
chromosome4	694879
chromosome4	695032
chromosome4	695342
chromosome4	695653
chromosome4	695945
chromosome4	696134
chromosome4	696300
chromosome4	696424
chromosome4	696621
chromosome4	696817
chromosome4	696970
chromosome4	697144
chromosome4	697387
chromosome4	697587
chromosome4	697712
chromosome4	698144
chromosome4	698290
chromosome4	698424
chromosome4	698555
chromosome4	698763
chromosome4	698907
chromosome4	699127
chromosome4	699279
chromosome4	699474
chromosome4	699710
chromosome4	699938
chromosome4	700072
chromosome4	700251
chromosome4	700395
chromosome4	700570
chromosome4	700740
chromosome4	700912
chromosome4	701064
chromosome4	701231
chromosome4	701358
chromosome4	701500
chromosome4	701711
chromosome4	701997
chromosome4	702232
chromosome4	702405
chromosome4	702578
chromosome4	702768
chromosome4	702899
chromosome4	703275
chromosome4	703497
chromosome4	703657
chromosome4	703903
chromosome4	704106
chromosome4	704285
chromosome4	704447
chromosome4	704660
chromosome4	704900
chromosome4	705158
chromosome4	705383
chromosome4	705635
chromosome4	705818
chromosome4	706073
chromosome4	706401
chromosome4	706665
chromosome4	706930
chromosome4	707201
chromosome4	707411
chromosome4	707645
chromosome4	707822
chromosome4	708056
chromosome4	708297
chromosome4	708557
chromosome4	708792
chromosome4	708974
chromosome4	709210
chromosome4	709455
chromosome4	709666
chromosome4	709989
chromosome4	710211
chromosome4	710421
chromosome4	710623
chromosome4	710799
chromosome4	710971
chromosome4	711230
chromosome4	711419
chromosome4	711605
chromosome4	711798
chromosome4	711982
chromosome4	712179
chromosome4	712326
chromosome4	712464
chromosome4	712623
chromosome4	712818
chromosome4	713074
chromosome4	713438
chromosome4	713637
chromosome4	713966
chromosome4	714204
chromosome4	714407
chromosome4	714725
chromosome4	714962
chromosome4	715254
chromosome4	715415
chromosome4	715627
chromosome4	715837
chromosome4	715994
chromosome4	716133
chromosome4	716325
chromosome4	716517
chromosome4	716653
chromosome4	716918
chromosome4	717096
chromosome4	717306
chromosome4	717482
chromosome4	717636
chromosome4	717759
chromosome4	717962
chromosome4	718160
chromosome4	718466
chromosome4	718965
chromosome4	719160
chromosome4	719351
chromosome4	719502
chromosome4	719689
chromosome4	719876
chromosome4	720099
chromosome4	720309
chromosome4	721237
chromosome4	721462
chromosome4	721594
chromosome4	721799
chromosome4	721948
chromosome4	722044
chromosome4	722450
chromosome4	722585
chromosome4	722800
chromosome4	723065
chromosome4	723307
chromosome4	723535
chromosome4	723774
chromosome4	724036
chromosome4	724304
chromosome4	724564
chromosome4	724798
chromosome4	724990
chromosome4	725161
chromosome4	725384
chromosome4	725605
chromosome4	725749
chromosome4	726177
chromosome4	726500
chromosome4	726716
chromosome4	726948
chromosome4	727153
chromosome4	727367
chromosome4	727579
chromosome4	727762
chromosome4	727898
chromosome4	728076
chromosome4	728214
chromosome4	728395
chromosome4	728597
chromosome4	728817
chromosome4	728984
chromosome4	729243
chromosome4	729417
chromosome4	729575
chromosome4	729719
chromosome4	729950
chromosome4	730151
chromosome4	730335
chromosome4	730496
chromosome4	730629
chromosome4	731001
chromosome4	731265
chromosome4	731526
chromosome4	731747
chromosome4	731949
chromosome4	732164
chromosome4	732350
chromosome4	732517
chromosome4	732682
chromosome4	732975
chromosome4	733109
chromosome4	733253
chromosome4	733577
chromosome4	733798
chromosome4	734136
chromosome4	734389
chromosome4	734605
chromosome4	734832
chromosome4	735047
chromosome4	735346
chromosome4	735602
chromosome4	735826
chromosome4	736055
chromosome4	736269
chromosome4	736443
chromosome4	736603
chromosome4	736802
chromosome4	737030
chromosome4	737285
chromosome4	737470
chromosome4	737722
chromosome4	737922
chromosome4	738082
chromosome4	738255
chromosome4	738592
chromosome4	738826
chromosome4	739064
chromosome4	739304
chromosome4	739554
chromosome4	739838
chromosome4	740058
chromosome4	740229
chromosome4	740638
chromosome4	740871
chromosome4	741058
chromosome4	741343
chromosome4	741603
chromosome4	741819
chromosome4	742211
chromosome4	742441
chromosome4	742607
chromosome4	742763
chromosome4	742895
chromosome4	743137
chromosome4	743289
chromosome4	743497
chromosome4	743732
chromosome4	744309
chromosome4	744481
chromosome4	744655
chromosome4	744953
chromosome4	745168
chromosome4	745316
chromosome4	745568
chromosome4	745733
chromosome4	745916
chromosome4	746064
chromosome4	746265
chromosome4	746469
chromosome4	746624
chromosome4	746761
chromosome4	746960
chromosome4	747238
chromosome4	747689
chromosome4	747877
chromosome4	748137
chromosome4	748739
chromosome4	749012
chromosome4	749285
chromosome4	749471
chromosome4	749646
chromosome4	749798
chromosome4	749941
chromosome4	750137
chromosome4	750355
chromosome4	750515
chromosome4	750729
chromosome4	750896
chromosome4	751055
chromosome4	751193
chromosome4	751332
chromosome4	751500
chromosome4	751659
chromosome4	751871
chromosome4	752069
chromosome4	752311
chromosome4	752674
chromosome4	752911
chromosome4	753155
chromosome4	753933
chromosome4	754268
chromosome4	754541
chromosome4	754797
chromosome4	754982
chromosome4	755254
chromosome4	755410
chromosome4	755594
chromosome4	755774
chromosome4	755932
chromosome4	756540
chromosome4	756789
chromosome4	757083
chromosome4	757325
chromosome4	759838
chromosome4	760008
chromosome4	760170
chromosome4	760317
chromosome4	760466
chromosome4	760637
chromosome4	760812
chromosome4	761074
chromosome4	761238
chromosome4	761528
chromosome4	761736
chromosome4	761901
chromosome4	762106
chromosome4	762283
chromosome4	762467
chromosome4	762654
chromosome4	762820
chromosome4	763036
chromosome4	763188
chromosome4	763358
chromosome4	763670
chromosome4	764198
chromosome4	764326
chromosome4	764571
chromosome4	764751
chromosome4	764875
chromosome4	765029
chromosome4	765212
chromosome4	765396
chromosome4	765561
chromosome4	765744
chromosome4	765948
chromosome4	766189
chromosome4	766369
chromosome4	766745
chromosome4	766933
chromosome4	767156
chromosome4	767349
chromosome4	767630
chromosome4	767879
chromosome4	768607
chromosome4	768875
chromosome4	769061
chromosome4	769210
chromosome4	769368
chromosome4	769519
chromosome4	769685
chromosome4	769848
chromosome4	770011
chromosome4	770638
chromosome4	770869
chromosome4	771121
chromosome4	771413
chromosome4	771828
chromosome4	771998
chromosome4	772146
chromosome4	772365
chromosome4	772614
chromosome4	772937
chromosome4	773464
chromosome4	773610
chromosome4	773757
chromosome4	773893
chromosome4	774028
chromosome4	774287
chromosome4	774441
chromosome4	774679
chromosome4	775179
chromosome4	775391
chromosome4	775585
chromosome4	775752
chromosome4	775986
chromosome4	776159
chromosome4	776368
chromosome4	776587
chromosome4	776752
chromosome4	776926
chromosome4	777163
chromosome4	777494
chromosome4	777726
chromosome4	778059
chromosome4	778362
chromosome4	779028
chromosome4	779296
chromosome4	779564
chromosome4	779886
chromosome4	780118
chromosome4	780352
chromosome4	780529
chromosome4	780747
chromosome4	780962
chromosome4	781193
chromosome4	781393
chromosome4	781618
chromosome4	781779
chromosome4	782029
chromosome4	782214
chromosome4	782480
chromosome4	782695
chromosome4	783028
chromosome4	783256
chromosome4	783499
chromosome4	783687
chromosome4	783893
chromosome4	784138
chromosome4	784314
chromosome4	784501
chromosome4	784641
chromosome4	784842
chromosome4	785043
chromosome4	785221
chromosome4	785480
chromosome4	786054
chromosome4	786514
chromosome4	786828
chromosome4	787095
chromosome4	787308
chromosome4	787540
chromosome4	788796
chromosome4	789004
chromosome4	789250
chromosome4	789409
chromosome4	789666
chromosome4	789907
chromosome4	790153
chromosome4	790323
chromosome4	790645
chromosome4	790918
chromosome4	791148
chromosome4	791368
chromosome4	791762
chromosome4	792540
chromosome4	792747
chromosome4	792871
chromosome4	793047
chromosome4	793265
chromosome4	793437
chromosome4	793668
chromosome4	793932
chromosome4	794085
chromosome4	794249
chromosome4	794580
chromosome4	794749
chromosome4	794894
chromosome4	795044
chromosome4	795173
chromosome4	795305
chromosome4	795482
chromosome4	795660
chromosome4	795783
chromosome4	795926
chromosome4	796183
chromosome4	796459
chromosome4	796784
chromosome4	796976
chromosome4	797105
chromosome4	797351
chromosome4	797621
chromosome4	797881
chromosome4	798138
chromosome4	798507
chromosome4	798844
chromosome4	799189
chromosome4	799589
chromosome4	799854
chromosome4	800065
chromosome4	800318
chromosome4	800557
chromosome4	800825
chromosome4	801050
chromosome4	801296
chromosome4	801550
chromosome4	801808
chromosome4	802071
chromosome4	802411
chromosome4	802627
chromosome4	802744
chromosome4	805993
chromosome4	806111
chromosome4	806245
chromosome4	806347
chromosome4	806544
chromosome4	806725
chromosome4	806942
chromosome4	807109
chromosome4	807259
chromosome4	807421
chromosome4	807625
chromosome4	807842
chromosome4	808010
chromosome4	808137
chromosome4	808293
chromosome4	808465
chromosome4	808796
chromosome4	808936
chromosome4	809148
chromosome4	809634
chromosome4	810014
chromosome4	810628
chromosome4	810875
chromosome4	811042
chromosome4	811297
chromosome4	811466
chromosome4	811619
chromosome4	811769
chromosome4	811951
chromosome4	812134
chromosome4	812391
chromosome4	812646
chromosome4	813271
chromosome4	813502
chromosome4	813721
chromosome4	813961
chromosome4	814096
chromosome4	814229
chromosome4	814515
chromosome4	814748
chromosome4	814874
chromosome4	815059
chromosome4	815209
chromosome4	815460
chromosome4	815639
chromosome4	815797
chromosome4	815932
chromosome4	816218
chromosome4	816491
chromosome4	817020
chromosome4	817359
chromosome4	817748
chromosome4	817921
chromosome4	818136
chromosome4	818369
chromosome4	819053
chromosome4	819483
chromosome4	819623
chromosome4	819869
chromosome4	820090
chromosome4	820250
chromosome4	820402
chromosome4	820610
chromosome4	820819
chromosome4	821240
chromosome4	821428
chromosome4	821603
chromosome4	821762
chromosome4	821980
chromosome4	822836
chromosome4	823088
chromosome4	823241
chromosome4	823403
chromosome4	823577
chromosome4	823797
chromosome4	823987
chromosome4	824203
chromosome4	824447
chromosome4	824625
chromosome4	824904
chromosome4	825113
chromosome4	825420
chromosome4	825619
chromosome4	825968
chromosome4	826099
chromosome4	826216
chromosome4	826403
chromosome4	826616
chromosome4	826820
chromosome4	827012
chromosome4	827181
chromosome4	827357
chromosome4	827632
chromosome4	827791
chromosome4	828038
chromosome4	828317
chromosome4	828508
chromosome4	828722
chromosome4	828872
chromosome4	829093
chromosome4	829221
chromosome4	829379
chromosome4	829706
chromosome4	829878
chromosome4	830102
chromosome4	830252
chromosome4	830388
chromosome4	830821
chromosome4	831081
chromosome4	831265
chromosome4	831484
chromosome4	831961
chromosome4	832170
chromosome4	832369
chromosome4	833113
chromosome4	833280
chromosome4	833499
chromosome4	833697
chromosome4	833853
chromosome4	834134
chromosome4	834322
chromosome4	834520
chromosome4	834719
chromosome4	834935
chromosome4	835115
chromosome4	835319
chromosome4	835494
chromosome4	835897
chromosome4	836030
chromosome4	836249
chromosome4	836528
chromosome4	836777
chromosome4	836930
chromosome4	837116
chromosome4	837347
chromosome4	837597
chromosome4	837818
chromosome4	838466
chromosome4	838678
chromosome4	838856
chromosome4	839058
chromosome4	839283
chromosome4	839549
chromosome4	839885
chromosome4	840176
chromosome4	840614
chromosome4	840856
chromosome4	841222
chromosome4	841551
chromosome4	841846
chromosome4	842028
chromosome4	842191
chromosome4	842325
chromosome4	842520
chromosome4	842688
chromosome4	842918
chromosome4	843155
chromosome4	843397
chromosome4	843769
chromosome4	843876
chromosome4	843986
chromosome4	844121
chromosome4	844266
chromosome4	844419
chromosome4	844663
chromosome4	844895
chromosome4	845053
chromosome4	845199
chromosome4	845620
chromosome4	846050
chromosome4	846241
chromosome4	846435
chromosome4	846909
chromosome4	847152
chromosome4	847365
chromosome4	847593
chromosome4	847746
chromosome4	847893
chromosome4	848061
chromosome4	848182
chromosome4	848338
chromosome4	848805
chromosome4	848970
chromosome4	849127
chromosome4	849320
chromosome4	849510
chromosome4	849635
chromosome4	849828
chromosome4	849996
chromosome4	850196
chromosome4	850445
chromosome4	850581
chromosome4	850708
chromosome4	850877
chromosome4	851254
chromosome4	851458
chromosome4	851634
chromosome4	851764
chromosome4	851866
chromosome4	851996
chromosome4	852171
chromosome4	852519
chromosome4	852664
chromosome4	852803
chromosome4	852916
chromosome4	853109
chromosome4	853225
chromosome4	853399
chromosome4	853575
chromosome4	853799
chromosome4	853954
chromosome4	854367
chromosome4	854679
chromosome4	854813
chromosome4	854977
chromosome4	855095
chromosome4	855228
chromosome4	855458
chromosome4	855669
chromosome4	855809
chromosome4	856013
chromosome4	856172
chromosome4	856364
chromosome4	856619
chromosome4	856904
chromosome4	857132
chromosome4	857312
chromosome4	857468
chromosome4	857645
chromosome4	857836
chromosome4	857981
chromosome4	858123
chromosome4	858206
chromosome4	858350
chromosome4	858454
chromosome4	858627
chromosome4	858830
chromosome4	859009
chromosome4	859164
chromosome4	859341
chromosome4	859460
chromosome4	859578
chromosome4	859735
chromosome4	859874
chromosome4	860042
chromosome4	860206
chromosome4	860368
chromosome4	860488
chromosome4	860668
chromosome4	860839
chromosome4	861016
chromosome4	861191
chromosome4	861298
chromosome4	861469
chromosome4	861665
chromosome4	862206
chromosome4	862323
chromosome4	862475
chromosome4	862608
chromosome4	862765
chromosome4	862920
chromosome4	863073
chromosome4	863191
chromosome4	863328
chromosome4	863546
chromosome4	863664
chromosome4	863763
chromosome4	863880
chromosome4	864036
chromosome4	864150
chromosome4	864286
chromosome4	864405
chromosome4	864548
chromosome4	864668
chromosome4	865306
chromosome4	865424
chromosome4	865549
chromosome4	865754
chromosome4	865886
chromosome4	866050
chromosome4	866194
chromosome4	866325
chromosome4	866498
chromosome4	866613
chromosome4	866746
chromosome4	866900
chromosome4	867002
chromosome4	867132
chromosome4	867303
chromosome4	867423
chromosome4	867584
chromosome4	867716
chromosome4	867827
chromosome4	867979
chromosome4	868191
chromosome4	868337
chromosome4	868578
chromosome4	868692
chromosome4	868849
chromosome4	869066
chromosome4	869325
chromosome4	869555
chromosome4	869772
chromosome4	869974
chromosome4	870136
chromosome4	870335
chromosome4	870527
chromosome4	871032
chromosome4	871342
chromosome4	884816
chromosome4	885043
chromosome4	885233
chromosome4	885396
chromosome4	885611
chromosome4	885830
chromosome4	886018
chromosome4	886152
chromosome4	886279
chromosome4	886505
chromosome4	886691
chromosome4	886885
chromosome4	887420
chromosome4	887678
chromosome4	887885
chromosome4	888101
chromosome4	888291
chromosome4	888519
chromosome4	888748
chromosome4	888924
chromosome4	889174
chromosome4	889400
chromosome4	889547
chromosome4	889976
chromosome4	890098
chromosome4	890245
chromosome4	890425
chromosome4	890561
chromosome4	890791
chromosome4	890932
chromosome4	891105
chromosome4	891215
chromosome4	891363
chromosome4	891503
chromosome4	891670
chromosome4	891849
chromosome4	891997
chromosome4	892200
chromosome4	892473
chromosome4	893060
chromosome4	893219
chromosome4	893324
chromosome4	893460
chromosome4	893559
chromosome4	893681
chromosome4	893850
chromosome4	893990
chromosome4	894136
chromosome4	894309
chromosome4	894425
chromosome4	894592
chromosome4	894734
chromosome4	895236
chromosome4	895472
chromosome4	895607
chromosome4	895748
chromosome4	895874
chromosome4	896045
chromosome4	896176
chromosome4	896303
chromosome4	896413
chromosome4	896571
chromosome4	896748
chromosome4	896892
chromosome4	897014
chromosome4	897212
chromosome4	897393
chromosome4	897599
chromosome4	897755
chromosome4	897893
chromosome4	898043
chromosome4	898146
chromosome4	898298
chromosome4	898496
chromosome4	898655
chromosome4	898779
chromosome4	898907
chromosome4	899042
chromosome4	899185
chromosome4	899908
chromosome4	900073
chromosome4	900249
chromosome4	900353
chromosome4	900515
chromosome4	900625
chromosome4	900803
chromosome4	900973
chromosome4	901170
chromosome4	901269
chromosome4	901372
chromosome4	901514
chromosome4	901669
chromosome4	901800
chromosome4	901913
chromosome4	902038
chromosome4	902173
chromosome4	902314
chromosome4	902496
chromosome4	902622
chromosome4	902746
chromosome4	902836
chromosome4	902988
chromosome4	903100
chromosome4	903285
chromosome4	903428
chromosome4	903641
chromosome4	903899
chromosome4	904044
chromosome4	904142
chromosome4	904279
chromosome4	904399
chromosome4	904540
chromosome4	904663
chromosome4	904760
chromosome4	904876
chromosome4	905047
chromosome4	905396
chromosome4	905519
chromosome4	905789
chromosome4	906055
chromosome4	906214
chromosome4	906393
chromosome4	906538
chromosome4	906719
chromosome4	906887
chromosome4	907098
chromosome4	907271
chromosome4	907427
chromosome4	907627
chromosome4	907837
chromosome4	908034
chromosome4	908254
chromosome4	908416
chromosome4	908553
chromosome4	908655
chromosome4	908760
chromosome4	908885
chromosome4	909048
chromosome4	909186
chromosome4	909356
chromosome4	909473
chromosome4	909870
chromosome4	910022
chromosome4	910134
chromosome4	910342
chromosome4	910527
chromosome4	910690
chromosome4	910825
chromosome4	910976
chromosome4	911118
chromosome4	911295
chromosome4	911595
chromosome4	911741
chromosome4	911861
chromosome4	912026
chromosome4	912191
chromosome4	912404
chromosome4	912547
chromosome4	912751
chromosome4	912850
chromosome4	912968
chromosome4	913063
chromosome4	913198
chromosome4	913313
chromosome4	913429
chromosome4	913545
chromosome4	914437
chromosome4	914647
chromosome4	914952
chromosome4	915099
chromosome4	915222
chromosome4	915378
chromosome4	915604
chromosome4	915927
chromosome4	916249
chromosome4	916409
chromosome4	916569
chromosome4	916806
chromosome4	916982
chromosome4	917361
chromosome4	917586
chromosome4	917796
chromosome4	917943
chromosome4	918040
chromosome4	918161
chromosome4	918361
chromosome4	918486
chromosome4	918631
chromosome4	918741
chromosome4	918928
chromosome4	919104
chromosome4	919248
chromosome4	919376
chromosome4	919572
chromosome4	919696
chromosome4	919841
chromosome4	919983
chromosome4	920210
chromosome4	920331
chromosome4	920431
chromosome4	920585
chromosome4	920737
chromosome4	920874
chromosome4	921037
chromosome4	921184
chromosome4	921364
chromosome4	921520
chromosome4	922164
chromosome4	922270
chromosome4	922466
chromosome4	922639
chromosome4	922828
chromosome4	922973
chromosome4	923191
chromosome4	923340
chromosome4	923608
chromosome4	923821
chromosome4	923948
chromosome4	924081
chromosome4	924206
chromosome4	924355
chromosome4	924508
chromosome4	924763
chromosome4	924940
chromosome4	925117
chromosome4	925321
chromosome4	925523
chromosome4	925705
chromosome4	925892
chromosome4	926065
chromosome4	926314
chromosome4	926456
chromosome4	926607
chromosome4	926782
chromosome4	926921
chromosome4	927008
chromosome4	927162
chromosome4	927301
chromosome4	927652
chromosome4	927796
chromosome4	928003
chromosome4	928193
chromosome4	928392
chromosome4	928531
chromosome4	928691
chromosome4	928915
chromosome4	929071
chromosome4	929647
chromosome4	929776
chromosome4	929911
chromosome4	930052
chromosome4	930386
chromosome4	930724
chromosome4	931194
chromosome4	931371
chromosome4	931605
chromosome4	931818
chromosome4	932040
chromosome4	932287
chromosome4	932476
chromosome4	932602
chromosome4	932746
chromosome4	932903
chromosome4	933136
chromosome4	933554
chromosome4	933726
chromosome4	933863
chromosome4	934034
chromosome4	934204
chromosome4	934685
chromosome4	934956
chromosome4	935254
chromosome4	935472
chromosome4	935646
chromosome4	935788
chromosome4	935993
chromosome4	936134
chromosome4	936266
chromosome4	936418
chromosome4	936546
chromosome4	936728
chromosome4	936900
chromosome4	937049
chromosome4	937279
chromosome4	937542
chromosome4	938013
chromosome4	938243
chromosome4	938516
chromosome4	938777
chromosome4	939010
chromosome4	939221
chromosome4	939408
chromosome4	939571
chromosome4	939898
chromosome4	940035
chromosome4	940208
chromosome4	940415
chromosome4	940726
chromosome4	940864
chromosome4	941017
chromosome4	941157
chromosome4	941317
chromosome4	941454
chromosome4	941595
chromosome4	941824
chromosome4	941939
chromosome4	942098
chromosome4	942294
chromosome4	942488
chromosome4	942633
chromosome4	942749
chromosome4	942913
chromosome4	943079
chromosome4	943279
chromosome4	943444
chromosome4	943565
chromosome4	943795
chromosome4	943983
chromosome4	944103
chromosome4	944193
chromosome4	944428
chromosome4	944593
chromosome4	944805
chromosome4	944948
chromosome4	945075
chromosome4	946343
chromosome4	946454
chromosome4	946752
chromosome4	946854
chromosome4	946988
chromosome4	947160
chromosome4	947293
chromosome4	947464
chromosome4	947595
chromosome4	947739
chromosome4	947881
chromosome4	948010
chromosome4	948159
chromosome4	948299
chromosome4	948583
chromosome4	948735
chromosome4	948935
chromosome4	949064
chromosome4	949226
chromosome4	949370
chromosome4	949523
chromosome4	949739
chromosome4	949922
chromosome4	950083
chromosome4	950242
chromosome4	950428
chromosome4	950643
chromosome4	950758
chromosome4	950910
chromosome4	951015
chromosome4	951153
chromosome4	951357
chromosome4	951523
chromosome4	951693
chromosome4	951867
chromosome4	952026
chromosome4	952251
chromosome4	952425
chromosome4	952909
chromosome4	953080
chromosome4	953309
chromosome4	953505
chromosome4	953699
chromosome4	953909
chromosome4	954218
chromosome4	954386
chromosome4	954538
chromosome4	954716
chromosome4	954878
chromosome4	955055
chromosome4	955209
chromosome4	955434
chromosome4	956199
chromosome4	956358
chromosome4	956552
chromosome4	956735
chromosome4	956869
chromosome4	957050
chromosome4	957178
chromosome4	957299
chromosome4	957431
chromosome4	957851
chromosome4	957998
chromosome4	958160
chromosome4	958291
chromosome4	958536
chromosome4	958815
chromosome4	958990
chromosome4	959092
chromosome4	959269
chromosome4	959400
chromosome4	959530
chromosome4	959683
chromosome4	959822
chromosome4	959984
chromosome4	960103
chromosome4	960302
chromosome4	960386
chromosome4	960489
chromosome4	960665
chromosome4	960803
chromosome4	960952
chromosome4	961126
chromosome4	961387
chromosome4	961677
chromosome4	961809
chromosome4	961906
chromosome4	962049
chromosome4	962262
chromosome4	962385
chromosome4	962530
chromosome4	962670
chromosome4	962826
chromosome4	962980
chromosome4	963429
chromosome4	963707
chromosome4	963841
chromosome4	964003
chromosome4	964196
chromosome4	964414
chromosome4	965045
chromosome4	965268
chromosome4	965454
chromosome4	965609
chromosome4	965839
chromosome4	966009
chromosome4	966148
chromosome4	966839
chromosome4	967058
chromosome4	967211
chromosome4	967347
chromosome4	967517
chromosome4	967661
chromosome4	967810
chromosome4	967920
chromosome4	968163
chromosome4	968295
chromosome4	968487
chromosome4	968670
chromosome4	968864
chromosome4	969041
chromosome4	969342
chromosome4	969480
chromosome4	969832
chromosome4	969976
chromosome4	970112
chromosome4	970233
chromosome4	970359
chromosome4	970472
chromosome4	970573
chromosome4	970723
chromosome4	970893
chromosome4	971039
chromosome4	971187
chromosome4	971279
chromosome4	971414
chromosome4	971820
chromosome4	971976
chromosome4	972105
chromosome4	972267
chromosome4	972468
chromosome4	972678
chromosome4	972855
chromosome4	972995
chromosome4	973161
chromosome4	973337
chromosome4	973575
chromosome4	973794
chromosome4	974003
chromosome4	974093
chromosome4	974191
chromosome4	974725
chromosome4	975237
chromosome4	975337
chromosome4	975491
chromosome4	975596
chromosome4	975715
chromosome4	975832
chromosome4	976233
chromosome4	976377
chromosome4	976545
chromosome4	976771
chromosome4	976924
chromosome4	977080
chromosome4	977257
chromosome4	977541
chromosome4	977642
chromosome4	977752
chromosome4	977935
chromosome4	978097
chromosome4	978234
chromosome4	978443
chromosome4	978575
chromosome4	978721
chromosome4	978931
chromosome4	979065
chromosome4	979235
chromosome4	979391
chromosome4	979517
chromosome4	993129
chromosome4	993265
chromosome4	993367
chromosome4	993514
chromosome4	993679
chromosome4	993833
chromosome4	994399
chromosome4	994504
chromosome4	994635
chromosome4	994820
chromosome4	994968
chromosome4	995131
chromosome4	995275
chromosome4	995422
chromosome4	995580
chromosome4	995918
chromosome4	996089
chromosome4	996288
chromosome4	996450
chromosome4	996805
chromosome4	997021
chromosome4	997207
chromosome4	997472
chromosome4	997745
chromosome4	998056
chromosome4	998251
chromosome4	998469
chromosome4	998673
chromosome4	998836
chromosome4	999049
chromosome4	999260
chromosome4	999532
chromosome4	999730
chromosome4	1000197
chromosome4	1000420
chromosome4	1000599
chromosome4	1000790
chromosome4	1001067
chromosome4	1001285
chromosome4	1001534
chromosome4	1001727
chromosome4	1001942
chromosome4	1002189
chromosome4	1002517
chromosome4	1002739
chromosome4	1003110
chromosome4	1003385
chromosome4	1003590
chromosome4	1003748
chromosome4	1003915
chromosome4	1004059
chromosome4	1004293
chromosome4	1004561
chromosome4	1004906
chromosome4	1005149
chromosome4	1005295
chromosome4	1005480
chromosome4	1005736
chromosome4	1005906
chromosome4	1006068
chromosome4	1006253
chromosome4	1006419
chromosome4	1006661
chromosome4	1006832
chromosome4	1007037
chromosome4	1007237
chromosome4	1007426
chromosome4	1007643
chromosome4	1007803
chromosome4	1007933
chromosome4	1008118
chromosome4	1008351
chromosome4	1008614
chromosome4	1009143
chromosome4	1009367
chromosome4	1009615
chromosome4	1009830
chromosome4	1010092
chromosome4	1010314
chromosome4	1010494
chromosome4	1010664
chromosome4	1010809
chromosome4	1011062
chromosome4	1011210
chromosome4	1011374
chromosome4	1011536
chromosome4	1011655
chromosome4	1011782
chromosome4	1012296
chromosome4	1012457
chromosome4	1012635
chromosome4	1012776
chromosome4	1012972
chromosome4	1013494
chromosome4	1013701
chromosome4	1013882
chromosome4	1014088
chromosome4	1014286
chromosome4	1014500
chromosome4	1014725
chromosome4	1014944
chromosome4	1015168
chromosome4	1015352
chromosome4	1015463
chromosome4	1015601
chromosome4	1015740
chromosome4	1016552
chromosome4	1016649
chromosome4	1017131
chromosome4	1017294
chromosome4	1018528
chromosome4	1018654
chromosome4	1019035
chromosome4	1019144
chromosome4	1019306
chromosome4	1019453
chromosome4	1019648
chromosome4	1019819
chromosome4	1020017
chromosome4	1020181
chromosome4	1020339
chromosome4	1020519
chromosome4	1020690
chromosome4	1020908
chromosome4	1021212
chromosome4	1021484
chromosome4	1022029
chromosome4	1022229
chromosome4	1022389
chromosome4	1022546
chromosome4	1022725
chromosome4	1022985
chromosome4	1023571
chromosome4	1023799
chromosome4	1024008
chromosome4	1024248
chromosome4	1024479
chromosome4	1024695
chromosome4	1024851
chromosome4	1025003
chromosome4	1025250
chromosome4	1025572
chromosome4	1025914
chromosome4	1026240
chromosome4	1026492
chromosome4	1026780
chromosome4	1027141
chromosome4	1027494
chromosome4	1027767
chromosome4	1028028
chromosome4	1028310
chromosome4	1028496
chromosome4	1028771
chromosome4	1028995
chromosome4	1029305
chromosome4	1029659
chromosome4	1029924
chromosome4	1030555
chromosome4	1030836
chromosome4	1031111
chromosome4	1031303
chromosome4	1031543
chromosome4	1031698
chromosome4	1031854
chromosome4	1032096
chromosome4	1032245
chromosome4	1032377
chromosome4	1032533
chromosome4	1032701
chromosome4	1032900
chromosome4	1033157
chromosome4	1033386
chromosome4	1033675
chromosome4	1033812
chromosome4	1034005
chromosome4	1034222
chromosome4	1034445
chromosome4	1034640
chromosome4	1034840
chromosome4	1035042
chromosome4	1035359
chromosome4	1035559
chromosome4	1035745
chromosome4	1035874
chromosome4	1036067
chromosome4	1036290
chromosome4	1036459
chromosome4	1036609
chromosome4	1036762
chromosome4	1036886
chromosome4	1037056
chromosome4	1037214
chromosome4	1037396
chromosome4	1037602
chromosome4	1037711
chromosome4	1037875
chromosome4	1038052
chromosome4	1038166
chromosome4	1038326
chromosome4	1038445
chromosome4	1038591
chromosome4	1038862
chromosome4	1039065
chromosome4	1039198
chromosome4	1039407
chromosome4	1039780
chromosome4	1039949
chromosome4	1040127
chromosome4	1040276
chromosome4	1040387
chromosome4	1040516
chromosome4	1040675
chromosome4	1040858
chromosome4	1041058
chromosome4	1041213
chromosome4	1041378
chromosome4	1041582
chromosome4	1041833
chromosome4	1042027
chromosome4	1042225
chromosome4	1042404
chromosome4	1042613
chromosome4	1042778
chromosome4	1042974
chromosome4	1043371
chromosome4	1043583
chromosome4	1043839
chromosome4	1044014
chromosome4	1044184
chromosome4	1044363
chromosome4	1044480
chromosome4	1044613
chromosome4	1044760
chromosome4	1044940
chromosome4	1045128
chromosome4	1045553
chromosome4	1045652
chromosome4	1045858
chromosome4	1046057
chromosome4	1046270
chromosome4	1046450
chromosome4	1046589
chromosome4	1046738
chromosome4	1046885
chromosome4	1046979
chromosome4	1047104
chromosome4	1047283
chromosome4	1047375
chromosome4	1047569
chromosome4	1047782
chromosome4	1047987
chromosome4	1048172
chromosome4	1048375
chromosome4	1048574
chromosome4	1048738
chromosome4	1048871
chromosome4	1049090
chromosome4	1049261
chromosome4	1049423
chromosome4	1049662
chromosome4	1049815
chromosome4	1050126
chromosome4	1050256
chromosome4	1050405
chromosome4	1050522
chromosome4	1050726
chromosome4	1050866
chromosome4	1051043
chromosome4	1051233
chromosome4	1051418
chromosome4	1051575
chromosome4	1051766
chromosome4	1051926
chromosome4	1052102
chromosome4	1052241
chromosome4	1052376
chromosome4	1052718
chromosome4	1052850
chromosome4	1052996
chromosome4	1053119
chromosome4	1053258
chromosome4	1053372
chromosome4	1053505
chromosome4	1053627
chromosome4	1053766
chromosome4	1053927
chromosome4	1054141
chromosome4	1054351
chromosome4	1054483
chromosome4	1054567
chromosome4	1055010
chromosome4	1055192
chromosome4	1055358
chromosome4	1055595
chromosome4	1055715
chromosome4	1055880
chromosome4	1056025
chromosome4	1056225
chromosome4	1056373
chromosome4	1056554
chromosome4	1056676
chromosome4	1056815
chromosome4	1057037
chromosome4	1057267
chromosome4	1057482
chromosome4	1057627
chromosome4	1058317
chromosome4	1058450
chromosome4	1058625
chromosome4	1058798
chromosome4	1058958
chromosome4	1059099
chromosome4	1059228
chromosome4	1059351
chromosome4	1059483
chromosome4	1059630
chromosome4	1059825
chromosome4	1060175
chromosome4	1060361
chromosome4	1060501
chromosome4	1060678
chromosome4	1060797
chromosome4	1060964
chromosome4	1061129
chromosome4	1061495
chromosome4	1061676
chromosome4	1061886
chromosome4	1062016
chromosome4	1062213
chromosome4	1062391
chromosome4	1062613
chromosome4	1062774
chromosome4	1062920
chromosome4	1063065
chromosome4	1063181
chromosome4	1063324
chromosome4	1063531
chromosome4	1063657
chromosome4	1063868
chromosome4	1064029
chromosome4	1064270
chromosome4	1064406
chromosome4	1064566
chromosome4	1064723
chromosome4	1064878
chromosome4	1065031
chromosome4	1065225
chromosome4	1065746
chromosome4	1065979
chromosome4	1066153
chromosome4	1066290
chromosome4	1066474
chromosome4	1066648
chromosome4	1066902
chromosome4	1067060
chromosome4	1067293
chromosome4	1067496
chromosome4	1067679
chromosome4	1067876
chromosome4	1068048
chromosome4	1068294
chromosome4	1069777
chromosome4	1070140
chromosome4	1070309
chromosome4	1070408
chromosome4	1070719
chromosome4	1070868
chromosome4	1071060
chromosome4	1071294
chromosome4	1071504
chromosome4	1071709
chromosome4	1071866
chromosome4	1072114
chromosome4	1072354
chromosome4	1072483
chromosome4	1072602
chromosome4	1072781
chromosome4	1072895
chromosome4	1073055
chromosome4	1073265
chromosome4	1073467
chromosome4	1073605
chromosome4	1073939
chromosome4	1074137
chromosome4	1074338
chromosome4	1074557
chromosome4	1074865
chromosome4	1075051
chromosome4	1075203
chromosome4	1075319
chromosome4	1075429
chromosome4	1075570
chromosome4	1075670
chromosome4	1075942
chromosome4	1076066
chromosome4	1076222
chromosome4	1076370
chromosome4	1076563
chromosome4	1076740
chromosome4	1076885
chromosome4	1077049
chromosome4	1077186
chromosome4	1077340
chromosome4	1077587
chromosome4	1077722
chromosome4	1077873
chromosome4	1078069
chromosome4	1078282
chromosome4	1078505
chromosome4	1079228
chromosome4	1079403
chromosome4	1079585
chromosome4	1079699
chromosome4	1079830
chromosome4	1079971
chromosome4	1080171
chromosome4	1080289
chromosome4	1080474
chromosome4	1080623
chromosome4	1080768
chromosome4	1081222
chromosome4	1081535
chromosome4	1081721
chromosome4	1081916
chromosome4	1082036
chromosome4	1082167
chromosome4	1082316
chromosome4	1082413
chromosome4	1082523
chromosome4	1082757
chromosome4	1082906
chromosome4	1083054
chromosome4	1083157
chromosome4	1083353
chromosome4	1083504
chromosome4	1083628
chromosome4	1083768
chromosome4	1083946
chromosome4	1084118
chromosome4	1084215
chromosome4	1084337
chromosome4	1084742
chromosome4	1084856
chromosome4	1084970
chromosome4	1085127
chromosome4	1085304
chromosome4	1085480
chromosome4	1085661
chromosome4	1085922
chromosome4	1086177
chromosome4	1086413
chromosome4	1086663
chromosome4	1086905
chromosome4	1087142
chromosome4	1087259
chromosome4	1087374
chromosome4	1087532
chromosome4	1087652
chromosome4	1087767
chromosome4	1087904
chromosome4	1088027
chromosome4	1088162
chromosome4	1088403
chromosome4	1088528
chromosome4	1088705
chromosome4	1088861
chromosome4	1089247
chromosome4	1089498
chromosome4	1089674
chromosome4	1089858
chromosome4	1090274
chromosome4	1090388
chromosome4	1090576
chromosome4	1090768
chromosome4	1090989
chromosome4	1091184
chromosome4	1091353
chromosome4	1091535
chromosome4	1091725
chromosome4	1091898
chromosome4	1092080
chromosome4	1092443
chromosome4	1092571
chromosome4	1092813
chromosome4	1093039
chromosome4	1093606
chromosome4	1093756
chromosome4	1093928
chromosome4	1094198
chromosome4	1094521
chromosome4	1094746
chromosome4	1094995
chromosome4	1095215
chromosome4	1095350
chromosome4	1102689
chromosome4	1102855
chromosome4	1103367
chromosome4	1103573
chromosome4	1103727
chromosome4	1103940
chromosome4	1104119
chromosome4	1104359
chromosome4	1104586
chromosome4	1105100
chromosome4	1105480
chromosome4	1105696
chromosome4	1106171
chromosome4	1106363
chromosome4	1106554
chromosome4	1106791
chromosome4	1106998
chromosome4	1107118
chromosome4	1107257
chromosome4	1107451
chromosome4	1107634
chromosome4	1107779
chromosome4	1107890
chromosome4	1108008
chromosome4	1108124
chromosome4	1108304
chromosome4	1108781
chromosome4	1108988
chromosome4	1109202
chromosome4	1109421
chromosome4	1109554
chromosome4	1109718
chromosome4	1110614
chromosome4	1110846
chromosome4	1111086
chromosome4	1111304
chromosome4	1111544
chromosome4	1111934
chromosome4	1112141
chromosome4	1112406
chromosome4	1112681
chromosome4	1112876
chromosome4	1113049
chromosome4	1113210
chromosome4	1113445
chromosome4	1113704
chromosome4	1113914
chromosome4	1114100
chromosome4	1114302
chromosome4	1114799
chromosome4	1115050
chromosome4	1115280
chromosome4	1115480
chromosome4	1115696
chromosome4	1115932
chromosome4	1116230
chromosome4	1116551
chromosome4	1116813
chromosome4	1116963
chromosome4	1117138
chromosome4	1117425
chromosome4	1117734
chromosome4	1117995
chromosome4	1118213
chromosome4	1118428
chromosome4	1118629
chromosome4	1118772
chromosome4	1118976
chromosome4	1119403
chromosome4	1119604
chromosome4	1119888
chromosome4	1120113
chromosome4	1121201
chromosome4	1121493
chromosome4	1121782
chromosome4	1122030
chromosome4	1122235
chromosome4	1122415
chromosome4	1122578
chromosome4	1122820
chromosome4	1123116
chromosome4	1123365
chromosome4	1123519
chromosome4	1123744
chromosome4	1123902
chromosome4	1124074
chromosome4	1124248
chromosome4	1124417
chromosome4	1124652
chromosome4	1124861
chromosome4	1125056
chromosome4	1125195
chromosome4	1125365
chromosome4	1125637
chromosome4	1125938
chromosome4	1126093
chromosome4	1126273
chromosome4	1126429
chromosome4	1126594
chromosome4	1126754
chromosome4	1126921
chromosome4	1127081
chromosome4	1127268
chromosome4	1127482
chromosome4	1127633
chromosome4	1127756
chromosome4	1127931
chromosome4	1128091
chromosome4	1128268
chromosome4	1128507
chromosome4	1128693
chromosome4	1128858
chromosome4	1129071
chromosome4	1129297
chromosome4	1129465
chromosome4	1129658
chromosome4	1130065
chromosome4	1130423
chromosome4	1130690
chromosome4	1131231
chromosome4	1131531
chromosome4	1131841
chromosome4	1132132
chromosome4	1132329
chromosome4	1132525
chromosome4	1132788
chromosome4	1133140
chromosome4	1133347
chromosome4	1133535
chromosome4	1133770
chromosome4	1133944
chromosome4	1134325
chromosome4	1134568
chromosome4	1134748
chromosome4	1134996
chromosome4	1135187
chromosome4	1135335
chromosome4	1135516
chromosome4	1136060
chromosome4	1136230
chromosome4	1136423
chromosome4	1136571
chromosome4	1136810
chromosome4	1137013
chromosome4	1137296
chromosome4	1137440
chromosome4	1137626
chromosome4	1137794
chromosome4	1137967
chromosome4	1138274
chromosome4	1138479
chromosome4	1138736
chromosome4	1138962
chromosome4	1139111
chromosome4	1139258
chromosome4	1139354
chromosome4	1139482
chromosome4	1139583
chromosome4	1139759
chromosome4	1139923
chromosome4	1140158
chromosome4	1140319
chromosome4	1140477
chromosome4	1140631
chromosome4	1140834
chromosome4	1140985
chromosome4	1141356
chromosome4	1141570
chromosome4	1141821
chromosome4	1142010
chromosome4	1142235
chromosome4	1142441
chromosome4	1142632
chromosome4	1142870
chromosome4	1143073
chromosome4	1143249
chromosome4	1143400
chromosome4	1143576
chromosome4	1143761
chromosome4	1143894
chromosome4	1144092
chromosome4	1144279
chromosome4	1144440
chromosome4	1144621
chromosome4	1144839
chromosome4	1145071
chromosome4	1145204
chromosome4	1145318
chromosome4	1145471
chromosome4	1145684
chromosome4	1145832
chromosome4	1145978
chromosome4	1146129
chromosome4	1146276
chromosome4	1146446
chromosome4	1146622
chromosome4	1146748
chromosome4	1146982
chromosome4	1147467
chromosome4	1147661
chromosome4	1147847
chromosome4	1148005
chromosome4	1148236
chromosome4	1148493
chromosome4	1148681
chromosome4	1148875
chromosome4	1149025
chromosome4	1149197
chromosome4	1149355
chromosome4	1149655
chromosome4	1149823
chromosome4	1149940
chromosome4	1150196
chromosome4	1150400
chromosome4	1150632
chromosome4	1150762
chromosome4	1150902
chromosome4	1152061
chromosome4	1152283
chromosome4	1152487
chromosome4	1152676
chromosome4	1152883
chromosome4	1153057
chromosome4	1153258
chromosome4	1153426
chromosome4	1153618
chromosome4	1153917
chromosome4	1163209
chromosome4	1163347
chromosome4	1163622
chromosome4	1163767
chromosome4	1163929
chromosome4	1164133
chromosome4	1164508
chromosome4	1164842
chromosome4	1164998
chromosome4	1165183
chromosome4	1165378
chromosome4	1165581
chromosome4	1165750
chromosome4	1165889
chromosome4	1166254
chromosome4	1166449
chromosome4	1166638
chromosome4	1166785
chromosome4	1167286
chromosome4	1167540
chromosome4	1167712
chromosome4	1167912
chromosome4	1168050
chromosome4	1168235
chromosome4	1168438
chromosome4	1168814
chromosome4	1169005
chromosome4	1169102
chromosome4	1169243
chromosome4	1169449
chromosome4	1169564
chromosome4	1169667
chromosome4	1169885
chromosome4	1170031
chromosome4	1170243
chromosome4	1170418
chromosome4	1170635
chromosome4	1170830
chromosome4	1171039
chromosome4	1171222
chromosome4	1171350
chromosome4	1171501
chromosome4	1171680
chromosome4	1171836
chromosome4	1171989
chromosome4	1172128
chromosome4	1172360
chromosome4	1172478
chromosome4	1172626
chromosome4	1172813
chromosome4	1173025
chromosome4	1173286
chromosome4	1173508
chromosome4	1173695
chromosome4	1173893
chromosome4	1174073
chromosome4	1174282
chromosome4	1174475
chromosome4	1174797
chromosome4	1174945
chromosome4	1176210
chromosome4	1176418
chromosome4	1176648
chromosome4	1176915
chromosome4	1177212
chromosome4	1177446
chromosome4	1177707
chromosome4	1177889
chromosome4	1178069
chromosome4	1178257
chromosome4	1178576
chromosome4	1178711
chromosome4	1178906
chromosome4	1179104
chromosome4	1179277
chromosome4	1179474
chromosome4	1179712
chromosome4	1179873
chromosome4	1180063
chromosome4	1180302
chromosome4	1180580
chromosome4	1180838
chromosome4	1181587
chromosome4	1181792
chromosome4	1182040
chromosome4	1182251
chromosome4	1182440
chromosome4	1182728
chromosome4	1182879
chromosome4	1183088
chromosome4	1183243
chromosome4	1183497
chromosome4	1183733
chromosome4	1183985
chromosome4	1184227
chromosome4	1184595
chromosome4	1184760
chromosome4	1184947
chromosome4	1185210
chromosome4	1185403
chromosome4	1185614
chromosome4	1185850
chromosome4	1186095
chromosome4	1186312
chromosome4	1186483
chromosome4	1186798
chromosome4	1187279
chromosome4	1187811
chromosome4	1188275
chromosome4	1188533
chromosome4	1188799
chromosome4	1189010
chromosome4	1189133
chromosome4	1189427
chromosome4	1189623
chromosome4	1189794
chromosome4	1190265
chromosome4	1190529
chromosome4	1190784
chromosome4	1191015
chromosome4	1191220
chromosome4	1191411
chromosome4	1191610
chromosome4	1192011
chromosome4	1192128
chromosome4	1192298
chromosome4	1192664
chromosome4	1192974
chromosome4	1193212
chromosome4	1193366
chromosome4	1193546
chromosome4	1193652
chromosome4	1193876
chromosome4	1194115
chromosome4	1194331
chromosome4	1194528
chromosome4	1194705
chromosome4	1194899
chromosome4	1195092
chromosome4	1195286
chromosome4	1195488
chromosome4	1195707
chromosome4	1196019
chromosome4	1196744
chromosome4	1197055
chromosome4	1197254
chromosome4	1197501
chromosome4	1197750
chromosome4	1197901
chromosome4	1198125
chromosome4	1198335
chromosome4	1198514
chromosome4	1198693
chromosome4	1198844
chromosome4	1199018
chromosome4	1199228
chromosome4	1199412
chromosome4	1199588
chromosome4	1199819
chromosome4	1200034
chromosome4	1200295
chromosome4	1200487
chromosome4	1200748
chromosome4	1201211
chromosome4	1202856
chromosome4	1203032
chromosome4	1203349
chromosome4	1203569
chromosome4	1203864
chromosome4	1204085
chromosome4	1204251
chromosome4	1204913
chromosome4	1205226
chromosome4	1205505
chromosome4	1205773
chromosome4	1205997
chromosome4	1206182
chromosome4	1206415
chromosome4	1206620
chromosome4	1212939
chromosome4	1213197
chromosome4	1213399
chromosome4	1213650
chromosome4	1213800
chromosome4	1213953
chromosome4	1214225
chromosome4	1214386
chromosome4	1214540
chromosome4	1214699
chromosome4	1215101
chromosome4	1215232
chromosome4	1215375
chromosome4	1215604
chromosome4	1215741
chromosome4	1215917
chromosome4	1216123
chromosome4	1216252
chromosome4	1216382
chromosome4	1216486
chromosome4	1216640
chromosome4	1216817
chromosome4	1216945
chromosome4	1217071
chromosome4	1217238
chromosome4	1217362
chromosome4	1217849
chromosome4	1217978
chromosome4	1218120
chromosome4	1218327
chromosome4	1218465
chromosome4	1218657
chromosome4	1218786
chromosome4	1218910
chromosome4	1218986
chromosome4	1219101
chromosome4	1219291
chromosome4	1219402
chromosome4	1219700
chromosome4	1219882
chromosome4	1220098
chromosome4	1220227
chromosome4	1220412
chromosome4	1220557
chromosome4	1220816
chromosome4	1221334
chromosome4	1221574
chromosome4	1221814
chromosome4	1222041
chromosome4	1222381
chromosome4	1222540
chromosome4	1222878
chromosome4	1223076
chromosome4	1223672
chromosome4	1223882
chromosome4	1224378
chromosome4	1224828
chromosome4	1224949
chromosome4	1225181
chromosome4	1225391
chromosome4	1225598
chromosome4	1225797
chromosome4	1226018
chromosome4	1226258
chromosome4	1226425
chromosome4	1226554
chromosome4	1226742
chromosome4	1226887
chromosome4	1227100
chromosome4	1227308
chromosome4	1227448
chromosome4	1227589
chromosome4	1227777
chromosome4	1227904
chromosome4	1228066
chromosome4	1228179
chromosome4	1228442
chromosome4	1228568
chromosome4	1228746
chromosome4	1229345
chromosome4	1229516
chromosome4	1229674
chromosome4	1229798
chromosome4	1229898
chromosome4	1230100
chromosome4	1230290
chromosome4	1230439
chromosome4	1230589
chromosome4	1230704
chromosome4	1230815
chromosome4	1230967
chromosome4	1231091
chromosome4	1231256
chromosome4	1231388
chromosome4	1231547
chromosome4	1231721
chromosome4	1231865
chromosome4	1231987
chromosome4	1232132
chromosome4	1232247
chromosome4	1232422
chromosome4	1232559
chromosome4	1232730
chromosome4	1232893
chromosome4	1233033
chromosome4	1233166
chromosome4	1233548
chromosome4	1233746
chromosome4	1233898
chromosome4	1234057
chromosome4	1234244
chromosome4	1234457
chromosome4	1234590
chromosome4	1234757
chromosome4	1234918
chromosome4	1235058
chromosome4	1235240
chromosome4	1235394
chromosome4	1235582
chromosome4	1235723
chromosome4	1235940
chromosome4	1236056
chromosome4	1236441
chromosome4	1236696
chromosome4	1236855
chromosome4	1236994
chromosome4	1237125
chromosome4	1237302
chromosome4	1237461
chromosome4	1238382
chromosome4	1238556
chromosome4	1238729
chromosome4	1240192
chromosome4	1240364
chromosome4	1240554
chromosome4	1240701
chromosome4	1241335
chromosome4	1241588
chromosome4	1241834
chromosome4	1242105
chromosome4	1242839
chromosome4	1243161
chromosome4	1245989
chromosome4	1246194
chromosome4	1246409
chromosome4	1246633
chromosome4	1246819
chromosome4	1246968
chromosome4	1247117
chromosome4	1247370
chromosome4	1247577
chromosome4	1247866
chromosome4	1248229
chromosome4	1248445
chromosome4	1248666
chromosome4	1248849
chromosome4	1249023
chromosome4	1249251
chromosome4	1249414
chromosome4	1249588
chromosome4	1249742
chromosome4	1249942
chromosome4	1250066
chromosome4	1250257
chromosome4	1250479
chromosome4	1250711
chromosome4	1250917
chromosome4	1251083
chromosome4	1251340
chromosome4	1251494
chromosome4	1251773
chromosome4	1251879
chromosome4	1252013
chromosome4	1252185
chromosome4	1252308
chromosome4	1252506
chromosome4	1252740
chromosome4	1252879
chromosome4	1253054
chromosome4	1253243
chromosome4	1253406
chromosome4	1253589
chromosome4	1253760
chromosome4	1253888
chromosome4	1254033
chromosome4	1254232
chromosome4	1254369
chromosome4	1254508
chromosome4	1255062
chromosome4	1255225
chromosome4	1255405
chromosome4	1255543
chromosome4	1255697
chromosome4	1255876
chromosome4	1256011
chromosome4	1256198
chromosome4	1256370
chromosome4	1256545
chromosome4	1256695
chromosome4	1256871
chromosome4	1256971
chromosome4	1257436
chromosome4	1257574
chromosome4	1257728
chromosome4	1257867
chromosome4	1258157
chromosome4	1258318
chromosome4	1258457
chromosome4	1258633
chromosome4	1258782
chromosome4	1258980
chromosome4	1259138
chromosome4	1259364
chromosome4	1259517
chromosome4	1259700
chromosome4	1259848
chromosome4	1260026
chromosome4	1260194
chromosome4	1260383
chromosome4	1260610
chromosome4	1260821
chromosome4	1260995
chromosome4	1261095
chromosome4	1261236
chromosome4	1261462
chromosome4	1261616
chromosome4	1261755
chromosome4	1261950
chromosome4	1262217
chromosome4	1262472
chromosome4	1262753
chromosome4	1262983
chromosome4	1263130
chromosome4	1263293
chromosome4	1263482
chromosome4	1263710
chromosome4	1263878
chromosome4	1264061
chromosome4	1264352
chromosome4	1264588
chromosome4	1264763
chromosome4	1264956
chromosome4	1265156
chromosome4	1265339
chromosome4	1265561
chromosome4	1265733
chromosome4	1265943
chromosome4	1266382
chromosome4	1266660
chromosome4	1266824
chromosome4	1266979
chromosome4	1267122
chromosome4	1267225
chromosome4	1267414
chromosome4	1267538
chromosome4	1267710
chromosome4	1267863
chromosome4	1268025
chromosome4	1268195
chromosome4	1268343
chromosome4	1268538
chromosome4	1268677
chromosome4	1268826
chromosome4	1269018
chromosome4	1269144
chromosome4	1269262
chromosome4	1269428
chromosome4	1269967
chromosome4	1270085
chromosome4	1270307
chromosome4	1270505
chromosome4	1270718
chromosome4	1270870
chromosome4	1270997
chromosome4	1271105
chromosome4	1271281
chromosome4	1271416
chromosome4	1271551
chromosome4	1271704
chromosome4	1271869
chromosome4	1271981
chromosome4	1272184
chromosome4	1272447
chromosome4	1272598
chromosome4	1272719
chromosome4	1272846
chromosome4	1272974
chromosome4	1273113
chromosome4	1273219
chromosome4	1273362
chromosome4	1273551
chromosome4	1273882
chromosome4	1274061
chromosome4	1274200
chromosome4	1274342
chromosome4	1274626
chromosome4	1274798
chromosome4	1274885
chromosome4	1275049
chromosome4	1275261
chromosome4	1275483
chromosome4	1275609
chromosome4	1275783
chromosome4	1275993
chromosome4	1276136
chromosome4	1276622
chromosome4	1276858
chromosome4	1277194
chromosome4	1277297
chromosome4	1277399
chromosome4	1277551
chromosome4	1277733
chromosome4	1277894
chromosome4	1278089
chromosome4	1278296
chromosome4	1278479
chromosome4	1278920
chromosome4	1279026
chromosome4	1279271
chromosome4	1279417
chromosome4	1279608
chromosome4	1279772
chromosome4	1279917
chromosome4	1280127
chromosome4	1280424
chromosome4	1280593
chromosome4	1280766
chromosome4	1281066
chromosome4	1281392
chromosome4	1281615
chromosome4	1281882
chromosome4	1282142
chromosome4	1282377
chromosome4	1282708
chromosome4	1282954
chromosome4	1283235
chromosome4	1283550
chromosome4	1284111
chromosome4	1284346
chromosome4	1284576
chromosome4	1284985
chromosome4	1285210
chromosome4	1285430
chromosome4	1285618
chromosome4	1285855
chromosome4	1286014
chromosome4	1286196
chromosome4	1286383
chromosome4	1286571
chromosome4	1286792
chromosome4	1287013
chromosome4	1287249
chromosome4	1287459
chromosome4	1287619
chromosome4	1287865
chromosome4	1288042
chromosome4	1288198
chromosome4	1288403
chromosome4	1288657
chromosome4	1288871
chromosome4	1289095
chromosome4	1289235
chromosome4	1289380
chromosome4	1289585
chromosome4	1289813
chromosome4	1289990
chromosome4	1290224
chromosome4	1290433
chromosome4	1290689
chromosome4	1291313
chromosome4	1291466
chromosome4	1291634
chromosome4	1291766
chromosome4	1291927
chromosome4	1292102
chromosome4	1292449
chromosome4	1292658
chromosome4	1292839
chromosome4	1293068
chromosome4	1293240
chromosome4	1293418
chromosome4	1293643
chromosome4	1293918
chromosome4	1294109
chromosome4	1294326
chromosome4	1294463
chromosome4	1294618
chromosome4	1294785
chromosome4	1295034
chromosome4	1295288
chromosome4	1295452
chromosome4	1295806
chromosome4	1295986
chromosome4	1296217
chromosome4	1296403
chromosome4	1296583
chromosome4	1297097
chromosome4	1297388
chromosome4	1297616
chromosome4	1297817
chromosome4	1298035
chromosome4	1298200
chromosome4	1298370
chromosome4	1298542
chromosome4	1298732
chromosome4	1298958
chromosome4	1299098
chromosome4	1299263
chromosome4	1299462
chromosome4	1299656
chromosome4	1299929
chromosome4	1300117
chromosome4	1300349
chromosome4	1300537
chromosome4	1300745
chromosome4	1300917
chromosome4	1301111
chromosome4	1301235
chromosome4	1301350
chromosome4	1301490
chromosome4	1301756
chromosome4	1302428
chromosome4	1303305
chromosome4	1303587
chromosome4	1303789
chromosome4	1304029
chromosome4	1304196
chromosome4	1304397
chromosome4	1304607
chromosome4	1304913
chromosome4	1305139
chromosome4	1306162
chromosome4	1306344
chromosome4	1306529
chromosome4	1306687
chromosome4	1306911
chromosome4	1307063
chromosome4	1307172
chromosome4	1307310
chromosome4	1307453
chromosome4	1308767
chromosome4	1308941
chromosome4	1309125
chromosome4	1309270
chromosome4	1309444
chromosome4	1309677
chromosome4	1309828
chromosome4	1310021
chromosome4	1310175
chromosome4	1310395
chromosome4	1310558
chromosome4	1310776
chromosome4	1310962
chromosome4	1311168
chromosome4	1311338
chromosome4	1311594
chromosome4	1311979
chromosome4	1312240
chromosome4	1312373
chromosome4	1312554
chromosome4	1312711
chromosome4	1312938
chromosome4	1313246
chromosome4	1313458
chromosome4	1313653
chromosome4	1313872
chromosome4	1314125
chromosome4	1314350
chromosome4	1314547
chromosome4	1314688
chromosome4	1314940
chromosome4	1315103
chromosome4	1315322
chromosome4	1315537
chromosome4	1315730
chromosome4	1315920
chromosome4	1316096
chromosome4	1316389
chromosome4	1316607
chromosome4	1316791
chromosome4	1316976
chromosome4	1317118
chromosome4	1317284
chromosome4	1317452
chromosome4	1317626
chromosome4	1317782
chromosome4	1317948
chromosome4	1318082
chromosome4	1318277
chromosome4	1318423
chromosome4	1318594
chromosome4	1318716
chromosome4	1318889
chromosome4	1319063
chromosome4	1319261
chromosome4	1319462
chromosome4	1319742
chromosome4	1319940
chromosome4	1320105
chromosome4	1320297
chromosome4	1320516
chromosome4	1320708
chromosome4	1320926
chromosome4	1321551
chromosome4	1321797
chromosome4	1322175
chromosome4	1322539
chromosome4	1322895
chromosome4	1323173
chromosome4	1323485
chromosome4	1323703
chromosome4	1323898
chromosome4	1324081
chromosome4	1324265
chromosome4	1324729
chromosome4	1324983
chromosome4	1325295
chromosome4	1325473
chromosome4	1325664
chromosome4	1325808
chromosome4	1326005
chromosome4	1326180
chromosome4	1326348
chromosome4	1326525
chromosome4	1326745
chromosome4	1326986
chromosome4	1327252
chromosome4	1327407
chromosome4	1327632
chromosome4	1327844
chromosome4	1328141
chromosome4	1328369
chromosome4	1328526
chromosome4	1328771
chromosome4	1329117
chromosome4	1329464
chromosome4	1330613
chromosome4	1330776
chromosome4	1331303
chromosome4	1331509
chromosome4	1331755
chromosome4	1331993
chromosome4	1332211
chromosome4	1332460
chromosome4	1332659
chromosome4	1333049
chromosome4	1333244
chromosome4	1333408
chromosome4	1333573
chromosome4	1333770
chromosome4	1333946
chromosome4	1334113
chromosome4	1334225
chromosome4	1334404
chromosome4	1334536
chromosome4	1334725
chromosome4	1334949
chromosome4	1335101
chromosome4	1335318
chromosome4	1335455
chromosome4	1335638
chromosome4	1335802
chromosome4	1335957
chromosome4	1336191
chromosome4	1336455
chromosome4	1336713
chromosome4	1337421
chromosome4	1337652
chromosome4	1337806
chromosome4	1337942
chromosome4	1338289
chromosome4	1338489
chromosome4	1338650
chromosome4	1338883
chromosome4	1339065
chromosome4	1339283
chromosome4	1339815
chromosome4	1340078
chromosome4	1340321
chromosome4	1340529
chromosome4	1340737
chromosome4	1340903
chromosome4	1341030
chromosome4	1341386
chromosome4	1341617
chromosome4	1341720
chromosome4	1341829
chromosome4	1341981
chromosome4	1342107
chromosome4	1342217
chromosome4	1342355
chromosome4	1342549
chromosome4	1342673
chromosome4	1342844
chromosome4	1342994
chromosome4	1343124
chromosome4	1343279
chromosome4	1343429
chromosome4	1343618
chromosome4	1343794
chromosome4	1343996
chromosome4	1344195
chromosome4	1344583
chromosome4	1344715
chromosome4	1344851
chromosome4	1344986
chromosome4	1345152
chromosome4	1345372
chromosome4	1345528
chromosome4	1345646
chromosome4	1345813
chromosome4	1346023
chromosome4	1346336
chromosome4	1346651
chromosome4	1346894
chromosome4	1347133
chromosome4	1347363
chromosome4	1347587
chromosome4	1347768
chromosome4	1347985
chromosome4	1348217
chromosome4	1348506
chromosome4	1348712
chromosome4	1348941
chromosome4	1349158
chromosome4	1349413
chromosome4	1349609
chromosome4	1349849
chromosome4	1350057
chromosome4	1350280
chromosome4	1350554
chromosome4	1350818
chromosome4	1351114
chromosome4	1351304
chromosome4	1351525
chromosome4	1351696
chromosome4	1351921
chromosome4	1352122
chromosome4	1353564
chromosome4	1353713
chromosome4	1353893
chromosome4	1354068
chromosome4	1354236
chromosome4	1354459
chromosome4	1354898
chromosome4	1355191
chromosome4	1355366
chromosome4	1355494
chromosome4	1355740
chromosome4	1355869
chromosome4	1356032
chromosome4	1356268
chromosome4	1356470
chromosome4	1356778
chromosome4	1357023
chromosome4	1357207
chromosome4	1357862
chromosome4	1358053
chromosome4	1358286
chromosome4	1358681
chromosome4	1358947
chromosome4	1359106
chromosome4	1359233
chromosome4	1359564
chromosome4	1359692
chromosome4	1359863
chromosome4	1360072
chromosome4	1360212
chromosome4	1360367
chromosome4	1361066
chromosome4	1361266
chromosome4	1361419
chromosome4	1361680
chromosome4	1361890
chromosome4	1362092
chromosome4	1362240
chromosome4	1362423
chromosome4	1362576
chromosome4	1362730
chromosome4	1362925
chromosome4	1363105
chromosome4	1363300
chromosome4	1363498
chromosome4	1363724
chromosome4	1364002
chromosome4	1364201
chromosome4	1364431
chromosome4	1364652
chromosome4	1365080
chromosome4	1365263
chromosome4	1365467
chromosome4	1365677
chromosome4	1365872
chromosome4	1366018
chromosome4	1366168
chromosome4	1366367
chromosome4	1366684
chromosome4	1366935
chromosome4	1367103
chromosome4	1367274
chromosome4	1367460
chromosome4	1367634
chromosome4	1367944
chromosome4	1368276
chromosome4	1368628
chromosome4	1368909
chromosome4	1369105
chromosome4	1369335
chromosome4	1369625
chromosome4	1369822
chromosome4	1370092
chromosome4	1370379
chromosome4	1370625
chromosome4	1371004
chromosome4	1371242
chromosome4	1371543
chromosome4	1371845
chromosome4	1372112
chromosome4	1372342
chromosome4	1372599
chromosome4	1372836
chromosome4	1373074
chromosome4	1373380
chromosome4	1373617
chromosome4	1373862
chromosome4	1374091
chromosome4	1374377
chromosome4	1374569
chromosome4	1374877
chromosome4	1375102
chromosome4	1375362
chromosome4	1375791
chromosome4	1376065
chromosome4	1376293
chromosome4	1376570
chromosome4	1376744
chromosome4	1377042
chromosome4	1377331
chromosome4	1377518
chromosome4	1377956
chromosome4	1378213
chromosome4	1378485
chromosome4	1378732
chromosome4	1379107
chromosome4	1379491
chromosome4	1380232
chromosome4	1380666
chromosome4	1380907
chromosome4	1381132
chromosome4	1381300
chromosome4	1381438
chromosome4	1381593
chromosome4	1381775
chromosome4	1381957
chromosome4	1382363
chromosome4	1382592
chromosome4	1382755
chromosome4	1382952
chromosome4	1383213
chromosome4	1383421
chromosome4	1383585
chromosome4	1383736
chromosome4	1383982
chromosome4	1384311
chromosome4	1384571
chromosome4	1384823
chromosome4	1384987
chromosome4	1385162
chromosome4	1385324
chromosome4	1385739
chromosome4	1385907
chromosome4	1386010
chromosome4	1386231
chromosome4	1386524
chromosome4	1386729
chromosome4	1386880
chromosome4	1387036
chromosome4	1387190
chromosome4	1387328
chromosome4	1387601
chromosome4	1387826
chromosome4	1388006
chromosome4	1388196
chromosome4	1388907
chromosome4	1389053
chromosome4	1389212
chromosome4	1389356
chromosome4	1389527
chromosome4	1389731
chromosome4	1389917
chromosome4	1390095
chromosome4	1390297
chromosome4	1390482
chromosome4	1390701
chromosome4	1390932
chromosome4	1391177
chromosome4	1391403
chromosome4	1391585
chromosome4	1391748
chromosome4	1391894
chromosome4	1392072
chromosome4	1392194
chromosome4	1392387
chromosome4	1392612
chromosome4	1392828
chromosome4	1393053
chromosome4	1393337
chromosome4	1393575
chromosome4	1393846
chromosome4	1394080
chromosome4	1394314
chromosome4	1394558
chromosome4	1394723
chromosome4	1394864
chromosome4	1395055
chromosome4	1395402
chromosome4	1395594
chromosome4	1395843
chromosome4	1396009
chromosome4	1396221
chromosome4	1396422
chromosome4	1396580
chromosome4	1396769
chromosome4	1396999
chromosome4	1397201
chromosome4	1397342
chromosome4	1397520
chromosome4	1397735
chromosome4	1397926
chromosome4	1398184
chromosome4	1398436
chromosome4	1398741
chromosome4	1398886
chromosome4	1399057
chromosome4	1399260
chromosome4	1399609
chromosome4	1399824
chromosome4	1400081
chromosome4	1400438
chromosome4	1400663
chromosome4	1400909
chromosome4	1401092
chromosome4	1401254
chromosome4	1401423
chromosome4	1401559
chromosome4	1401713
chromosome4	1401884
chromosome4	1402000
chromosome4	1402252
chromosome4	1402486
chromosome4	1403052
chromosome4	1403178
chromosome4	1403430
chromosome4	1403689
chromosome4	1403906
chromosome4	1404125
chromosome4	1404633
chromosome4	1404903
chromosome4	1405242
chromosome4	1405396
chromosome4	1405583
chromosome4	1405832
chromosome4	1406078
chromosome4	1406184
chromosome4	1406343
chromosome4	1406476
chromosome4	1406655
chromosome4	1406865
chromosome4	1407015
chromosome4	1407127
chromosome4	1407286
chromosome4	1407442
chromosome4	1407609
chromosome4	1407796
chromosome4	1407967
chromosome4	1408201
chromosome4	1408367
chromosome4	1408598
chromosome4	1408802
chromosome4	1409036
chromosome4	1409251
chromosome4	1409459
chromosome4	1409681
chromosome4	1409895
chromosome4	1410114
chromosome4	1410380
chromosome4	1410611
chromosome4	1410839
chromosome4	1411065
chromosome4	1411276
chromosome4	1411396
chromosome4	1411548
chromosome4	1411821
chromosome4	1412009
chromosome4	1412504
chromosome4	1412876
chromosome4	1413231
chromosome4	1413485
chromosome4	1413707
chromosome4	1414476
chromosome4	1414647
chromosome4	1414842
chromosome4	1414992
chromosome4	1415190
chromosome4	1415351
chromosome4	1415582
chromosome4	1415835
chromosome4	1416053
chromosome4	1416374
chromosome4	1416584
chromosome4	1416725
chromosome4	1416908
chromosome4	1417106
chromosome4	1417369
chromosome4	1417549
chromosome4	1417707
chromosome4	1417894
chromosome4	1418079
chromosome4	1418232
chromosome4	1418424
chromosome4	1418735
chromosome4	1418914
chromosome4	1419091
chromosome4	1419285
chromosome4	1419472
chromosome4	1419664
chromosome4	1419944
chromosome4	1420129
chromosome4	1420330
chromosome4	1420519
chromosome4	1420669
chromosome4	1420867
chromosome4	1421054
chromosome4	1421216
chromosome4	1421360
chromosome4	1421579
chromosome4	1421900
chromosome4	1422153
chromosome4	1422470
chromosome4	1422848
chromosome4	1423184
chromosome4	1423456
chromosome4	1424003
chromosome4	1424264
chromosome4	1424565
chromosome4	1424889
chromosome4	1425165
chromosome4	1425360
chromosome4	1425520
chromosome4	1425695
chromosome4	1425827
chromosome4	1425977
chromosome4	1426089
chromosome4	1426208
chromosome4	1426407
chromosome4	1426670
chromosome4	1426833
chromosome4	1426994
chromosome4	1427192
chromosome4	1427387
chromosome4	1427596
chromosome4	1427890
chromosome4	1428094
chromosome4	1428464
chromosome4	1428691
chromosome4	1428984
chromosome4	1429146
chromosome4	1429327
chromosome4	1429482
chromosome4	1429613
chromosome4	1429772
chromosome4	1429963
chromosome4	1430189
chromosome4	1430319
chromosome4	1430470
chromosome4	1430691
chromosome4	1430865
chromosome4	1431058
chromosome4	1431286
chromosome4	1431542
chromosome4	1431787
chromosome4	1432151
chromosome4	1432345
chromosome4	1432487
chromosome4	1432616
chromosome4	1432777
chromosome4	1432941
chromosome4	1433132
chromosome4	1433369
chromosome4	1433604
chromosome4	1433838
chromosome4	1434117
chromosome4	1434273
chromosome4	1434437
chromosome4	1434557
chromosome4	1434745
chromosome4	1434969
chromosome4	1435193
chromosome4	1435412
chromosome4	1435706
chromosome4	1436079
chromosome4	1436261
chromosome4	1436444
chromosome4	1436694
chromosome4	1436900
chromosome4	1437095
chromosome4	1437254
chromosome4	1437426
chromosome4	1437616
chromosome4	1437810
chromosome4	1438030
chromosome4	1438796
chromosome4	1438974
chromosome4	1439573
chromosome4	1439771
chromosome4	1439996
chromosome4	1440235
chromosome4	1440392
chromosome4	1440602
chromosome4	1440787
chromosome4	1440923
chromosome4	1441085
chromosome4	1441231
chromosome4	1441609
chromosome4	1441823
chromosome4	1442004
chromosome4	1442275
chromosome4	1442513
chromosome4	1442819
chromosome4	1443008
chromosome4	1443218
chromosome4	1443407
chromosome4	1443887
chromosome4	1444146
chromosome4	1444418
chromosome4	1444626
chromosome4	1444854
chromosome4	1445114
chromosome4	1445340
chromosome4	1445505
chromosome4	1445615
chromosome4	1445740
chromosome4	1445871
chromosome4	1446011
chromosome4	1446218
chromosome4	1446435
chromosome4	1446593
chromosome4	1446771
chromosome4	1446944
chromosome4	1447102
chromosome4	1447231
chromosome4	1447693
chromosome4	1447847
chromosome4	1447995
chromosome4	1448227
chromosome4	1448374
chromosome4	1448601
chromosome4	1448835
chromosome4	1449246
chromosome4	1449429
chromosome4	1449671
chromosome4	1449869
chromosome4	1450243
chromosome4	1450590
chromosome4	1450712
chromosome4	1450875
chromosome4	1450977
chromosome4	1451465
chromosome4	1451625
chromosome4	1451825
chromosome4	1451971
chromosome4	1452121
chromosome4	1452284
chromosome4	1452427
chromosome4	1452560
chromosome4	1452728
chromosome4	1452929
chromosome4	1453498
chromosome4	1453865
chromosome4	1454186
chromosome4	1454543
chromosome4	1454737
chromosome4	1454959
chromosome4	1455129
chromosome4	1455357
chromosome4	1455570
chromosome4	1455750
chromosome4	1455925
chromosome4	1457235
chromosome4	1457549
chromosome4	1457763
chromosome4	1457919
chromosome4	1458291
chromosome4	1458447
chromosome4	1458636
chromosome4	1458796
chromosome4	1458972
chromosome4	1459149
chromosome4	1459378
chromosome4	1459584
chromosome4	1459818
chromosome4	1459956
chromosome4	1460115
chromosome4	1460300
chromosome4	1460448
chromosome4	1460637
chromosome4	1460832
chromosome4	1460968
chromosome4	1461117
chromosome4	1461359
chromosome4	1461539
chromosome4	1462306
chromosome4	1462490
chromosome4	1462738
chromosome4	1463001
chromosome4	1463208
chromosome4	1463462
chromosome4	1463663
chromosome4	1463898
chromosome4	1464131
chromosome4	1464386
chromosome4	1464537
chromosome4	1464768
chromosome4	1465025
chromosome4	1465358
chromosome4	1465661
chromosome4	1465864
chromosome4	1466050
chromosome4	1466604
chromosome4	1466802
chromosome4	1467143
chromosome4	1467411
chromosome4	1467628
chromosome4	1467806
chromosome4	1468031
chromosome4	1468211
chromosome4	1468381
chromosome4	1468729
chromosome4	1468857
chromosome4	1469624
chromosome4	1469931
chromosome4	1470032
chromosome4	1470145
chromosome4	1470279
chromosome4	1470456
chromosome4	1470724
chromosome4	1470852
chromosome4	1471016
chromosome4	1471232
chromosome4	1471620
chromosome4	1471803
chromosome4	1471999
chromosome4	1472194
chromosome4	1472415
chromosome4	1472610
chromosome4	1472780
chromosome4	1472968
chromosome4	1473159
chromosome4	1473432
chromosome4	1473606
chromosome4	1473776
chromosome4	1473901
chromosome4	1474052
chromosome4	1474354
chromosome4	1474510
chromosome4	1475158
chromosome4	1475432
chromosome4	1475691
chromosome4	1476038
chromosome4	1476342
chromosome4	1476559
chromosome4	1476823
chromosome4	1477001
chromosome4	1477160
chromosome4	1477349
chromosome4	1477610
chromosome4	1477782
chromosome4	1477940
chromosome4	1478091
chromosome4	1478297
chromosome4	1478697
chromosome4	1478928
chromosome4	1479101
chromosome4	1479228
chromosome4	1479398
chromosome4	1479570
chromosome4	1479804
chromosome4	1479990
chromosome4	1480122
chromosome4	1480269
chromosome4	1480404
chromosome4	1480553
chromosome4	1480694
chromosome4	1480845
chromosome4	1481260
chromosome4	1481354
chromosome4	1481532
chromosome4	1481748
chromosome4	1481875
chromosome4	1482063
chromosome4	1482286
chromosome4	1482468
chromosome4	1482669
chromosome4	1482783
chromosome4	1482928
chromosome4	1483045
chromosome4	1483203
chromosome4	1483315
chromosome4	1483432
chromosome4	1483815
chromosome4	1483936
chromosome4	1484060
chromosome4	1484230
chromosome4	1484385
chromosome4	1484521
chromosome4	1484890
chromosome4	1485057
chromosome4	1485180
chromosome4	1485812
chromosome4	1485970
chromosome4	1486096
chromosome4	1486220
chromosome4	1486374
chromosome4	1486597
chromosome4	1486826
chromosome4	1486994
chromosome4	1487731
chromosome4	1487846
chromosome4	1487990
chromosome4	1488164
chromosome4	1488419
chromosome4	1488575
chromosome4	1488702
chromosome4	1488830
chromosome4	1488978
chromosome4	1490002
chromosome4	1490172
chromosome4	1490281
chromosome4	1490447
chromosome4	1490554
chromosome4	1490709
chromosome4	1490858
chromosome4	1491082
chromosome4	1491201
chromosome4	1491405
chromosome4	1491568
chromosome4	1491698
chromosome4	1491852
chromosome4	1491957
chromosome4	1492103
chromosome4	1492245
chromosome4	1492374
chromosome4	1492526
chromosome4	1492641
chromosome4	1492770
chromosome4	1492922
chromosome4	1493125
chromosome4	1493320
chromosome4	1493467
chromosome4	1493693
chromosome4	1493834
chromosome4	1493962
chromosome4	1494079
chromosome4	1494216
chromosome4	1494683
chromosome4	1494796
chromosome4	1495155
chromosome4	1495398
chromosome4	1495541
chromosome4	1495654
chromosome4	1495771
chromosome4	1496334
chromosome4	1496523
chromosome4	1496673
chromosome4	1496803
chromosome4	1496943
chromosome4	1497094
chromosome4	1497237
chromosome4	1497350
chromosome4	1497457
chromosome4	1497588
chromosome4	1497731
chromosome4	1498155
chromosome4	1498314
chromosome4	1498504
chromosome4	1498663
chromosome4	1498915
chromosome4	1499061
chromosome4	1499708
chromosome4	1500173
chromosome4	1500323
chromosome4	1500469
chromosome4	1500653
chromosome4	1500844
chromosome4	1501202
chromosome4	1501518
chromosome4	1501684
chromosome4	1501875
chromosome4	1502035
chromosome4	1502183
chromosome4	1502263
chromosome4	1502364
chromosome4	1502507
chromosome4	1503206
chromosome4	1503350
chromosome4	1503453
chromosome4	1503576
chromosome4	1504820
chromosome4	1505130
chromosome4	1505286
chromosome4	1506085
chromosome4	1506237
chromosome4	1506389
chromosome4	1506551
chromosome4	1506679
chromosome4	1506852
chromosome4	1506984
chromosome4	1507181
chromosome4	1507299
chromosome4	1507413
chromosome4	1507517
chromosome4	1507633
chromosome4	1507762
chromosome4	1508049
chromosome4	1508233
chromosome4	1508406
chromosome4	1508603
chromosome4	1508778
chromosome4	1508928
chromosome4	1509142
chromosome4	1509360
chromosome4	1509522
chromosome4	1509646
chromosome4	1510268
chromosome4	1510699
chromosome4	1510904
chromosome4	1511036
chromosome4	1511178
chromosome4	1511315
chromosome4	1511483
chromosome4	1511610
chromosome4	1511907
chromosome4	1512331
chromosome4	1512491
chromosome4	1512644
chromosome4	1512805
chromosome4	1512969
chromosome4	1513080
chromosome4	1513236
chromosome4	1513386
chromosome4	1519705
chromosome4	1519817
chromosome4	1519952
chromosome4	1520068
chromosome4	1520193
chromosome4	1520285
chromosome4	1520429
chromosome5	16513
chromosome5	23020
chromosome5	23398
chromosome5	23644
chromosome5	23891
chromosome5	24066
chromosome5	24199
chromosome5	24313
chromosome5	24435
chromosome5	24549
chromosome5	24655
chromosome5	24774
chromosome5	24878
chromosome5	25027
chromosome5	25134
chromosome5	25538
chromosome5	25667
chromosome5	25778
chromosome5	25901
chromosome5	26045
chromosome5	26157
chromosome5	26262
chromosome5	26370
chromosome5	26508
chromosome5	26667
chromosome5	26861
chromosome5	26998
chromosome5	27182
chromosome5	27347
chromosome5	27445
chromosome5	27546
chromosome5	27644
chromosome5	27743
chromosome5	27870
chromosome5	28004
chromosome5	28145
chromosome5	28315
chromosome5	28466
chromosome5	28586
chromosome5	28710
chromosome5	28891
chromosome5	29033
chromosome5	29219
chromosome5	29337
chromosome5	29533
chromosome5	29744
chromosome5	29909
chromosome5	30043
chromosome5	30149
chromosome5	30274
chromosome5	30457
chromosome5	30595
chromosome5	30725
chromosome5	30886
chromosome5	31033
chromosome5	31142
chromosome5	31263
chromosome5	31357
chromosome5	31797
chromosome5	31960
chromosome5	32105
chromosome5	32227
chromosome5	32392
chromosome5	32624
chromosome5	32813
chromosome5	32963
chromosome5	33170
chromosome5	33679
chromosome5	33856
chromosome5	34063
chromosome5	34247
chromosome5	34390
chromosome5	34554
chromosome5	34721
chromosome5	34890
chromosome5	35003
chromosome5	35207
chromosome5	35396
chromosome5	35536
chromosome5	35672
chromosome5	35828
chromosome5	36038
chromosome5	36565
chromosome5	36683
chromosome5	36904
chromosome5	37042
chromosome5	37204
chromosome5	38170
chromosome5	38359
chromosome5	38524
chromosome5	38669
chromosome5	38827
chromosome5	39001
chromosome5	39190
chromosome5	39367
chromosome5	39501
chromosome5	39644
chromosome5	40252
chromosome5	40424
chromosome5	40700
chromosome5	40913
chromosome5	41155
chromosome5	41345
chromosome5	41498
chromosome5	41634
chromosome5	41826
chromosome5	41995
chromosome5	42155
chromosome5	42255
chromosome5	42448
chromosome5	42619
chromosome5	42822
chromosome5	42959
chromosome5	43112
chromosome5	43260
chromosome5	43423
chromosome5	43616
chromosome5	43783
chromosome5	43961
chromosome5	44151
chromosome5	44341
chromosome5	44550
chromosome5	44719
chromosome5	44901
chromosome5	45114
chromosome5	45257
chromosome5	45451
chromosome5	45632
chromosome5	45773
chromosome5	45903
chromosome5	46035
chromosome5	46183
chromosome5	46365
chromosome5	46533
chromosome5	46690
chromosome5	46970
chromosome5	47103
chromosome5	47346
chromosome5	47540
chromosome5	47762
chromosome5	47974
chromosome5	48168
chromosome5	48414
chromosome5	48592
chromosome5	48790
chromosome5	48967
chromosome5	49182
chromosome5	49367
chromosome5	49534
chromosome5	49752
chromosome5	49978
chromosome5	50150
chromosome5	50306
chromosome5	50477
chromosome5	50712
chromosome5	50878
chromosome5	51038
chromosome5	51257
chromosome5	51503
chromosome5	51655
chromosome5	51845
chromosome5	51974
chromosome5	52127
chromosome5	53120
chromosome5	53328
chromosome5	53457
chromosome5	53578
chromosome5	53689
chromosome5	53788
chromosome5	54025
chromosome5	54193
chromosome5	54764
chromosome5	54958
chromosome5	55122
chromosome5	55272
chromosome5	55392
chromosome5	55547
chromosome5	55792
chromosome5	55946
chromosome5	56138
chromosome5	56374
chromosome5	56540
chromosome5	56699
chromosome5	56863
chromosome5	57011
chromosome5	57252
chromosome5	57460
chromosome5	57683
chromosome5	57913
chromosome5	58103
chromosome5	58288
chromosome5	58471
chromosome5	58800
chromosome5	59106
chromosome5	59796
chromosome5	60099
chromosome5	60318
chromosome5	60516
chromosome5	60704
chromosome5	60872
chromosome5	61065
chromosome5	61173
chromosome5	61304
chromosome5	61839
chromosome5	62644
chromosome5	62877
chromosome5	63018
chromosome5	63126
chromosome5	63274
chromosome5	63387
chromosome5	63575
chromosome5	63671
chromosome5	63828
chromosome5	64236
chromosome5	64360
chromosome5	64485
chromosome5	64636
chromosome5	64733
chromosome5	64889
chromosome5	65566
chromosome5	65743
chromosome5	65931
chromosome5	66153
chromosome5	66336
chromosome5	66575
chromosome5	66735
chromosome5	66849
chromosome5	67027
chromosome5	67289
chromosome5	67462
chromosome5	67695
chromosome5	67949
chromosome5	68210
chromosome5	68475
chromosome5	68691
chromosome5	68833
chromosome5	68996
chromosome5	69184
chromosome5	69306
chromosome5	69450
chromosome5	69565
chromosome5	69708
chromosome5	69871
chromosome5	70028
chromosome5	70254
chromosome5	70452
chromosome5	70690
chromosome5	70861
chromosome5	70996
chromosome5	71152
chromosome5	71349
chromosome5	71557
chromosome5	71728
chromosome5	71903
chromosome5	72043
chromosome5	72222
chromosome5	72377
chromosome5	72550
chromosome5	72700
chromosome5	72869
chromosome5	73045
chromosome5	73227
chromosome5	73704
chromosome5	73913
chromosome5	74140
chromosome5	74328
chromosome5	74520
chromosome5	74805
chromosome5	75060
chromosome5	75264
chromosome5	75460
chromosome5	75638
chromosome5	75866
chromosome5	75989
chromosome5	76140
chromosome5	76312
chromosome5	76483
chromosome5	76683
chromosome5	76806
chromosome5	76986
chromosome5	77125
chromosome5	77274
chromosome5	77417
chromosome5	77557
chromosome5	77651
chromosome5	77768
chromosome5	77941
chromosome5	78035
chromosome5	78331
chromosome5	78520
chromosome5	78700
chromosome5	78881
chromosome5	79064
chromosome5	79319
chromosome5	79426
chromosome5	79933
chromosome5	80070
chromosome5	80174
chromosome5	80314
chromosome5	80445
chromosome5	80599
chromosome5	80728
chromosome5	80902
chromosome5	81061
chromosome5	81380
chromosome5	81605
chromosome5	81824
chromosome5	82108
chromosome5	82271
chromosome5	82444
chromosome5	82634
chromosome5	82783
chromosome5	83011
chromosome5	83149
chromosome5	83440
chromosome5	83706
chromosome5	84004
chromosome5	84312
chromosome5	84510
chromosome5	84672
chromosome5	84987
chromosome5	85097
chromosome5	85211
chromosome5	85299
chromosome5	85401
chromosome5	85581
chromosome5	85758
chromosome5	85995
chromosome5	86159
chromosome5	86854
chromosome5	86999
chromosome5	87202
chromosome5	87468
chromosome5	87706
chromosome5	87935
chromosome5	88178
chromosome5	88523
chromosome5	88774
chromosome5	88937
chromosome5	89208
chromosome5	89381
chromosome5	89611
chromosome5	89849
chromosome5	90153
chromosome5	90319
chromosome5	90527
chromosome5	90736
chromosome5	91000
chromosome5	91228
chromosome5	91487
chromosome5	91781
chromosome5	92007
chromosome5	92298
chromosome5	92579
chromosome5	92853
chromosome5	93024
chromosome5	93299
chromosome5	93668
chromosome5	93885
chromosome5	94292
chromosome5	94437
chromosome5	94597
chromosome5	94726
chromosome5	94868
chromosome5	95072
chromosome5	95250
chromosome5	95402
chromosome5	95550
chromosome5	95693
chromosome5	95859
chromosome5	96084
chromosome5	96286
chromosome5	96504
chromosome5	97092
chromosome5	97378
chromosome5	97644
chromosome5	97883
chromosome5	98077
chromosome5	98267
chromosome5	98430
chromosome5	98611
chromosome5	98797
chromosome5	98930
chromosome5	99057
chromosome5	99223
chromosome5	99327
chromosome5	99443
chromosome5	99616
chromosome5	99792
chromosome5	100225
chromosome5	101298
chromosome5	102131
chromosome5	102430
chromosome5	102555
chromosome5	102752
chromosome5	102934
chromosome5	103119
chromosome5	103278
chromosome5	103430
chromosome5	103554
chromosome5	103736
chromosome5	103876
chromosome5	104016
chromosome5	104194
chromosome5	104350
chromosome5	104492
chromosome5	104603
chromosome5	104739
chromosome5	104897
chromosome5	105064
chromosome5	105217
chromosome5	105359
chromosome5	105521
chromosome5	105646
chromosome5	105799
chromosome5	105969
chromosome5	106143
chromosome5	106282
chromosome5	106413
chromosome5	106542
chromosome5	106624
chromosome5	106767
chromosome5	106906
chromosome5	107111
chromosome5	107240
chromosome5	107502
chromosome5	107817
chromosome5	108056
chromosome5	108847
chromosome5	109032
chromosome5	109196
chromosome5	109366
chromosome5	109527
chromosome5	109782
chromosome5	109971
chromosome5	110171
chromosome5	110359
chromosome5	110907
chromosome5	111048
chromosome5	111536
chromosome5	111780
chromosome5	112026
chromosome5	112240
chromosome5	112410
chromosome5	112612
chromosome5	112924
chromosome5	113142
chromosome5	113344
chromosome5	113592
chromosome5	113910
chromosome5	114116
chromosome5	114368
chromosome5	114572
chromosome5	114807
chromosome5	114956
chromosome5	115145
chromosome5	115355
chromosome5	115667
chromosome5	115897
chromosome5	116157
chromosome5	116384
chromosome5	116645
chromosome5	116927
chromosome5	117143
chromosome5	117398
chromosome5	117585
chromosome5	117756
chromosome5	117910
chromosome5	118083
chromosome5	118690
chromosome5	118856
chromosome5	119070
chromosome5	119210
chromosome5	119382
chromosome5	119574
chromosome5	119747
chromosome5	119950
chromosome5	120120
chromosome5	120310
chromosome5	120475
chromosome5	120670
chromosome5	120903
chromosome5	121112
chromosome5	121289
chromosome5	121462
chromosome5	121698
chromosome5	121931
chromosome5	122181
chromosome5	123093
chromosome5	123290
chromosome5	123470
chromosome5	123662
chromosome5	123872
chromosome5	124060
chromosome5	124240
chromosome5	124429
chromosome5	124632
chromosome5	124787
chromosome5	124979
chromosome5	125192
chromosome5	125329
chromosome5	125516
chromosome5	125667
chromosome5	125823
chromosome5	125985
chromosome5	126128
chromosome5	126287
chromosome5	126528
chromosome5	126805
chromosome5	127127
chromosome5	127363
chromosome5	127586
chromosome5	127865
chromosome5	128144
chromosome5	128312
chromosome5	128594
chromosome5	129001
chromosome5	129319
chromosome5	129644
chromosome5	129910
chromosome5	130153
chromosome5	130380
chromosome5	131484
chromosome5	131893
chromosome5	132293
chromosome5	132515
chromosome5	132706
chromosome5	132850
chromosome5	133054
chromosome5	133221
chromosome5	133476
chromosome5	133696
chromosome5	133920
chromosome5	134163
chromosome5	134430
chromosome5	134712
chromosome5	135003
chromosome5	135358
chromosome5	135494
chromosome5	138731
chromosome5	139135
chromosome5	139332
chromosome5	139525
chromosome5	139663
chromosome5	140545
chromosome5	140703
chromosome5	140921
chromosome5	141064
chromosome5	141257
chromosome5	141485
chromosome5	141691
chromosome5	141939
chromosome5	142188
chromosome5	142365
chromosome5	142594
chromosome5	143304
chromosome5	143589
chromosome5	143721
chromosome5	143858
chromosome5	144311
chromosome5	144522
chromosome5	144752
chromosome5	145037
chromosome5	145276
chromosome5	145950
chromosome5	146138
chromosome5	146307
chromosome5	146590
chromosome5	146811
chromosome5	146987
chromosome5	147203
chromosome5	147505
chromosome5	147698
chromosome5	147935
chromosome5	148381
chromosome5	148876
chromosome5	149090
chromosome5	149347
chromosome5	149544
chromosome5	149759
chromosome5	149974
chromosome5	150119
chromosome5	150393
chromosome5	150638
chromosome5	150803
chromosome5	150951
chromosome5	151120
chromosome5	151441
chromosome5	152270
chromosome5	152395
chromosome5	152543
chromosome5	152687
chromosome5	153044
chromosome5	153163
chromosome5	153293
chromosome5	153450
chromosome5	153564
chromosome5	153701
chromosome5	153855
chromosome5	154013
chromosome5	154223
chromosome5	154415
chromosome5	154586
chromosome5	154768
chromosome5	154933
chromosome5	155117
chromosome5	155283
chromosome5	155483
chromosome5	155681
chromosome5	155849
chromosome5	156762
chromosome5	156987
chromosome5	157223
chromosome5	157402
chromosome5	157927
chromosome5	158123
chromosome5	158425
chromosome5	158660
chromosome5	158870
chromosome5	159293
chromosome5	159422
chromosome5	159571
chromosome5	159740
chromosome5	159950
chromosome5	160131
chromosome5	160296
chromosome5	160481
chromosome5	160659
chromosome5	160848
chromosome5	161051
chromosome5	161259
chromosome5	161463
chromosome5	161710
chromosome5	161933
chromosome5	162126
chromosome5	162352
chromosome5	162641
chromosome5	162839
chromosome5	163098
chromosome5	163303
chromosome5	163547
chromosome5	163794
chromosome5	164096
chromosome5	164542
chromosome5	164746
chromosome5	164950
chromosome5	165102
chromosome5	165290
chromosome5	165522
chromosome5	165670
chromosome5	165851
chromosome5	166062
chromosome5	166335
chromosome5	166563
chromosome5	166836
chromosome5	167196
chromosome5	167398
chromosome5	167860
chromosome5	168008
chromosome5	168200
chromosome5	168356
chromosome5	168483
chromosome5	168630
chromosome5	168822
chromosome5	168990
chromosome5	169169
chromosome5	169307
chromosome5	169474
chromosome5	169697
chromosome5	169857
chromosome5	169986
chromosome5	170121
chromosome5	170297
chromosome5	170422
chromosome5	170543
chromosome5	170681
chromosome5	170820
chromosome5	170940
chromosome5	171026
chromosome5	171207
chromosome5	171369
chromosome5	171584
chromosome5	171783
chromosome5	171913
chromosome5	172027
chromosome5	172183
chromosome5	172501
chromosome5	172721
chromosome5	172856
chromosome5	173013
chromosome5	173158
chromosome5	173314
chromosome5	173480
chromosome5	173635
chromosome5	173973
chromosome5	174134
chromosome5	174313
chromosome5	174459
chromosome5	174601
chromosome5	174787
chromosome5	174937
chromosome5	175059
chromosome5	175206
chromosome5	175340
chromosome5	175924
chromosome5	176437
chromosome5	176587
chromosome5	177243
chromosome5	177371
chromosome5	177470
chromosome5	177662
chromosome5	177816
chromosome5	178002
chromosome5	178167
chromosome5	178430
chromosome5	178658
chromosome5	178786
chromosome5	178951
chromosome5	179140
chromosome5	179312
chromosome5	179471
chromosome5	179641
chromosome5	179847
chromosome5	180048
chromosome5	180382
chromosome5	180644
chromosome5	180996
chromosome5	181290
chromosome5	181557
chromosome5	181853
chromosome5	182087
chromosome5	182425
chromosome5	182572
chromosome5	182740
chromosome5	182941
chromosome5	183192
chromosome5	183361
chromosome5	183580
chromosome5	183787
chromosome5	183961
chromosome5	184168
chromosome5	184311
chromosome5	184486
chromosome5	184715
chromosome5	184969
chromosome5	185149
chromosome5	185307
chromosome5	185548
chromosome5	185774
chromosome5	185983
chromosome5	186262
chromosome5	186482
chromosome5	186652
chromosome5	186833
chromosome5	187022
chromosome5	187238
chromosome5	187353
chromosome5	187510
chromosome5	187645
chromosome5	187942
chromosome5	188051
chromosome5	188207
chromosome5	188444
chromosome5	188666
chromosome5	188823
chromosome5	189053
chromosome5	189234
chromosome5	189572
chromosome5	189749
chromosome5	189983
chromosome5	190151
chromosome5	190301
chromosome5	190499
chromosome5	190703
chromosome5	190880
chromosome5	191061
chromosome5	191213
chromosome5	191408
chromosome5	191572
chromosome5	191695
chromosome5	191844
chromosome5	191985
chromosome5	192091
chromosome5	192252
chromosome5	192441
chromosome5	192592
chromosome5	192850
chromosome5	193012
chromosome5	193228
chromosome5	193482
chromosome5	193718
chromosome5	193943
chromosome5	194154
chromosome5	194380
chromosome5	194581
chromosome5	194813
chromosome5	195022
chromosome5	195210
chromosome5	195356
chromosome5	195489
chromosome5	195638
chromosome5	195819
chromosome5	195999
chromosome5	196237
chromosome5	196412
chromosome5	196886
chromosome5	197078
chromosome5	197265
chromosome5	197488
chromosome5	197644
chromosome5	197847
chromosome5	198071
chromosome5	198304
chromosome5	198765
chromosome5	198922
chromosome5	199118
chromosome5	199277
chromosome5	199498
chromosome5	199729
chromosome5	199963
chromosome5	200236
chromosome5	200429
chromosome5	200706
chromosome5	200847
chromosome5	200996
chromosome5	201216
chromosome5	201409
chromosome5	201627
chromosome5	201840
chromosome5	202191
chromosome5	202368
chromosome5	202554
chromosome5	202763
chromosome5	202935
chromosome5	203107
chromosome5	203313
chromosome5	203519
chromosome5	203760
chromosome5	203988
chromosome5	204194
chromosome5	204393
chromosome5	204594
chromosome5	204787
chromosome5	204975
chromosome5	205101
chromosome5	205259
chromosome5	205497
chromosome5	205889
chromosome5	206160
chromosome5	206498
chromosome5	206820
chromosome5	207716
chromosome5	207951
chromosome5	208304
chromosome5	208661
chromosome5	208965
chromosome5	209208
chromosome5	209488
chromosome5	209696
chromosome5	209966
chromosome5	210148
chromosome5	210290
chromosome5	210462
chromosome5	210565
chromosome5	210705
chromosome5	210833
chromosome5	210968
chromosome5	211106
chromosome5	211221
chromosome5	211351
chromosome5	211463
chromosome5	211598
chromosome5	211744
chromosome5	211886
chromosome5	212058
chromosome5	212208
chromosome5	212361
chromosome5	212710
chromosome5	212871
chromosome5	213061
chromosome5	213371
chromosome5	213521
chromosome5	213684
chromosome5	213957
chromosome5	214196
chromosome5	214481
chromosome5	214764
chromosome5	214910
chromosome5	215041
chromosome5	215202
chromosome5	215384
chromosome5	215602
chromosome5	215800
chromosome5	216043
chromosome5	216208
chromosome5	216348
chromosome5	216487
chromosome5	216643
chromosome5	216839
chromosome5	216966
chromosome5	217147
chromosome5	217279
chromosome5	217471
chromosome5	217965
chromosome5	218120
chromosome5	218318
chromosome5	218492
chromosome5	218670
chromosome5	218838
chromosome5	219005
chromosome5	219134
chromosome5	219245
chromosome5	219359
chromosome5	219532
chromosome5	219654
chromosome5	219788
chromosome5	220042
chromosome5	220174
chromosome5	220340
chromosome5	220568
chromosome5	220695
chromosome5	220862
chromosome5	221021
chromosome5	221226
chromosome5	221484
chromosome5	221610
chromosome5	221728
chromosome5	221915
chromosome5	222055
chromosome5	222194
chromosome5	222377
chromosome5	222557
chromosome5	222697
chromosome5	222847
chromosome5	223011
chromosome5	223724
chromosome5	224117
chromosome5	224491
chromosome5	224938
chromosome5	225101
chromosome5	225996
chromosome5	226195
chromosome5	226394
chromosome5	226599
chromosome5	226767
chromosome5	227247
chromosome5	227500
chromosome5	227711
chromosome5	227927
chromosome5	228102
chromosome5	228247
chromosome5	228627
chromosome5	228765
chromosome5	228945
chromosome5	229093
chromosome5	229293
chromosome5	229452
chromosome5	229595
chromosome5	229812
chromosome5	229933
chromosome5	230134
chromosome5	230309
chromosome5	230471
chromosome5	230625
chromosome5	230899
chromosome5	231083
chromosome5	231308
chromosome5	231549
chromosome5	231798
chromosome5	231965
chromosome5	232534
chromosome5	232706
chromosome5	232871
chromosome5	233012
chromosome5	233192
chromosome5	233372
chromosome5	233525
chromosome5	233747
chromosome5	233851
chromosome5	234032
chromosome5	234160
chromosome5	234301
chromosome5	234458
chromosome5	234628
chromosome5	234766
chromosome5	235010
chromosome5	235221
chromosome5	235342
chromosome5	235790
chromosome5	236082
chromosome5	236261
chromosome5	236425
chromosome5	236586
chromosome5	236831
chromosome5	237018
chromosome5	237196
chromosome5	237362
chromosome5	237563
chromosome5	237913
chromosome5	238131
chromosome5	238369
chromosome5	238549
chromosome5	238705
chromosome5	238907
chromosome5	239078
chromosome5	239259
chromosome5	239428
chromosome5	239561
chromosome5	239700
chromosome5	239849
chromosome5	240072
chromosome5	240258
chromosome5	240400
chromosome5	240500
chromosome5	240726
chromosome5	240858
chromosome5	240977
chromosome5	241109
chromosome5	241269
chromosome5	241427
chromosome5	242040
chromosome5	242195
chromosome5	242333
chromosome5	242477
chromosome5	242603
chromosome5	242752
chromosome5	242908
chromosome5	243072
chromosome5	243221
chromosome5	243431
chromosome5	244105
chromosome5	244360
chromosome5	244600
chromosome5	244846
chromosome5	244985
chromosome5	245129
chromosome5	245256
chromosome5	245432
chromosome5	245594
chromosome5	245822
chromosome5	245940
chromosome5	246099
chromosome5	246278
chromosome5	246498
chromosome5	246663
chromosome5	246937
chromosome5	247234
chromosome5	247444
chromosome5	247687
chromosome5	247837
chromosome5	248117
chromosome5	248286
chromosome5	248449
chromosome5	248593
chromosome5	248716
chromosome5	248868
chromosome5	250618
chromosome5	250806
chromosome5	250998
chromosome5	251127
chromosome5	251400
chromosome5	251809
chromosome5	252077
chromosome5	252359
chromosome5	252582
chromosome5	252785
chromosome5	253048
chromosome5	253241
chromosome5	253512
chromosome5	253999
chromosome5	254205
chromosome5	254396
chromosome5	254554
chromosome5	254679
chromosome5	254810
chromosome5	254938
chromosome5	255144
chromosome5	255333
chromosome5	255498
chromosome5	255694
chromosome5	255872
chromosome5	256088
chromosome5	256219
chromosome5	256720
chromosome5	256936
chromosome5	257134
chromosome5	257350
chromosome5	257500
chromosome5	257647
chromosome5	257839
chromosome5	257984
chromosome5	258334
chromosome5	258644
chromosome5	258883
chromosome5	259106
chromosome5	259295
chromosome5	259496
chromosome5	259945
chromosome5	260119
chromosome5	260246
chromosome5	260388
chromosome5	260524
chromosome5	260955
chromosome5	261758
chromosome5	261861
chromosome5	262023
chromosome5	262187
chromosome5	262331
chromosome5	262462
chromosome5	262708
chromosome5	262808
chromosome5	262923
chromosome5	263065
chromosome5	263214
chromosome5	263317
chromosome5	263400
chromosome5	263567
chromosome5	263718
chromosome5	263849
chromosome5	264111
chromosome5	264250
chromosome5	264403
chromosome5	264534
chromosome5	264657
chromosome5	264771
chromosome5	264973
chromosome5	265216
chromosome5	265446
chromosome5	265693
chromosome5	265871
chromosome5	266508
chromosome5	266661
chromosome5	266949
chromosome5	267195
chromosome5	267631
chromosome5	268034
chromosome5	268634
chromosome5	269267
chromosome5	269627
chromosome5	269839
chromosome5	269984
chromosome5	270138
chromosome5	270324
chromosome5	270435
chromosome5	270540
chromosome5	270682
chromosome5	270841
chromosome5	271052
chromosome5	271238
chromosome5	271374
chromosome5	271745
chromosome5	271950
chromosome5	272114
chromosome5	272312
chromosome5	272456
chromosome5	272628
chromosome5	272766
chromosome5	272887
chromosome5	273007
chromosome5	273129
chromosome5	273310
chromosome5	273467
chromosome5	273598
chromosome5	273808
chromosome5	274068
chromosome5	274216
chromosome5	274385
chromosome5	274477
chromosome5	274597
chromosome5	274721
chromosome5	274866
chromosome5	275037
chromosome5	275195
chromosome5	275405
chromosome5	275538
chromosome5	275679
chromosome5	275844
chromosome5	275979
chromosome5	278406
chromosome5	278550
chromosome5	278698
chromosome5	278892
chromosome5	279061
chromosome5	279216
chromosome5	279396
chromosome5	279536
chromosome5	279673
chromosome5	280070
chromosome5	280217
chromosome5	280416
chromosome5	280645
chromosome5	280779
chromosome5	281000
chromosome5	281136
chromosome5	281266
chromosome5	281413
chromosome5	281531
chromosome5	281650
chromosome5	281801
chromosome5	281909
chromosome5	282016
chromosome5	282183
chromosome5	282330
chromosome5	282468
chromosome5	282575
chromosome5	282671
chromosome5	282809
chromosome5	282892
chromosome5	283003
chromosome5	283150
chromosome5	283292
chromosome5	283419
chromosome5	283561
chromosome5	283656
chromosome5	283773
chromosome5	283935
chromosome5	284136
chromosome5	284233
chromosome5	284663
chromosome5	284796
chromosome5	284939
chromosome5	285108
chromosome5	285345
chromosome5	285554
chromosome5	285748
chromosome5	285919
chromosome5	286087
chromosome5	286273
chromosome5	286459
chromosome5	286686
chromosome5	286837
chromosome5	287001
chromosome5	287113
chromosome5	287246
chromosome5	287546
chromosome5	288215
chromosome5	288343
chromosome5	288500
chromosome5	288831
chromosome5	289108
chromosome5	289408
chromosome5	289513
chromosome5	289632
chromosome5	289732
chromosome5	290127
chromosome5	290251
chromosome5	290388
chromosome5	290501
chromosome5	290623
chromosome5	290730
chromosome5	291006
chromosome5	291241
chromosome5	291479
chromosome5	291740
chromosome5	291936
chromosome5	292073
chromosome5	292246
chromosome5	292425
chromosome5	292556
chromosome5	292707
chromosome5	292823
chromosome5	292967
chromosome5	293126
chromosome5	293433
chromosome5	293630
chromosome5	293880
chromosome5	294058
chromosome5	294218
chromosome5	294417
chromosome5	294620
chromosome5	295060
chromosome5	295240
chromosome5	295465
chromosome5	295660
chromosome5	295926
chromosome5	296172
chromosome5	296453
chromosome5	296618
chromosome5	296784
chromosome5	296947
chromosome5	297144
chromosome5	297363
chromosome5	297620
chromosome5	297797
chromosome5	298310
chromosome5	298445
chromosome5	298631
chromosome5	298834
chromosome5	299090
chromosome5	299438
chromosome5	299792
chromosome5	300105
chromosome5	300419
chromosome5	300675
chromosome5	300983
chromosome5	301323
chromosome5	301503
chromosome5	302123
chromosome5	302351
chromosome5	302505
chromosome5	302624
chromosome5	302803
chromosome5	303141
chromosome5	303283
chromosome5	303483
chromosome5	303661
chromosome5	303821
chromosome5	303924
chromosome5	304064
chromosome5	304202
chromosome5	304362
chromosome5	304491
chromosome5	304671
chromosome5	304830
chromosome5	305034
chromosome5	305203
chromosome5	305444
chromosome5	306008
chromosome5	306128
chromosome5	306288
chromosome5	306463
chromosome5	306580
chromosome5	306695
chromosome5	306872
chromosome5	307510
chromosome5	307638
chromosome5	307811
chromosome5	308497
chromosome5	308728
chromosome5	308925
chromosome5	309271
chromosome5	309511
chromosome5	309710
chromosome5	309884
chromosome5	310065
chromosome5	310265
chromosome5	310421
chromosome5	310614
chromosome5	310822
chromosome5	310930
chromosome5	311066
chromosome5	311166
chromosome5	311266
chromosome5	311410
chromosome5	311593
chromosome5	311750
chromosome5	311914
chromosome5	312026
chromosome5	312599
chromosome5	312714
chromosome5	312835
chromosome5	312946
chromosome5	313045
chromosome5	313136
chromosome5	313258
chromosome5	313402
chromosome5	313515
chromosome5	313659
chromosome5	313997
chromosome5	314127
chromosome5	314622
chromosome5	314827
chromosome5	315015
chromosome5	315153
chromosome5	315315
chromosome5	315488
chromosome5	315654
chromosome5	315877
chromosome5	316118
chromosome5	316375
chromosome5	316574
chromosome5	316925
chromosome5	317154
chromosome5	317389
chromosome5	317609
chromosome5	317793
chromosome5	318016
chromosome5	318228
chromosome5	318384
chromosome5	318564
chromosome5	318769
chromosome5	319121
chromosome5	319280
chromosome5	319935
chromosome5	320147
chromosome5	320374
chromosome5	320608
chromosome5	320874
chromosome5	321105
chromosome5	321279
chromosome5	321495
chromosome5	321710
chromosome5	321982
chromosome5	322125
chromosome5	322239
chromosome5	322404
chromosome5	322707
chromosome5	322940
chromosome5	323191
chromosome5	323421
chromosome5	323660
chromosome5	323882
chromosome5	324415
chromosome5	324572
chromosome5	324818
chromosome5	325001
chromosome5	325202
chromosome5	325492
chromosome5	325770
chromosome5	325978
chromosome5	326254
chromosome5	326439
chromosome5	326591
chromosome5	326726
chromosome5	326896
chromosome5	327053
chromosome5	327564
chromosome5	327734
chromosome5	327880
chromosome5	327982
chromosome5	328107
chromosome5	328218
chromosome5	328425
chromosome5	328622
chromosome5	328987
chromosome5	329296
chromosome5	329676
chromosome5	329982
chromosome5	330546
chromosome5	330774
chromosome5	331061
chromosome5	331327
chromosome5	331529
chromosome5	331716
chromosome5	331982
chromosome5	332224
chromosome5	332396
chromosome5	332542
chromosome5	332747
chromosome5	332935
chromosome5	333308
chromosome5	333472
chromosome5	333636
chromosome5	333820
chromosome5	333976
chromosome5	334122
chromosome5	334270
chromosome5	334427
chromosome5	334600
chromosome5	334716
chromosome5	334910
chromosome5	335122
chromosome5	335282
chromosome5	335473
chromosome5	335674
chromosome5	335875
chromosome5	335988
chromosome5	336140
chromosome5	336300
chromosome5	336486
chromosome5	336706
chromosome5	336909
chromosome5	337090
chromosome5	337296
chromosome5	337751
chromosome5	337866
chromosome5	338030
chromosome5	338274
chromosome5	338476
chromosome5	338686
chromosome5	339004
chromosome5	339311
chromosome5	339897
chromosome5	340137
chromosome5	340424
chromosome5	340770
chromosome5	341015
chromosome5	341220
chromosome5	341462
chromosome5	341595
chromosome5	341841
chromosome5	342097
chromosome5	342540
chromosome5	342705
chromosome5	342826
chromosome5	343026
chromosome5	343249
chromosome5	343405
chromosome5	343637
chromosome5	343831
chromosome5	344001
chromosome5	344184
chromosome5	344430
chromosome5	344618
chromosome5	344853
chromosome5	345059
chromosome5	345299
chromosome5	345732
chromosome5	345936
chromosome5	346116
chromosome5	346357
chromosome5	346518
chromosome5	346773
chromosome5	346962
chromosome5	347121
chromosome5	347321
chromosome5	347522
chromosome5	347665
chromosome5	347863
chromosome5	348050
chromosome5	348217
chromosome5	348369
chromosome5	348509
chromosome5	348652
chromosome5	348890
chromosome5	349173
chromosome5	349434
chromosome5	349591
chromosome5	349716
chromosome5	349865
chromosome5	350076
chromosome5	350237
chromosome5	350549
chromosome5	350877
chromosome5	351189
chromosome5	351393
chromosome5	351543
chromosome5	351736
chromosome5	351905
chromosome5	352042
chromosome5	352169
chromosome5	352395
chromosome5	352570
chromosome5	352786
chromosome5	353041
chromosome5	353201
chromosome5	353351
chromosome5	353776
chromosome5	353886
chromosome5	354883
chromosome5	355052
chromosome5	355194
chromosome5	355392
chromosome5	355557
chromosome5	355748
chromosome5	355975
chromosome5	356153
chromosome5	356338
chromosome5	356484
chromosome5	356656
chromosome5	356862
chromosome5	357130
chromosome5	357323
chromosome5	357558
chromosome5	357722
chromosome5	358363
chromosome5	358681
chromosome5	358897
chromosome5	359085
chromosome5	359239
chromosome5	359387
chromosome5	359639
chromosome5	360030
chromosome5	360241
chromosome5	360676
chromosome5	360938
chromosome5	361203
chromosome5	361398
chromosome5	361624
chromosome5	361776
chromosome5	361959
chromosome5	362113
chromosome5	362260
chromosome5	362405
chromosome5	362511
chromosome5	362625
chromosome5	362747
chromosome5	362899
chromosome5	363019
chromosome5	363906
chromosome5	364044
chromosome5	364201
chromosome5	364393
chromosome5	364666
chromosome5	364913
chromosome5	365185
chromosome5	365432
chromosome5	365749
chromosome5	365966
chromosome5	366163
chromosome5	366382
chromosome5	366703
chromosome5	366861
chromosome5	367006
chromosome5	367187
chromosome5	367413
chromosome5	367563
chromosome5	367696
chromosome5	367921
chromosome5	368100
chromosome5	368307
chromosome5	368540
chromosome5	368797
chromosome5	368981
chromosome5	369181
chromosome5	369397
chromosome5	369563
chromosome5	369757
chromosome5	369954
chromosome5	370154
chromosome5	370316
chromosome5	370511
chromosome5	370648
chromosome5	370824
chromosome5	370948
chromosome5	371135
chromosome5	371316
chromosome5	371559
chromosome5	371824
chromosome5	372433
chromosome5	372607
chromosome5	372802
chromosome5	373068
chromosome5	373257
chromosome5	373672
chromosome5	373988
chromosome5	374303
chromosome5	374506
chromosome5	374682
chromosome5	374913
chromosome5	375410
chromosome5	375582
chromosome5	375714
chromosome5	375875
chromosome5	376050
chromosome5	376165
chromosome5	376290
chromosome5	376479
chromosome5	376686
chromosome5	376823
chromosome5	377003
chromosome5	377168
chromosome5	377372
chromosome5	377631
chromosome5	377803
chromosome5	377942
chromosome5	378057
chromosome5	378177
chromosome5	378345
chromosome5	378490
chromosome5	378644
chromosome5	378930
chromosome5	379130
chromosome5	379334
chromosome5	379637
chromosome5	379864
chromosome5	380091
chromosome5	380304
chromosome5	380590
chromosome5	380862
chromosome5	381168
chromosome5	381377
chromosome5	381663
chromosome5	381879
chromosome5	382763
chromosome5	382928
chromosome5	383161
chromosome5	383330
chromosome5	383480
chromosome5	383697
chromosome5	383851
chromosome5	384068
chromosome5	384329
chromosome5	384559
chromosome5	384753
chromosome5	385268
chromosome5	385518
chromosome5	385920
chromosome5	386333
chromosome5	386477
chromosome5	386561
chromosome5	386672
chromosome5	386903
chromosome5	387013
chromosome5	387125
chromosome5	387397
chromosome5	387559
chromosome5	387983
chromosome5	388148
chromosome5	388420
chromosome5	388646
chromosome5	388807
chromosome5	389031
chromosome5	389236
chromosome5	389497
chromosome5	389714
chromosome5	389871
chromosome5	390066
chromosome5	390324
chromosome5	390541
chromosome5	390724
chromosome5	390983
chromosome5	391253
chromosome5	391500
chromosome5	391629
chromosome5	391824
chromosome5	391987
chromosome5	392149
chromosome5	392292
chromosome5	392441
chromosome5	392591
chromosome5	392734
chromosome5	392978
chromosome5	393145
chromosome5	393296
chromosome5	393527
chromosome5	393677
chromosome5	393831
chromosome5	393995
chromosome5	394357
chromosome5	394547
chromosome5	394706
chromosome5	395020
chromosome5	395239
chromosome5	395382
chromosome5	395672
chromosome5	395813
chromosome5	395939
chromosome5	396101
chromosome5	396233
chromosome5	396365
chromosome5	396483
chromosome5	396564
chromosome5	396721
chromosome5	396921
chromosome5	397047
chromosome5	397156
chromosome5	397401
chromosome5	397947
chromosome5	398177
chromosome5	398363
chromosome5	398584
chromosome5	398829
chromosome5	399075
chromosome5	399238
chromosome5	399418
chromosome5	399594
chromosome5	399768
chromosome5	399921
chromosome5	400111
chromosome5	400293
chromosome5	400434
chromosome5	400627
chromosome5	400837
chromosome5	400945
chromosome5	401143
chromosome5	401393
chromosome5	401633
chromosome5	401774
chromosome5	402252
chromosome5	402377
chromosome5	402543
chromosome5	402688
chromosome5	403059
chromosome5	403301
chromosome5	403483
chromosome5	403663
chromosome5	403795
chromosome5	404018
chromosome5	404239
chromosome5	404662
chromosome5	404834
chromosome5	405019
chromosome5	405331
chromosome5	405655
chromosome5	405919
chromosome5	406137
chromosome5	407280
chromosome5	407482
chromosome5	407639
chromosome5	407818
chromosome5	408054
chromosome5	408251
chromosome5	408488
chromosome5	408683
chromosome5	408854
chromosome5	409052
chromosome5	409172
chromosome5	409360
chromosome5	409522
chromosome5	409661
chromosome5	409849
chromosome5	410030
chromosome5	410298
chromosome5	410547
chromosome5	410743
chromosome5	410947
chromosome5	411196
chromosome5	411499
chromosome5	411871
chromosome5	412146
chromosome5	412490
chromosome5	413129
chromosome5	413558
chromosome5	413901
chromosome5	414204
chromosome5	414334
chromosome5	414525
chromosome5	414734
chromosome5	414918
chromosome5	415054
chromosome5	415200
chromosome5	415446
chromosome5	415894
chromosome5	416097
chromosome5	416271
chromosome5	416458
chromosome5	416602
chromosome5	416748
chromosome5	416905
chromosome5	417137
chromosome5	417416
chromosome5	417577
chromosome5	417814
chromosome5	418213
chromosome5	418510
chromosome5	418693
chromosome5	418874
chromosome5	419051
chromosome5	419200
chromosome5	419333
chromosome5	419468
chromosome5	419628
chromosome5	419815
chromosome5	420003
chromosome5	420177
chromosome5	420315
chromosome5	420527
chromosome5	420697
chromosome5	421157
chromosome5	421387
chromosome5	421582
chromosome5	421770
chromosome5	421946
chromosome5	422113
chromosome5	422312
chromosome5	422566
chromosome5	422698
chromosome5	423084
chromosome5	423297
chromosome5	423431
chromosome5	423695
chromosome5	423966
chromosome5	424319
chromosome5	424654
chromosome5	424852
chromosome5	425247
chromosome5	425388
chromosome5	425531
chromosome5	425752
chromosome5	425950
chromosome5	426173
chromosome5	426303
chromosome5	426448
chromosome5	426637
chromosome5	426784
chromosome5	426922
chromosome5	427153
chromosome5	427374
chromosome5	427543
chromosome5	427705
chromosome5	427840
chromosome5	428011
chromosome5	428209
chromosome5	428326
chromosome5	428551
chromosome5	428776
chromosome5	428937
chromosome5	429159
chromosome5	429316
chromosome5	429496
chromosome5	429608
chromosome5	429823
chromosome5	430048
chromosome5	430265
chromosome5	430469
chromosome5	430790
chromosome5	430953
chromosome5	431259
chromosome5	431378
chromosome5	432113
chromosome5	432341
chromosome5	432596
chromosome5	432828
chromosome5	433385
chromosome5	434457
chromosome5	437459
chromosome5	437686
chromosome5	438940
chromosome5	439074
chromosome5	439227
chromosome5	439361
chromosome5	439585
chromosome5	439942
chromosome5	440314
chromosome5	440575
chromosome5	440863
chromosome5	441381
chromosome5	441532
chromosome5	441703
chromosome5	441908
chromosome5	442020
chromosome5	442138
chromosome5	442244
chromosome5	442345
chromosome5	442483
chromosome5	442578
chromosome5	442716
chromosome5	450214
chromosome5	450587
chromosome5	450814
chromosome5	451058
chromosome5	451293
chromosome5	451446
chromosome5	451629
chromosome5	451852
chromosome5	452037
chromosome5	452323
chromosome5	452608
chromosome5	452873
chromosome5	453078
chromosome5	453351
chromosome5	453504
chromosome5	453667
chromosome5	453980
chromosome5	454291
chromosome5	454583
chromosome5	454829
chromosome5	455191
chromosome5	455490
chromosome5	455676
chromosome5	455911
chromosome5	456068
chromosome5	456214
chromosome5	456447
chromosome5	456654
chromosome5	456820
chromosome5	457082
chromosome5	457320
chromosome5	457452
chromosome5	457636
chromosome5	457773
chromosome5	457941
chromosome5	458153
chromosome5	458370
chromosome5	458573
chromosome5	458737
chromosome5	458917
chromosome5	459040
chromosome5	459150
chromosome5	459288
chromosome5	459419
chromosome5	459603
chromosome5	459829
chromosome5	460008
chromosome5	460201
chromosome5	460383
chromosome5	460648
chromosome5	460879
chromosome5	461181
chromosome5	461594
chromosome5	461795
chromosome5	462123
chromosome5	462267
chromosome5	462466
chromosome5	462680
chromosome5	463162
chromosome5	463315
chromosome5	463593
chromosome5	463744
chromosome5	463968
chromosome5	464167
chromosome5	464345
chromosome5	464576
chromosome5	464735
chromosome5	464892
chromosome5	465047
chromosome5	465199
chromosome5	465394
chromosome5	465644
chromosome5	466002
chromosome5	466409
chromosome5	466656
chromosome5	466824
chromosome5	467021
chromosome5	467202
chromosome5	467414
chromosome5	467543
chromosome5	467715
chromosome5	467897
chromosome5	468044
chromosome5	468195
chromosome5	468355
chromosome5	468504
chromosome5	468660
chromosome5	468771
chromosome5	469099
chromosome5	469539
chromosome5	469890
chromosome5	470210
chromosome5	470461
chromosome5	470706
chromosome5	470901
chromosome5	471132
chromosome5	471289
chromosome5	471426
chromosome5	471561
chromosome5	471712
chromosome5	471861
chromosome5	472047
chromosome5	472203
chromosome5	472409
chromosome5	472535
chromosome5	472714
chromosome5	472939
chromosome5	473098
chromosome5	473271
chromosome5	473410
chromosome5	473605
chromosome5	473794
chromosome5	473944
chromosome5	474099
chromosome5	474327
chromosome5	474591
chromosome5	474811
chromosome5	475027
chromosome5	475172
chromosome5	475385
chromosome5	475631
chromosome5	475943
chromosome5	476132
chromosome5	476565
chromosome5	476843
chromosome5	477167
chromosome5	477410
chromosome5	477673
chromosome5	477876
chromosome5	478111
chromosome5	478343
chromosome5	478544
chromosome5	479021
chromosome5	479279
chromosome5	479478
chromosome5	479720
chromosome5	480006
chromosome5	480169
chromosome5	480388
chromosome5	480616
chromosome5	480891
chromosome5	481183
chromosome5	481448
chromosome5	481664
chromosome5	481802
chromosome5	482097
chromosome5	482330
chromosome5	482506
chromosome5	482702
chromosome5	482918
chromosome5	483134
chromosome5	483340
chromosome5	483598
chromosome5	483882
chromosome5	484050
chromosome5	484325
chromosome5	484538
chromosome5	484656
chromosome5	484791
chromosome5	484959
chromosome5	485111
chromosome5	485305
chromosome5	485542
chromosome5	485779
chromosome5	485960
chromosome5	486168
chromosome5	486342
chromosome5	486667
chromosome5	488912
chromosome5	489125
chromosome5	489279
chromosome5	489435
chromosome5	489569
chromosome5	489707
chromosome5	489864
chromosome5	490025
chromosome5	490262
chromosome5	490434
chromosome5	490645
chromosome5	490832
chromosome5	491031
chromosome5	491174
chromosome5	491282
chromosome5	491381
chromosome5	491647
chromosome5	491895
chromosome5	499070
chromosome5	499268
chromosome5	499426
chromosome5	499662
chromosome5	499790
chromosome5	499912
chromosome5	500088
chromosome5	500271
chromosome5	500686
chromosome5	500786
chromosome5	500887
chromosome5	501039
chromosome5	501190
chromosome5	501349
chromosome5	501522
chromosome5	501719
chromosome5	501884
chromosome5	502037
chromosome5	502202
chromosome5	502373
chromosome5	502524
chromosome5	502656
chromosome5	502798
chromosome5	502961
chromosome5	503099
chromosome5	503287
chromosome5	503453
chromosome5	503579
chromosome5	503791
chromosome5	504062
chromosome5	504179
chromosome5	504289
chromosome5	504460
chromosome5	504586
chromosome5	504729
chromosome5	504857
chromosome5	505045
chromosome5	505167
chromosome5	505318
chromosome5	505484
chromosome5	505601
chromosome5	505705
chromosome5	505881
chromosome5	506076
chromosome5	506285
chromosome5	506405
chromosome5	506660
chromosome5	506893
chromosome5	507122
chromosome5	507346
chromosome5	507524
chromosome5	507803
chromosome5	508052
chromosome5	508301
chromosome5	508448
chromosome5	508598
chromosome5	508765
chromosome5	508939
chromosome5	509102
chromosome5	509274
chromosome5	509407
chromosome5	509543
chromosome5	509744
chromosome5	510564
chromosome5	510891
chromosome5	511162
chromosome5	511356
chromosome5	511569
chromosome5	511838
chromosome5	512105
chromosome5	512437
chromosome5	512545
chromosome5	512751
chromosome5	512913
chromosome5	513067
chromosome5	513268
chromosome5	513598
chromosome5	513854
chromosome5	514162
chromosome5	514430
chromosome5	514696
chromosome5	514987
chromosome5	515209
chromosome5	515543
chromosome5	515818
chromosome5	516055
chromosome5	516356
chromosome5	516693
chromosome5	516958
chromosome5	517234
chromosome5	517414
chromosome5	517657
chromosome5	517978
chromosome5	518163
chromosome5	518332
chromosome5	518554
chromosome5	518749
chromosome5	518957
chromosome5	519138
chromosome5	519363
chromosome5	519631
chromosome5	519764
chromosome5	519879
chromosome5	520020
chromosome5	520157
chromosome5	520319
chromosome5	520465
chromosome5	520640
chromosome5	521551
chromosome5	521761
chromosome5	521954
chromosome5	522130
chromosome5	522319
chromosome5	522498
chromosome5	522634
chromosome5	522758
chromosome5	523401
chromosome5	523554
chromosome5	523730
chromosome5	523852
chromosome5	523995
chromosome5	524194
chromosome5	524388
chromosome5	524517
chromosome5	524642
chromosome5	524799
chromosome5	524949
chromosome5	525123
chromosome5	525287
chromosome5	525398
chromosome5	525540
chromosome5	525753
chromosome5	525980
chromosome5	526108
chromosome5	526240
chromosome5	526384
chromosome5	526570
chromosome5	527120
chromosome5	527375
chromosome5	527631
chromosome5	527936
chromosome5	528163
chromosome5	528419
chromosome5	528650
chromosome5	528866
chromosome5	529136
chromosome5	529362
chromosome5	529645
chromosome5	529770
chromosome5	529950
chromosome5	530087
chromosome5	530226
chromosome5	530314
chromosome5	530493
chromosome5	530622
chromosome5	530827
chromosome5	530976
chromosome5	531127
chromosome5	531246
chromosome5	531390
chromosome5	531579
chromosome5	531750
chromosome5	531874
chromosome5	532001
chromosome5	532140
chromosome5	532282
chromosome5	532428
chromosome5	532584
chromosome5	532736
chromosome5	532911
chromosome5	533144
chromosome5	533463
chromosome5	533706
chromosome5	534006
chromosome5	534216
chromosome5	534432
chromosome5	534664
chromosome5	534854
chromosome5	535023
chromosome5	535263
chromosome5	535485
chromosome5	535647
chromosome5	535818
chromosome5	536032
chromosome5	536265
chromosome5	536480
chromosome5	536714
chromosome5	536928
chromosome5	537273
chromosome5	537538
chromosome5	537767
chromosome5	537935
chromosome5	538151
chromosome5	538631
chromosome5	538792
chromosome5	539001
chromosome5	539169
chromosome5	539342
chromosome5	539567
chromosome5	539772
chromosome5	539994
chromosome5	540131
chromosome5	540314
chromosome5	540681
chromosome5	540966
chromosome5	541185
chromosome5	541336
chromosome5	541471
chromosome5	541685
chromosome5	541890
chromosome5	542074
chromosome5	542258
chromosome5	542459
chromosome5	542584
chromosome5	542721
chromosome5	542893
chromosome5	543079
chromosome5	543293
chromosome5	543511
chromosome5	543790
chromosome5	543996
chromosome5	544293
chromosome5	544486
chromosome5	544735
chromosome5	545022
chromosome5	545722
chromosome5	545991
chromosome5	546141
chromosome5	546564
chromosome5	546713
chromosome5	546844
chromosome5	547008
chromosome5	547257
chromosome5	547458
chromosome5	547720
chromosome5	547962
chromosome5	548153
chromosome5	548344
chromosome5	548566
chromosome5	548773
chromosome5	549012
chromosome5	549238
chromosome5	549421
chromosome5	549836
chromosome5	549958
chromosome5	550087
chromosome5	550200
chromosome5	550328
chromosome5	550448
chromosome5	550576
chromosome5	550802
chromosome5	550943
chromosome5	551090
chromosome5	551198
chromosome5	551757
chromosome5	552030
chromosome5	552450
chromosome5	552593
chromosome5	552771
chromosome5	552932
chromosome5	553079
chromosome5	553226
chromosome5	553475
chromosome5	553625
chromosome5	553772
chromosome5	553930
chromosome5	554250
chromosome5	554466
chromosome5	554636
chromosome5	554777
chromosome5	554955
chromosome5	555900
chromosome5	556105
chromosome5	556230
chromosome5	556369
chromosome5	556496
chromosome5	556604
chromosome5	556741
chromosome5	556881
chromosome5	556999
chromosome5	557130
chromosome5	557228
chromosome5	557355
chromosome5	557457
chromosome5	557637
chromosome5	557737
chromosome5	557855
chromosome5	557967
chromosome5	558064
chromosome5	558189
chromosome5	558309
chromosome5	558405
chromosome5	558501
chromosome5	558603
chromosome5	558914
chromosome5	559093
chromosome5	559279
chromosome5	559385
chromosome5	559531
chromosome5	559617
chromosome5	559697
chromosome5	559795
chromosome5	559903
chromosome5	560010
chromosome5	560140
chromosome5	560251
chromosome5	560474
chromosome5	560595
chromosome5	560689
chromosome5	560823
chromosome5	560994
chromosome5	561102
chromosome5	561197
chromosome5	561876
chromosome5	561997
chromosome5	562099
chromosome5	562225
chromosome5	562332
chromosome5	562443
chromosome5	562553
chromosome5	562630
chromosome5	562781
chromosome5	563902
chromosome5	563992
chromosome5	564096
chromosome5	564229
chromosome5	564346
chromosome5	564503
chromosome5	565047
chromosome5	565713
chromosome5	565799
chromosome5	565905
chromosome5	566006
chromosome5	566090
chromosome5	566183
chromosome5	566296
chromosome5	566435
chromosome6	34487
chromosome6	34592
chromosome6	34710
chromosome6	34829
chromosome6	34922
chromosome6	35013
chromosome6	35143
chromosome6	35257
chromosome6	35366
chromosome6	35475
chromosome6	35606
chromosome6	35721
chromosome6	35829
chromosome6	36017
chromosome6	36120
chromosome6	36211
chromosome6	36363
chromosome6	36475
chromosome6	36578
chromosome6	36810
chromosome6	36970
chromosome6	37088
chromosome6	37206
chromosome6	37318
chromosome6	37444
chromosome6	37565
chromosome6	37699
chromosome6	37828
chromosome6	37936
chromosome6	38101
chromosome6	38257
chromosome6	38380
chromosome6	38518
chromosome6	38634
chromosome6	38957
chromosome6	39097
chromosome6	39202
chromosome6	39410
chromosome6	39609
chromosome6	39818
chromosome6	40015
chromosome6	40148
chromosome6	40540
chromosome6	40704
chromosome6	40933
chromosome6	41118
chromosome6	41331
chromosome6	41468
chromosome6	41710
chromosome6	41962
chromosome6	42125
chromosome6	42313
chromosome6	42839
chromosome6	43053
chromosome6	43381
chromosome6	43584
chromosome6	43816
chromosome6	44114
chromosome6	44378
chromosome6	44593
chromosome6	44787
chromosome6	44991
chromosome6	45162
chromosome6	45372
chromosome6	45561
chromosome6	45764
chromosome6	45908
chromosome6	46098
chromosome6	46290
chromosome6	46467
chromosome6	46652
chromosome6	46896
chromosome6	47119
chromosome6	47322
chromosome6	47517
chromosome6	47661
chromosome6	47821
chromosome6	47947
chromosome6	48084
chromosome6	48224
chromosome6	48349
chromosome6	48462
chromosome6	48609
chromosome6	48726
chromosome6	48912
chromosome6	49149
chromosome6	49362
chromosome6	49639
chromosome6	49808
chromosome6	50014
chromosome6	50195
chromosome6	50376
chromosome6	50597
chromosome6	50766
chromosome6	50930
chromosome6	51451
chromosome6	51572
chromosome6	51797
chromosome6	52003
chromosome6	52155
chromosome6	52389
chromosome6	52627
chromosome6	52769
chromosome6	52907
chromosome6	53545
chromosome6	53884
chromosome6	54262
chromosome6	54650
chromosome6	54931
chromosome6	55113
chromosome6	55216
chromosome6	55381
chromosome6	55654
chromosome6	55933
chromosome6	56076
chromosome6	56488
chromosome6	56845
chromosome6	57168
chromosome6	57570
chromosome6	58196
chromosome6	58281
chromosome6	58439
chromosome6	58588
chromosome6	58760
chromosome6	58893
chromosome6	59063
chromosome6	59276
chromosome6	59498
chromosome6	59674
chromosome6	60054
chromosome6	60287
chromosome6	60673
chromosome6	60929
chromosome6	61103
chromosome6	61448
chromosome6	61675
chromosome6	61871
chromosome6	62217
chromosome6	62507
chromosome6	62792
chromosome6	63250
chromosome6	63501
chromosome6	63718
chromosome6	63932
chromosome6	64245
chromosome6	64386
chromosome6	64600
chromosome6	64723
chromosome6	64865
chromosome6	65071
chromosome6	65206
chromosome6	65303
chromosome6	65448
chromosome6	65566
chromosome6	65662
chromosome6	65793
chromosome6	65890
chromosome6	66094
chromosome6	66254
chromosome6	66430
chromosome6	66628
chromosome6	66785
chromosome6	66966
chromosome6	67246
chromosome6	67516
chromosome6	67813
chromosome6	68118
chromosome6	68335
chromosome6	68454
chromosome6	68547
chromosome6	68665
chromosome6	69317
chromosome6	69493
chromosome6	69649
chromosome6	69778
chromosome6	69929
chromosome6	70087
chromosome6	70261
chromosome6	70377
chromosome6	70543
chromosome6	70707
chromosome6	70847
chromosome6	71026
chromosome6	71163
chromosome6	71287
chromosome6	71421
chromosome6	71542
chromosome6	71761
chromosome6	71980
chromosome6	72148
chromosome6	72304
chromosome6	72423
chromosome6	72550
chromosome6	72672
chromosome6	72794
chromosome6	72895
chromosome6	73022
chromosome6	73181
chromosome6	73475
chromosome6	73606
chromosome6	73769
chromosome6	73918
chromosome6	74041
chromosome6	74195
chromosome6	74406
chromosome6	74684
chromosome6	74827
chromosome6	74962
chromosome6	75075
chromosome6	75334
chromosome6	75478
chromosome6	75632
chromosome6	75773
chromosome6	76301
chromosome6	76734
chromosome6	76866
chromosome6	77007
chromosome6	77181
chromosome6	77358
chromosome6	77584
chromosome6	77766
chromosome6	77933
chromosome6	78229
chromosome6	78378
chromosome6	78574
chromosome6	78742
chromosome6	78907
chromosome6	79075
chromosome6	79275
chromosome6	79458
chromosome6	79695
chromosome6	79977
chromosome6	80216
chromosome6	80447
chromosome6	80646
chromosome6	80778
chromosome6	80944
chromosome6	81106
chromosome6	81343
chromosome6	81545
chromosome6	81729
chromosome6	81884
chromosome6	82058
chromosome6	82203
chromosome6	82353
chromosome6	82512
chromosome6	82648
chromosome6	82822
chromosome6	83047
chromosome6	83246
chromosome6	83508
chromosome6	83656
chromosome6	83892
chromosome6	84075
chromosome6	84210
chromosome6	84309
chromosome6	84474
chromosome6	84592
chromosome6	84745
chromosome6	84910
chromosome6	85018
chromosome6	85155
chromosome6	85373
chromosome6	85573
chromosome6	85718
chromosome6	85869
chromosome6	86035
chromosome6	86218
chromosome6	86362
chromosome6	86573
chromosome6	86734
chromosome6	86953
chromosome6	87129
chromosome6	87316
chromosome6	87515
chromosome6	87850
chromosome6	88205
chromosome6	88398
chromosome6	88579
chromosome6	88777
chromosome6	88936
chromosome6	89116
chromosome6	89397
chromosome6	89713
chromosome6	89989
chromosome6	90243
chromosome6	90382
chromosome6	90549
chromosome6	90698
chromosome6	90815
chromosome6	90942
chromosome6	91066
chromosome6	91257
chromosome6	91408
chromosome6	91584
chromosome6	91740
chromosome6	91912
chromosome6	92011
chromosome6	92125
chromosome6	92242
chromosome6	92647
chromosome6	92806
chromosome6	92944
chromosome6	93077
chromosome6	93188
chromosome6	93316
chromosome6	93471
chromosome6	93653
chromosome6	93913
chromosome6	94098
chromosome6	94321
chromosome6	94507
chromosome6	94639
chromosome6	94792
chromosome6	95159
chromosome6	95350
chromosome6	95468
chromosome6	95596
chromosome6	95784
chromosome6	96071
chromosome6	96231
chromosome6	96358
chromosome6	96485
chromosome6	96757
chromosome6	96915
chromosome6	97051
chromosome6	97213
chromosome6	97327
chromosome6	97948
chromosome6	98219
chromosome6	98368
chromosome6	98535
chromosome6	99447
chromosome6	99672
chromosome6	99781
chromosome6	99860
chromosome6	99985
chromosome6	100119
chromosome6	100239
chromosome6	100405
chromosome6	100537
chromosome6	101662
chromosome6	101852
chromosome6	102048
chromosome6	102255
chromosome6	102390
chromosome6	102591
chromosome6	102742
chromosome6	102936
chromosome6	103106
chromosome6	103329
chromosome6	103465
chromosome6	103593
chromosome6	103752
chromosome6	104094
chromosome6	104250
chromosome6	104340
chromosome6	104836
chromosome6	105049
chromosome6	105223
chromosome6	105396
chromosome6	105573
chromosome6	105709
chromosome6	105880
chromosome6	106057
chromosome6	106435
chromosome6	106607
chromosome6	106706
chromosome6	106840
chromosome6	106989
chromosome6	107094
chromosome6	107372
chromosome6	107498
chromosome6	107927
chromosome6	108096
chromosome6	108317
chromosome6	108490
chromosome6	108617
chromosome6	108778
chromosome6	108886
chromosome6	109018
chromosome6	109181
chromosome6	109352
chromosome6	109556
chromosome6	109709
chromosome6	109817
chromosome6	109970
chromosome6	110134
chromosome6	110283
chromosome6	110707
chromosome6	110814
chromosome6	110971
chromosome6	111815
chromosome6	111947
chromosome6	112091
chromosome6	112429
chromosome6	112607
chromosome6	112747
chromosome6	112901
chromosome6	113027
chromosome6	113150
chromosome6	113256
chromosome6	113400
chromosome6	113538
chromosome6	113674
chromosome6	113826
chromosome6	114298
chromosome6	114450
chromosome6	114630
chromosome6	114746
chromosome6	114887
chromosome6	115059
chromosome6	115257
chromosome6	115399
chromosome6	115559
chromosome6	115684
chromosome6	115825
chromosome6	115963
chromosome6	116181
chromosome6	116329
chromosome6	116440
chromosome6	116563
chromosome6	116763
chromosome6	116960
chromosome6	117170
chromosome6	117401
chromosome6	117675
chromosome6	117881
chromosome6	118049
chromosome6	118232
chromosome6	118427
chromosome6	119538
chromosome6	119689
chromosome6	119854
chromosome6	120017
chromosome6	120171
chromosome6	120325
chromosome6	120614
chromosome6	120772
chromosome6	120949
chromosome6	121207
chromosome6	121365
chromosome6	121561
chromosome6	121978
chromosome6	122419
chromosome6	122605
chromosome6	122773
chromosome6	123034
chromosome6	123167
chromosome6	123309
chromosome6	123430
chromosome6	123574
chromosome6	123717
chromosome6	123870
chromosome6	124043
chromosome6	124171
chromosome6	124378
chromosome6	124526
chromosome6	124693
chromosome6	124853
chromosome6	125014
chromosome6	125200
chromosome6	125433
chromosome6	125620
chromosome6	125939
chromosome6	126106
chromosome6	126293
chromosome6	126437
chromosome6	126609
chromosome6	126735
chromosome6	126863
chromosome6	127015
chromosome6	127186
chromosome6	127325
chromosome6	127553
chromosome6	127700
chromosome6	127837
chromosome6	128026
chromosome6	128186
chromosome6	128320
chromosome6	128497
chromosome6	128622
chromosome6	128823
chromosome6	128980
chromosome6	129138
chromosome6	129292
chromosome6	129416
chromosome6	129610
chromosome6	129787
chromosome6	129978
chromosome6	130115
chromosome6	130263
chromosome6	130498
chromosome6	130795
chromosome6	131018
chromosome6	131466
chromosome6	131611
chromosome6	131769
chromosome6	131936
chromosome6	132127
chromosome6	132349
chromosome6	132553
chromosome6	132695
chromosome6	132868
chromosome6	133015
chromosome6	133237
chromosome6	133441
chromosome6	133593
chromosome6	133752
chromosome6	133948
chromosome6	134150
chromosome6	134475
chromosome6	134614
chromosome6	134767
chromosome6	134947
chromosome6	135166
chromosome6	135328
chromosome6	135765
chromosome6	135992
chromosome6	136155
chromosome6	136285
chromosome6	136446
chromosome6	136660
chromosome6	136810
chromosome6	136924
chromosome6	137013
chromosome6	137161
chromosome6	137494
chromosome6	145132
chromosome6	145282
chromosome6	145412
chromosome6	145588
chromosome6	145771
chromosome6	145939
chromosome6	146079
chromosome6	146198
chromosome6	146371
chromosome6	146575
chromosome6	146731
chromosome6	146912
chromosome6	147053
chromosome6	147180
chromosome6	147310
chromosome6	147436
chromosome6	147609
chromosome6	147808
chromosome6	147987
chromosome6	148190
chromosome6	149152
chromosome6	149278
chromosome6	149476
chromosome6	149664
chromosome6	149826
chromosome6	149971
chromosome6	150082
chromosome6	150261
chromosome6	150522
chromosome6	150658
chromosome6	150816
chromosome6	151032
chromosome6	151170
chromosome6	151412
chromosome6	151589
chromosome6	151740
chromosome6	151949
chromosome6	152098
chromosome6	152230
chromosome6	152409
chromosome6	152660
chromosome6	152875
chromosome6	153013
chromosome6	153146
chromosome6	153248
chromosome6	153355
chromosome6	153497
chromosome6	153755
chromosome6	154028
chromosome6	154229
chromosome6	154659
chromosome6	154803
chromosome6	154948
chromosome6	155075
chromosome6	155216
chromosome6	155359
chromosome6	155543
chromosome6	155665
chromosome6	155823
chromosome6	156007
chromosome6	156189
chromosome6	156324
chromosome6	156514
chromosome6	156695
chromosome6	156802
chromosome6	157020
chromosome6	157219
chromosome6	157354
chromosome6	157540
chromosome6	157669
chromosome6	158648
chromosome6	158772
chromosome6	158865
chromosome6	159038
chromosome6	159247
chromosome6	159386
chromosome6	159514
chromosome6	159642
chromosome6	159738
chromosome6	159919
chromosome6	160039
chromosome6	160196
chromosome6	160340
chromosome6	160462
chromosome6	160654
chromosome6	160810
chromosome6	160983
chromosome6	161133
chromosome6	161287
chromosome6	161436
chromosome6	162547
chromosome6	162720
chromosome6	163012
chromosome6	163262
chromosome6	163457
chromosome6	163655
chromosome6	163909
chromosome6	164122
chromosome6	164323
chromosome6	164543
chromosome6	164740
chromosome6	164884
chromosome6	165099
chromosome6	165333
chromosome6	165570
chromosome6	165798
chromosome6	166134
chromosome6	166452
chromosome6	166902
chromosome6	167127
chromosome6	167353
chromosome6	168120
chromosome6	168257
chromosome6	168497
chromosome6	168650
chromosome6	168769
chromosome6	168963
chromosome6	169100
chromosome6	169267
chromosome6	169494
chromosome6	169632
chromosome6	169822
chromosome6	170021
chromosome6	170202
chromosome6	170388
chromosome6	170623
chromosome6	170809
chromosome6	171009
chromosome6	171139
chromosome6	171307
chromosome6	171485
chromosome6	171651
chromosome6	171904
chromosome6	172102
chromosome6	172334
chromosome6	172480
chromosome6	172672
chromosome6	172807
chromosome6	172956
chromosome6	173181
chromosome6	173466
chromosome6	173650
chromosome6	173855
chromosome6	174258
chromosome6	174420
chromosome6	174579
chromosome6	174774
chromosome6	174997
chromosome6	175138
chromosome6	175303
chromosome6	175513
chromosome6	175681
chromosome6	175903
chromosome6	176071
chromosome6	176236
chromosome6	176394
chromosome6	176518
chromosome6	176648
chromosome6	176791
chromosome6	176928
chromosome6	177127
chromosome6	177333
chromosome6	177464
chromosome6	177617
chromosome6	177773
chromosome6	177938
chromosome6	178318
chromosome6	178415
chromosome6	178585
chromosome6	178705
chromosome6	178846
chromosome6	178990
chromosome6	179131
chromosome6	179402
chromosome6	179558
chromosome6	179671
chromosome6	179838
chromosome6	179976
chromosome6	180132
chromosome6	180293
chromosome6	180431
chromosome6	180585
chromosome6	180714
chromosome6	180901
chromosome6	181480
chromosome6	181833
chromosome6	182060
chromosome6	182217
chromosome6	182371
chromosome6	182471
chromosome6	182600
chromosome6	182740
chromosome6	183081
chromosome6	183230
chromosome6	183412
chromosome6	183567
chromosome6	183729
chromosome6	183866
chromosome6	184024
chromosome6	184151
chromosome6	184245
chromosome6	184354
chromosome6	184495
chromosome6	184665
chromosome6	184787
chromosome6	184924
chromosome6	185119
chromosome6	185413
chromosome6	185593
chromosome6	185829
chromosome6	186019
chromosome6	186303
chromosome6	186532
chromosome6	186716
chromosome6	186924
chromosome6	187149
chromosome6	187399
chromosome6	187644
chromosome6	187881
chromosome6	188203
chromosome6	188474
chromosome6	188793
chromosome6	189028
chromosome6	189168
chromosome6	189297
chromosome6	189573
chromosome6	189757
chromosome6	189955
chromosome6	190222
chromosome6	190387
chromosome6	190709
chromosome6	191161
chromosome6	191559
chromosome6	192217
chromosome6	192346
chromosome6	192497
chromosome6	192667
chromosome6	192802
chromosome6	192970
chromosome6	193129
chromosome6	193308
chromosome6	193435
chromosome6	193695
chromosome6	193897
chromosome6	194056
chromosome6	194201
chromosome6	194326
chromosome6	194465
chromosome6	194799
chromosome6	195063
chromosome6	195376
chromosome6	195606
chromosome6	195919
chromosome6	196193
chromosome6	196455
chromosome6	196724
chromosome6	196854
chromosome6	197063
chromosome6	197209
chromosome6	197396
chromosome6	197587
chromosome6	197777
chromosome6	197951
chromosome6	198150
chromosome6	198290
chromosome6	198477
chromosome6	198610
chromosome6	198812
chromosome6	198962
chromosome6	199145
chromosome6	199517
chromosome6	199648
chromosome6	199982
chromosome6	200137
chromosome6	201028
chromosome6	201324
chromosome6	201528
chromosome6	202008
chromosome6	202227
chromosome6	202423
chromosome6	202593
chromosome6	202889
chromosome6	203148
chromosome6	203362
chromosome6	203578
chromosome6	203726
chromosome6	203866
chromosome6	203988
chromosome6	204148
chromosome6	204333
chromosome6	204560
chromosome6	204688
chromosome6	207528
chromosome6	207673
chromosome6	207781
chromosome6	207925
chromosome6	208084
chromosome6	208292
chromosome6	208722
chromosome6	208932
chromosome6	209238
chromosome6	209484
chromosome6	209762
chromosome6	210214
chromosome6	210571
chromosome6	210732
chromosome6	210857
chromosome6	211020
chromosome6	211200
chromosome6	211398
chromosome6	211575
chromosome6	211737
chromosome6	211981
chromosome6	212157
chromosome6	212412
chromosome6	212652
chromosome6	212925
chromosome6	213070
chromosome6	213224
chromosome6	213371
chromosome6	213559
chromosome6	213740
chromosome6	213911
chromosome6	214056
chromosome6	214264
chromosome6	214394
chromosome6	214553
chromosome6	214685
chromosome6	214839
chromosome6	215001
chromosome6	215177
chromosome6	215423
chromosome6	215586
chromosome6	215733
chromosome6	215919
chromosome6	216152
chromosome6	216657
chromosome6	216903
chromosome6	217254
chromosome6	217452
chromosome6	217589
chromosome6	217833
chromosome6	217991
chromosome6	218238
chromosome6	218402
chromosome6	218645
chromosome6	218819
chromosome6	219027
chromosome6	219182
chromosome6	219333
chromosome6	219550
chromosome6	219849
chromosome6	220095
chromosome6	220280
chromosome6	220867
chromosome6	221212
chromosome6	221474
chromosome6	221647
chromosome6	221756
chromosome6	221852
chromosome6	222113
chromosome6	222360
chromosome6	222487
chromosome6	222619
chromosome6	222774
chromosome6	222903
chromosome6	223294
chromosome6	223527
chromosome6	223636
chromosome6	223781
chromosome6	224361
chromosome6	224519
chromosome6	224804
chromosome6	225021
chromosome6	225205
chromosome6	225345
chromosome6	225506
chromosome6	225649
chromosome6	225796
chromosome6	225948
chromosome6	226208
chromosome6	226413
chromosome6	226558
chromosome6	226786
chromosome6	226947
chromosome6	227145
chromosome6	227693
chromosome6	227880
chromosome6	228046
chromosome6	228265
chromosome6	228494
chromosome6	228784
chromosome6	229019
chromosome6	229158
chromosome6	229332
chromosome6	229465
chromosome6	229608
chromosome6	229763
chromosome6	229949
chromosome6	230144
chromosome6	230304
chromosome6	230562
chromosome6	230803
chromosome6	230992
chromosome6	231194
chromosome6	231380
chromosome6	231594
chromosome6	231792
chromosome6	231932
chromosome6	232176
chromosome6	232360
chromosome6	232519
chromosome6	232685
chromosome6	232838
chromosome6	233062
chromosome6	233251
chromosome6	233415
chromosome6	233584
chromosome6	233725
chromosome6	233978
chromosome6	234261
chromosome6	234456
chromosome6	234622
chromosome6	234838
chromosome6	234992
chromosome6	235156
chromosome6	235341
chromosome6	235551
chromosome6	235766
chromosome6	236008
chromosome6	236169
chromosome6	236416
chromosome6	236609
chromosome6	236891
chromosome6	237105
chromosome6	237594
chromosome6	237803
chromosome6	238028
chromosome6	238435
chromosome6	238619
chromosome6	238831
chromosome6	239106
chromosome6	239318
chromosome6	239477
chromosome6	239639
chromosome6	239785
chromosome6	239939
chromosome6	240239
chromosome6	240448
chromosome6	240662
chromosome6	240970
chromosome6	241189
chromosome6	241408
chromosome6	241644
chromosome6	241770
chromosome6	241883
chromosome6	242095
chromosome6	242326
chromosome6	242542
chromosome6	242690
chromosome6	242901
chromosome6	243077
chromosome6	243290
chromosome6	243428
chromosome6	243575
chromosome6	243664
chromosome6	243837
chromosome6	244018
chromosome6	244268
chromosome6	244508
chromosome6	244714
chromosome6	244908
chromosome6	245096
chromosome6	245297
chromosome6	245431
chromosome6	245544
chromosome6	245660
chromosome6	245785
chromosome6	246055
chromosome6	246274
chromosome6	246469
chromosome6	246669
chromosome6	246893
chromosome6	247140
chromosome6	247340
chromosome6	247588
chromosome6	247835
chromosome6	248259
chromosome6	248391
chromosome6	248540
chromosome6	248696
chromosome6	248810
chromosome6	249161
chromosome6	249315
chromosome6	249507
chromosome6	249663
chromosome6	249819
chromosome6	249925
chromosome6	250169
chromosome6	250329
chromosome6	250445
chromosome6	250591
chromosome6	250772
chromosome6	250905
chromosome6	251001
chromosome6	251117
chromosome6	251253
chromosome6	251420
chromosome6	251576
chromosome6	251747
chromosome6	251861
chromosome6	252002
chromosome6	252134
chromosome6	252255
chromosome6	252365
chromosome6	252491
chromosome6	252612
chromosome6	252779
chromosome6	252966
chromosome6	253101
chromosome6	253272
chromosome6	253784
chromosome6	253955
chromosome6	254108
chromosome6	254285
chromosome6	254447
chromosome6	254636
chromosome6	254798
chromosome6	254969
chromosome6	255288
chromosome6	255461
chromosome6	255584
chromosome6	255680
chromosome6	255825
chromosome7	7363
chromosome7	11684
chromosome7	12223
chromosome7	12592
chromosome7	12727
chromosome7	12828
chromosome7	12941
chromosome7	13079
chromosome7	13168
chromosome7	13392
chromosome7	13487
chromosome7	13626
chromosome7	13733
chromosome7	13867
chromosome7	13971
chromosome7	14110
chromosome7	14275
chromosome7	14449
chromosome7	14536
chromosome7	14701
chromosome7	15018
chromosome7	15142
chromosome7	15314
chromosome7	15473
chromosome7	15701
chromosome7	15843
chromosome7	16007
chromosome7	16194
chromosome7	16358
chromosome7	16719
chromosome7	16845
chromosome7	18896
chromosome7	19109
chromosome7	19188
chromosome7	19318
chromosome7	19651
chromosome7	20276
chromosome7	20391
chromosome7	20488
chromosome7	20608
chromosome7	20720
chromosome7	20880
chromosome7	21103
chromosome7	21199
chromosome7	21319
chromosome7	21485
chromosome7	21622
chromosome7	21733
chromosome7	21882
chromosome7	22031
chromosome7	22546
chromosome7	22714
chromosome7	22824
chromosome7	23038
chromosome7	23357
chromosome7	24009
chromosome7	24204
chromosome7	24468
chromosome7	24750
chromosome7	25065
chromosome7	25349
chromosome7	25930
chromosome7	26284
chromosome7	26641
chromosome7	26879
chromosome7	27151
chromosome7	27487
chromosome7	27634
chromosome7	27772
chromosome7	27919
chromosome7	28117
chromosome7	28265
chromosome7	28433
chromosome7	28621
chromosome7	28787
chromosome7	29003
chromosome7	29213
chromosome7	29415
chromosome7	29635
chromosome7	29837
chromosome7	30070
chromosome7	30708
chromosome7	30999
chromosome7	31149
chromosome7	31321
chromosome7	31480
chromosome7	31682
chromosome7	32037
chromosome7	32242
chromosome7	32407
chromosome7	32571
chromosome7	32722
chromosome7	32845
chromosome7	33203
chromosome7	33327
chromosome7	33424
chromosome7	33534
chromosome7	33638
chromosome7	33748
chromosome7	33858
chromosome7	34133
chromosome7	34293
chromosome7	34438
chromosome7	34663
chromosome7	34788
chromosome7	34989
chromosome7	35142
chromosome7	35294
chromosome7	35478
chromosome7	35581
chromosome7	35753
chromosome7	35907
chromosome7	36043
chromosome7	36210
chromosome7	36407
chromosome7	36592
chromosome7	36796
chromosome7	36979
chromosome7	37120
chromosome7	37259
chromosome7	37427
chromosome7	37586
chromosome7	37770
chromosome7	38034
chromosome7	38304
chromosome7	38486
chromosome7	38736
chromosome7	38863
chromosome7	39112
chromosome7	39375
chromosome7	39763
chromosome7	40040
chromosome7	40333
chromosome7	40549
chromosome7	40685
chromosome7	40969
chromosome7	41259
chromosome7	41441
chromosome7	41669
chromosome7	41922
chromosome7	42121
chromosome7	42433
chromosome7	42630
chromosome7	42910
chromosome7	43456
chromosome7	43631
chromosome7	43801
chromosome7	44031
chromosome7	44193
chromosome7	44362
chromosome7	44875
chromosome7	45158
chromosome7	45503
chromosome7	45682
chromosome7	45888
chromosome7	46093
chromosome7	46490
chromosome7	46789
chromosome7	46988
chromosome7	47166
chromosome7	47386
chromosome7	47570
chromosome7	47778
chromosome7	47991
chromosome7	48181
chromosome7	48337
chromosome7	48497
chromosome7	48688
chromosome7	48841
chromosome7	49107
chromosome7	49310
chromosome7	49510
chromosome7	49707
chromosome7	49910
chromosome7	50135
chromosome7	50394
chromosome7	50628
chromosome7	50814
chromosome7	50984
chromosome7	51234
chromosome7	51441
chromosome7	51663
chromosome7	51826
chromosome7	52142
chromosome7	52315
chromosome7	52721
chromosome7	52869
chromosome7	53094
chromosome7	53354
chromosome7	53461
chromosome7	53594
chromosome7	53717
chromosome7	53838
chromosome7	54048
chromosome7	54186
chromosome7	54306
chromosome7	54468
chromosome7	54615
chromosome7	54748
chromosome7	54867
chromosome7	55002
chromosome7	55137
chromosome7	55292
chromosome7	55455
chromosome7	55617
chromosome7	55763
chromosome7	55899
chromosome7	56010
chromosome7	56406
chromosome7	56560
chromosome7	56700
chromosome7	56899
chromosome7	57081
chromosome7	57262
chromosome7	57513
chromosome7	57754
chromosome7	58038
chromosome7	58432
chromosome7	58680
chromosome7	59144
chromosome7	59378
chromosome7	60108
chromosome7	60732
chromosome7	61080
chromosome7	61327
chromosome7	61557
chromosome7	62097
chromosome7	62309
chromosome7	62537
chromosome7	62700
chromosome7	62933
chromosome7	63271
chromosome7	63511
chromosome7	63871
chromosome7	64108
chromosome7	64633
chromosome7	64861
chromosome7	65037
chromosome7	65777
chromosome7	65909
chromosome7	66100
chromosome7	66285
chromosome7	66457
chromosome7	66659
chromosome7	66789
chromosome7	66976
chromosome7	67223
chromosome7	67347
chromosome7	67434
chromosome7	67595
chromosome7	67740
chromosome7	67939
chromosome7	68067
chromosome7	68228
chromosome7	68385
chromosome7	68574
chromosome7	68735
chromosome7	68899
chromosome7	69083
chromosome7	69607
chromosome7	69739
chromosome7	69919
chromosome7	70136
chromosome7	70353
chromosome7	70519
chromosome7	70738
chromosome7	70961
chromosome7	71129
chromosome7	71370
chromosome7	71630
chromosome7	71854
chromosome7	72244
chromosome7	72457
chromosome7	72783
chromosome7	72968
chromosome7	73151
chromosome7	73338
chromosome7	73522
chromosome7	73725
chromosome7	74581
chromosome7	74733
chromosome7	74847
chromosome7	74960
chromosome7	75081
chromosome7	75236
chromosome7	75320
chromosome7	75441
chromosome7	75575
chromosome7	75972
chromosome7	76089
chromosome7	76223
chromosome7	76418
chromosome7	76554
chromosome7	76831
chromosome7	77076
chromosome7	77325
chromosome7	77577
chromosome7	77883
chromosome7	78212
chromosome7	78413
chromosome7	78636
chromosome7	78866
chromosome7	79178
chromosome7	79337
chromosome7	79505
chromosome7	79685
chromosome7	79817
chromosome7	80008
chromosome7	80214
chromosome7	80415
chromosome7	80908
chromosome7	81086
chromosome7	81247
chromosome7	81447
chromosome7	81656
chromosome7	81851
chromosome7	82011
chromosome7	82194
chromosome7	82343
chromosome7	82468
chromosome7	82741
chromosome7	82909
chromosome7	83094
chromosome7	83199
chromosome7	83411
chromosome7	83631
chromosome7	83916
chromosome7	84198
chromosome7	84376
chromosome7	84494
chromosome7	85001
chromosome7	85245
chromosome7	85523
chromosome7	85749
chromosome7	85967
chromosome7	86247
chromosome7	86486
chromosome7	86699
chromosome7	86949
chromosome7	87167
chromosome7	87308
chromosome7	88094
chromosome7	88259
chromosome7	88438
chromosome7	88638
chromosome7	88843
chromosome7	89006
chromosome7	90290
chromosome7	90510
chromosome7	90713
chromosome7	90891
chromosome7	91078
chromosome7	91482
chromosome7	91752
chromosome7	91913
chromosome7	92039
chromosome7	92181
chromosome7	92378
chromosome7	92698
chromosome7	92913
chromosome7	93228
chromosome7	93487
chromosome7	93716
chromosome7	93965
chromosome7	94235
chromosome7	94462
chromosome7	94694
chromosome7	94828
chromosome7	94963
chromosome7	95112
chromosome7	95226
chromosome7	95363
chromosome7	95526
chromosome7	95719
chromosome7	95828
chromosome7	96071
chromosome7	96268
chromosome7	96400
chromosome7	96593
chromosome7	96704
chromosome7	96852
chromosome7	97024
chromosome7	97190
chromosome7	97336
chromosome7	97494
chromosome7	97634
chromosome7	97785
chromosome7	97955
chromosome7	98128
chromosome7	98279
chromosome7	98481
chromosome7	98657
chromosome7	98828
chromosome7	98978
chromosome7	99203
chromosome7	99402
chromosome7	99568
chromosome7	99873
chromosome7	100066
chromosome7	100383
chromosome7	100663
chromosome7	100925
chromosome7	101341
chromosome7	101711
chromosome7	102077
chromosome7	102610
chromosome7	102861
chromosome7	103128
chromosome7	103416
chromosome7	103703
chromosome7	103949
chromosome7	104181
chromosome7	104461
chromosome7	104682
chromosome7	104924
chromosome7	105167
chromosome7	105372
chromosome7	105594
chromosome7	105872
chromosome7	106088
chromosome7	106305
chromosome7	106548
chromosome7	106771
chromosome7	106995
chromosome7	107243
chromosome7	107521
chromosome7	107920
chromosome7	108166
chromosome7	108305
chromosome7	108512
chromosome7	108796
chromosome7	108964
chromosome7	109206
chromosome7	109444
chromosome7	109710
chromosome7	109884
chromosome7	110053
chromosome7	110302
chromosome7	110451
chromosome7	110586
chromosome7	111906
chromosome7	112543
chromosome7	112779
chromosome7	113194
chromosome7	113470
chromosome7	113653
chromosome7	113874
chromosome7	114106
chromosome7	114339
chromosome7	114522
chromosome7	114706
chromosome7	114873
chromosome7	115640
chromosome7	115776
chromosome7	115896
chromosome7	116127
chromosome7	116310
chromosome7	116524
chromosome7	116793
chromosome7	117036
chromosome7	117274
chromosome7	117472
chromosome7	117914
chromosome7	118134
chromosome7	118300
chromosome7	118574
chromosome7	118841
chromosome7	119155
chromosome7	119444
chromosome7	119657
chromosome7	119947
chromosome7	120241
chromosome7	120468
chromosome7	120702
chromosome7	120879
chromosome7	121116
chromosome7	121229
chromosome7	121391
chromosome7	121543
chromosome7	121708
chromosome7	121854
chromosome7	122238
chromosome7	122370
chromosome7	122499
chromosome7	122697
chromosome7	122923
chromosome7	123190
chromosome7	123363
chromosome7	123537
chromosome7	123716
chromosome7	123881
chromosome7	124102
chromosome7	124289
chromosome7	124671
chromosome7	124883
chromosome7	125057
chromosome7	125195
chromosome7	125388
chromosome7	125577
chromosome7	125751
chromosome7	126001
chromosome7	126165
chromosome7	126361
chromosome7	126565
chromosome7	126723
chromosome7	126905
chromosome7	127109
chromosome7	127271
chromosome7	127460
chromosome7	127658
chromosome7	127833
chromosome7	128003
chromosome7	128183
chromosome7	128365
chromosome7	128542
chromosome7	128694
chromosome7	128892
chromosome7	129072
chromosome7	129213
chromosome7	129360
chromosome7	129493
chromosome7	129598
chromosome7	129768
chromosome7	129900
chromosome7	130117
chromosome7	130349
chromosome7	130504
chromosome7	130701
chromosome7	130857
chromosome7	130992
chromosome7	131188
chromosome7	131320
chromosome7	131436
chromosome7	131650
chromosome7	131833
chromosome7	132057
chromosome7	132230
chromosome7	132380
chromosome7	132555
chromosome7	132741
chromosome7	132919
chromosome7	133091
chromosome7	133279
chromosome7	133435
chromosome7	133665
chromosome7	133921
chromosome7	134124
chromosome7	134344
chromosome7	134553
chromosome7	134780
chromosome7	134988
chromosome7	135205
chromosome7	135413
chromosome7	135611
chromosome7	135835
chromosome7	136153
chromosome7	136420
chromosome7	136654
chromosome7	136957
chromosome7	137232
chromosome7	137470
chromosome7	137758
chromosome7	137986
chromosome7	138191
chromosome7	138517
chromosome7	138827
chromosome7	139063
chromosome7	139224
chromosome7	139437
chromosome7	139659
chromosome7	140098
chromosome7	140698
chromosome7	140962
chromosome7	141277
chromosome7	141553
chromosome7	141743
chromosome7	141925
chromosome7	142069
chromosome7	142285
chromosome7	142485
chromosome7	142665
chromosome7	142825
chromosome7	143055
chromosome7	143236
chromosome7	143562
chromosome7	143892
chromosome7	144049
chromosome7	144192
chromosome7	144300
chromosome7	144421
chromosome7	144534
chromosome7	144680
chromosome7	144924
chromosome7	145962
chromosome7	146153
chromosome7	146409
chromosome7	146684
chromosome7	146952
chromosome7	147226
chromosome7	147427
chromosome7	147642
chromosome7	147840
chromosome7	148493
chromosome7	148688
chromosome7	148812
chromosome7	148992
chromosome7	149124
chromosome7	149219
chromosome7	149346
chromosome7	150010
chromosome7	150190
chromosome7	150339
chromosome7	150763
chromosome7	150891
chromosome7	151024
chromosome7	151328
chromosome7	151568
chromosome7	151861
chromosome7	152153
chromosome7	152477
chromosome7	152685
chromosome7	152903
chromosome7	153039
chromosome7	153189
chromosome7	153374
chromosome7	153523
chromosome7	153781
chromosome7	153961
chromosome7	154196
chromosome7	154340
chromosome7	154488
chromosome7	155059
chromosome7	155245
chromosome7	155405
chromosome7	155591
chromosome7	155805
chromosome7	155967
chromosome7	156428
chromosome7	156590
chromosome7	156742
chromosome7	156904
chromosome7	157185
chromosome7	157363
chromosome7	157511
chromosome7	157630
chromosome7	157740
chromosome7	157886
chromosome7	158156
chromosome7	158271
chromosome7	158456
chromosome7	158597
chromosome7	158774
chromosome7	159113
chromosome7	159320
chromosome7	159524
chromosome7	159694
chromosome7	160160
chromosome7	160433
chromosome7	160664
chromosome7	160925
chromosome7	161090
chromosome7	161279
chromosome7	161482
chromosome7	161693
chromosome7	161932
chromosome7	162135
chromosome7	162384
chromosome7	162632
chromosome7	163555
chromosome7	163711
chromosome7	163917
chromosome7	164078
chromosome7	164285
chromosome7	164430
chromosome7	164587
chromosome7	164811
chromosome7	164986
chromosome7	165130
chromosome7	165289
chromosome7	165417
chromosome7	165548
chromosome7	165713
chromosome7	165846
chromosome7	165967
chromosome7	166612
chromosome7	166806
chromosome7	166952
chromosome7	167749
chromosome7	168015
chromosome7	168269
chromosome7	168435
chromosome7	168625
chromosome7	168805
chromosome7	169048
chromosome7	169516
chromosome7	169796
chromosome7	170113
chromosome7	170263
chromosome7	170468
chromosome7	171490
chromosome7	171656
chromosome7	171828
chromosome7	171997
chromosome7	172123
chromosome7	172270
chromosome7	172421
chromosome7	172624
chromosome7	172766
chromosome7	172948
chromosome7	173132
chromosome7	173310
chromosome7	173574
chromosome7	173775
chromosome7	173985
chromosome7	174158
chromosome7	174341
chromosome7	174536
chromosome7	174726
chromosome7	174909
chromosome7	175098
chromosome7	175348
chromosome7	175533
chromosome7	175648
chromosome7	175786
chromosome7	175948
chromosome7	176134
chromosome7	176333
chromosome7	176685
chromosome7	176905
chromosome7	177145
chromosome7	177393
chromosome7	177606
chromosome7	177791
chromosome7	177980
chromosome7	178212
chromosome7	178523
chromosome7	178940
chromosome7	179410
chromosome7	179721
chromosome7	180065
chromosome7	180251
chromosome7	180558
chromosome7	180747
chromosome7	180894
chromosome7	181123
chromosome7	181260
chromosome7	181503
chromosome7	181826
chromosome7	182096
chromosome7	182293
chromosome7	182477
chromosome7	182635
chromosome7	182880
chromosome7	183177
chromosome7	183384
chromosome7	183781
chromosome7	184047
chromosome7	184340
chromosome7	184525
chromosome7	184746
chromosome7	184975
chromosome7	185130
chromosome7	185277
chromosome7	185394
chromosome7	185551
chromosome7	186083
chromosome7	186316
chromosome7	186543
chromosome7	186736
chromosome7	186984
chromosome7	187174
chromosome7	187639
chromosome7	187885
chromosome7	188165
chromosome7	188486
chromosome7	188736
chromosome7	188963
chromosome7	189229
chromosome7	189560
chromosome7	189845
chromosome7	190192
chromosome7	190505
chromosome7	190649
chromosome7	190984
chromosome7	191124
chromosome7	191323
chromosome7	191458
chromosome7	191584
chromosome7	191734
chromosome7	192092
chromosome7	192335
chromosome7	192506
chromosome7	192722
chromosome7	192842
chromosome7	193079
chromosome7	193320
chromosome7	193475
chromosome7	194064
chromosome7	194457
chromosome7	194745
chromosome7	195081
chromosome7	195363
chromosome7	195626
chromosome7	195781
chromosome7	195996
chromosome7	196235
chromosome7	196423
chromosome7	196522
chromosome7	196733
chromosome7	196888
chromosome7	197064
chromosome7	197270
chromosome7	197474
chromosome7	197622
chromosome7	197857
chromosome7	198056
chromosome7	198226
chromosome7	198411
chromosome7	198589
chromosome7	198779
chromosome7	198937
chromosome7	199323
chromosome7	199622
chromosome7	199802
chromosome7	199947
chromosome7	200089
chromosome7	200263
chromosome7	200394
chromosome7	200505
chromosome7	200636
chromosome7	200801
chromosome7	200990
chromosome7	201189
chromosome7	201499
chromosome7	201682
chromosome7	201875
chromosome7	202036
chromosome7	202207
chromosome7	202462
chromosome7	202587
chromosome7	202707
chromosome7	202894
chromosome7	203106
chromosome7	203361
chromosome7	203491
chromosome7	203685
chromosome7	205578
chromosome7	205719
chromosome7	206717
chromosome7	206872
chromosome7	207004
chromosome7	207165
chromosome7	207283
chromosome7	207445
chromosome7	207728
chromosome7	207882
chromosome7	208018
chromosome7	208163
chromosome7	208296
chromosome7	208407
chromosome7	208568
chromosome7	208894
chromosome7	209011
chromosome7	209216
chromosome7	209375
chromosome7	209537
chromosome7	209727
chromosome7	209890
chromosome7	210030
chromosome7	210343
chromosome7	210565
chromosome7	210816
chromosome7	211053
chromosome7	211329
chromosome7	211657
chromosome7	211937
chromosome7	212191
chromosome7	212410
chromosome7	212587
chromosome7	212826
chromosome7	213052
chromosome7	213286
chromosome7	213507
chromosome7	213935
chromosome7	214101
chromosome7	214329
chromosome7	214520
chromosome7	214759
chromosome7	214912
chromosome7	215158
chromosome7	215389
chromosome7	215584
chromosome7	215772
chromosome7	215959
chromosome7	216146
chromosome7	216314
chromosome7	216483
chromosome7	216683
chromosome7	216869
chromosome7	217088
chromosome7	217314
chromosome7	217434
chromosome7	217569
chromosome7	217748
chromosome7	217956
chromosome7	218216
chromosome7	218433
chromosome7	218687
chromosome7	218948
chromosome7	219141
chromosome7	219395
chromosome7	219666
chromosome7	219887
chromosome7	220092
chromosome7	220375
chromosome7	220566
chromosome7	220754
chromosome7	221095
chromosome7	221407
chromosome7	221779
chromosome7	221963
chromosome7	222061
chromosome7	222170
chromosome7	222362
chromosome7	222602
chromosome7	222905
chromosome7	223261
chromosome7	223522
chromosome7	223783
chromosome7	224158
chromosome7	224386
chromosome7	224653
chromosome7	225017
chromosome7	225301
chromosome7	225491
chromosome7	225712
chromosome7	225955
chromosome7	226123
chromosome7	226327
chromosome7	226513
chromosome7	226803
chromosome7	227154
chromosome7	227475
chromosome7	227877
chromosome7	228149
chromosome7	228474
chromosome7	228693
chromosome7	228984
chromosome7	229175
chromosome7	229345
chromosome7	229534
chromosome7	229644
chromosome7	229824
chromosome7	229975
chromosome7	230403
chromosome7	230593
chromosome7	230777
chromosome7	230989
chromosome7	231201
chromosome7	231547
chromosome7	231813
chromosome7	232437
chromosome7	232665
chromosome7	232865
chromosome7	233073
chromosome7	233279
chromosome7	233461
chromosome7	233677
chromosome7	233866
chromosome7	234054
chromosome7	234286
chromosome7	234499
chromosome7	234711
chromosome7	234941
chromosome7	235239
chromosome7	235446
chromosome7	235622
chromosome7	235826
chromosome7	236002
chromosome7	236525
chromosome7	236732
chromosome7	237007
chromosome7	237217
chromosome7	237418
chromosome7	237607
chromosome7	237822
chromosome7	238107
chromosome7	238275
chromosome7	238492
chromosome7	238667
chromosome7	238829
chromosome7	238994
chromosome7	239197
chromosome7	239417
chromosome7	239627
chromosome7	239916
chromosome7	240191
chromosome7	240432
chromosome7	240652
chromosome7	240881
chromosome7	241455
chromosome7	241696
chromosome7	241929
chromosome7	242098
chromosome7	242313
chromosome7	242545
chromosome7	242778
chromosome7	243093
chromosome7	243301
chromosome7	243558
chromosome7	243794
chromosome7	244029
chromosome7	244245
chromosome7	244566
chromosome7	244809
chromosome7	245059
chromosome7	245219
chromosome7	245378
chromosome7	245538
chromosome7	245808
chromosome7	246129
chromosome7	246367
chromosome7	246647
chromosome7	246985
chromosome7	247271
chromosome7	247491
chromosome7	247699
chromosome7	247812
chromosome7	248052
chromosome7	248686
chromosome7	248963
chromosome7	249101
chromosome7	249220
chromosome7	249382
chromosome7	249739
chromosome7	249927
chromosome7	250158
chromosome7	250482
chromosome7	250770
chromosome7	251058
chromosome7	251351
chromosome7	251538
chromosome7	251751
chromosome7	252066
chromosome7	252264
chromosome7	252512
chromosome7	252707
chromosome7	252912
chromosome7	253152
chromosome7	253371
chromosome7	253607
chromosome7	253848
chromosome7	253984
chromosome7	254216
chromosome7	254310
chromosome7	254459
chromosome7	254554
chromosome7	255314
chromosome7	255485
chromosome7	255614
chromosome7	255761
chromosome7	255972
chromosome7	256138
chromosome7	256306
chromosome7	256471
chromosome7	256621
chromosome7	256757
chromosome7	256988
chromosome7	257122
chromosome7	257836
chromosome7	258123
chromosome7	258337
chromosome7	258569
chromosome7	258773
chromosome7	258956
chromosome7	259134
chromosome7	259319
chromosome7	259514
chromosome7	259798
chromosome7	260001
chromosome7	260172
chromosome7	260385
chromosome7	260587
chromosome7	260828
chromosome7	260982
chromosome7	261151
chromosome7	261371
chromosome7	261618
chromosome7	261745
chromosome7	261900
chromosome7	262068
chromosome7	262213
chromosome7	262473
chromosome7	262632
chromosome7	262791
chromosome7	262942
chromosome7	263093
chromosome7	263206
chromosome7	263342
chromosome7	263570
chromosome7	263778
chromosome7	263970
chromosome7	264140
chromosome7	264285
chromosome7	264455
chromosome7	264637
chromosome7	264864
chromosome7	265204
chromosome7	265436
chromosome7	265676
chromosome7	265844
chromosome7	266028
chromosome7	266222
chromosome7	266519
chromosome7	266912
chromosome7	267170
chromosome7	267436
chromosome7	267733
chromosome7	267920
chromosome7	268159
chromosome7	268417
chromosome7	268649
chromosome7	268873
chromosome7	269079
chromosome7	269297
chromosome7	269448
chromosome7	269676
chromosome7	269857
chromosome7	270056
chromosome7	270191
chromosome7	270490
chromosome7	270734
chromosome7	270877
chromosome7	271074
chromosome7	271291
chromosome7	271461
chromosome7	271657
chromosome7	271972
chromosome7	272150
chromosome7	272514
chromosome7	272813
chromosome7	273017
chromosome7	273311
chromosome7	273566
chromosome7	273842
chromosome7	274021
chromosome7	274310
chromosome7	275050
chromosome7	275272
chromosome7	275464
chromosome7	275692
chromosome7	275858
chromosome7	276115
chromosome7	276279
chromosome7	276417
chromosome7	276549
chromosome7	276677
chromosome7	276827
chromosome7	276929
chromosome7	277066
chromosome7	277175
chromosome7	277262
chromosome7	277405
chromosome7	277549
chromosome7	277913
chromosome7	278284
chromosome7	278556
chromosome7	279095
chromosome7	279290
chromosome7	279459
chromosome7	279726
chromosome7	279904
chromosome7	280252
chromosome7	280485
chromosome7	280661
chromosome7	280795
chromosome7	280999
chromosome7	281141
chromosome7	281284
chromosome7	281459
chromosome7	281874
chromosome7	282183
chromosome7	282456
chromosome7	282876
chromosome7	283108
chromosome7	283452
chromosome7	283731
chromosome7	283917
chromosome7	284107
chromosome7	284251
chromosome7	284370
chromosome7	284511
chromosome7	284634
chromosome7	284912
chromosome7	285144
chromosome7	285362
chromosome7	285597
chromosome7	285811
chromosome7	286271
chromosome7	286600
chromosome7	286732
chromosome7	286850
chromosome7	287067
chromosome7	287246
chromosome7	287396
chromosome7	288141
chromosome7	288397
chromosome7	288688
chromosome7	288846
chromosome7	289000
chromosome7	289120
chromosome7	289399
chromosome7	289579
chromosome7	289693
chromosome7	289904
chromosome7	290112
chromosome7	290290
chromosome7	290560
chromosome7	290782
chromosome7	291053
chromosome7	291270
chromosome7	291571
chromosome7	291837
chromosome7	291964
chromosome7	292214
chromosome7	292483
chromosome7	292717
chromosome7	292991
chromosome7	293129
chromosome7	293357
chromosome7	293631
chromosome7	293898
chromosome7	294144
chromosome7	294326
chromosome7	294563
chromosome7	294850
chromosome7	295121
chromosome7	295338
chromosome7	295543
chromosome7	295907
chromosome7	296162
chromosome7	296317
chromosome7	296564
chromosome7	296717
chromosome7	297173
chromosome7	297320
chromosome7	297541
chromosome7	297697
chromosome7	297881
chromosome7	298080
chromosome7	298343
chromosome7	298547
chromosome7	298886
chromosome7	299134
chromosome7	299312
chromosome7	299663
chromosome7	299843
chromosome7	300067
chromosome7	300269
chromosome7	300454
chromosome7	300799
chromosome7	300982
chromosome7	301184
chromosome7	301394
chromosome7	301552
chromosome7	301741
chromosome7	301987
chromosome7	302236
chromosome7	302416
chromosome7	302592
chromosome7	302792
chromosome7	302972
chromosome7	303185
chromosome7	303361
chromosome7	303514
chromosome7	303643
chromosome7	303841
chromosome7	304069
chromosome7	304330
chromosome7	304541
chromosome7	304741
chromosome7	305023
chromosome7	305310
chromosome7	305509
chromosome7	305734
chromosome7	305935
chromosome7	306138
chromosome7	306303
chromosome7	306421
chromosome7	306547
chromosome7	306784
chromosome7	307049
chromosome7	307523
chromosome7	307800
chromosome7	307949
chromosome7	308163
chromosome7	308410
chromosome7	308552
chromosome7	308825
chromosome7	309037
chromosome7	309232
chromosome7	309412
chromosome7	309637
chromosome7	309830
chromosome7	310019
chromosome7	310166
chromosome7	310316
chromosome7	310581
chromosome7	310698
chromosome7	310787
chromosome7	310918
chromosome7	311087
chromosome7	311252
chromosome7	311368
chromosome7	311541
chromosome7	311789
chromosome7	312250
chromosome7	312514
chromosome7	312682
chromosome7	312838
chromosome7	313069
chromosome7	313199
chromosome7	313424
chromosome7	313658
chromosome7	313894
chromosome7	314049
chromosome7	314479
chromosome7	314617
chromosome7	314956
chromosome7	315251
chromosome7	315464
chromosome7	315630
chromosome7	315938
chromosome7	316169
chromosome7	316427
chromosome7	316874
chromosome7	317166
chromosome7	317293
chromosome7	317507
chromosome7	317715
chromosome7	317886
chromosome7	319895
chromosome7	320019
chromosome7	320190
chromosome7	320300
chromosome7	320654
chromosome7	320782
chromosome7	320897
chromosome7	321040
chromosome7	321131
chromosome7	321273
chromosome7	321366
chromosome7	321634
chromosome7	321768
chromosome7	322036
chromosome7	322282
chromosome7	322466
chromosome7	322667
chromosome7	322828
chromosome7	322993
chromosome7	323177
chromosome7	323762
chromosome7	323897
chromosome7	323995
chromosome7	324129
chromosome7	324312
chromosome7	324412
chromosome7	324642
chromosome7	324782
chromosome7	324905
chromosome7	325079
chromosome7	325219
chromosome7	325410
chromosome7	325540
chromosome7	325671
chromosome7	325835
chromosome7	325956
chromosome7	326504
chromosome7	326650
chromosome7	326829
chromosome7	326949
chromosome7	327048
chromosome7	327131
chromosome7	327324
chromosome7	327411
chromosome7	327517
chromosome7	327640
chromosome7	327730
chromosome7	328671
chromosome7	329051
chromosome7	329227
chromosome7	329405
chromosome7	329593
chromosome7	329816
chromosome7	330053
chromosome7	330287
chromosome7	330554
chromosome7	330702
chromosome7	330814
chromosome7	330986
chromosome7	331178
chromosome7	331463
chromosome7	331788
chromosome7	332058
chromosome7	332295
chromosome7	332495
chromosome7	332672
chromosome7	332913
chromosome7	333166
chromosome7	333358
chromosome7	333546
chromosome7	333818
chromosome7	334082
chromosome7	334286
chromosome7	334625
chromosome7	334781
chromosome7	334905
chromosome7	335095
chromosome7	335304
chromosome7	335440
chromosome7	335606
chromosome7	335743
chromosome7	335927
chromosome7	336079
chromosome7	336237
chromosome7	336418
chromosome7	336714
chromosome7	336878
chromosome7	337064
chromosome7	337272
chromosome7	337490
chromosome7	337643
chromosome7	337872
chromosome7	338037
chromosome7	338187
chromosome7	338449
chromosome7	338614
chromosome7	338761
chromosome7	338903
chromosome7	339075
chromosome7	339216
chromosome7	339393
chromosome7	339606
chromosome7	339798
chromosome7	340000
chromosome7	340158
chromosome7	340324
chromosome7	340507
chromosome7	340658
chromosome7	340853
chromosome7	341071
chromosome7	341307
chromosome7	341493
chromosome7	341719
chromosome7	342164
chromosome7	342467
chromosome7	342733
chromosome7	343069
chromosome7	343270
chromosome7	343458
chromosome7	343671
chromosome7	343855
chromosome7	343995
chromosome7	344168
chromosome7	344278
chromosome7	344410
chromosome7	344559
chromosome7	344722
chromosome7	344945
chromosome7	345060
chromosome7	345428
chromosome7	345560
chromosome7	345706
chromosome7	345804
chromosome7	345977
chromosome7	346231
chromosome7	346550
chromosome7	346869
chromosome7	347016
chromosome7	347164
chromosome7	347274
chromosome7	347489
chromosome7	347682
chromosome7	347870
chromosome7	349261
chromosome7	349844
chromosome7	350080
chromosome7	350400
chromosome7	350800
chromosome7	351063
chromosome7	351323
chromosome7	351525
chromosome7	351789
chromosome7	351972
chromosome7	352149
chromosome7	352289
chromosome7	352453
chromosome7	352586
chromosome7	352855
chromosome7	353106
chromosome7	353335
chromosome7	353565
chromosome7	353821
chromosome7	354014
chromosome7	354215
chromosome7	354377
chromosome7	354503
chromosome7	354743
chromosome7	354942
chromosome7	355093
chromosome7	355220
chromosome7	355373
chromosome7	355572
chromosome7	355734
chromosome7	355910
chromosome7	356118
chromosome7	356335
chromosome7	356612
chromosome7	357200
chromosome7	357332
chromosome7	357457
chromosome7	357628
chromosome7	357813
chromosome7	357950
chromosome7	358162
chromosome7	358360
chromosome7	358524
chromosome7	358716
chromosome7	359010
chromosome7	359500
chromosome7	359720
chromosome7	359981
chromosome7	360267
chromosome7	360544
chromosome7	360818
chromosome7	361134
chromosome7	361413
chromosome7	361626
chromosome7	362228
chromosome7	362494
chromosome7	362728
chromosome7	362961
chromosome7	363241
chromosome7	363470
chromosome7	363767
chromosome7	363938
chromosome7	364922
chromosome7	365100
chromosome7	365275
chromosome7	365377
chromosome7	365781
chromosome7	365926
chromosome7	366055
chromosome7	366926
chromosome7	367101
chromosome7	367232
chromosome7	367404
chromosome7	367569
chromosome7	367699
chromosome7	367852
chromosome7	368091
chromosome7	368274
chromosome7	368442
chromosome7	368573
chromosome7	368748
chromosome7	368944
chromosome7	369094
chromosome7	369192
chromosome7	369384
chromosome7	369644
chromosome7	369775
chromosome7	369990
chromosome7	370120
chromosome7	370296
chromosome7	370404
chromosome7	370560
chromosome7	370744
chromosome7	370969
chromosome7	371126
chromosome7	371279
chromosome7	371460
chromosome7	371606
chromosome7	371763
chromosome7	371957
chromosome7	372128
chromosome7	372293
chromosome7	372509
chromosome7	372659
chromosome7	372861
chromosome7	373008
chromosome7	373163
chromosome7	373344
chromosome7	373518
chromosome7	373670
chromosome7	373837
chromosome7	373975
chromosome7	374341
chromosome7	374582
chromosome7	374884
chromosome7	375051
chromosome7	375227
chromosome7	375440
chromosome7	375684
chromosome7	376034
chromosome7	376233
chromosome7	376401
chromosome7	376568
chromosome7	376756
chromosome7	376990
chromosome7	377201
chromosome7	377337
chromosome7	377596
chromosome7	377815
chromosome7	377956
chromosome7	378164
chromosome7	378427
chromosome7	378658
chromosome7	378905
chromosome7	379094
chromosome7	379392
chromosome7	379577
chromosome7	379710
chromosome7	380099
chromosome7	380305
chromosome7	380447
chromosome7	380631
chromosome7	380840
chromosome7	381029
chromosome7	381251
chromosome7	381418
chromosome7	381766
chromosome7	381972
chromosome7	382261
chromosome7	382476
chromosome7	382666
chromosome7	382865
chromosome7	383023
chromosome7	383178
chromosome7	383305
chromosome7	383494
chromosome7	383702
chromosome7	383908
chromosome7	384074
chromosome7	384244
chromosome7	384397
chromosome7	384559
chromosome7	384702
chromosome7	384924
chromosome7	385104
chromosome7	385285
chromosome7	385591
chromosome7	385876
chromosome7	386061
chromosome7	386242
chromosome7	386449
chromosome7	386620
chromosome7	386779
chromosome7	386963
chromosome7	387181
chromosome7	387337
chromosome7	387545
chromosome7	387835
chromosome7	388050
chromosome7	388169
chromosome7	388384
chromosome7	389028
chromosome7	389187
chromosome7	389421
chromosome7	389587
chromosome7	389763
chromosome7	389918
chromosome7	390078
chromosome7	390224
chromosome7	390371
chromosome7	390523
chromosome7	390704
chromosome7	390824
chromosome7	390971
chromosome7	391141
chromosome7	391303
chromosome7	391490
chromosome7	391660
chromosome7	391859
chromosome7	392080
chromosome7	392243
chromosome7	392470
chromosome7	392739
chromosome7	393000
chromosome7	393152
chromosome7	393399
chromosome7	393617
chromosome7	393813
chromosome7	393969
chromosome7	394339
chromosome7	395023
chromosome7	395172
chromosome7	395305
chromosome7	395460
chromosome7	395630
chromosome7	395789
chromosome7	396232
chromosome7	396398
chromosome7	396671
chromosome7	396908
chromosome7	397226
chromosome7	397449
chromosome7	397662
chromosome7	398105
chromosome7	398326
chromosome7	398646
chromosome7	398849
chromosome7	399158
chromosome7	399416
chromosome7	399692
chromosome7	399887
chromosome7	400821
chromosome7	401066
chromosome7	401445
chromosome7	405582
chromosome7	405719
chromosome7	405868
chromosome7	406044
chromosome7	406168
chromosome7	406334
chromosome7	406505
chromosome7	406916
chromosome7	407078
chromosome7	407247
chromosome7	407418
chromosome7	407619
chromosome7	407799
chromosome7	407977
chromosome7	408111
chromosome7	408261
chromosome7	408407
chromosome7	408538
chromosome7	408691
chromosome7	408834
chromosome7	409029
chromosome7	409276
chromosome7	409461
chromosome7	409617
chromosome7	409794
chromosome7	409963
chromosome7	410141
chromosome7	410507
chromosome7	410897
chromosome7	411162
chromosome7	411314
chromosome7	411490
chromosome7	411635
chromosome7	411767
chromosome7	411897
chromosome7	412120
chromosome7	412272
chromosome7	412850
chromosome7	413124
chromosome7	413238
chromosome7	413404
chromosome7	413550
chromosome7	413713
chromosome7	413862
chromosome7	414133
chromosome7	414290
chromosome7	414483
chromosome7	414651
chromosome7	414820
chromosome7	415013
chromosome7	415178
chromosome7	415392
chromosome7	415582
chromosome7	415758
chromosome7	415925
chromosome7	416056
chromosome7	416260
chromosome7	416530
chromosome7	416788
chromosome7	417017
chromosome7	417153
chromosome7	417281
chromosome7	417449
chromosome7	417603
chromosome7	417790
chromosome7	417914
chromosome7	418076
chromosome7	418292
chromosome7	418497
chromosome7	418786
chromosome7	418900
chromosome7	419010
chromosome7	419169
chromosome7	419335
chromosome7	419457
chromosome7	419623
chromosome7	419835
chromosome7	420073
chromosome7	420249
chromosome7	420424
chromosome7	420631
chromosome7	420762
chromosome7	420943
chromosome7	421676
chromosome7	421787
chromosome7	421876
chromosome7	421994
chromosome7	422177
chromosome7	422303
chromosome7	422505
chromosome7	423282
chromosome7	423392
chromosome7	423520
chromosome7	423656
chromosome7	423790
chromosome7	423905
chromosome7	424042
chromosome7	424169
chromosome7	424264
chromosome7	424380
chromosome7	424503
chromosome7	424644
chromosome7	424798
chromosome7	424947
chromosome7	425302
chromosome7	425464
chromosome7	425622
chromosome7	425722
chromosome7	425874
chromosome7	426034
chromosome7	426170
chromosome7	426349
chromosome7	426535
chromosome7	426738
chromosome7	426900
chromosome7	427068
chromosome7	427281
chromosome7	427404
chromosome7	427570
chromosome7	427720
chromosome7	428587
chromosome7	428723
chromosome7	428816
chromosome7	428946
chromosome7	429063
chromosome7	429176
chromosome7	429282
chromosome7	429425
chromosome7	429539
chromosome7	429881
chromosome7	430070
chromosome7	430613
chromosome7	430719
chromosome7	430876
chromosome7	431007
chromosome7	431109
chromosome7	431755
chromosome7	431904
chromosome7	432073
chromosome7	432259
chromosome7	432412
chromosome7	432519
chromosome7	432648
chromosome7	432772
chromosome7	432931
chromosome7	433078
chromosome7	433292
chromosome7	433459
chromosome7	433541
chromosome7	433705
chromosome7	434067
chromosome7	434198
chromosome7	434330
chromosome7	434469
chromosome7	434743
chromosome7	434861
chromosome7	434998
chromosome7	435234
chromosome7	435346
chromosome7	435470
chromosome7	435596
chromosome7	435747
chromosome7	435945
chromosome7	436068
chromosome7	436203
chromosome7	436645
chromosome7	436793
chromosome7	436906
chromosome7	437119
chromosome7	437266
chromosome7	437674
chromosome7	438012
chromosome7	438132
chromosome7	438252
chromosome7	438361
chromosome7	438492
chromosome7	438579
chromosome7	438908
chromosome7	439014
chromosome7	439177
chromosome7	439335
chromosome7	439667
chromosome7	439883
chromosome7	440088
chromosome7	440262
chromosome7	441335
chromosome7	441495
chromosome7	441675
chromosome7	441851
chromosome7	441984
chromosome7	442271
chromosome7	442387
chromosome7	442625
chromosome7	442823
chromosome7	443028
chromosome7	443153
chromosome7	443306
chromosome7	443514
chromosome7	443639
chromosome7	443809
chromosome7	443978
chromosome7	444140
chromosome7	444269
chromosome7	444445
chromosome7	444581
chromosome7	444722
chromosome7	444933
chromosome7	445079
chromosome7	445226
chromosome7	445478
chromosome7	445634
chromosome7	445793
chromosome7	445988
chromosome7	446115
chromosome7	446250
chromosome7	446411
chromosome7	446622
chromosome7	446802
chromosome7	446990
chromosome7	447252
chromosome7	447460
chromosome7	447612
chromosome7	447741
chromosome7	447894
chromosome7	448080
chromosome7	448239
chromosome7	448424
chromosome7	448593
chromosome7	448854
chromosome7	449091
chromosome7	449334
chromosome7	449454
chromosome7	449568
chromosome7	449733
chromosome7	449879
chromosome7	450377
chromosome7	450495
chromosome7	450677
chromosome7	450821
chromosome7	450959
chromosome7	451125
chromosome7	451255
chromosome7	451365
chromosome7	451505
chromosome7	451607
chromosome7	451751
chromosome7	451895
chromosome7	452024
chromosome7	452144
chromosome7	452263
chromosome7	452372
chromosome7	452535
chromosome7	452721
chromosome7	452877
chromosome7	453033
chromosome7	453240
chromosome7	453411
chromosome7	453637
chromosome7	453816
chromosome7	454050
chromosome7	454219
chromosome7	454380
chromosome7	454822
chromosome7	454964
chromosome7	455062
chromosome7	455192
chromosome7	455373
chromosome7	455470
chromosome7	455643
chromosome7	455729
chromosome7	455861
chromosome7	455984
chromosome7	456151
chromosome7	456307
chromosome7	456471
chromosome7	456804
chromosome7	456958
chromosome7	457305
chromosome7	457439
chromosome7	457592
chromosome7	457778
chromosome7	457894
chromosome7	458030
chromosome7	458224
chromosome7	458431
chromosome7	458581
chromosome7	458877
chromosome7	459123
chromosome7	459300
chromosome7	459500
chromosome7	459846
chromosome7	460017
chromosome7	460207
chromosome7	460328
chromosome7	460543
chromosome7	460771
chromosome7	460915
chromosome7	461060
chromosome7	461176
chromosome7	461385
chromosome7	461492
chromosome7	461680
chromosome7	461839
chromosome7	462063
chromosome7	462248
chromosome7	462465
chromosome7	462684
chromosome7	462992
chromosome7	463175
chromosome7	463355
chromosome7	463525
chromosome7	463669
chromosome7	463843
chromosome7	464025
chromosome7	464194
chromosome7	464330
chromosome7	464515
chromosome7	464707
chromosome7	464899
chromosome7	465046
chromosome7	465212
chromosome7	465333
chromosome7	465486
chromosome7	466024
chromosome7	466206
chromosome7	466313
chromosome7	466451
chromosome7	466596
chromosome7	466699
chromosome7	466835
chromosome7	467020
chromosome7	467146
chromosome7	467292
chromosome7	467428
chromosome7	467837
chromosome7	468061
chromosome7	468267
chromosome7	468405
chromosome7	468618
chromosome7	469350
chromosome7	469481
chromosome7	469575
chromosome7	469712
chromosome7	469896
chromosome7	470028
chromosome7	470178
chromosome7	470343
chromosome7	470513
chromosome7	470631
chromosome7	470770
chromosome7	470958
chromosome7	471069
chromosome7	471239
chromosome7	471400
chromosome7	471580
chromosome7	471717
chromosome7	471876
chromosome7	472005
chromosome7	472182
chromosome7	472313
chromosome7	472468
chromosome7	472596
chromosome7	472739
chromosome7	472864
chromosome7	473063
chromosome7	473220
chromosome7	473390
chromosome7	473553
chromosome7	473797
chromosome7	473979
chromosome7	474126
chromosome7	474531
chromosome7	474693
chromosome7	474861
chromosome7	475014
chromosome7	475135
chromosome7	475314
chromosome7	475516
chromosome7	475706
chromosome7	475838
chromosome7	476015
chromosome7	476151
chromosome7	476386
chromosome7	476548
chromosome7	476748
chromosome7	476982
chromosome7	477149
chromosome7	477275
chromosome7	477526
chromosome7	477679
chromosome7	477873
chromosome7	478071
chromosome7	478293
chromosome7	478471
chromosome7	478692
chromosome7	478797
chromosome7	478912
chromosome7	479063
chromosome7	479240
chromosome7	480117
chromosome7	480348
chromosome7	480567
chromosome7	480795
chromosome7	481034
chromosome7	481292
chromosome7	481473
chromosome7	481648
chromosome7	481821
chromosome7	482091
chromosome7	482265
chromosome7	482486
chromosome7	483318
chromosome7	483495
chromosome7	483646
chromosome7	483788
chromosome7	483989
chromosome7	484270
chromosome7	484490
chromosome7	484589
chromosome7	484742
chromosome7	485068
chromosome7	486062
chromosome7	486258
chromosome7	486463
chromosome7	486650
chromosome7	486832
chromosome7	487013
chromosome7	487157
chromosome7	487396
chromosome7	487729
chromosome7	487919
chromosome7	488078
chromosome7	488250
chromosome7	488410
chromosome7	488602
chromosome7	488815
chromosome7	488973
chromosome7	489141
chromosome7	489310
chromosome7	489780
chromosome7	489938
chromosome7	490074
chromosome7	490239
chromosome7	490379
chromosome7	490569
chromosome7	490818
chromosome7	490944
chromosome7	491061
chromosome7	491217
chromosome7	491385
chromosome7	491510
chromosome7	491643
chromosome7	491767
chromosome7	491962
chromosome7	492221
chromosome7	492371
chromosome7	492570
chromosome7	492792
chromosome7	493004
chromosome7	493197
chromosome7	493415
chromosome7	493590
chromosome7	493721
chromosome7	493900
chromosome7	494046
chromosome7	494203
chromosome7	494342
chromosome7	494479
chromosome7	494588
chromosome7	494744
chromosome7	494898
chromosome7	495050
chromosome7	495202
chromosome7	495417
chromosome7	495552
chromosome7	495794
chromosome7	495947
chromosome7	496157
chromosome7	496360
chromosome7	496538
chromosome7	497636
chromosome7	497805
chromosome7	498006
chromosome7	498430
chromosome7	498643
chromosome7	498804
chromosome7	499020
chromosome7	499214
chromosome7	499396
chromosome7	499529
chromosome7	499691
chromosome7	499863
chromosome7	500006
chromosome7	500160
chromosome7	500303
chromosome7	500465
chromosome7	500629
chromosome7	500774
chromosome7	500933
chromosome7	501073
chromosome7	501203
chromosome7	501351
chromosome7	501514
chromosome7	501698
chromosome7	501865
chromosome7	502017
chromosome7	502156
chromosome7	502279
chromosome7	502451
chromosome7	503014
chromosome7	503192
chromosome7	503420
chromosome7	503576
chromosome7	503735
chromosome7	503927
chromosome7	504062
chromosome7	504224
chromosome7	504402
chromosome7	504619
chromosome7	504779
chromosome7	505017
chromosome7	505203
chromosome7	505505
chromosome7	505727
chromosome7	505867
chromosome7	506074
chromosome7	506247
chromosome7	506389
chromosome7	506536
chromosome7	506693
chromosome7	506864
chromosome7	506988
chromosome7	507156
chromosome7	507360
chromosome7	507505
chromosome7	507701
chromosome7	507856
chromosome7	508066
chromosome7	508217
chromosome7	508420
chromosome7	508579
chromosome7	509239
chromosome7	509444
chromosome7	509641
chromosome7	509896
chromosome7	510066
chromosome7	510224
chromosome7	510365
chromosome7	510516
chromosome7	510676
chromosome7	510806
chromosome7	511009
chromosome7	511133
chromosome7	511299
chromosome7	511528
chromosome7	511778
chromosome7	511914
chromosome7	512129
chromosome7	512327
chromosome7	512540
chromosome7	512757
chromosome7	512990
chromosome7	513092
chromosome7	513277
chromosome7	513461
chromosome7	513680
chromosome7	513833
chromosome7	514034
chromosome7	514181
chromosome7	514383
chromosome7	514586
chromosome7	514717
chromosome7	514834
chromosome7	515036
chromosome7	515193
chromosome7	515353
chromosome7	515524
chromosome7	515655
chromosome7	515789
chromosome7	515941
chromosome7	516082
chromosome7	516278
chromosome7	516495
chromosome7	516794
chromosome7	516961
chromosome7	517064
chromosome7	517176
chromosome7	517281
chromosome7	517446
chromosome7	517559
chromosome7	517879
chromosome7	518034
chromosome7	518521
chromosome7	518650
chromosome7	518789
chromosome7	518917
chromosome7	519437
chromosome7	519558
chromosome7	519685
chromosome7	519817
chromosome7	519945
chromosome7	520095
chromosome7	520250
chromosome7	520518
chromosome7	520694
chromosome7	520898
chromosome7	521097
chromosome7	521215
chromosome7	521334
chromosome7	521483
chromosome7	521628
chromosome7	521877
chromosome7	522029
chromosome7	522169
chromosome7	522287
chromosome7	522434
chromosome7	522571
chromosome7	522752
chromosome7	523004
chromosome7	523151
chromosome7	523285
chromosome7	523399
chromosome7	523604
chromosome7	523717
chromosome7	523918
chromosome7	524095
chromosome7	524272
chromosome7	524431
chromosome7	524632
chromosome7	524832
chromosome7	524998
chromosome7	525121
chromosome7	525226
chromosome7	525413
chromosome7	525630
chromosome7	525807
chromosome7	525978
chromosome7	526209
chromosome7	526397
chromosome7	526586
chromosome7	527042
chromosome7	527276
chromosome7	527605
chromosome7	527781
chromosome7	527931
chromosome7	528075
chromosome7	528228
chromosome7	528372
chromosome7	528567
chromosome7	528786
chromosome7	528891
chromosome7	529077
chromosome7	529277
chromosome7	529378
chromosome7	529537
chromosome7	529691
chromosome7	529898
chromosome7	530286
chromosome7	530427
chromosome7	530623
chromosome7	530882
chromosome7	531041
chromosome7	531594
chromosome7	532078
chromosome7	532268
chromosome7	532512
chromosome7	532674
chromosome7	532800
chromosome7	533033
chromosome7	533243
chromosome7	533406
chromosome7	533646
chromosome7	533792
chromosome7	534190
chromosome7	534630
chromosome7	534739
chromosome7	534891
chromosome7	541846
chromosome7	542004
chromosome7	542119
chromosome7	542284
chromosome7	542442
chromosome7	542622
chromosome7	542857
chromosome7	543036
chromosome7	543202
chromosome7	543526
chromosome7	543672
chromosome7	543874
chromosome7	544099
chromosome7	544282
chromosome7	544570
chromosome7	544741
chromosome7	545319
chromosome7	545472
chromosome7	546068
chromosome7	546298
chromosome7	546460
chromosome7	546602
chromosome7	546740
chromosome7	546845
chromosome7	546974
chromosome7	547074
chromosome7	547187
chromosome7	547313
chromosome7	547458
chromosome7	547566
chromosome7	547733
chromosome7	547847
chromosome7	548283
chromosome7	548463
chromosome7	548582
chromosome7	548712
chromosome7	548899
chromosome7	549104
chromosome7	549284
chromosome7	549421
chromosome7	549594
chromosome7	549779
chromosome7	549935
chromosome7	550116
chromosome7	550267
chromosome7	550420
chromosome7	550678
chromosome7	550900
chromosome7	551110
chromosome7	551377
chromosome7	551500
chromosome7	551725
chromosome7	551914
chromosome7	552172
chromosome7	552366
chromosome7	552559
chromosome7	552840
chromosome7	553036
chromosome7	553213
chromosome7	553403
chromosome7	553636
chromosome7	553789
chromosome7	554094
chromosome7	554246
chromosome7	554419
chromosome7	554592
chromosome7	554787
chromosome7	554876
chromosome7	555000
chromosome7	555133
chromosome7	555610
chromosome7	555752
chromosome7	556426
chromosome7	556977
chromosome7	557109
chromosome7	557248
chromosome7	557395
chromosome7	557889
chromosome7	558031
chromosome7	558178
chromosome7	558364
chromosome7	558491
chromosome7	558644
chromosome7	558781
chromosome7	558906
chromosome7	559021
chromosome7	559158
chromosome7	559269
chromosome7	559528
chromosome7	559723
chromosome7	559890
chromosome7	560083
chromosome7	560263
chromosome7	560404
chromosome7	560511
chromosome7	560678
chromosome7	560813
chromosome7	561049
chromosome7	561233
chromosome7	574991
chromosome7	575129
chromosome7	575392
chromosome7	575585
chromosome7	575757
chromosome7	575937
chromosome7	576111
chromosome7	576285
chromosome7	576486
chromosome7	576589
chromosome7	576820
chromosome7	576933
chromosome7	577046
chromosome7	577287
chromosome7	577484
chromosome7	577672
chromosome7	577813
chromosome7	577954
chromosome7	578097
chromosome7	578268
chromosome7	578422
chromosome7	578562
chromosome7	578663
chromosome7	578820
chromosome7	578960
chromosome7	579122
chromosome7	579260
chromosome7	579380
chromosome7	579650
chromosome7	579775
chromosome7	579874
chromosome7	579978
chromosome7	580089
chromosome7	580237
chromosome7	580555
chromosome7	580695
chromosome7	580897
chromosome7	581074
chromosome7	581224
chromosome7	581389
chromosome7	581684
chromosome7	581853
chromosome7	582284
chromosome7	583002
chromosome7	583134
chromosome7	583269
chromosome7	583399
chromosome7	583512
chromosome7	583635
chromosome7	583758
chromosome7	583952
chromosome7	584072
chromosome7	584207
chromosome7	584351
chromosome7	584468
chromosome7	584583
chromosome7	584737
chromosome7	584865
chromosome7	584999
chromosome7	585161
chromosome7	585335
chromosome7	585470
chromosome7	585660
chromosome7	585830
chromosome7	586043
chromosome7	586205
chromosome7	586646
chromosome7	586841
chromosome7	587033
chromosome7	587211
chromosome7	587397
chromosome7	587538
chromosome7	587665
chromosome7	587792
chromosome7	587943
chromosome7	588105
chromosome7	588295
chromosome7	588486
chromosome7	588585
chromosome7	588738
chromosome7	588909
chromosome7	589082
chromosome7	589263
chromosome7	589424
chromosome7	589582
chromosome7	589804
chromosome7	589972
chromosome7	590140
chromosome7	590296
chromosome7	590476
chromosome7	590640
chromosome7	590775
chromosome7	591054
chromosome7	591318
chromosome7	591447
chromosome7	591583
chromosome7	591699
chromosome7	591900
chromosome7	592125
chromosome7	592226
chromosome7	592342
chromosome7	592481
chromosome7	592594
chromosome7	592768
chromosome7	592869
chromosome7	592947
chromosome7	593090
chromosome7	593206
chromosome7	593616
chromosome7	593747
chromosome7	593880
chromosome7	594010
chromosome7	594141
chromosome7	594280
chromosome7	594399
chromosome7	594509
chromosome7	594629
chromosome7	594760
chromosome7	595062
chromosome7	595199
chromosome7	595336
chromosome7	595451
chromosome7	595547
chromosome7	595706
chromosome7	595834
chromosome7	595961
chromosome7	596368
chromosome7	596503
chromosome7	596606
chromosome7	596762
chromosome7	596962
chromosome7	597111
chromosome7	597258
chromosome7	597429
chromosome7	597649
chromosome7	597808
chromosome7	598022
chromosome7	598167
chromosome7	598296
chromosome7	598413
chromosome7	598538
chromosome7	599111
chromosome7	599230
chromosome7	599389
chromosome7	599534
chromosome7	599719
chromosome7	599899
chromosome7	600085
chromosome7	600331
chromosome7	600520
chromosome7	600694
chromosome7	600854
chromosome7	601024
chromosome7	601136
chromosome7	601446
chromosome7	601629
chromosome7	601838
chromosome7	601993
chromosome7	602110
chromosome7	602256
chromosome7	602374
chromosome7	602675
chromosome7	602850
chromosome7	603034
chromosome7	603203
chromosome7	603358
chromosome7	603489
chromosome7	603601
chromosome7	603713
chromosome7	603877
chromosome7	603980
chromosome7	604168
chromosome7	604292
chromosome7	604448
chromosome7	604648
chromosome7	604765
chromosome7	604945
chromosome7	605451
chromosome7	605606
chromosome7	605785
chromosome7	605908
chromosome7	606021
chromosome7	606186
chromosome7	606329
chromosome7	606435
chromosome7	606574
chromosome7	606754
chromosome7	606921
chromosome7	607074
chromosome7	607239
chromosome7	607759
chromosome7	607868
chromosome7	608012
chromosome7	608143
chromosome7	608273
chromosome7	608400
chromosome7	608517
chromosome7	608638
chromosome7	608736
chromosome7	608896
chromosome7	609341
chromosome7	609427
chromosome7	609574
chromosome7	609817
chromosome7	609903
chromosome7	610044
chromosome7	610229
chromosome7	610549
chromosome7	610875
chromosome7	611164
chromosome7	611961
chromosome7	612173
chromosome7	612405
chromosome7	612627
chromosome7	612809
chromosome7	613023
chromosome7	613208
chromosome7	613368
chromosome7	613623
chromosome7	613859
chromosome7	614026
chromosome7	614303
chromosome7	614529
chromosome7	614781
chromosome7	615042
chromosome7	615307
chromosome7	615528
chromosome7	615776
chromosome7	615982
chromosome7	616317
chromosome7	616492
chromosome7	616654
chromosome7	616855
chromosome7	617037
chromosome7	617215
chromosome7	617500
chromosome7	617807
chromosome7	617937
chromosome7	618208
chromosome7	618445
chromosome7	618689
chromosome7	618946
chromosome7	619183
chromosome7	619374
chromosome7	619640
chromosome7	619765
chromosome7	619904
chromosome7	620000
chromosome7	620172
chromosome7	620303
chromosome7	620432
chromosome7	620567
chromosome7	620658
chromosome7	620776
chromosome7	620903
chromosome7	621080
chromosome7	621286
chromosome7	621462
chromosome7	621594
chromosome7	621716
chromosome7	621921
chromosome7	622110
chromosome7	622201
chromosome7	622437
chromosome7	622573
chromosome7	622697
chromosome7	622858
chromosome7	622999
chromosome7	623161
chromosome7	623313
chromosome7	623485
chromosome7	623622
chromosome7	623755
chromosome7	623967
chromosome7	624109
chromosome7	624280
chromosome7	624409
chromosome7	624533
chromosome7	624691
chromosome7	624867
chromosome7	625041
chromosome7	625162
chromosome7	625289
chromosome7	625451
chromosome7	625639
chromosome7	625822
chromosome7	625932
chromosome7	626131
chromosome7	626260
chromosome7	626455
chromosome7	626588
chromosome7	626730
chromosome7	626944
chromosome7	627960
chromosome7	628075
chromosome7	628336
chromosome7	628432
chromosome7	628621
chromosome7	628771
chromosome7	628963
chromosome7	629167
chromosome7	629391
chromosome7	629588
chromosome7	629778
chromosome7	629957
chromosome7	630128
chromosome7	630302
chromosome7	630471
chromosome7	630880
chromosome7	631087
chromosome7	631778
chromosome7	631908
chromosome7	632058
chromosome7	632301
chromosome7	632447
chromosome7	632594
chromosome7	632798
chromosome7	632958
chromosome7	633146
chromosome7	633270
chromosome7	633551
chromosome7	633719
chromosome7	633948
chromosome7	634086
chromosome7	634313
chromosome7	634522
chromosome7	634702
chromosome7	635158
chromosome7	635698
chromosome7	635906
chromosome7	636134
chromosome7	636319
chromosome7	636643
chromosome7	636844
chromosome7	637197
chromosome7	637398
chromosome7	637781
chromosome7	637960
chromosome7	638084
chromosome7	638249
chromosome7	638388
chromosome7	638500
chromosome7	638606
chromosome7	638757
chromosome7	638902
chromosome7	639045
chromosome7	639222
chromosome7	639382
chromosome7	639914
chromosome7	640090
chromosome7	640336
chromosome7	640791
chromosome7	640994
chromosome7	641157
chromosome7	641298
chromosome7	641488
chromosome7	641692
chromosome7	641986
chromosome7	642159
chromosome7	642318
chromosome7	642496
chromosome7	642697
chromosome7	642903
chromosome7	643131
chromosome7	643314
chromosome7	643436
chromosome7	643642
chromosome7	643787
chromosome7	643996
chromosome7	644172
chromosome7	644388
chromosome7	644610
chromosome7	645170
chromosome7	645558
chromosome7	645854
chromosome7	646127
chromosome7	646304
chromosome7	646603
chromosome7	646820
chromosome7	647137
chromosome7	647313
chromosome7	647435
chromosome7	647636
chromosome7	647814
chromosome7	648015
chromosome7	648182
chromosome7	648839
chromosome7	648965
chromosome7	649150
chromosome7	649776
chromosome7	650003
chromosome7	650331
chromosome7	650554
chromosome7	650709
chromosome7	651067
chromosome7	651263
chromosome7	651437
chromosome7	651655
chromosome7	651812
chromosome7	651952
chromosome7	652082
chromosome7	652252
chromosome7	652406
chromosome7	652594
chromosome7	652787
chromosome7	652993
chromosome7	653460
chromosome7	653582
chromosome7	653955
chromosome7	654057
chromosome7	654159
chromosome7	654306
chromosome7	654429
chromosome7	654526
chromosome7	654704
chromosome7	654908
chromosome7	655122
chromosome7	655310
chromosome7	655506
chromosome7	655707
chromosome7	655899
chromosome7	656049
chromosome7	656232
chromosome7	656502
chromosome7	656982
chromosome7	657208
chromosome7	657400
chromosome7	657592
chromosome7	657754
chromosome7	657917
chromosome7	658062
chromosome7	658228
chromosome7	658407
chromosome7	658613
chromosome7	658924
chromosome7	659142
chromosome7	659331
chromosome7	659610
chromosome7	660484
chromosome7	660614
chromosome7	660737
chromosome7	660901
chromosome7	661021
chromosome7	661159
chromosome7	661709
chromosome7	661903
chromosome7	662211
chromosome7	662452
chromosome7	662586
chromosome7	662859
chromosome7	663221
chromosome7	663437
chromosome7	663662
chromosome7	663898
chromosome7	664053
chromosome7	664370
chromosome7	664589
chromosome7	664826
chromosome7	665115
chromosome7	665378
chromosome7	665671
chromosome7	665875
chromosome7	666279
chromosome7	666462
chromosome7	666567
chromosome7	666706
chromosome7	666875
chromosome7	667045
chromosome7	667252
chromosome7	667475
chromosome7	667655
chromosome7	667808
chromosome7	668192
chromosome7	668361
chromosome7	668581
chromosome7	668822
chromosome7	669212
chromosome7	669518
chromosome7	669753
chromosome7	669952
chromosome7	670150
chromosome7	670501
chromosome7	670712
chromosome7	670911
chromosome7	671046
chromosome7	671239
chromosome7	671379
chromosome7	671546
chromosome7	671705
chromosome7	671879
chromosome7	672174
chromosome7	672398
chromosome7	672701
chromosome7	673032
chromosome7	673343
chromosome7	673652
chromosome7	673948
chromosome7	674196
chromosome7	674445
chromosome7	674753
chromosome7	675015
chromosome7	675234
chromosome7	675758
chromosome7	675966
chromosome7	676181
chromosome7	676563
chromosome7	676683
chromosome7	676925
chromosome7	677076
chromosome7	677281
chromosome7	677502
chromosome7	677697
chromosome7	677916
chromosome7	678494
chromosome7	678643
chromosome7	678828
chromosome7	679003
chromosome7	679250
chromosome7	679511
chromosome7	679724
chromosome7	679904
chromosome7	680111
chromosome7	680358
chromosome7	680561
chromosome7	680768
chromosome7	680985
chromosome7	681106
chromosome7	681280
chromosome7	681450
chromosome7	681666
chromosome7	681850
chromosome7	682075
chromosome7	682500
chromosome7	682684
chromosome7	682952
chromosome7	683138
chromosome7	683367
chromosome7	683627
chromosome7	683867
chromosome7	684109
chromosome7	684325
chromosome7	684501
chromosome7	684667
chromosome7	684861
chromosome7	685035
chromosome7	685242
chromosome7	685368
chromosome7	685576
chromosome7	685754
chromosome7	685949
chromosome7	686305
chromosome7	686489
chromosome7	686907
chromosome7	687117
chromosome7	687321
chromosome7	687507
chromosome7	687683
chromosome7	687873
chromosome7	688024
chromosome7	688195
chromosome7	688359
chromosome7	688556
chromosome7	688741
chromosome7	688924
chromosome7	689091
chromosome7	689263
chromosome7	689458
chromosome7	689648
chromosome7	689869
chromosome7	690039
chromosome7	690215
chromosome7	690433
chromosome7	690690
chromosome7	690856
chromosome7	691086
chromosome7	691378
chromosome7	691726
chromosome7	691987
chromosome7	692185
chromosome7	692370
chromosome7	692641
chromosome7	692857
chromosome7	693051
chromosome7	693289
chromosome7	693437
chromosome7	693615
chromosome7	693799
chromosome7	694035
chromosome7	694278
chromosome7	694466
chromosome7	694591
chromosome7	694770
chromosome7	694953
chromosome7	695139
chromosome7	695331
chromosome7	695537
chromosome7	695824
chromosome7	696138
chromosome7	696304
chromosome7	696590
chromosome7	696810
chromosome7	697049
chromosome7	697676
chromosome7	697870
chromosome7	698036
chromosome7	698237
chromosome7	698531
chromosome7	698743
chromosome7	699155
chromosome7	699292
chromosome7	699501
chromosome7	699753
chromosome7	700770
chromosome7	700890
chromosome7	701011
chromosome7	701706
chromosome7	701921
chromosome7	702115
chromosome7	702262
chromosome7	702759
chromosome7	702930
chromosome7	703130
chromosome7	703368
chromosome7	703580
chromosome7	703762
chromosome7	703924
chromosome7	704162
chromosome7	704395
chromosome7	704616
chromosome7	704881
chromosome7	705483
chromosome7	705655
chromosome7	705844
chromosome7	706046
chromosome7	706253
chromosome7	706400
chromosome7	706822
chromosome7	712593
chromosome7	713540
chromosome7	713686
chromosome7	713826
chromosome7	714062
chromosome7	714244
chromosome7	714442
chromosome7	714658
chromosome7	714839
chromosome7	715526
chromosome7	715841
chromosome7	716116
chromosome7	716279
chromosome7	716460
chromosome7	716645
chromosome7	716829
chromosome7	717136
chromosome7	717308
chromosome7	717471
chromosome7	717744
chromosome7	717963
chromosome7	718218
chromosome7	718455
chromosome7	718641
chromosome7	718805
chromosome7	718973
chromosome7	719172
chromosome7	719390
chromosome7	719635
chromosome7	719792
chromosome7	719903
chromosome7	720037
chromosome7	720194
chromosome7	720372
chromosome7	720567
chromosome7	720786
chromosome7	720951
chromosome7	721182
chromosome7	721332
chromosome7	721538
chromosome7	721754
chromosome7	721934
chromosome7	722169
chromosome7	722343
chromosome7	722508
chromosome7	722817
chromosome7	723103
chromosome7	723328
chromosome7	723646
chromosome7	723949
chromosome7	724291
chromosome7	724603
chromosome7	725116
chromosome7	725282
chromosome7	725508
chromosome7	725734
chromosome7	725955
chromosome7	726125
chromosome7	726269
chromosome7	726446
chromosome7	726807
chromosome7	726921
chromosome7	727104
chromosome7	727201
chromosome7	727301
chromosome7	727727
chromosome7	728331
chromosome7	728568
chromosome7	728865
chromosome7	729037
chromosome7	729251
chromosome7	729408
chromosome7	729548
chromosome7	729692
chromosome7	729891
chromosome7	730026
chromosome7	730248
chromosome7	730449
chromosome7	730796
chromosome7	731230
chromosome7	731373
chromosome7	731504
chromosome7	731679
chromosome7	731914
chromosome7	732134
chromosome7	732318
chromosome7	732563
chromosome7	732826
chromosome7	732996
chromosome7	733384
chromosome7	733540
chromosome7	733703
chromosome7	733836
chromosome7	734019
chromosome7	734174
chromosome7	734330
chromosome7	734473
chromosome7	734606
chromosome7	734813
chromosome7	734948
chromosome7	735130
chromosome7	737019
chromosome7	737791
chromosome7	738172
chromosome7	739021
chromosome7	739144
chromosome7	739286
chromosome7	739423
chromosome7	739552
chromosome7	739692
chromosome7	739903
chromosome7	740135
chromosome7	740389
chromosome7	740648
chromosome7	740811
chromosome7	741002
chromosome7	741252
chromosome7	741470
chromosome7	741669
chromosome7	742440
chromosome7	742677
chromosome7	742831
chromosome7	743038
chromosome7	743290
chromosome7	743539
chromosome7	743800
chromosome7	744058
chromosome7	744306
chromosome7	744682
chromosome7	744877
chromosome7	745135
chromosome7	745442
chromosome7	745588
chromosome7	745740
chromosome7	745979
chromosome7	746176
chromosome7	746362
chromosome7	746792
chromosome7	746999
chromosome7	747192
chromosome7	747363
chromosome7	747559
chromosome7	747798
chromosome7	748097
chromosome7	748269
chromosome7	748489
chromosome7	748787
chromosome7	749041
chromosome7	749215
chromosome7	749408
chromosome7	749630
chromosome7	749801
chromosome7	750033
chromosome7	750196
chromosome7	750356
chromosome7	750532
chromosome7	750671
chromosome7	750833
chromosome7	750985
chromosome7	751118
chromosome7	751289
chromosome7	751466
chromosome7	751643
chromosome7	751847
chromosome7	752056
chromosome7	752253
chromosome7	752786
chromosome7	752931
chromosome7	753074
chromosome7	753263
chromosome7	753546
chromosome7	753782
chromosome7	753961
chromosome7	754172
chromosome7	754302
chromosome7	754481
chromosome7	754767
chromosome7	754941
chromosome7	755171
chromosome7	755742
chromosome7	756123
chromosome7	756485
chromosome7	756649
chromosome7	756793
chromosome7	756970
chromosome7	757146
chromosome7	757378
chromosome7	757516
chromosome7	757707
chromosome7	757839
chromosome7	758065
chromosome7	758330
chromosome7	758504
chromosome7	758632
chromosome7	758892
chromosome7	759213
chromosome7	759423
chromosome7	759665
chromosome7	759812
chromosome7	760053
chromosome7	760299
chromosome7	760511
chromosome7	760814
chromosome7	760988
chromosome7	761196
chromosome7	761445
chromosome7	761757
chromosome7	762057
chromosome7	762295
chromosome7	762468
chromosome7	762671
chromosome7	762850
chromosome7	763017
chromosome7	763236
chromosome7	763454
chromosome7	763745
chromosome7	764215
chromosome7	764413
chromosome7	765034
chromosome7	765240
chromosome7	765996
chromosome7	766196
chromosome7	766337
chromosome7	766462
chromosome7	766647
chromosome7	766819
chromosome7	766987
chromosome7	767127
chromosome7	767264
chromosome7	767420
chromosome7	767609
chromosome7	767825
chromosome7	768062
chromosome7	768310
chromosome7	768478
chromosome7	768640
chromosome7	768791
chromosome7	769415
chromosome7	769641
chromosome7	769831
chromosome7	770022
chromosome7	770239
chromosome7	770449
chromosome7	770558
chromosome7	770716
chromosome7	770933
chromosome7	771185
chromosome7	771454
chromosome7	771747
chromosome7	771993
chromosome7	772140
chromosome7	772509
chromosome7	772651
chromosome7	772835
chromosome7	773035
chromosome7	773168
chromosome7	773305
chromosome7	773430
chromosome7	773566
chromosome7	774451
chromosome7	774624
chromosome7	774763
chromosome7	774937
chromosome7	775090
chromosome7	775227
chromosome7	775396
chromosome7	775618
chromosome7	775834
chromosome7	776110
chromosome7	776313
chromosome7	776573
chromosome7	776950
chromosome7	777195
chromosome7	777416
chromosome7	777645
chromosome7	777991
chromosome7	778245
chromosome7	778343
chromosome7	778466
chromosome7	778584
chromosome7	779726
chromosome7	779878
chromosome7	780023
chromosome7	780575
chromosome7	780825
chromosome7	781069
chromosome7	781319
chromosome7	781879
chromosome7	782196
chromosome7	782375
chromosome7	782604
chromosome7	782892
chromosome7	783174
chromosome7	783431
chromosome7	783575
chromosome7	783795
chromosome7	784309
chromosome7	784459
chromosome7	784577
chromosome7	784765
chromosome7	784962
chromosome7	785109
chromosome7	785289
chromosome7	785577
chromosome7	785757
chromosome7	785918
chromosome7	786100
chromosome7	786288
chromosome7	786477
chromosome7	786698
chromosome7	786824
chromosome7	786987
chromosome7	787124
chromosome7	787742
chromosome7	787915
chromosome7	788066
chromosome7	788229
chromosome7	788438
chromosome7	788558
chromosome7	788713
chromosome7	788829
chromosome7	789038
chromosome7	789200
chromosome7	789415
chromosome7	789681
chromosome7	789921
chromosome7	790139
chromosome7	790362
chromosome7	790606
chromosome7	790837
chromosome7	790982
chromosome7	791227
chromosome7	791392
chromosome7	791578
chromosome7	791788
chromosome7	791995
chromosome7	792482
chromosome7	792643
chromosome7	792790
chromosome7	792955
chromosome7	793101
chromosome7	793236
chromosome7	793362
chromosome7	793459
chromosome7	793595
chromosome7	793724
chromosome7	794034
chromosome7	794209
chromosome7	794785
chromosome7	794959
chromosome7	795224
chromosome7	795469
chromosome7	795619
chromosome7	795790
chromosome7	795930
chromosome7	796227
chromosome7	796396
chromosome7	796605
chromosome7	796785
chromosome7	796950
chromosome7	797132
chromosome7	797280
chromosome7	797479
chromosome7	797626
chromosome7	797776
chromosome7	797928
chromosome7	798466
chromosome7	798617
chromosome7	798897
chromosome7	799148
chromosome7	799454
chromosome7	799658
chromosome7	799872
chromosome7	800150
chromosome7	800289
chromosome7	800697
chromosome7	800956
chromosome7	801211
chromosome7	801397
chromosome7	801546
chromosome7	801751
chromosome7	801958
chromosome7	802132
chromosome7	802479
chromosome7	802707
chromosome7	802901
chromosome7	803149
chromosome7	803417
chromosome7	803590
chromosome7	803812
chromosome7	804047
chromosome7	804369
chromosome7	804547
chromosome7	804748
chromosome7	804959
chromosome7	805269
chromosome7	805448
chromosome7	805636
chromosome7	805851
chromosome7	806037
chromosome7	806200
chromosome7	806790
chromosome7	807044
chromosome7	807439
chromosome7	808011
chromosome7	808135
chromosome7	808266
chromosome7	808752
chromosome7	808929
chromosome7	809102
chromosome7	809291
chromosome7	809425
chromosome7	809550
chromosome7	809720
chromosome7	809864
chromosome7	810042
chromosome7	810184
chromosome7	810319
chromosome7	810449
chromosome7	810554
chromosome7	810728
chromosome7	810862
chromosome7	810989
chromosome7	811090
chromosome7	823545
chromosome7	823653
chromosome7	824085
chromosome7	824254
chromosome7	824415
chromosome7	824597
chromosome7	824799
chromosome7	824978
chromosome7	825114
chromosome7	825275
chromosome7	825477
chromosome7	825702
chromosome7	825952
chromosome7	826316
chromosome7	826619
chromosome7	827366
chromosome7	827538
chromosome7	827935
chromosome7	828309
chromosome7	828540
chromosome7	828688
chromosome7	828863
chromosome7	829111
chromosome7	829418
chromosome7	829637
chromosome7	829865
chromosome7	830120
chromosome7	830555
chromosome7	830925
chromosome7	831078
chromosome7	831309
chromosome7	831493
chromosome7	831670
chromosome7	831885
chromosome7	832114
chromosome7	832452
chromosome7	832651
chromosome7	832830
chromosome7	833034
chromosome7	833490
chromosome7	833779
chromosome7	833941
chromosome7	834126
chromosome7	834490
chromosome7	834651
chromosome7	834852
chromosome7	835102
chromosome7	835258
chromosome7	835535
chromosome7	835708
chromosome7	835908
chromosome7	836335
chromosome7	836554
chromosome7	837081
chromosome7	837293
chromosome7	837500
chromosome7	837754
chromosome7	837948
chromosome7	838091
chromosome7	838264
chromosome7	838426
chromosome7	838602
chromosome7	838842
chromosome7	839056
chromosome7	839220
chromosome7	839642
chromosome7	839906
chromosome7	840240
chromosome7	840644
chromosome7	841051
chromosome7	841257
chromosome7	841516
chromosome7	841722
chromosome7	841928
chromosome7	842189
chromosome7	842445
chromosome7	842608
chromosome7	842806
chromosome7	843088
chromosome7	843389
chromosome7	843583
chromosome7	843745
chromosome7	843852
chromosome7	844133
chromosome7	844417
chromosome7	844771
chromosome7	845012
chromosome7	845738
chromosome7	845987
chromosome7	846268
chromosome7	846413
chromosome7	846963
chromosome7	847260
chromosome7	847518
chromosome7	847818
chromosome7	848094
chromosome7	848402
chromosome7	848889
chromosome7	849143
chromosome7	849339
chromosome7	849543
chromosome7	849730
chromosome7	849939
chromosome7	850142
chromosome7	850271
chromosome7	850444
chromosome7	850588
chromosome7	851082
chromosome7	851253
chromosome7	851446
chromosome7	851641
chromosome7	851822
chromosome7	851941
chromosome7	852127
chromosome7	852382
chromosome7	852675
chromosome7	852886
chromosome7	853082
chromosome7	853333
chromosome7	853584
chromosome7	853772
chromosome7	853941
chromosome7	854158
chromosome7	854333
chromosome7	854537
chromosome7	854670
chromosome7	854846
chromosome7	854995
chromosome7	855587
chromosome7	855807
chromosome7	856020
chromosome7	856276
chromosome7	856664
chromosome7	856834
chromosome7	857048
chromosome7	857193
chromosome7	857343
chromosome7	857454
chromosome7	857711
chromosome7	857990
chromosome7	858417
chromosome7	858639
chromosome7	859061
chromosome7	859270
chromosome7	859403
chromosome7	859535
chromosome7	859668
chromosome7	859949
chromosome7	860160
chromosome7	860398
chromosome7	860597
chromosome7	860825
chromosome7	860989
chromosome7	861155
chromosome7	861320
chromosome7	861479
chromosome7	861705
chromosome7	861905
chromosome7	862077
chromosome7	862283
chromosome7	862467
chromosome7	862670
chromosome7	862895
chromosome7	863180
chromosome7	863404
chromosome7	863671
chromosome7	863929
chromosome7	864215
chromosome7	864442
chromosome7	864656
chromosome7	864907
chromosome7	865141
chromosome7	865365
chromosome7	865536
chromosome7	865750
chromosome7	865866
chromosome7	866036
chromosome7	866185
chromosome7	866622
chromosome7	866924
chromosome7	867260
chromosome7	867511
chromosome7	867907
chromosome7	868121
chromosome7	868365
chromosome7	868498
chromosome7	868684
chromosome7	869060
chromosome7	869377
chromosome7	869592
chromosome7	869770
chromosome7	870209
chromosome7	870452
chromosome7	870715
chromosome7	870999
chromosome7	871208
chromosome7	871721
chromosome7	872006
chromosome7	872211
chromosome7	872556
chromosome7	872808
chromosome7	873065
chromosome7	873239
chromosome7	873384
chromosome7	873553
chromosome7	873810
chromosome7	873974
chromosome7	874200
chromosome7	874381
chromosome7	874518
chromosome7	874705
chromosome7	875037
chromosome7	875211
chromosome7	875368
chromosome7	875491
chromosome7	876742
chromosome7	876925
chromosome7	877085
chromosome7	877448
chromosome7	877755
chromosome7	877980
chromosome7	878157
chromosome7	878460
chromosome7	879477
chromosome7	879665
chromosome7	879872
chromosome7	880152
chromosome7	880342
chromosome7	880527
chromosome7	880743
chromosome7	881120
chromosome7	881384
chromosome7	881685
chromosome7	881980
chromosome7	882198
chromosome7	882430
chromosome7	882988
chromosome7	883496
chromosome7	883778
chromosome7	884129
chromosome7	884327
chromosome7	884490
chromosome7	884660
chromosome7	884830
chromosome7	884983
chromosome7	885147
chromosome7	885304
chromosome7	885481
chromosome7	885667
chromosome7	885795
chromosome7	885964
chromosome7	886157
chromosome7	886364
chromosome7	886517
chromosome7	886690
chromosome7	886856
chromosome7	887057
chromosome7	887216
chromosome7	887435
chromosome7	887590
chromosome7	887743
chromosome7	887874
chromosome7	888044
chromosome7	888722
chromosome7	888891
chromosome7	889106
chromosome7	889346
chromosome7	889560
chromosome7	889790
chromosome7	890022
chromosome7	890200
chromosome7	890378
chromosome7	890576
chromosome7	890682
chromosome7	890816
chromosome7	891245
chromosome7	891371
chromosome7	891509
chromosome7	891608
chromosome7	891850
chromosome7	892013
chromosome7	892199
chromosome7	892317
chromosome7	892587
chromosome7	892844
chromosome7	893007
chromosome7	893214
chromosome7	893384
chromosome7	893549
chromosome7	893725
chromosome7	893864
chromosome7	893989
chromosome7	894129
chromosome7	894334
chromosome7	894453
chromosome7	894623
chromosome7	894758
chromosome7	894905
chromosome7	895083
chromosome7	895219
chromosome7	895373
chromosome7	895838
chromosome7	896057
chromosome7	896273
chromosome7	896490
chromosome7	896702
chromosome7	896898
chromosome7	897109
chromosome7	897603
chromosome7	897747
chromosome7	897998
chromosome7	898203
chromosome7	898395
chromosome7	898683
chromosome7	898890
chromosome7	899100
chromosome7	899382
chromosome7	899584
chromosome7	899949
chromosome7	900149
chromosome7	900387
chromosome7	900667
chromosome7	900835
chromosome7	901129
chromosome7	901319
chromosome7	901539
chromosome7	901763
chromosome7	901965
chromosome7	902194
chromosome7	902387
chromosome7	902506
chromosome7	902630
chromosome7	902790
chromosome7	902985
chromosome7	903125
chromosome7	903381
chromosome7	903550
chromosome7	903675
chromosome7	903897
chromosome7	904181
chromosome7	904449
chromosome7	904598
chromosome7	904759
chromosome7	904920
chromosome7	905061
chromosome7	905219
chromosome7	905393
chromosome7	905557
chromosome7	905684
chromosome7	905816
chromosome7	905979
chromosome7	906201
chromosome7	906399
chromosome7	906640
chromosome7	906861
chromosome7	907078
chromosome7	907359
chromosome7	907578
chromosome7	907799
chromosome7	908039
chromosome7	908258
chromosome7	908426
chromosome7	908678
chromosome7	909014
chromosome7	909147
chromosome7	909320
chromosome7	909490
chromosome7	909671
chromosome7	909839
chromosome7	910388
chromosome7	910563
chromosome7	910897
chromosome7	911038
chromosome7	911270
chromosome7	911500
chromosome7	911888
chromosome7	912047
chromosome7	912251
chromosome7	912426
chromosome7	912636
chromosome7	912882
chromosome7	913063
chromosome7	913269
chromosome7	913451
chromosome7	913650
chromosome7	913860
chromosome7	914066
chromosome7	914367
chromosome7	914608
chromosome7	914820
chromosome7	915108
chromosome7	915294
chromosome7	915493
chromosome7	915723
chromosome7	915950
chromosome7	916197
chromosome7	916443
chromosome7	916671
chromosome7	916978
chromosome7	917133
chromosome7	917345
chromosome7	917544
chromosome7	917712
chromosome7	917892
chromosome7	918061
chromosome7	918268
chromosome7	918421
chromosome7	918550
chromosome7	918698
chromosome7	918850
chromosome7	919031
chromosome7	919255
chromosome7	919399
chromosome7	919599
chromosome7	919770
chromosome7	920224
chromosome7	920371
chromosome7	920646
chromosome7	921075
chromosome7	921359
chromosome7	921674
chromosome7	922048
chromosome7	922143
chromosome7	922373
chromosome7	922711
chromosome7	922881
chromosome7	923212
chromosome7	923762
chromosome7	923958
chromosome7	924101
chromosome7	924279
chromosome7	924487
chromosome7	924676
chromosome7	924776
chromosome7	924911
chromosome7	925119
chromosome7	925300
chromosome7	925457
chromosome7	925620
chromosome7	925778
chromosome7	925995
chromosome7	926198
chromosome7	926498
chromosome7	926755
chromosome7	927004
chromosome7	927206
chromosome7	927487
chromosome7	927714
chromosome7	927974
chromosome7	928221
chromosome7	928592
chromosome7	928933
chromosome7	929090
chromosome7	929342
chromosome7	929518
chromosome7	929702
chromosome7	929941
chromosome7	930200
chromosome7	930404
chromosome7	930654
chromosome7	932323
chromosome7	932792
chromosome7	933273
chromosome7	933511
chromosome7	933777
chromosome7	934100
chromosome7	934439
chromosome7	934712
chromosome7	934964
chromosome7	935250
chromosome7	935537
chromosome7	936107
chromosome7	936383
chromosome7	936645
chromosome7	936845
chromosome7	937035
chromosome7	937250
chromosome7	937401
chromosome7	937604
chromosome7	937765
chromosome7	937915
chromosome7	938045
chromosome7	938228
chromosome7	938408
chromosome7	938514
chromosome7	938696
chromosome7	938808
chromosome7	938963
chromosome7	939131
chromosome7	939305
chromosome7	939597
chromosome7	939745
chromosome7	939901
chromosome7	940073
chromosome7	940297
chromosome7	940471
chromosome7	940669
chromosome7	940918
chromosome7	941134
chromosome7	941275
chromosome7	941437
chromosome7	941667
chromosome7	941910
chromosome7	942063
chromosome7	942255
chromosome7	942386
chromosome7	942479
chromosome7	942655
chromosome7	942781
chromosome7	942886
chromosome7	943017
chromosome7	943171
chromosome7	943315
chromosome7	943454
chromosome7	943598
chromosome7	943728
chromosome7	943869
chromosome7	944026
chromosome7	944194
chromosome7	944368
chromosome7	944538
chromosome7	944684
chromosome7	944877
chromosome7	945396
chromosome7	945568
chromosome7	945697
chromosome7	945918
chromosome7	946092
chromosome7	946293
chromosome7	946589
chromosome7	946825
chromosome7	947269
chromosome7	947395
chromosome7	947824
chromosome7	948064
chromosome7	948331
chromosome7	948545
chromosome7	948712
chromosome7	948887
chromosome7	949492
chromosome7	949626
chromosome7	949741
chromosome7	949876
chromosome7	950153
chromosome7	950373
chromosome7	950582
chromosome7	950775
chromosome7	950967
chromosome7	951220
chromosome7	951470
chromosome7	951647
chromosome7	951901
chromosome7	952022
chromosome7	952160
chromosome7	952275
chromosome7	952509
chromosome7	952728
chromosome7	953004
chromosome7	953321
chromosome7	953506
chromosome7	953617
chromosome7	953755
chromosome7	953902
chromosome7	954046
chromosome7	954199
chromosome7	954403
chromosome7	954533
chromosome7	954782
chromosome7	954991
chromosome7	955225
chromosome7	955387
chromosome7	955604
chromosome7	955839
chromosome7	955988
chromosome7	956159
chromosome7	956283
chromosome7	956548
chromosome7	956754
chromosome7	956972
chromosome7	957182
chromosome7	957652
chromosome7	958251
chromosome7	958414
chromosome7	958539
chromosome7	958682
chromosome7	958820
chromosome7	958926
chromosome7	959083
chromosome7	959235
chromosome7	959340
chromosome7	959504
chromosome7	959667
chromosome7	960089
chromosome7	960332
chromosome7	960498
chromosome7	960668
chromosome7	960918
chromosome7	961098
chromosome7	961457
chromosome7	961561
chromosome7	961698
chromosome7	961846
chromosome7	961993
chromosome7	962120
chromosome7	962603
chromosome7	962710
chromosome7	963074
chromosome7	963221
chromosome7	963370
chromosome7	963497
chromosome7	963635
chromosome7	963833
chromosome7	963968
chromosome7	964111
chromosome7	964269
chromosome7	964414
chromosome7	964522
chromosome7	964714
chromosome7	964882
chromosome7	965077
chromosome7	965280
chromosome7	965479
chromosome7	965670
chromosome7	965837
chromosome7	966147
chromosome7	966307
chromosome7	966466
chromosome7	966674
chromosome7	967050
chromosome7	967172
chromosome7	967354
chromosome7	967487
chromosome7	967639
chromosome7	967797
chromosome7	967938
chromosome7	968176
chromosome7	968345
chromosome7	968518
chromosome7	968655
chromosome7	969052
chromosome7	969210
chromosome7	969360
chromosome7	969510
chromosome7	969675
chromosome7	969825
chromosome7	969978
chromosome7	970146
chromosome7	970327
chromosome7	970444
chromosome7	971020
chromosome7	971268
chromosome7	971511
chromosome7	971809
chromosome7	972064
chromosome7	972317
chromosome7	972589
chromosome7	972925
chromosome7	973243
chromosome7	973465
chromosome7	973710
chromosome7	974590
chromosome7	974789
chromosome7	974990
chromosome7	975156
chromosome7	975355
chromosome7	975506
chromosome7	975650
chromosome7	975803
chromosome7	976054
chromosome7	976273
chromosome7	976500
chromosome7	976731
chromosome7	976917
chromosome7	977044
chromosome7	977190
chromosome7	977308
chromosome7	977494
chromosome7	977701
chromosome7	978215
chromosome7	978489
chromosome7	978713
chromosome7	978897
chromosome7	979129
chromosome7	979327
chromosome7	979457
chromosome7	979610
chromosome7	979720
chromosome7	980008
chromosome7	980200
chromosome7	980360
chromosome7	980542
chromosome7	980799
chromosome7	981023
chromosome7	981334
chromosome7	981635
chromosome7	981830
chromosome7	982114
chromosome7	982563
chromosome7	982707
chromosome7	982935
chromosome7	983088
chromosome7	983262
chromosome7	983481
chromosome7	983723
chromosome7	983997
chromosome7	984234
chromosome7	984382
chromosome7	984501
chromosome7	984644
chromosome7	984780
chromosome7	985002
chromosome7	985214
chromosome7	985445
chromosome7	985903
chromosome7	986055
chromosome7	986235
chromosome7	986430
chromosome7	986606
chromosome7	986779
chromosome7	986961
chromosome7	987623
chromosome7	987794
chromosome7	988108
chromosome7	988273
chromosome7	988404
chromosome7	988527
chromosome7	988621
chromosome7	988728
chromosome7	988821
chromosome7	988947
chromosome7	989070
chromosome7	989188
chromosome7	989305
chromosome7	989441
chromosome7	989940
chromosome7	991264
chromosome7	991398
chromosome7	991510
chromosome7	991638
chromosome7	991773
chromosome7	991905
chromosome7	992049
chromosome7	992196
chromosome7	992335
chromosome7	992488
chromosome7	992649
chromosome7	992814
chromosome7	993015
chromosome7	993143
chromosome7	993314
chromosome7	993477
chromosome7	993849
chromosome7	994019
chromosome7	994131
chromosome7	994293
chromosome7	994439
chromosome7	994565
chromosome7	994742
chromosome7	994871
chromosome7	995030
chromosome7	995158
chromosome7	995322
chromosome7	995456
chromosome7	995634
chromosome7	995803
chromosome7	995956
chromosome7	996178
chromosome7	996345
chromosome7	996445
chromosome7	996805
chromosome7	997005
chromosome7	997207
chromosome7	997558
chromosome7	997846
chromosome7	998101
chromosome7	998271
chromosome7	998473
chromosome7	998823
chromosome7	999084
chromosome7	999232
chromosome7	999946
chromosome7	1000072
chromosome7	1000227
chromosome7	1000363
chromosome7	1000522
chromosome7	1000713
chromosome7	1000893
chromosome7	1001149
chromosome7	1001379
chromosome7	1001811
chromosome7	1002543
chromosome7	1002699
chromosome7	1002850
chromosome7	1003003
chromosome7	1003180
chromosome7	1003312
chromosome7	1003465
chromosome7	1003624
chromosome7	1003819
chromosome7	1004019
chromosome7	1004197
chromosome7	1004351
chromosome7	1004671
chromosome7	1004881
chromosome7	1005042
chromosome7	1005184
chromosome7	1005371
chromosome7	1005556
chromosome7	1005721
chromosome7	1005922
chromosome7	1006073
chromosome7	1006318
chromosome7	1006514
chromosome7	1006713
chromosome7	1006922
chromosome7	1007150
chromosome7	1007355
chromosome7	1007530
chromosome7	1007790
chromosome7	1008015
chromosome7	1008248
chromosome7	1008470
chromosome7	1008640
chromosome7	1008810
chromosome7	1008945
chromosome7	1009105
chromosome7	1009263
chromosome7	1009368
chromosome7	1009514
chromosome7	1009692
chromosome7	1009812
chromosome7	1010005
chromosome7	1010218
chromosome7	1010416
chromosome7	1010588
chromosome7	1010788
chromosome7	1011267
chromosome7	1011389
chromosome7	1012095
chromosome7	1012523
chromosome7	1012682
chromosome7	1012901
chromosome7	1013129
chromosome7	1013387
chromosome7	1013653
chromosome7	1013927
chromosome7	1014144
chromosome7	1014571
chromosome7	1014706
chromosome7	1014859
chromosome7	1015038
chromosome7	1015266
chromosome7	1015479
chromosome7	1015673
chromosome7	1015848
chromosome7	1016027
chromosome7	1016196
chromosome7	1016436
chromosome7	1016966
chromosome7	1017309
chromosome7	1017574
chromosome7	1017787
chromosome7	1017960
chromosome7	1018165
chromosome7	1018379
chromosome7	1018612
chromosome7	1018819
chromosome7	1019039
chromosome7	1019227
chromosome7	1019671
chromosome7	1019922
chromosome7	1020147
chromosome7	1020399
chromosome7	1020645
chromosome7	1020888
chromosome7	1021107
chromosome7	1021400
chromosome7	1021530
chromosome7	1021717
chromosome7	1022044
chromosome7	1022166
chromosome7	1022327
chromosome7	1022444
chromosome7	1022563
chromosome7	1022690
chromosome7	1022854
chromosome7	1023042
chromosome7	1023270
chromosome7	1023453
chromosome7	1023708
chromosome7	1023963
chromosome7	1024189
chromosome7	1024408
chromosome7	1024581
chromosome7	1024757
chromosome7	1025429
chromosome7	1025758
chromosome7	1025927
chromosome7	1026123
chromosome7	1026333
chromosome7	1026483
chromosome7	1026689
chromosome7	1026814
chromosome7	1026937
chromosome7	1027117
chromosome7	1027277
chromosome7	1027507
chromosome7	1027788
chromosome7	1028014
chromosome7	1028238
chromosome7	1028481
chromosome7	1028657
chromosome7	1029004
chromosome7	1029217
chromosome7	1029435
chromosome7	1029618
chromosome7	1029782
chromosome7	1030324
chromosome7	1030575
chromosome7	1030791
chromosome7	1030927
chromosome7	1031043
chromosome7	1031156
chromosome7	1031277
chromosome7	1031456
chromosome7	1031871
chromosome7	1032063
chromosome7	1032201
chromosome7	1032376
chromosome7	1032551
chromosome7	1032797
chromosome7	1033103
chromosome7	1033394
chromosome7	1033565
chromosome7	1033899
chromosome7	1034217
chromosome7	1034415
chromosome7	1034632
chromosome7	1034857
chromosome7	1035084
chromosome7	1035390
chromosome7	1035732
chromosome7	1036016
chromosome7	1036249
chromosome7	1036570
chromosome7	1036871
chromosome7	1037128
chromosome7	1037328
chromosome7	1037517
chromosome7	1037875
chromosome7	1038087
chromosome7	1038821
chromosome7	1039044
chromosome7	1039187
chromosome7	1039681
chromosome7	1039889
chromosome7	1040067
chromosome7	1040358
chromosome7	1040655
chromosome7	1040896
chromosome7	1041208
chromosome7	1041512
chromosome7	1041796
chromosome7	1042016
chromosome7	1042202
chromosome7	1042340
chromosome7	1042508
chromosome7	1042709
chromosome7	1042857
chromosome7	1043141
chromosome7	1043298
chromosome7	1043550
chromosome7	1044086
chromosome7	1044260
chromosome7	1044427
chromosome7	1044685
chromosome7	1044859
chromosome7	1045072
chromosome7	1045298
chromosome7	1045512
chromosome7	1045713
chromosome7	1045910
chromosome7	1046169
chromosome7	1046361
chromosome7	1046555
chromosome7	1046777
chromosome7	1046939
chromosome7	1047205
chromosome7	1047370
chromosome7	1047538
chromosome7	1047731
chromosome7	1047960
chromosome7	1048113
chromosome7	1048273
chromosome7	1048915
chromosome7	1049202
chromosome7	1049457
chromosome7	1049625
chromosome7	1049756
chromosome7	1049930
chromosome7	1050302
chromosome7	1050407
chromosome7	1050619
chromosome7	1050771
chromosome7	1050942
chromosome7	1051208
chromosome7	1051342
chromosome7	1051564
chromosome7	1052073
chromosome7	1052208
chromosome7	1052369
chromosome7	1052522
chromosome7	1052647
chromosome7	1052778
chromosome7	1052922
chromosome7	1053125
chromosome7	1053348
chromosome7	1053618
chromosome7	1053843
chromosome7	1054092
chromosome7	1054366
chromosome7	1054547
chromosome7	1054749
chromosome7	1054965
chromosome7	1055231
chromosome7	1055411
chromosome7	1055592
chromosome7	1055880
chromosome7	1056213
chromosome7	1056432
chromosome7	1056724
chromosome7	1056991
chromosome7	1057846
chromosome7	1058128
chromosome7	1058384
chromosome7	1058668
chromosome7	1059138
chromosome7	1059326
chromosome7	1059536
chromosome7	1059697
chromosome7	1059873
chromosome7	1060068
chromosome7	1060213
chromosome7	1060436
chromosome7	1060642
chromosome7	1060950
chromosome7	1061237
chromosome7	1061478
chromosome7	1061633
chromosome7	1061831
chromosome7	1061984
chromosome7	1062146
chromosome7	1062449
chromosome7	1062713
chromosome7	1062935
chromosome7	1063089
chromosome7	1063849
chromosome7	1064009
chromosome7	1064191
chromosome7	1064349
chromosome7	1064557
chromosome7	1064737
chromosome7	1064859
chromosome7	1064974
chromosome7	1065075
chromosome7	1065182
chromosome7	1065341
chromosome7	1065670
chromosome7	1065793
chromosome7	1065898
chromosome7	1065992
chromosome7	1066147
chromosome7	1066306
chromosome7	1066423
chromosome7	1066537
chromosome7	1066722
chromosome7	1066927
chromosome7	1067354
chromosome7	1067707
chromosome7	1067816
chromosome7	1067984
chromosome7	1068183
chromosome7	1068282
chromosome7	1068377
chromosome8	13193
chromosome8	14003
chromosome8	15081
chromosome8	15209
chromosome8	15388
chromosome8	15561
chromosome8	15745
chromosome8	15893
chromosome8	16089
chromosome8	16183
chromosome8	16279
chromosome8	16510
chromosome8	16675
chromosome8	16893
chromosome8	17057
chromosome8	17220
chromosome8	17492
chromosome8	17623
chromosome8	17766
chromosome8	17922
chromosome8	18072
chromosome8	18194
chromosome8	18376
chromosome8	18522
chromosome8	18646
chromosome8	18756
chromosome8	18892
chromosome8	19022
chromosome8	19181
chromosome8	19376
chromosome8	19567
chromosome8	19720
chromosome8	19936
chromosome8	20066
chromosome8	20242
chromosome8	20444
chromosome8	20621
chromosome8	20786
chromosome8	20919
chromosome8	21036
chromosome8	21207
chromosome8	21376
chromosome8	21489
chromosome8	21626
chromosome8	21787
chromosome8	21976
chromosome8	22135
chromosome8	22258
chromosome8	22399
chromosome8	22583
chromosome8	22742
chromosome8	22884
chromosome8	23369
chromosome8	23698
chromosome8	23878
chromosome8	24036
chromosome8	24229
chromosome8	24421
chromosome8	24550
chromosome8	24726
chromosome8	24911
chromosome8	25066
chromosome8	25252
chromosome8	25471
chromosome8	25648
chromosome8	25769
chromosome8	25931
chromosome8	26076
chromosome8	26211
chromosome8	26426
chromosome8	26661
chromosome8	26799
chromosome8	26942
chromosome8	27119
chromosome8	27282
chromosome8	27447
chromosome8	27615
chromosome8	27735
chromosome8	28109
chromosome8	28284
chromosome8	28452
chromosome8	28617
chromosome8	28750
chromosome8	28946
chromosome8	29196
chromosome8	29322
chromosome8	29504
chromosome8	29693
chromosome8	29820
chromosome8	29985
chromosome8	30125
chromosome8	30279
chromosome8	30415
chromosome8	30528
chromosome8	30652
chromosome8	30921
chromosome8	31041
chromosome8	31216
chromosome8	31340
chromosome8	31464
chromosome8	31621
chromosome8	31737
chromosome8	31876
chromosome8	31997
chromosome8	32160
chromosome8	32444
chromosome8	32550
chromosome8	32708
chromosome8	33197
chromosome8	33377
chromosome8	33602
chromosome8	33906
chromosome8	34045
chromosome8	34229
chromosome8	34383
chromosome8	34502
chromosome8	34626
chromosome8	34726
chromosome8	34872
chromosome8	35022
chromosome8	35528
chromosome8	35671
chromosome8	35915
chromosome8	36448
chromosome8	36582
chromosome8	36727
chromosome8	36943
chromosome8	37150
chromosome8	37332
chromosome8	37458
chromosome8	37675
chromosome8	37826
chromosome8	37945
chromosome8	38077
chromosome8	38260
chromosome8	38479
chromosome8	38887
chromosome8	39123
chromosome8	39333
chromosome8	39502
chromosome8	39698
chromosome8	39845
chromosome8	39937
chromosome8	40067
chromosome8	40272
chromosome8	40477
chromosome8	40634
chromosome8	40801
chromosome8	40998
chromosome8	41201
chromosome8	41400
chromosome8	41543
chromosome8	41666
chromosome8	41804
chromosome8	41917
chromosome8	42056
chromosome8	42156
chromosome8	42286
chromosome8	42381
chromosome8	42507
chromosome8	42627
chromosome8	42774
chromosome8	42895
chromosome8	43023
chromosome8	43203
chromosome8	43341
chromosome8	43494
chromosome8	43636
chromosome8	43797
chromosome8	43914
chromosome8	44099
chromosome8	44277
chromosome8	44417
chromosome8	44563
chromosome8	44700
chromosome8	44829
chromosome8	44971
chromosome8	45097
chromosome8	45208
chromosome8	45355
chromosome8	45466
chromosome8	45604
chromosome8	46074
chromosome8	46196
chromosome8	46345
chromosome8	46434
chromosome8	46601
chromosome8	46740
chromosome8	46933
chromosome8	47094
chromosome8	47214
chromosome8	47327
chromosome8	47481
chromosome8	47636
chromosome8	47752
chromosome8	47909
chromosome8	48316
chromosome8	48440
chromosome8	48600
chromosome8	48696
chromosome8	48849
chromosome8	48975
chromosome8	49133
chromosome8	49283
chromosome8	49620
chromosome8	49728
chromosome8	49848
chromosome8	49941
chromosome8	50062
chromosome8	50186
chromosome8	50321
chromosome8	50436
chromosome8	50566
chromosome8	50690
chromosome8	50780
chromosome8	50931
chromosome8	51094
chromosome8	51215
chromosome8	51300
chromosome8	51422
chromosome8	51527
chromosome8	51662
chromosome8	51845
chromosome8	51975
chromosome8	52159
chromosome8	52253
chromosome8	52341
chromosome8	52460
chromosome8	52576
chromosome8	52690
chromosome8	52925
chromosome8	53071
chromosome8	53309
chromosome8	53414
chromosome8	53577
chromosome8	53711
chromosome8	53864
chromosome8	54041
chromosome8	54180
chromosome8	54314
chromosome8	54464
chromosome8	54598
chromosome8	54785
chromosome8	54948
chromosome8	55107
chromosome8	55250
chromosome8	55363
chromosome8	55484
chromosome8	55598
chromosome8	55725
chromosome8	55858
chromosome8	55993
chromosome8	56122
chromosome8	56378
chromosome8	56714
chromosome8	56881
chromosome8	57098
chromosome8	57223
chromosome8	57347
chromosome8	57502
chromosome8	57752
chromosome8	57943
chromosome8	58079
chromosome8	58235
chromosome8	58460
chromosome8	58590
chromosome8	58713
chromosome8	59213
chromosome8	59402
chromosome8	59543
chromosome8	59734
chromosome8	59921
chromosome8	60030
chromosome8	60191
chromosome8	60374
chromosome8	60491
chromosome8	60690
chromosome8	60838
chromosome8	61032
chromosome8	61151
chromosome8	61307
chromosome8	61518
chromosome8	61658
chromosome8	61773
chromosome8	61896
chromosome8	62102
chromosome8	62245
chromosome8	62346
chromosome8	62497
chromosome8	62715
chromosome8	63076
chromosome8	63222
chromosome8	63350
chromosome8	63492
chromosome8	63636
chromosome8	63756
chromosome8	63900
chromosome8	64062
chromosome8	64610
chromosome8	64801
chromosome8	65011
chromosome8	65185
chromosome8	65340
chromosome8	65438
chromosome8	65659
chromosome8	65812
chromosome8	65967
chromosome8	66278
chromosome8	66671
chromosome8	66909
chromosome8	67055
chromosome8	67241
chromosome8	67366
chromosome8	67554
chromosome8	67753
chromosome8	67881
chromosome8	67986
chromosome8	68097
chromosome8	68265
chromosome8	68413
chromosome8	68580
chromosome8	68712
chromosome8	68863
chromosome8	68975
chromosome8	69130
chromosome8	69286
chromosome8	69455
chromosome8	69583
chromosome8	69747
chromosome8	69897
chromosome8	70053
chromosome8	70191
chromosome8	70380
chromosome8	70485
chromosome8	70662
chromosome8	70778
chromosome8	70919
chromosome8	71085
chromosome8	71211
chromosome8	71374
chromosome8	71505
chromosome8	71672
chromosome8	71786
chromosome8	72231
chromosome8	72441
chromosome8	72556
chromosome8	72726
chromosome8	72873
chromosome8	73039
chromosome8	73186
chromosome8	73318
chromosome8	73496
chromosome8	73719
chromosome8	73929
chromosome8	74070
chromosome8	74224
chromosome8	74390
chromosome8	74498
chromosome8	74675
chromosome8	74815
chromosome8	74919
chromosome8	75495
chromosome8	75777
chromosome8	76304
chromosome8	76453
chromosome8	76645
chromosome8	76789
chromosome8	76987
chromosome8	77195
chromosome8	77323
chromosome8	77600
chromosome8	77756
chromosome8	77914
chromosome8	78125
chromosome8	78314
chromosome8	79121
chromosome8	79443
chromosome8	79554
chromosome8	79672
chromosome8	79783
chromosome8	79926
chromosome8	80062
chromosome8	80201
chromosome8	80325
chromosome8	80725
chromosome8	80882
chromosome8	81104
chromosome8	81290
chromosome8	81494
chromosome8	81617
chromosome8	82121
chromosome8	82271
chromosome8	82408
chromosome8	82554
chromosome8	82687
chromosome8	82834
chromosome8	82996
chromosome8	83167
chromosome8	83320
chromosome8	83436
chromosome8	83543
chromosome8	83680
chromosome8	83777
chromosome8	84190
chromosome8	84334
chromosome8	84449
chromosome8	84600
chromosome8	85168
chromosome8	92845
chromosome8	92964
chromosome8	93097
chromosome8	93704
chromosome8	93815
chromosome8	95139
chromosome8	95322
chromosome8	95511
chromosome8	95736
chromosome8	95913
chromosome8	96076
chromosome8	96222
chromosome8	96339
chromosome8	96444
chromosome8	96567
chromosome8	96733
chromosome8	96938
chromosome8	97113
chromosome8	97226
chromosome8	97382
chromosome8	97596
chromosome8	97754
chromosome8	97906
chromosome8	98031
chromosome8	98183
chromosome8	98378
chromosome8	98524
chromosome8	98641
chromosome8	98760
chromosome8	99022
chromosome8	99186
chromosome8	99351
chromosome8	99504
chromosome8	99608
chromosome8	99827
chromosome8	99995
chromosome8	100175
chromosome8	100625
chromosome8	100747
chromosome8	100896
chromosome8	101029
chromosome8	101264
chromosome8	101427
chromosome8	101650
chromosome8	101812
chromosome8	101963
chromosome8	102133
chromosome8	102273
chromosome8	102382
chromosome8	102484
chromosome8	102632
chromosome8	102788
chromosome8	102948
chromosome8	103138
chromosome8	103295
chromosome8	103442
chromosome8	103551
chromosome8	103745
chromosome8	103893
chromosome8	104046
chromosome8	104139
chromosome8	104363
chromosome8	104515
chromosome8	104633
chromosome8	105040
chromosome8	105870
chromosome8	106008
chromosome8	106119
chromosome8	106326
chromosome8	106520
chromosome8	106760
chromosome8	106980
chromosome8	107153
chromosome8	107385
chromosome8	107499
chromosome8	107728
chromosome8	107978
chromosome8	108845
chromosome8	109046
chromosome8	109220
chromosome8	109549
chromosome8	109741
chromosome8	109939
chromosome8	110181
chromosome8	110295
chromosome8	110439
chromosome8	110577
chromosome8	110735
chromosome8	110900
chromosome8	111078
chromosome8	111215
chromosome8	111418
chromosome8	111740
chromosome8	111971
chromosome8	112213
chromosome8	112450
chromosome8	112648
chromosome8	112852
chromosome8	112999
chromosome8	113376
chromosome8	113554
chromosome8	113800
chromosome8	114033
chromosome8	114268
chromosome8	114435
chromosome8	114717
chromosome8	114955
chromosome8	115373
chromosome8	115752
chromosome8	115964
chromosome8	116123
chromosome8	116978
chromosome8	117116
chromosome8	117284
chromosome8	117367
chromosome8	117534
chromosome8	117658
chromosome8	117852
chromosome8	118021
chromosome8	118168
chromosome8	118310
chromosome8	118537
chromosome8	118722
chromosome8	118878
chromosome8	119017
chromosome8	119195
chromosome8	119355
chromosome8	120351
chromosome8	120565
chromosome8	120733
chromosome8	121047
chromosome8	121306
chromosome8	121575
chromosome8	121971
chromosome8	122157
chromosome8	122300
chromosome8	122480
chromosome8	122615
chromosome8	122906
chromosome8	123075
chromosome8	123201
chromosome8	123348
chromosome8	123492
chromosome8	123636
chromosome8	123742
chromosome8	124205
chromosome8	124379
chromosome8	124552
chromosome8	124724
chromosome8	124859
chromosome8	125010
chromosome8	125181
chromosome8	125300
chromosome8	125465
chromosome8	125633
chromosome8	125999
chromosome8	126361
chromosome8	126578
chromosome8	126814
chromosome8	126924
chromosome8	127041
chromosome8	127282
chromosome8	127706
chromosome8	127839
chromosome8	127998
chromosome8	128154
chromosome8	128361
chromosome8	128519
chromosome8	128723
chromosome8	128896
chromosome8	129123
chromosome8	129247
chromosome8	129391
chromosome8	129551
chromosome8	129803
chromosome8	129967
chromosome8	130112
chromosome8	130206
chromosome8	130358
chromosome8	130523
chromosome8	130673
chromosome8	130871
chromosome8	131123
chromosome8	131319
chromosome8	131576
chromosome8	131723
chromosome8	131986
chromosome8	132175
chromosome8	132397
chromosome8	132596
chromosome8	132739
chromosome8	134389
chromosome8	134580
chromosome8	134738
chromosome8	134885
chromosome8	135587
chromosome8	136112
chromosome8	136508
chromosome8	136723
chromosome8	137001
chromosome8	137130
chromosome8	137308
chromosome8	137451
chromosome8	137622
chromosome8	137763
chromosome8	137917
chromosome8	138088
chromosome8	138277
chromosome8	138408
chromosome8	138565
chromosome8	138751
chromosome8	138898
chromosome8	139101
chromosome8	139271
chromosome8	139405
chromosome8	139586
chromosome8	139717
chromosome8	139849
chromosome8	140065
chromosome8	140340
chromosome8	140530
chromosome8	140722
chromosome8	140875
chromosome8	141018
chromosome8	141235
chromosome8	141415
chromosome8	141746
chromosome8	141944
chromosome8	142254
chromosome8	142427
chromosome8	142653
chromosome8	142837
chromosome8	142962
chromosome8	143145
chromosome8	143370
chromosome8	143586
chromosome8	143704
chromosome8	143881
chromosome8	144019
chromosome8	144128
chromosome8	144248
chromosome8	144367
chromosome8	144550
chromosome8	144760
chromosome8	144934
chromosome8	145162
chromosome8	145415
chromosome8	145612
chromosome8	145828
chromosome8	146070
chromosome8	147055
chromosome8	147281
chromosome8	147390
chromosome8	147539
chromosome8	147658
chromosome8	148155
chromosome8	148361
chromosome8	148483
chromosome8	148915
chromosome8	149387
chromosome8	149523
chromosome8	149635
chromosome8	149747
chromosome8	149861
chromosome8	149974
chromosome8	150118
chromosome8	150253
chromosome8	150400
chromosome8	150914
chromosome8	151022
chromosome8	151152
chromosome8	151296
chromosome8	151440
chromosome8	151622
chromosome8	151824
chromosome8	152080
chromosome8	152268
chromosome8	152454
chromosome8	152724
chromosome8	152901
chromosome8	153100
chromosome8	153345
chromosome8	153560
chromosome8	153771
chromosome8	153957
chromosome8	154266
chromosome8	154448
chromosome8	154583
chromosome8	154898
chromosome8	155548
chromosome8	155681
chromosome8	155813
chromosome8	155950
chromosome8	156094
chromosome8	156262
chromosome8	156397
chromosome8	156693
chromosome8	156861
chromosome8	157009
chromosome8	157186
chromosome8	157376
chromosome8	157672
chromosome8	157817
chromosome8	157998
chromosome8	158157
chromosome8	158382
chromosome8	158547
chromosome8	158704
chromosome8	158885
chromosome8	159088
chromosome8	159245
chromosome8	159404
chromosome8	159626
chromosome8	159788
chromosome8	159950
chromosome8	160200
chromosome8	160450
chromosome8	160588
chromosome8	160712
chromosome8	160870
chromosome8	161101
chromosome8	161434
chromosome8	161991
chromosome8	162254
chromosome8	162465
chromosome8	162596
chromosome8	162735
chromosome8	162879
chromosome8	163040
chromosome8	163213
chromosome8	163503
chromosome8	163746
chromosome8	163935
chromosome8	164105
chromosome8	164304
chromosome8	164527
chromosome8	164714
chromosome8	164845
chromosome8	165007
chromosome8	165278
chromosome8	165425
chromosome8	165566
chromosome8	165727
chromosome8	165867
chromosome8	166039
chromosome8	166266
chromosome8	166490
chromosome8	166752
chromosome8	166970
chromosome8	167145
chromosome8	167287
chromosome8	167429
chromosome8	167752
chromosome8	167915
chromosome8	168098
chromosome8	168275
chromosome8	168433
chromosome8	168941
chromosome8	169095
chromosome8	169421
chromosome8	169546
chromosome8	169796
chromosome8	170132
chromosome8	170351
chromosome8	170806
chromosome8	171018
chromosome8	171228
chromosome8	171462
chromosome8	171648
chromosome8	171855
chromosome8	172092
chromosome8	172253
chromosome8	172365
chromosome8	172503
chromosome8	172669
chromosome8	172839
chromosome8	172971
chromosome8	173435
chromosome8	173587
chromosome8	173718
chromosome8	173847
chromosome8	174007
chromosome8	174152
chromosome8	174276
chromosome8	174456
chromosome8	174606
chromosome8	174735
chromosome8	174869
chromosome8	175047
chromosome8	175177
chromosome8	175306
chromosome8	175578
chromosome8	175690
chromosome8	175826
chromosome8	175973
chromosome8	176293
chromosome8	176413
chromosome8	176558
chromosome8	176653
chromosome8	177024
chromosome8	177142
chromosome8	177350
chromosome8	177508
chromosome8	177690
chromosome8	177805
chromosome8	177927
chromosome8	178205
chromosome8	178302
chromosome8	178416
chromosome8	178513
chromosome8	178609
chromosome8	178768
chromosome8	178892
chromosome8	179027
chromosome8	179152
chromosome8	179306
chromosome8	179439
chromosome8	179591
chromosome8	179726
chromosome8	179887
chromosome8	180083
chromosome8	180259
chromosome8	180466
chromosome8	180642
chromosome8	180771
chromosome8	180904
chromosome8	181011
chromosome8	181192
chromosome8	181454
chromosome8	181655
chromosome8	181851
chromosome8	182075
chromosome8	182320
chromosome8	182631
chromosome8	182821
chromosome8	182990
chromosome8	183182
chromosome8	183353
chromosome8	183557
chromosome8	184174
chromosome8	184540
chromosome8	184708
chromosome8	185070
chromosome8	185271
chromosome8	185407
chromosome8	185530
chromosome8	185655
chromosome8	185808
chromosome8	185991
chromosome8	186165
chromosome8	186341
chromosome8	186579
chromosome8	186786
chromosome8	187332
chromosome8	187581
chromosome8	188005
chromosome8	188151
chromosome8	188292
chromosome8	188514
chromosome8	188692
chromosome8	188846
chromosome8	189040
chromosome8	189413
chromosome8	189560
chromosome8	189831
chromosome8	189985
chromosome8	190115
chromosome8	190290
chromosome8	190426
chromosome8	190565
chromosome8	190719
chromosome8	190872
chromosome8	190998
chromosome8	191146
chromosome8	191289
chromosome8	191406
chromosome8	191574
chromosome8	191748
chromosome8	192028
chromosome8	192279
chromosome8	192469
chromosome8	192776
chromosome8	194680
chromosome8	195071
chromosome8	195210
chromosome8	195426
chromosome8	195568
chromosome8	195739
chromosome8	195932
chromosome8	196105
chromosome8	196246
chromosome8	196429
chromosome8	196564
chromosome8	196741
chromosome8	196956
chromosome8	197599
chromosome8	197866
chromosome8	198065
chromosome8	198281
chromosome8	198438
chromosome8	198603
chromosome8	198758
chromosome8	198927
chromosome8	199127
chromosome8	199321
chromosome8	199476
chromosome8	199698
chromosome8	199856
chromosome8	200045
chromosome8	200297
chromosome8	200586
chromosome8	200765
chromosome8	201002
chromosome8	201175
chromosome8	201392
chromosome8	201578
chromosome8	201745
chromosome8	201888
chromosome8	202037
chromosome8	202194
chromosome8	202328
chromosome8	202442
chromosome8	202588
chromosome8	202744
chromosome8	202875
chromosome8	202999
chromosome8	203149
chromosome8	203260
chromosome8	203386
chromosome8	203520
chromosome8	203647
chromosome8	203800
chromosome8	203924
chromosome8	204060
chromosome8	204191
chromosome8	204365
chromosome8	204502
chromosome8	204641
chromosome8	204822
chromosome8	204952
chromosome8	205121
chromosome8	205299
chromosome8	205476
chromosome8	205615
chromosome8	205793
chromosome8	206041
chromosome8	206260
chromosome8	206428
chromosome8	206554
chromosome8	206689
chromosome8	206803
chromosome8	206927
chromosome8	207086
chromosome8	207263
chromosome8	207403
chromosome8	207523
chromosome8	207676
chromosome8	207863
chromosome8	208057
chromosome8	208271
chromosome8	208484
chromosome8	208685
chromosome8	208882
chromosome8	209029
chromosome8	209150
chromosome8	209399
chromosome8	209557
chromosome8	209779
chromosome8	210035
chromosome8	210930
chromosome8	211236
chromosome8	211501
chromosome8	211689
chromosome8	211866
chromosome8	216304
chromosome8	216483
chromosome8	216607
chromosome8	216737
chromosome8	216969
chromosome8	217139
chromosome8	217365
chromosome8	217483
chromosome8	217708
chromosome8	217923
chromosome8	218097
chromosome8	218195
chromosome8	218352
chromosome8	218466
chromosome8	218633
chromosome8	218792
chromosome8	218911
chromosome8	219070
chromosome8	219235
chromosome8	219407
chromosome8	219664
chromosome8	219900
chromosome8	220080
chromosome8	220214
chromosome8	220369
chromosome8	220594
chromosome8	220801
chromosome8	220977
chromosome8	221176
chromosome8	221565
chromosome8	221741
chromosome8	221903
chromosome8	222152
chromosome8	222339
chromosome8	222688
chromosome8	222931
chromosome8	223183
chromosome8	223495
chromosome8	223720
chromosome8	223897
chromosome8	224056
chromosome8	224171
chromosome8	224333
chromosome8	224470
chromosome8	224678
chromosome8	224909
chromosome8	225147
chromosome8	225418
chromosome8	225664
chromosome8	225843
chromosome8	226060
chromosome8	226261
chromosome8	226482
chromosome8	226614
chromosome8	226752
chromosome8	226986
chromosome8	227159
chromosome8	227280
chromosome8	227512
chromosome8	227664
chromosome8	227861
chromosome8	228006
chromosome8	228282
chromosome8	228534
chromosome8	228776
chromosome8	228933
chromosome8	229523
chromosome8	229706
chromosome8	229865
chromosome8	230129
chromosome8	230266
chromosome8	230463
chromosome8	230664
chromosome8	230828
chromosome8	230951
chromosome8	231163
chromosome8	231359
chromosome8	231506
chromosome8	231693
chromosome8	231855
chromosome8	232166
chromosome8	232382
chromosome8	232609
chromosome8	232864
chromosome8	233095
chromosome8	233535
chromosome8	233677
chromosome8	233945
chromosome8	234158
chromosome8	234400
chromosome8	234630
chromosome8	234905
chromosome8	235090
chromosome8	235251
chromosome8	235448
chromosome8	235592
chromosome8	235780
chromosome8	236021
chromosome8	236232
chromosome8	236404
chromosome8	236572
chromosome8	237219
chromosome8	237372
chromosome8	237539
chromosome8	238368
chromosome8	238497
chromosome8	238600
chromosome8	238732
chromosome8	239093
chromosome8	239287
chromosome8	239550
chromosome8	239784
chromosome8	239915
chromosome8	240081
chromosome8	240306
chromosome8	240545
chromosome8	240753
chromosome8	240894
chromosome8	241053
chromosome8	241203
chromosome8	241573
chromosome8	241799
chromosome8	242085
chromosome8	242260
chromosome8	242437
chromosome8	242623
chromosome8	242852
chromosome8	243137
chromosome8	243376
chromosome8	243564
chromosome8	243794
chromosome8	243933
chromosome8	244087
chromosome8	244273
chromosome8	244454
chromosome8	244643
chromosome8	244824
chromosome8	244988
chromosome8	245193
chromosome8	245419
chromosome8	245949
chromosome8	246112
chromosome8	246274
chromosome8	246465
chromosome8	246729
chromosome8	246984
chromosome8	247146
chromosome8	247311
chromosome8	247482
chromosome8	247725
chromosome8	247932
chromosome8	248255
chromosome8	248497
chromosome8	248726
chromosome8	249022
chromosome8	249303
chromosome8	249480
chromosome8	249680
chromosome8	249832
chromosome8	249948
chromosome8	250096
chromosome8	250250
chromosome8	250469
chromosome8	250612
chromosome8	250744
chromosome8	250864
chromosome8	250979
chromosome8	251156
chromosome8	251295
chromosome8	251514
chromosome8	251794
chromosome8	251997
chromosome8	252207
chromosome8	252398
chromosome8	252707
chromosome8	253109
chromosome8	253294
chromosome8	253508
chromosome8	253780
chromosome8	254358
chromosome8	254653
chromosome8	254874
chromosome8	255071
chromosome8	255278
chromosome8	255547
chromosome8	256099
chromosome8	256244
chromosome8	256389
chromosome8	256585
chromosome8	256811
chromosome8	256997
chromosome8	257150
chromosome8	257380
chromosome8	257604
chromosome8	257802
chromosome8	257991
chromosome8	258205
chromosome8	258430
chromosome8	258567
chromosome8	258758
chromosome8	258993
chromosome8	259242
chromosome8	259528
chromosome8	259720
chromosome8	259848
chromosome8	260097
chromosome8	260335
chromosome8	260553
chromosome8	260749
chromosome8	260887
chromosome8	261157
chromosome8	261420
chromosome8	261596
chromosome8	262231
chromosome8	262421
chromosome8	262569
chromosome8	262734
chromosome8	262935
chromosome8	263131
chromosome8	263286
chromosome8	263427
chromosome8	263626
chromosome8	263810
chromosome8	264009
chromosome8	264149
chromosome8	264317
chromosome8	264449
chromosome8	264600
chromosome8	264793
chromosome8	265012
chromosome8	265268
chromosome8	265465
chromosome8	265614
chromosome8	265782
chromosome8	265924
chromosome8	266085
chromosome8	266216
chromosome8	266366
chromosome8	266512
chromosome8	266716
chromosome8	266837
chromosome8	267026
chromosome8	267139
chromosome8	267263
chromosome8	267419
chromosome8	267526
chromosome8	267685
chromosome8	267854
chromosome8	268043
chromosome8	268230
chromosome8	268415
chromosome8	268630
chromosome8	268841
chromosome8	269054
chromosome8	269245
chromosome8	269384
chromosome8	269571
chromosome8	269770
chromosome8	270109
chromosome8	270306
chromosome8	270517
chromosome8	270874
chromosome8	271159
chromosome8	271370
chromosome8	272077
chromosome8	272308
chromosome8	272469
chromosome8	272617
chromosome8	272803
chromosome8	272971
chromosome8	273176
chromosome8	273373
chromosome8	273580
chromosome8	273736
chromosome8	273975
chromosome8	274166
chromosome8	274287
chromosome8	274533
chromosome8	274772
chromosome8	274964
chromosome8	275125
chromosome8	275271
chromosome8	275420
chromosome8	275577
chromosome8	275735
chromosome8	275893
chromosome8	276091
chromosome8	276675
chromosome8	276883
chromosome8	277009
chromosome8	277128
chromosome8	277246
chromosome8	277352
chromosome8	277466
chromosome8	277619
chromosome8	277784
chromosome8	277991
chromosome8	278206
chromosome8	278385
chromosome8	278626
chromosome8	278848
chromosome8	279065
chromosome8	279321
chromosome8	279522
chromosome8	279647
chromosome8	279825
chromosome8	280328
chromosome8	280501
chromosome8	280664
chromosome8	280764
chromosome8	280971
chromosome8	281197
chromosome8	281466
chromosome8	281689
chromosome8	281883
chromosome8	282103
chromosome8	282869
chromosome8	283134
chromosome8	283271
chromosome8	283482
chromosome8	283652
chromosome8	283818
chromosome8	284054
chromosome8	284245
chromosome8	284476
chromosome8	284672
chromosome8	284963
chromosome8	285152
chromosome8	285377
chromosome8	285595
chromosome8	285748
chromosome8	285919
chromosome8	286058
chromosome8	286227
chromosome8	286416
chromosome8	286542
chromosome8	286672
chromosome8	286815
chromosome8	287236
chromosome8	287438
chromosome8	287626
chromosome8	287840
chromosome8	288000
chromosome8	288416
chromosome8	288707
chromosome8	289863
chromosome8	290024
chromosome8	290123
chromosome8	291039
chromosome8	291206
chromosome8	291501
chromosome8	291675
chromosome8	291816
chromosome8	291951
chromosome8	292212
chromosome8	292352
chromosome8	292552
chromosome8	293861
chromosome8	294149
chromosome8	294948
chromosome8	295089
chromosome8	295262
chromosome8	295393
chromosome8	295535
chromosome8	295686
chromosome8	295899
chromosome8	296082
chromosome8	296235
chromosome8	296355
chromosome8	296655
chromosome8	296795
chromosome8	296996
chromosome8	297140
chromosome8	297416
chromosome8	297575
chromosome8	297669
chromosome8	297816
chromosome8	297968
chromosome8	298170
chromosome8	298325
chromosome8	298444
chromosome8	298584
chromosome8	299119
chromosome8	299286
chromosome8	299466
chromosome8	299644
chromosome8	299832
chromosome8	299970
chromosome8	300177
chromosome8	300369
chromosome8	300531
chromosome8	300660
chromosome8	300846
chromosome8	300996
chromosome8	301140
chromosome8	301301
chromosome8	301459
chromosome8	301613
chromosome8	301746
chromosome8	302029
chromosome8	302389
chromosome8	302508
chromosome8	302674
chromosome8	302829
chromosome8	302947
chromosome8	303156
chromosome8	303312
chromosome8	303459
chromosome8	303696
chromosome8	304125
chromosome8	304329
chromosome8	304803
chromosome8	304989
chromosome8	305184
chromosome8	305413
chromosome8	305557
chromosome8	305742
chromosome8	305894
chromosome8	306109
chromosome8	306333
chromosome8	306519
chromosome8	306675
chromosome8	306955
chromosome8	307162
chromosome8	307524
chromosome8	307778
chromosome8	307975
chromosome8	308266
chromosome8	308462
chromosome8	308620
chromosome8	308945
chromosome8	309237
chromosome8	309436
chromosome8	309671
chromosome8	309847
chromosome8	309987
chromosome8	310247
chromosome8	310434
chromosome8	310652
chromosome8	310833
chromosome8	311025
chromosome8	311177
chromosome8	311319
chromosome8	311590
chromosome8	311886
chromosome8	312207
chromosome8	312421
chromosome8	312589
chromosome8	312747
chromosome8	312972
chromosome8	313154
chromosome8	313345
chromosome8	313584
chromosome8	313869
chromosome8	314287
chromosome8	314462
chromosome8	314657
chromosome8	314965
chromosome8	315240
chromosome8	315416
chromosome8	315661
chromosome8	315831
chromosome8	316021
chromosome8	316164
chromosome8	316272
chromosome8	316459
chromosome8	316632
chromosome8	316888
chromosome8	317219
chromosome8	317401
chromosome8	317562
chromosome8	317729
chromosome8	317831
chromosome8	318125
chromosome8	318365
chromosome8	318541
chromosome8	318693
chromosome8	318853
chromosome8	319034
chromosome8	319209
chromosome8	319401
chromosome8	319546
chromosome8	319657
chromosome8	319967
chromosome8	320169
chromosome8	320374
chromosome8	320509
chromosome8	320614
chromosome8	320849
chromosome8	320985
chromosome8	321118
chromosome8	321264
chromosome8	321470
chromosome8	321608
chromosome8	321856
chromosome8	322064
chromosome8	322255
chromosome8	322435
chromosome8	322600
chromosome8	322773
chromosome8	322912
chromosome8	323380
chromosome8	323594
chromosome8	323715
chromosome8	323906
chromosome8	324116
chromosome8	324309
chromosome8	324515
chromosome8	324687
chromosome8	324868
chromosome8	324978
chromosome8	325172
chromosome8	325320
chromosome8	325468
chromosome8	325627
chromosome8	325783
chromosome8	325925
chromosome8	326128
chromosome8	326242
chromosome8	326378
chromosome8	326604
chromosome8	326972
chromosome8	327221
chromosome8	327393
chromosome8	327653
chromosome8	327863
chromosome8	328025
chromosome8	328226
chromosome8	328476
chromosome8	328668
chromosome8	328911
chromosome8	329140
chromosome8	329395
chromosome8	329627
chromosome8	329742
chromosome8	329901
chromosome8	330044
chromosome8	330327
chromosome8	330635
chromosome8	330885
chromosome8	331052
chromosome8	331220
chromosome8	331354
chromosome8	331525
chromosome8	331701
chromosome8	331856
chromosome8	331974
chromosome8	332124
chromosome8	332263
chromosome8	332416
chromosome8	332728
chromosome8	332958
chromosome8	333126
chromosome8	333356
chromosome8	333590
chromosome8	333854
chromosome8	334047
chromosome8	334211
chromosome8	334492
chromosome8	334699
chromosome8	334887
chromosome8	335178
chromosome8	335397
chromosome8	335698
chromosome8	335865
chromosome8	336006
chromosome8	336152
chromosome8	336384
chromosome8	336577
chromosome8	336805
chromosome8	336991
chromosome8	337146
chromosome8	337352
chromosome8	337563
chromosome8	337774
chromosome8	338055
chromosome8	338253
chromosome8	338450
chromosome8	338643
chromosome8	338834
chromosome8	339104
chromosome8	339297
chromosome8	339479
chromosome8	339633
chromosome8	339774
chromosome8	340168
chromosome8	340435
chromosome8	340646
chromosome8	340851
chromosome8	341017
chromosome8	341162
chromosome8	341318
chromosome8	341467
chromosome8	341624
chromosome8	341776
chromosome8	341942
chromosome8	342173
chromosome8	342377
chromosome8	342501
chromosome8	342635
chromosome8	342800
chromosome8	343015
chromosome8	343196
chromosome8	343403
chromosome8	343605
chromosome8	343800
chromosome8	344005
chromosome8	344211
chromosome8	344450
chromosome8	344649
chromosome8	344884
chromosome8	345043
chromosome8	345263
chromosome8	345419
chromosome8	345569
chromosome8	345737
chromosome8	345867
chromosome8	346078
chromosome8	346242
chromosome8	346391
chromosome8	346613
chromosome8	347166
chromosome8	347397
chromosome8	347609
chromosome8	347866
chromosome8	348061
chromosome8	348231
chromosome8	348398
chromosome8	348539
chromosome8	348751
chromosome8	349069
chromosome8	349390
chromosome8	349535
chromosome8	349746
chromosome8	350042
chromosome8	350440
chromosome8	350732
chromosome8	350993
chromosome8	351237
chromosome8	351400
chromosome8	351610
chromosome8	351889
chromosome8	352242
chromosome8	352555
chromosome8	352821
chromosome8	353020
chromosome8	353157
chromosome8	353505
chromosome8	353624
chromosome8	353899
chromosome8	354101
chromosome8	354366
chromosome8	354582
chromosome8	354788
chromosome8	355025
chromosome8	355238
chromosome8	355434
chromosome8	355646
chromosome8	355814
chromosome8	356040
chromosome8	356275
chromosome8	356455
chromosome8	356732
chromosome8	356893
chromosome8	357053
chromosome8	357233
chromosome8	357412
chromosome8	357639
chromosome8	357824
chromosome8	358020
chromosome8	358244
chromosome8	359131
chromosome8	359774
chromosome8	360029
chromosome8	360204
chromosome8	360651
chromosome8	360862
chromosome8	361092
chromosome8	361261
chromosome8	361526
chromosome8	361730
chromosome8	361973
chromosome8	362123
chromosome8	362351
chromosome8	362640
chromosome8	362959
chromosome8	363162
chromosome8	363341
chromosome8	363482
chromosome8	363653
chromosome8	363842
chromosome8	363991
chromosome8	364170
chromosome8	364307
chromosome8	364785
chromosome8	365532
chromosome8	365664
chromosome8	365835
chromosome8	365947
chromosome8	366061
chromosome8	366182
chromosome8	366287
chromosome8	366419
chromosome8	366555
chromosome8	366670
chromosome8	366787
chromosome8	366933
chromosome8	367082
chromosome8	367213
chromosome8	367389
chromosome8	367599
chromosome8	367750
chromosome8	367976
chromosome8	368175
chromosome8	368346
chromosome8	368617
chromosome8	368862
chromosome8	369114
chromosome8	369337
chromosome8	369455
chromosome8	369612
chromosome8	369761
chromosome8	369904
chromosome8	370126
chromosome8	370277
chromosome8	370634
chromosome8	370799
chromosome8	371019
chromosome8	371208
chromosome8	371376
chromosome8	371526
chromosome8	371680
chromosome8	371815
chromosome8	372028
chromosome8	372219
chromosome8	372426
chromosome8	372585
chromosome8	372801
chromosome8	373321
chromosome8	373577
chromosome8	373891
chromosome8	374149
chromosome8	374320
chromosome8	374466
chromosome8	374655
chromosome8	374824
chromosome8	374967
chromosome8	375110
chromosome8	375261
chromosome8	375706
chromosome8	375896
chromosome8	376065
chromosome8	376241
chromosome8	376442
chromosome8	376578
chromosome8	376825
chromosome8	377028
chromosome8	377205
chromosome8	377468
chromosome8	377675
chromosome8	377814
chromosome8	378400
chromosome8	378588
chromosome8	378746
chromosome8	378986
chromosome8	379122
chromosome8	379329
chromosome8	379512
chromosome8	379681
chromosome8	379837
chromosome8	380143
chromosome8	380347
chromosome8	380530
chromosome8	380693
chromosome8	380988
chromosome8	381177
chromosome8	381363
chromosome8	381595
chromosome8	382137
chromosome8	382738
chromosome8	382886
chromosome8	383015
chromosome8	383135
chromosome8	383261
chromosome8	383567
chromosome8	383873
chromosome8	384045
chromosome8	384224
chromosome8	384387
chromosome8	384604
chromosome8	384758
chromosome8	384920
chromosome8	385293
chromosome8	385753
chromosome8	385886
chromosome8	386202
chromosome8	386364
chromosome8	386929
chromosome8	387358
chromosome8	387934
chromosome8	388214
chromosome8	388353
chromosome8	388541
chromosome8	388728
chromosome8	388862
chromosome8	390437
chromosome8	390629
chromosome8	390798
chromosome8	390944
chromosome8	391100
chromosome8	391215
chromosome8	391409
chromosome8	391590
chromosome8	392431
chromosome8	392863
chromosome8	393035
chromosome8	393181
chromosome8	393351
chromosome8	393517
chromosome8	393744
chromosome8	394022
chromosome8	394633
chromosome8	394866
chromosome8	395124
chromosome8	395288
chromosome8	395436
chromosome8	395656
chromosome8	395816
chromosome8	395968
chromosome8	396150
chromosome8	396361
chromosome8	396528
chromosome8	396688
chromosome8	397083
chromosome8	397231
chromosome8	397383
chromosome8	397535
chromosome8	397673
chromosome8	397874
chromosome8	397996
chromosome8	398174
chromosome8	398365
chromosome8	398515
chromosome8	398693
chromosome8	398898
chromosome8	399500
chromosome8	399813
chromosome8	400022
chromosome8	400240
chromosome8	400439
chromosome8	400620
chromosome8	400783
chromosome8	400960
chromosome8	401127
chromosome8	401282
chromosome8	401427
chromosome8	401562
chromosome8	401707
chromosome8	401966
chromosome8	402426
chromosome8	402596
chromosome8	402730
chromosome8	402916
chromosome8	403075
chromosome8	403214
chromosome8	403400
chromosome8	403559
chromosome8	403698
chromosome8	403883
chromosome8	404090
chromosome8	404314
chromosome8	404458
chromosome8	404603
chromosome8	404758
chromosome8	404926
chromosome8	405085
chromosome8	405227
chromosome8	405395
chromosome8	406055
chromosome8	406546
chromosome8	406663
chromosome8	406817
chromosome8	406991
chromosome8	407160
chromosome8	407345
chromosome8	407489
chromosome8	407693
chromosome8	407876
chromosome8	408038
chromosome8	408284
chromosome8	408463
chromosome8	408648
chromosome8	408831
chromosome8	409119
chromosome8	409322
chromosome8	409529
chromosome8	409727
chromosome8	409958
chromosome8	410164
chromosome8	410317
chromosome8	410489
chromosome8	410681
chromosome8	410868
chromosome8	411071
chromosome8	411170
chromosome8	411407
chromosome8	411598
chromosome8	411717
chromosome8	411887
chromosome8	412088
chromosome8	412274
chromosome8	412427
chromosome8	412600
chromosome8	412739
chromosome8	412955
chromosome8	413122
chromosome8	413323
chromosome8	413872
chromosome8	414063
chromosome8	414276
chromosome8	414596
chromosome8	414796
chromosome8	414950
chromosome8	415113
chromosome8	415247
chromosome8	415420
chromosome8	415640
chromosome8	415830
chromosome8	416048
chromosome8	416265
chromosome8	416483
chromosome8	416694
chromosome8	416864
chromosome8	417052
chromosome8	417262
chromosome8	417423
chromosome8	417518
chromosome8	417703
chromosome8	417884
chromosome8	418024
chromosome8	418160
chromosome8	418260
chromosome8	418490
chromosome8	418653
chromosome8	418856
chromosome8	419026
chromosome8	419275
chromosome8	419452
chromosome8	419582
chromosome8	419733
chromosome8	419930
chromosome8	420088
chromosome8	420246
chromosome8	420402
chromosome8	420615
chromosome8	420759
chromosome8	420950
chromosome8	421099
chromosome8	421243
chromosome8	421392
chromosome8	421581
chromosome8	421740
chromosome8	421951
chromosome8	422131
chromosome8	422323
chromosome8	422515
chromosome8	422684
chromosome8	422873
chromosome8	423065
chromosome8	423361
chromosome8	423677
chromosome8	423816
chromosome8	423982
chromosome8	424155
chromosome8	424290
chromosome8	424496
chromosome8	424675
chromosome8	424814
chromosome8	425054
chromosome8	425227
chromosome8	425414
chromosome8	425646
chromosome8	425888
chromosome8	426056
chromosome8	426196
chromosome8	426316
chromosome8	426467
chromosome8	426710
chromosome8	426892
chromosome8	427012
chromosome8	427247
chromosome8	427588
chromosome8	427842
chromosome8	428013
chromosome8	428168
chromosome8	428301
chromosome8	428490
chromosome8	428690
chromosome8	428881
chromosome8	429071
chromosome8	429277
chromosome8	429505
chromosome8	429767
chromosome8	429964
chromosome8	430194
chromosome8	430376
chromosome8	430642
chromosome8	430883
chromosome8	431046
chromosome8	431257
chromosome8	431441
chromosome8	431637
chromosome8	431870
chromosome8	432128
chromosome8	432419
chromosome8	432675
chromosome8	432893
chromosome8	433033
chromosome8	433209
chromosome8	433439
chromosome8	433622
chromosome8	433856
chromosome8	434053
chromosome8	434261
chromosome8	434475
chromosome8	434678
chromosome8	435058
chromosome8	435314
chromosome8	435522
chromosome8	435693
chromosome8	435911
chromosome8	436061
chromosome8	436238
chromosome8	436456
chromosome8	436613
chromosome8	437236
chromosome8	437377
chromosome8	437677
chromosome8	437884
chromosome8	438024
chromosome8	438439
chromosome8	438577
chromosome8	438793
chromosome8	439057
chromosome8	439223
chromosome8	439431
chromosome8	439607
chromosome8	439767
chromosome8	439873
chromosome8	440095
chromosome8	440381
chromosome8	440560
chromosome8	440739
chromosome8	440965
chromosome8	441131
chromosome8	441348
chromosome8	441528
chromosome8	441671
chromosome8	441874
chromosome8	442223
chromosome8	442522
chromosome8	442677
chromosome8	442802
chromosome8	442945
chromosome8	443104
chromosome8	443275
chromosome8	443428
chromosome8	443574
chromosome8	443771
chromosome8	444048
chromosome8	444304
chromosome8	444502
chromosome8	444709
chromosome8	444904
chromosome8	445249
chromosome8	445741
chromosome8	445947
chromosome8	446215
chromosome8	446418
chromosome8	446547
chromosome8	446676
chromosome8	446804
chromosome8	446940
chromosome8	447115
chromosome8	447324
chromosome8	447450
chromosome8	447623
chromosome8	448018
chromosome8	448191
chromosome8	448355
chromosome8	448524
chromosome8	448749
chromosome8	448873
chromosome8	449115
chromosome8	449390
chromosome8	449588
chromosome8	449796
chromosome8	449977
chromosome8	450166
chromosome8	450330
chromosome8	450539
chromosome8	450686
chromosome8	450940
chromosome8	451443
chromosome8	451683
chromosome8	452058
chromosome8	452553
chromosome8	452911
chromosome8	453038
chromosome8	453171
chromosome8	453312
chromosome8	453467
chromosome8	453577
chromosome8	453696
chromosome8	453817
chromosome8	454025
chromosome8	454165
chromosome8	454337
chromosome8	454483
chromosome8	454626
chromosome8	454768
chromosome8	454912
chromosome8	455019
chromosome8	455176
chromosome8	455348
chromosome8	455439
chromosome8	455594
chromosome8	455755
chromosome8	455907
chromosome8	456194
chromosome8	456355
chromosome8	456475
chromosome8	456648
chromosome8	456841
chromosome8	456960
chromosome8	457123
chromosome8	457253
chromosome8	457375
chromosome8	457524
chromosome8	457633
chromosome8	457752
chromosome8	457875
chromosome8	457983
chromosome8	458150
chromosome8	458316
chromosome8	458447
chromosome8	458577
chromosome8	458708
chromosome8	458830
chromosome8	458988
chromosome8	459109
chromosome8	459305
chromosome8	459489
chromosome8	459648
chromosome8	459815
chromosome8	459974
chromosome8	460162
chromosome8	460399
chromosome8	460698
chromosome8	460931
chromosome8	461038
chromosome8	461200
chromosome8	461407
chromosome8	461990
chromosome8	462289
chromosome8	462414
chromosome8	462627
chromosome8	462789
chromosome8	462978
chromosome8	463127
chromosome8	463311
chromosome8	463440
chromosome8	463641
chromosome8	465246
chromosome8	465369
chromosome8	465494
chromosome8	465646
chromosome8	467702
chromosome8	467887
chromosome8	468347
chromosome8	468481
chromosome8	468624
chromosome8	468737
chromosome8	468853
chromosome8	468982
chromosome8	469121
chromosome8	469221
chromosome8	469350
chromosome8	469491
chromosome8	469610
chromosome8	469743
chromosome8	469849
chromosome8	470045
chromosome8	470207
chromosome8	470327
chromosome8	470462
chromosome8	470595
chromosome8	470749
chromosome8	470869
chromosome8	471010
chromosome8	471286
chromosome8	471439
chromosome8	471685
chromosome8	471863
chromosome8	472060
chromosome8	472325
chromosome8	472781
chromosome8	472940
chromosome8	473114
chromosome8	473283
chromosome8	473713
chromosome8	473904
chromosome8	474078
chromosome8	474252
chromosome8	474806
chromosome8	474970
chromosome8	475134
chromosome8	475280
chromosome8	475441
chromosome8	476081
chromosome8	476218
chromosome8	476469
chromosome8	476822
chromosome8	477096
chromosome8	477255
chromosome8	477415
chromosome8	477596
chromosome8	477787
chromosome8	478005
chromosome8	478273
chromosome8	478404
chromosome8	478609
chromosome8	478815
chromosome8	479128
chromosome8	479345
chromosome8	479592
chromosome8	479728
chromosome8	479956
chromosome8	480317
chromosome8	480580
chromosome8	480758
chromosome8	480953
chromosome8	481135
chromosome8	481283
chromosome8	481494
chromosome8	481638
chromosome8	481800
chromosome8	482022
chromosome8	482227
chromosome8	482373
chromosome8	482644
chromosome8	482767
chromosome8	482961
chromosome8	483089
chromosome8	483295
chromosome8	483448
chromosome8	483630
chromosome8	483796
chromosome8	483987
chromosome8	484143
chromosome8	484276
chromosome8	484377
chromosome8	484586
chromosome8	484744
chromosome8	485068
chromosome8	485278
chromosome8	485437
chromosome8	485701
chromosome8	485969
chromosome8	486209
chromosome8	486398
chromosome8	486569
chromosome8	486708
chromosome8	486930
chromosome8	487098
chromosome8	487320
chromosome8	487469
chromosome8	487628
chromosome8	487850
chromosome8	488090
chromosome8	488294
chromosome8	488588
chromosome8	488739
chromosome8	488888
chromosome8	489109
chromosome8	489238
chromosome8	489409
chromosome8	489556
chromosome8	489727
chromosome8	489925
chromosome8	490105
chromosome8	490302
chromosome8	490477
chromosome8	490683
chromosome8	490863
chromosome8	491030
chromosome8	491200
chromosome8	491355
chromosome8	491515
chromosome8	491678
chromosome8	491854
chromosome8	492002
chromosome8	492224
chromosome8	492398
chromosome8	492560
chromosome8	492752
chromosome8	493283
chromosome8	493498
chromosome8	493969
chromosome8	494183
chromosome8	494388
chromosome8	494540
chromosome8	494690
chromosome8	494966
chromosome8	495208
chromosome8	495386
chromosome8	495605
chromosome8	495773
chromosome8	495907
chromosome8	496067
chromosome8	496226
chromosome8	496450
chromosome8	496686
chromosome8	496887
chromosome8	497071
chromosome8	497216
chromosome8	497445
chromosome8	497763
chromosome8	497944
chromosome8	498099
chromosome8	498228
chromosome8	498365
chromosome8	498489
chromosome8	498659
chromosome8	498861
chromosome8	499044
chromosome8	499317
chromosome8	499460
chromosome8	499653
chromosome8	499919
chromosome8	500105
chromosome8	500289
chromosome8	500464
chromosome8	500672
chromosome8	500916
chromosome8	501102
chromosome8	501271
chromosome8	501384
chromosome8	501532
chromosome8	501700
chromosome8	501912
chromosome8	502023
chromosome8	502250
chromosome8	502414
chromosome8	502553
chromosome8	502711
chromosome8	502819
chromosome8	502940
chromosome8	503096
chromosome8	503353
chromosome8	503533
chromosome8	503702
chromosome8	503842
chromosome8	504073
chromosome8	504256
chromosome8	504813
chromosome8	505079
chromosome8	505336
chromosome8	505498
chromosome8	505695
chromosome8	505841
chromosome8	505954
chromosome8	506087
chromosome8	506232
chromosome8	506390
chromosome8	506566
chromosome8	506753
chromosome8	506948
chromosome8	507159
chromosome8	507327
chromosome8	507449
chromosome8	507617
chromosome8	507828
chromosome8	507963
chromosome8	508120
chromosome8	508340
chromosome8	508495
chromosome8	508671
chromosome8	509148
chromosome8	509332
chromosome8	509478
chromosome8	509682
chromosome8	509915
chromosome8	510049
chromosome8	510249
chromosome8	510445
chromosome8	510649
chromosome8	510910
chromosome8	511165
chromosome8	511439
chromosome8	511678
chromosome8	512336
chromosome8	512532
chromosome8	512682
chromosome8	512885
chromosome8	513035
chromosome8	513304
chromosome8	513448
chromosome8	513688
chromosome8	513925
chromosome8	514081
chromosome8	514263
chromosome8	514522
chromosome8	515025
chromosome8	515181
chromosome8	515365
chromosome8	515521
chromosome8	515661
chromosome8	515841
chromosome8	516037
chromosome8	516184
chromosome8	516384
chromosome8	516523
chromosome8	517546
chromosome8	517697
chromosome8	517846
chromosome8	518053
chromosome8	518200
chromosome8	518383
chromosome8	518597
chromosome8	519476
chromosome8	519610
chromosome8	519705
chromosome8	519804
chromosome8	519930
chromosome8	520115
chromosome8	520926
chromosome8	521029
chromosome8	521159
chromosome8	521304
chromosome8	521495
chromosome9	29644
chromosome9	29818
chromosome9	29944
chromosome9	31196
chromosome9	31376
chromosome9	31595
chromosome9	31817
chromosome9	31975
chromosome9	32253
chromosome9	32436
chromosome9	33752
chromosome9	33864
chromosome9	33981
chromosome9	34093
chromosome9	34178
chromosome9	34315
chromosome9	34420
chromosome9	34569
chromosome9	34674
chromosome9	34800
chromosome9	34918
chromosome9	36796
chromosome9	37428
chromosome9	37558
chromosome9	37689
chromosome9	37801
chromosome9	37960
chromosome9	38079
chromosome9	38184
chromosome9	38331
chromosome9	38458
chromosome9	38629
chromosome9	38726
chromosome9	38800
chromosome9	38932
chromosome9	39699
chromosome9	39807
chromosome9	39931
chromosome9	40284
chromosome9	40443
chromosome9	40563
chromosome9	40722
chromosome9	40839
chromosome9	40956
chromosome9	41120
chromosome9	41293
chromosome9	41386
chromosome9	41590
chromosome9	41717
chromosome9	41836
chromosome9	41968
chromosome9	42083
chromosome9	42214
chromosome9	42319
chromosome9	42452
chromosome9	42583
chromosome9	42694
chromosome9	42826
chromosome9	43048
chromosome9	44457
chromosome9	44638
chromosome9	45674
chromosome9	45856
chromosome9	45993
chromosome9	46189
chromosome9	46328
chromosome9	46474
chromosome9	46581
chromosome9	46743
chromosome9	47131
chromosome9	47328
chromosome9	47479
chromosome9	47606
chromosome9	47830
chromosome9	47995
chromosome9	48131
chromosome9	48295
chromosome9	48459
chromosome9	48585
chromosome9	48664
chromosome9	48782
chromosome9	48884
chromosome9	49038
chromosome9	49208
chromosome9	49468
chromosome9	49725
chromosome9	49856
chromosome9	50115
chromosome9	50352
chromosome9	50533
chromosome9	50682
chromosome9	50797
chromosome9	50909
chromosome9	51046
chromosome9	51227
chromosome9	51957
chromosome9	52116
chromosome9	52263
chromosome9	52433
chromosome9	52641
chromosome9	52802
chromosome9	52935
chromosome9	53094
chromosome9	53320
chromosome9	53657
chromosome9	53781
chromosome9	53914
chromosome9	54035
chromosome9	54187
chromosome9	54353
chromosome9	55001
chromosome9	55174
chromosome9	55355
chromosome9	55565
chromosome9	55821
chromosome9	56083
chromosome9	56274
chromosome9	56525
chromosome9	56728
chromosome9	56923
chromosome9	57072
chromosome9	57502
chromosome9	57714
chromosome9	57947
chromosome9	58214
chromosome9	58453
chromosome9	58655
chromosome9	58850
chromosome9	59027
chromosome9	59287
chromosome9	59558
chromosome9	59792
chromosome9	60080
chromosome9	60229
chromosome9	60410
chromosome9	60616
chromosome9	60815
chromosome9	61011
chromosome9	61246
chromosome9	61418
chromosome9	61582
chromosome9	61843
chromosome9	62099
chromosome9	62279
chromosome9	62452
chromosome9	62642
chromosome9	62814
chromosome9	62940
chromosome9	63156
chromosome9	63305
chromosome9	63481
chromosome9	63606
chromosome9	63793
chromosome9	63943
chromosome9	64137
chromosome9	64315
chromosome9	64467
chromosome9	64647
chromosome9	64848
chromosome9	65038
chromosome9	65210
chromosome9	65373
chromosome9	65511
chromosome9	65683
chromosome9	65811
chromosome9	65984
chromosome9	66200
chromosome9	66315
chromosome9	66487
chromosome9	66664
chromosome9	66794
chromosome9	67006
chromosome9	67165
chromosome9	67306
chromosome9	67580
chromosome9	67720
chromosome9	67849
chromosome9	68014
chromosome9	68175
chromosome9	68312
chromosome9	68414
chromosome9	68559
chromosome9	68739
chromosome9	68891
chromosome9	68998
chromosome9	69240
chromosome9	69756
chromosome9	69938
chromosome9	70224
chromosome9	70381
chromosome9	70505
chromosome9	70699
chromosome9	70949
chromosome9	71108
chromosome9	71295
chromosome9	71585
chromosome9	71894
chromosome9	72058
chromosome9	72224
chromosome9	72449
chromosome9	72663
chromosome9	72851
chromosome9	73022
chromosome9	73288
chromosome9	73478
chromosome9	73659
chromosome9	73841
chromosome9	74159
chromosome9	74314
chromosome9	74435
chromosome9	74592
chromosome9	74763
chromosome9	74963
chromosome9	75153
chromosome9	75384
chromosome9	75572
chromosome9	75731
chromosome9	76147
chromosome9	76303
chromosome9	76414
chromosome9	76590
chromosome9	76731
chromosome9	76930
chromosome9	77092
chromosome9	77225
chromosome9	77331
chromosome9	77437
chromosome9	77529
chromosome9	77619
chromosome9	77731
chromosome9	77858
chromosome9	78000
chromosome9	78119
chromosome9	78264
chromosome9	78451
chromosome9	78724
chromosome9	78883
chromosome9	79137
chromosome9	79297
chromosome9	79453
chromosome9	80696
chromosome9	81101
chromosome9	81482
chromosome9	81911
chromosome9	82124
chromosome9	82295
chromosome9	82652
chromosome9	82882
chromosome9	83022
chromosome9	83153
chromosome9	83321
chromosome9	83640
chromosome9	83959
chromosome9	84240
chromosome9	84402
chromosome9	84612
chromosome9	84902
chromosome9	85065
chromosome9	85201
chromosome9	85380
chromosome9	85546
chromosome9	85728
chromosome9	85935
chromosome9	86145
chromosome9	86333
chromosome9	86541
chromosome9	86713
chromosome9	86864
chromosome9	87039
chromosome9	87202
chromosome9	87351
chromosome9	87523
chromosome9	87668
chromosome9	88045
chromosome9	88231
chromosome9	88423
chromosome9	88729
chromosome9	88863
chromosome9	89104
chromosome9	89278
chromosome9	89468
chromosome9	89903
chromosome9	90064
chromosome9	90221
chromosome9	90365
chromosome9	90595
chromosome9	90786
chromosome9	90999
chromosome9	91167
chromosome9	91303
chromosome9	91457
chromosome9	91632
chromosome9	91793
chromosome9	91970
chromosome9	92128
chromosome9	92313
chromosome9	92514
chromosome9	92685
chromosome9	92870
chromosome9	93042
chromosome9	93200
chromosome9	93334
chromosome9	93434
chromosome9	93631
chromosome9	93776
chromosome9	93951
chromosome9	94146
chromosome9	94296
chromosome9	94524
chromosome9	94666
chromosome9	95219
chromosome9	95372
chromosome9	95541
chromosome9	95710
chromosome9	95944
chromosome9	96167
chromosome9	96333
chromosome9	96493
chromosome9	96656
chromosome9	96805
chromosome9	96871
chromosome9	97017
chromosome9	97379
chromosome9	97574
chromosome9	97724
chromosome9	97931
chromosome9	98129
chromosome9	98599
chromosome9	98850
chromosome9	99159
chromosome9	99332
chromosome9	99490
chromosome9	99603
chromosome9	99728
chromosome9	99824
chromosome9	99977
chromosome9	100189
chromosome9	100367
chromosome9	100802
chromosome9	100976
chromosome9	101269
chromosome9	101483
chromosome9	101683
chromosome9	101945
chromosome9	102127
chromosome9	102317
chromosome9	102468
chromosome9	102634
chromosome9	102814
chromosome9	103011
chromosome9	103152
chromosome9	103303
chromosome9	103474
chromosome9	103741
chromosome9	103980
chromosome9	104281
chromosome9	104492
chromosome9	104800
chromosome9	104967
chromosome9	106072
chromosome9	106335
chromosome9	106620
chromosome9	106957
chromosome9	107205
chromosome9	107510
chromosome9	107838
chromosome9	108071
chromosome9	108242
chromosome9	108489
chromosome9	108789
chromosome9	109016
chromosome9	109218
chromosome9	109496
chromosome9	109733
chromosome9	109998
chromosome9	110289
chromosome9	110519
chromosome9	110831
chromosome9	111111
chromosome9	111393
chromosome9	111655
chromosome9	111895
chromosome9	112122
chromosome9	112341
chromosome9	112509
chromosome9	112795
chromosome9	112947
chromosome9	113085
chromosome9	113322
chromosome9	113471
chromosome9	113564
chromosome9	113692
chromosome9	113871
chromosome9	114105
chromosome9	114302
chromosome9	114541
chromosome9	114739
chromosome9	114905
chromosome9	115128
chromosome9	115261
chromosome9	115895
chromosome9	116100
chromosome9	116329
chromosome9	116506
chromosome9	116697
chromosome9	116937
chromosome9	117127
chromosome9	117288
chromosome9	117527
chromosome9	117676
chromosome9	117842
chromosome9	118042
chromosome9	118207
chromosome9	118407
chromosome9	118606
chromosome9	118820
chromosome9	119107
chromosome9	119387
chromosome9	119815
chromosome9	120100
chromosome9	120383
chromosome9	120711
chromosome9	120985
chromosome9	121152
chromosome9	121375
chromosome9	121511
chromosome9	121667
chromosome9	121859
chromosome9	122059
chromosome9	122268
chromosome9	122433
chromosome9	122616
chromosome9	122781
chromosome9	123035
chromosome9	123266
chromosome9	123567
chromosome9	123900
chromosome9	124167
chromosome9	124494
chromosome9	124740
chromosome9	124995
chromosome9	125289
chromosome9	125492
chromosome9	126059
chromosome9	126240
chromosome9	126430
chromosome9	126608
chromosome9	126824
chromosome9	127056
chromosome9	127187
chromosome9	127360
chromosome9	127541
chromosome9	127914
chromosome9	128076
chromosome9	128288
chromosome9	128594
chromosome9	128957
chromosome9	129170
chromosome9	129446
chromosome9	129664
chromosome9	129826
chromosome9	130020
chromosome9	130165
chromosome9	130327
chromosome9	130450
chromosome9	130578
chromosome9	130712
chromosome9	130824
chromosome9	130965
chromosome9	131098
chromosome9	131227
chromosome9	131353
chromosome9	131500
chromosome9	131712
chromosome9	131897
chromosome9	132026
chromosome9	132181
chromosome9	132336
chromosome9	132466
chromosome9	132635
chromosome9	132771
chromosome9	132951
chromosome9	133099
chromosome9	133242
chromosome9	133404
chromosome9	133507
chromosome9	133683
chromosome9	134077
chromosome9	134433
chromosome9	134559
chromosome9	134719
chromosome9	134891
chromosome9	135050
chromosome9	135167
chromosome9	135323
chromosome9	135457
chromosome9	135646
chromosome9	135766
chromosome9	135955
chromosome9	136818
chromosome9	136960
chromosome9	137450
chromosome9	138581
chromosome9	138726
chromosome9	138876
chromosome9	139672
chromosome9	139823
chromosome9	140058
chromosome9	140360
chromosome9	140656
chromosome9	140823
chromosome9	141013
chromosome9	141156
chromosome9	141332
chromosome9	141464
chromosome9	141624
chromosome9	141933
chromosome9	142089
chromosome9	142259
chromosome9	142360
chromosome9	142499
chromosome9	142623
chromosome9	142764
chromosome9	142873
chromosome9	143047
chromosome9	143241
chromosome9	143425
chromosome9	143620
chromosome9	143800
chromosome9	143995
chromosome9	144395
chromosome9	144557
chromosome9	144747
chromosome9	144890
chromosome9	145070
chromosome9	145248
chromosome9	145414
chromosome9	145590
chromosome9	145725
chromosome9	145840
chromosome9	145979
chromosome9	146193
chromosome9	146336
chromosome9	146465
chromosome9	146663
chromosome9	146780
chromosome9	147380
chromosome9	147550
chromosome9	147732
chromosome9	147968
chromosome9	148149
chromosome9	148268
chromosome9	148379
chromosome9	148535
chromosome9	148808
chromosome9	148985
chromosome9	149346
chromosome9	149502
chromosome9	149650
chromosome9	149787
chromosome9	149941
chromosome9	150064
chromosome9	150197
chromosome9	150332
chromosome9	150513
chromosome9	150671
chromosome9	150813
chromosome9	150979
chromosome9	151212
chromosome9	151367
chromosome9	151476
chromosome9	151658
chromosome9	151791
chromosome9	151918
chromosome9	152098
chromosome9	152251
chromosome9	152467
chromosome9	152694
chromosome9	152947
chromosome9	153048
chromosome9	153292
chromosome9	153542
chromosome9	153779
chromosome9	153968
chromosome9	154213
chromosome9	154390
chromosome9	154525
chromosome9	154739
chromosome9	154886
chromosome9	155292
chromosome9	155475
chromosome9	155651
chromosome9	155998
chromosome9	156187
chromosome9	156398
chromosome9	156600
chromosome9	156836
chromosome9	157022
chromosome9	157565
chromosome9	157817
chromosome9	158060
chromosome9	158340
chromosome9	158621
chromosome9	158894
chromosome9	159071
chromosome9	159275
chromosome9	159545
chromosome9	159737
chromosome9	159922
chromosome9	160067
chromosome9	160243
chromosome9	160458
chromosome9	160610
chromosome9	160709
chromosome9	161061
chromosome9	161264
chromosome9	161538
chromosome9	161752
chromosome9	161934
chromosome9	162155
chromosome9	162358
chromosome9	162573
chromosome9	162747
chromosome9	163478
chromosome9	163670
chromosome9	163955
chromosome9	164231
chromosome9	164484
chromosome9	164728
chromosome9	164991
chromosome9	165309
chromosome9	165449
chromosome9	165717
chromosome9	166122
chromosome9	166200
chromosome9	166508
chromosome9	166690
chromosome9	166973
chromosome9	167216
chromosome9	167716
chromosome9	167993
chromosome9	168223
chromosome9	168449
chromosome9	168680
chromosome9	168905
chromosome9	169175
chromosome9	169351
chromosome9	169597
chromosome9	169933
chromosome9	170134
chromosome9	170335
chromosome9	170515
chromosome9	170741
chromosome9	170908
chromosome9	171124
chromosome9	171318
chromosome9	171686
chromosome9	171831
chromosome9	172018
chromosome9	172249
chromosome9	172539
chromosome9	172869
chromosome9	173079
chromosome9	173356
chromosome9	173598
chromosome9	173732
chromosome9	173842
chromosome9	173967
chromosome9	174129
chromosome9	174297
chromosome9	174408
chromosome9	174549
chromosome9	174676
chromosome9	174803
chromosome9	175081
chromosome9	175512
chromosome9	175676
chromosome9	175832
chromosome9	176067
chromosome9	176285
chromosome9	176446
chromosome9	176633
chromosome9	176828
chromosome9	176954
chromosome9	177149
chromosome9	177332
chromosome9	177752
chromosome9	177921
chromosome9	178094
chromosome9	178223
chromosome9	178351
chromosome9	178519
chromosome9	178690
chromosome9	178841
chromosome9	178994
chromosome9	179153
chromosome9	179338
chromosome9	179518
chromosome9	179903
chromosome9	180099
chromosome9	180233
chromosome9	180375
chromosome9	180588
chromosome9	180713
chromosome9	180891
chromosome9	181055
chromosome9	181245
chromosome9	181417
chromosome9	181638
chromosome9	181818
chromosome9	182123
chromosome9	182348
chromosome9	182946
chromosome9	183681
chromosome9	183870
chromosome9	184048
chromosome9	184299
chromosome9	184509
chromosome9	184764
chromosome9	184948
chromosome9	185055
chromosome9	185236
chromosome9	185434
chromosome9	185610
chromosome9	185758
chromosome9	185925
chromosome9	186126
chromosome9	186314
chromosome9	186691
chromosome9	186987
chromosome9	187232
chromosome9	187546
chromosome9	188089
chromosome9	188297
chromosome9	188516
chromosome9	188737
chromosome9	189020
chromosome9	189114
chromosome9	189239
chromosome9	189369
chromosome9	189557
chromosome9	189809
chromosome9	190020
chromosome9	190142
chromosome9	190246
chromosome9	190372
chromosome9	190483
chromosome9	190591
chromosome9	190745
chromosome9	190858
chromosome9	191021
chromosome9	191213
chromosome9	191377
chromosome9	191555
chromosome9	191750
chromosome9	192043
chromosome9	192212
chromosome9	192433
chromosome9	192662
chromosome9	192857
chromosome9	193080
chromosome9	193252
chromosome9	193434
chromosome9	193574
chromosome9	193804
chromosome9	193996
chromosome9	194299
chromosome9	194575
chromosome9	194797
chromosome9	195040
chromosome9	195219
chromosome9	195678
chromosome9	195832
chromosome9	196023
chromosome9	196203
chromosome9	196319
chromosome9	196444
chromosome9	197910
chromosome9	198072
chromosome9	198291
chromosome9	198477
chromosome9	198675
chromosome9	198909
chromosome9	199133
chromosome9	199368
chromosome9	199507
chromosome9	199720
chromosome9	199951
chromosome9	200140
chromosome9	200489
chromosome9	200739
chromosome9	201000
chromosome9	201172
chromosome9	201504
chromosome9	201695
chromosome9	201922
chromosome9	202110
chromosome9	202348
chromosome9	202590
chromosome9	202765
chromosome9	202980
chromosome9	203590
chromosome9	203936
chromosome9	204260
chromosome9	204517
chromosome9	204703
chromosome9	210689
chromosome9	210977
chromosome9	211097
chromosome9	211230
chromosome9	211451
chromosome9	211751
chromosome9	211973
chromosome9	212129
chromosome9	212335
chromosome9	212543
chromosome9	212752
chromosome9	213064
chromosome9	213384
chromosome9	213758
chromosome9	214214
chromosome9	214470
chromosome9	214960
chromosome9	215064
chromosome9	215249
chromosome9	215432
chromosome9	215593
chromosome9	215786
chromosome9	215997
chromosome9	216169
chromosome9	216313
chromosome9	216450
chromosome9	216636
chromosome9	216847
chromosome9	217073
chromosome9	217355
chromosome9	217825
chromosome9	218032
chromosome9	218274
chromosome9	218574
chromosome9	218808
chromosome9	219042
chromosome9	219276
chromosome9	219481
chromosome9	219742
chromosome9	219953
chromosome9	220200
chromosome9	220483
chromosome9	220778
chromosome9	220952
chromosome9	221277
chromosome9	221549
chromosome9	221795
chromosome9	222089
chromosome9	222382
chromosome9	222580
chromosome9	222728
chromosome9	222879
chromosome9	223057
chromosome9	223260
chromosome9	223372
chromosome9	223587
chromosome9	223785
chromosome9	224029
chromosome9	224227
chromosome9	224530
chromosome9	224827
chromosome9	225346
chromosome9	225582
chromosome9	226087
chromosome9	226208
chromosome9	226664
chromosome9	226853
chromosome9	227051
chromosome9	227278
chromosome9	227470
chromosome9	227664
chromosome9	227925
chromosome9	228137
chromosome9	228312
chromosome9	228602
chromosome9	228761
chromosome9	228912
chromosome9	229456
chromosome9	229665
chromosome9	229871
chromosome9	230320
chromosome9	230572
chromosome9	230824
chromosome9	231010
chromosome9	231575
chromosome9	232004
chromosome9	232155
chromosome9	232298
chromosome9	232419
chromosome9	232554
chromosome9	232673
chromosome9	232806
chromosome9	232943
chromosome9	233278
chromosome9	233423
chromosome9	233561
chromosome9	233714
chromosome9	233940
chromosome9	234136
chromosome9	234317
chromosome9	234454
chromosome9	234845
chromosome9	235065
chromosome9	235285
chromosome9	235492
chromosome9	235661
chromosome9	235847
chromosome9	236004
chromosome9	236175
chromosome9	236359
chromosome9	236549
chromosome9	236768
chromosome9	236972
chromosome9	237193
chromosome9	237398
chromosome9	237566
chromosome9	237752
chromosome9	237874
chromosome9	238183
chromosome9	238326
chromosome9	238570
chromosome9	238858
chromosome9	239162
chromosome9	239434
chromosome9	239653
chromosome9	240013
chromosome9	240221
chromosome9	240511
chromosome9	240726
chromosome9	241380
chromosome9	241624
chromosome9	241853
chromosome9	242005
chromosome9	242249
chromosome9	242428
chromosome9	242601
chromosome9	242857
chromosome9	243124
chromosome9	243332
chromosome9	243485
chromosome9	243641
chromosome9	243803
chromosome9	244111
chromosome9	244286
chromosome9	244455
chromosome9	244606
chromosome9	244756
chromosome9	244899
chromosome9	245128
chromosome9	245350
chromosome9	245529
chromosome9	247808
chromosome9	248052
chromosome9	248315
chromosome9	248501
chromosome9	248637
chromosome9	248756
chromosome9	249157
chromosome9	249281
chromosome9	249448
chromosome9	249757
chromosome9	250011
chromosome9	250317
chromosome9	250470
chromosome9	250585
chromosome9	250695
chromosome9	250950
chromosome9	251159
chromosome9	251318
chromosome9	251549
chromosome9	251709
chromosome9	251837
chromosome9	252087
chromosome9	252235
chromosome9	252386
chromosome9	252517
chromosome9	252688
chromosome9	252862
chromosome9	252992
chromosome9	253161
chromosome9	253291
chromosome9	253439
chromosome9	253572
chromosome9	253780
chromosome9	253930
chromosome9	254198
chromosome9	254317
chromosome9	254413
chromosome9	254577
chromosome9	254763
chromosome9	255139
chromosome9	255402
chromosome9	255681
chromosome9	256355
chromosome9	256600
chromosome9	256732
chromosome9	256842
chromosome9	257081
chromosome9	257220
chromosome9	257402
chromosome9	257737
chromosome9	257887
chromosome9	258089
chromosome9	258263
chromosome9	258415
chromosome9	258554
chromosome9	258663
chromosome9	258838
chromosome9	258928
chromosome9	259026
chromosome9	259149
chromosome9	259264
chromosome9	259368
chromosome9	259505
chromosome9	259668
chromosome9	260214
chromosome9	260311
chromosome9	260433
chromosome9	260620
chromosome9	260772
chromosome9	260908
chromosome9	261114
chromosome9	261251
chromosome9	261362
chromosome9	261509
chromosome9	261685
chromosome9	261860
chromosome9	262060
chromosome9	262332
chromosome9	262549
chromosome9	262708
chromosome9	262885
chromosome9	263115
chromosome9	263383
chromosome9	263637
chromosome9	263831
chromosome9	264091
chromosome9	264361
chromosome9	264623
chromosome9	264836
chromosome9	265299
chromosome9	265556
chromosome9	265768
chromosome9	265974
chromosome9	266135
chromosome9	266258
chromosome9	266519
chromosome9	266641
chromosome9	266803
chromosome9	266981
chromosome9	267161
chromosome9	267298
chromosome9	267451
chromosome9	267596
chromosome9	267764
chromosome9	268100
chromosome9	268234
chromosome9	268499
chromosome9	268611
chromosome9	268765
chromosome9	268950
chromosome9	269113
chromosome9	269295
chromosome9	269444
chromosome9	269618
chromosome9	269814
chromosome9	269985
chromosome9	270137
chromosome9	270256
chromosome9	270566
chromosome9	270784
chromosome9	271247
chromosome9	271373
chromosome9	271526
chromosome9	271684
chromosome9	271897
chromosome9	272054
chromosome9	272233
chromosome9	272372
chromosome9	272597
chromosome9	273085
chromosome9	273250
chromosome9	273411
chromosome9	273546
chromosome9	273808
chromosome9	274224
chromosome9	274410
chromosome9	274597
chromosome9	274830
chromosome9	275016
chromosome9	275215
chromosome9	275396
chromosome9	275576
chromosome9	275767
chromosome9	275966
chromosome9	276122
chromosome9	276304
chromosome9	276435
chromosome9	276619
chromosome9	276815
chromosome9	276989
chromosome9	277286
chromosome9	277452
chromosome9	277750
chromosome9	278008
chromosome9	278243
chromosome9	278424
chromosome9	278611
chromosome9	278873
chromosome9	279062
chromosome9	279306
chromosome9	279514
chromosome9	279808
chromosome9	280365
chromosome9	280643
chromosome9	280880
chromosome9	281043
chromosome9	281219
chromosome9	281420
chromosome9	281674
chromosome9	281795
chromosome9	282035
chromosome9	282242
chromosome9	282557
chromosome9	282896
chromosome9	283112
chromosome9	283269
chromosome9	283386
chromosome9	283501
chromosome9	283642
chromosome9	283924
chromosome9	284063
chromosome9	284189
chromosome9	284373
chromosome9	284568
chromosome9	284708
chromosome9	284928
chromosome9	285075
chromosome9	285276
chromosome9	285457
chromosome9	285587
chromosome9	285770
chromosome9	285903
chromosome9	286032
chromosome9	286186
chromosome9	286312
chromosome9	286547
chromosome9	286730
chromosome9	286897
chromosome9	287277
chromosome9	287403
chromosome9	287964
chromosome9	288261
chromosome9	288516
chromosome9	288727
chromosome9	288974
chromosome9	289132
chromosome9	289300
chromosome9	289557
chromosome9	289749
chromosome9	289943
chromosome9	290374
chromosome9	290605
chromosome9	290901
chromosome9	291088
chromosome9	291345
chromosome9	291497
chromosome9	291678
chromosome9	291918
chromosome9	292265
chromosome9	292404
chromosome9	292571
chromosome9	292710
chromosome9	292895
chromosome9	293045
chromosome9	293227
chromosome9	293397
chromosome9	293580
chromosome9	293782
chromosome9	294869
chromosome9	295004
chromosome9	295218
chromosome9	295343
chromosome9	295551
chromosome9	296107
chromosome9	296299
chromosome9	296527
chromosome9	296757
chromosome9	296954
chromosome9	297138
chromosome9	297438
chromosome9	297681
chromosome9	297977
chromosome9	298140
chromosome9	298323
chromosome9	298512
chromosome9	298673
chromosome9	298837
chromosome9	299005
chromosome9	299152
chromosome9	299487
chromosome9	299727
chromosome9	299930
chromosome9	300101
chromosome9	301481
chromosome9	301692
chromosome9	301803
chromosome9	301934
chromosome9	302080
chromosome9	302272
chromosome9	302445
chromosome9	302572
chromosome9	302702
chromosome9	302862
chromosome9	303016
chromosome9	303132
chromosome9	303276
chromosome9	303390
chromosome9	303503
chromosome9	303859
chromosome9	304055
chromosome9	304236
chromosome9	304495
chromosome9	304670
chromosome9	304824
chromosome9	304998
chromosome9	305151
chromosome9	305395
chromosome9	305797
chromosome9	306015
chromosome9	306238
chromosome9	306506
chromosome9	306678
chromosome9	306929
chromosome9	307167
chromosome9	307390
chromosome9	307624
chromosome9	307842
chromosome9	308018
chromosome9	308181
chromosome9	308333
chromosome9	308437
chromosome9	308767
chromosome9	308904
chromosome9	309083
chromosome9	309245
chromosome9	309445
chromosome9	309591
chromosome9	309817
chromosome9	309965
chromosome9	310183
chromosome9	310367
chromosome9	310952
chromosome9	311139
chromosome9	311288
chromosome9	311549
chromosome9	311729
chromosome9	311961
chromosome9	312206
chromosome9	312526
chromosome9	312752
chromosome9	312886
chromosome9	313212
chromosome9	313465
chromosome9	313716
chromosome9	314110
chromosome9	314377
chromosome9	314634
chromosome9	314855
chromosome9	315065
chromosome9	315215
chromosome9	315367
chromosome9	315545
chromosome9	315731
chromosome9	315969
chromosome9	316150
chromosome9	316381
chromosome9	316497
chromosome9	316661
chromosome9	316885
chromosome9	317011
chromosome9	317163
chromosome9	317461
chromosome9	318239
chromosome9	318436
chromosome9	318577
chromosome9	318756
chromosome9	318989
chromosome9	319254
chromosome9	319460
chromosome9	319670
chromosome9	319866
chromosome9	320091
chromosome9	320263
chromosome9	320435
chromosome9	320595
chromosome9	320753
chromosome9	320919
chromosome9	321066
chromosome9	321211
chromosome9	321344
chromosome9	321468
chromosome9	321686
chromosome9	321902
chromosome9	322069
chromosome9	322215
chromosome9	322363
chromosome9	322506
chromosome9	322689
chromosome9	322887
chromosome9	323062
chromosome9	323242
chromosome9	323432
chromosome9	323595
chromosome9	323754
chromosome9	323871
chromosome9	323996
chromosome9	325978
chromosome9	326147
chromosome9	326288
chromosome9	326399
chromosome9	326519
chromosome9	326663
chromosome9	326797
chromosome9	326955
chromosome9	327095
chromosome9	327265
chromosome9	327447
chromosome9	327614
chromosome9	327773
chromosome9	327923
chromosome9	328265
chromosome9	328462
chromosome9	328627
chromosome9	328821
chromosome9	329051
chromosome9	329253
chromosome9	329397
chromosome9	329523
chromosome9	329707
chromosome9	329893
chromosome9	330046
chromosome9	330277
chromosome9	330401
chromosome9	330565
chromosome9	330733
chromosome9	330946
chromosome9	331105
chromosome9	331285
chromosome9	331462
chromosome9	331651
chromosome9	331843
chromosome9	332005
chromosome9	332200
chromosome9	332350
chromosome9	332553
chromosome9	332690
chromosome9	332825
chromosome9	332923
chromosome9	333068
chromosome9	333214
chromosome9	333371
chromosome9	333513
chromosome9	333667
chromosome9	333819
chromosome9	334012
chromosome9	334822
chromosome9	334968
chromosome9	335082
chromosome9	335242
chromosome9	335402
chromosome9	335518
chromosome9	335695
chromosome9	335812
chromosome9	336042
chromosome9	336190
chromosome9	336318
chromosome9	337045
chromosome9	337164
chromosome9	337295
chromosome9	337395
chromosome9	337498
chromosome9	337621
chromosome9	337774
chromosome9	337915
chromosome9	338081
chromosome9	338203
chromosome9	338554
chromosome9	338710
chromosome9	338951
chromosome9	339496
chromosome9	339712
chromosome9	339900
chromosome9	340105
chromosome9	340355
chromosome9	340534
chromosome9	340765
chromosome9	340986
chromosome9	341200
chromosome9	341393
chromosome9	341769
chromosome9	341889
chromosome9	342415
chromosome9	342568
chromosome9	342848
chromosome9	343128
chromosome9	343301
chromosome9	343441
chromosome9	343644
chromosome9	343836
chromosome9	344022
chromosome9	344201
chromosome9	344394
chromosome9	344679
chromosome9	344889
chromosome9	345189
chromosome9	345524
chromosome9	345657
chromosome9	345841
chromosome9	346107
chromosome9	346297
chromosome9	346499
chromosome9	346705
chromosome9	346891
chromosome9	347098
chromosome9	347606
chromosome9	348071
chromosome9	348306
chromosome9	348480
chromosome9	348652
chromosome9	348790
chromosome9	348948
chromosome9	349104
chromosome9	349268
chromosome9	349466
chromosome9	349791
chromosome9	349967
chromosome9	350262
chromosome9	350758
chromosome9	350954
chromosome9	351203
chromosome9	351462
chromosome9	351682
chromosome9	351941
chromosome9	352201
chromosome9	352390
chromosome9	352669
chromosome9	352905
chromosome9	353200
chromosome9	353449
chromosome9	353580
chromosome9	353759
chromosome9	354023
chromosome9	354287
chromosome9	354498
chromosome9	354710
chromosome9	354902
chromosome9	355107
chromosome9	355273
chromosome9	355461
chromosome9	356250
chromosome9	356469
chromosome9	356668
chromosome9	356865
chromosome9	357095
chromosome9	357405
chromosome9	357617
chromosome9	357778
chromosome9	357897
chromosome9	358010
chromosome9	358169
chromosome9	358341
chromosome9	358600
chromosome9	358862
chromosome9	359104
chromosome9	359532
chromosome9	359732
chromosome9	359986
chromosome9	360274
chromosome9	360444
chromosome9	360594
chromosome9	360734
chromosome9	360888
chromosome9	361093
chromosome9	361268
chromosome9	361387
chromosome9	361497
chromosome9	361656
chromosome9	361818
chromosome9	361976
chromosome9	362146
chromosome9	362283
chromosome9	362428
chromosome9	362775
chromosome9	363255
chromosome9	363574
chromosome9	363739
chromosome9	363995
chromosome9	364221
chromosome9	364935
chromosome9	365546
chromosome9	365709
chromosome9	365882
chromosome9	366004
chromosome9	366232
chromosome9	366389
chromosome9	366780
chromosome9	366976
chromosome9	367207
chromosome9	367467
chromosome9	367633
chromosome9	367853
chromosome9	368061
chromosome9	368343
chromosome9	368616
chromosome9	368783
chromosome9	368998
chromosome9	369222
chromosome9	369403
chromosome9	369539
chromosome9	369686
chromosome9	369969
chromosome9	370719
chromosome9	370907
chromosome9	371079
chromosome9	371244
chromosome9	371393
chromosome9	371580
chromosome9	371773
chromosome9	371897
chromosome9	372035
chromosome9	372214
chromosome9	372461
chromosome9	372605
chromosome9	372816
chromosome9	373103
chromosome9	373335
chromosome9	373642
chromosome9	373844
chromosome9	374136
chromosome9	374331
chromosome9	374560
chromosome9	374756
chromosome9	374904
chromosome9	375027
chromosome9	375214
chromosome9	375430
chromosome9	375610
chromosome9	375928
chromosome9	376141
chromosome9	376375
chromosome9	376549
chromosome9	376776
chromosome9	376959
chromosome9	377290
chromosome9	377412
chromosome9	377570
chromosome9	377780
chromosome9	377917
chromosome9	378094
chromosome9	378223
chromosome9	378350
chromosome9	378465
chromosome9	378627
chromosome9	378836
chromosome9	378989
chromosome9	379161
chromosome9	379324
chromosome9	379485
chromosome9	379600
chromosome9	379752
chromosome9	380091
chromosome9	380253
chromosome9	380328
chromosome9	380475
chromosome9	380607
chromosome9	380786
chromosome9	381064
chromosome9	381201
chromosome9	381337
chromosome9	381472
chromosome9	381602
chromosome9	381718
chromosome9	381822
chromosome9	382005
chromosome9	382146
chromosome9	382289
chromosome9	382381
chromosome9	382578
chromosome9	382690
chromosome9	382807
chromosome9	383065
chromosome9	383162
chromosome9	383292
chromosome9	383533
chromosome9	383657
chromosome9	383839
chromosome9	383973
chromosome9	384110
chromosome9	384216
chromosome9	384437
chromosome9	384565
chromosome9	384719
chromosome9	384879
chromosome9	384983
chromosome9	385079
chromosome9	385170
chromosome9	385260
chromosome9	385382
chromosome9	385507
chromosome9	385892
chromosome9	386030
chromosome9	386156
chromosome9	386280
chromosome9	386386
chromosome9	386466
chromosome9	387420
chromosome9	388562
chromosome9	388696
chromosome9	388823
chromosome9	389573
chromosome9	389686
chromosome9	389824
chromosome9	390401
chromosome9	393532
chromosome9	393656
chromosome9	393739
chromosome9	393854
chromosome9	393946
chromosome9	394037
chromosome9	394152
chromosome9	394256
chromosome9	394358
chromosome9	394445
chromosome9	395025
chromosome9	395146
chromosome9	395256
chromosome9	395354
chromosome9	395468
chromosome9	395664
chromosome9	395836
chromosome9	395969
chromosome9	396076
chromosome9	396188
chromosome9	396272
chromosome9	396377
chromosome9	396585
chromosome9	396692
chromosome9	396834
chromosome9	396918
chromosome9	397278
chromosome9	397447
chromosome9	397581
chromosome9	397763
chromosome9	397914
chromosome9	398100
chromosome9	398262
chromosome9	398431
chromosome9	398538
chromosome9	398687
chromosome9	398965
chromosome9	399221
chromosome9	399371
chromosome9	399469
chromosome9	399566
chromosome9	399714
chromosome9	399883
chromosome9	400197
chromosome9	400354
chromosome9	400608
chromosome9	400794
chromosome9	401047
chromosome9	401267
chromosome9	401541
chromosome9	401713
chromosome9	401932
chromosome9	402095
chromosome9	402258
chromosome9	402393
chromosome9	402537
chromosome9	402771
chromosome9	402970
chromosome9	403137
chromosome9	403304
chromosome9	403476
chromosome9	403629
chromosome9	403792
chromosome9	403950
chromosome9	404211
chromosome9	404362
chromosome9	404511
chromosome9	404649
chromosome9	404816
chromosome9	405033
chromosome9	405248
chromosome9	405439
chromosome9	405656
chromosome9	405848
chromosome9	406301
chromosome9	406457
chromosome9	406629
chromosome9	406841
chromosome9	406998
chromosome9	407143
chromosome9	407289
chromosome9	407496
chromosome9	407647
chromosome9	407840
chromosome9	407976
chromosome9	408151
chromosome9	408263
chromosome9	408448
chromosome9	408647
chromosome9	408878
chromosome9	409115
chromosome9	409313
chromosome9	409514
chromosome9	409802
chromosome9	410027
chromosome9	410264
chromosome9	410401
chromosome9	410528
chromosome9	410692
chromosome9	410834
chromosome9	411058
chromosome9	411254
chromosome9	411475
chromosome9	411684
chromosome9	412111
chromosome9	412291
chromosome9	412560
chromosome9	412703
chromosome9	412806
chromosome9	412942
chromosome9	413084
chromosome9	413237
chromosome9	413490
chromosome9	413737
chromosome9	413926
chromosome9	414145
chromosome9	414358
chromosome9	414518
chromosome9	414726
chromosome9	414914
chromosome9	415106
chromosome9	415258
chromosome9	415423
chromosome9	415580
chromosome9	415711
chromosome9	415825
chromosome9	415938
chromosome9	416105
chromosome9	416295
chromosome9	416492
chromosome9	416624
chromosome9	416862
chromosome9	417094
chromosome9	417230
chromosome9	417389
chromosome9	417554
chromosome9	417710
chromosome9	417887
chromosome9	418088
chromosome9	418242
chromosome9	418445
chromosome9	418595
chromosome9	418795
chromosome9	418983
chromosome9	419215
chromosome9	419606
chromosome9	419811
chromosome9	420044
chromosome9	420306
chromosome9	420614
chromosome9	420813
chromosome9	420995
chromosome9	421206
chromosome9	421416
chromosome9	421575
chromosome9	421813
chromosome9	421932
chromosome9	422122
chromosome9	422293
chromosome9	422492
chromosome9	422662
chromosome9	422818
chromosome9	423026
chromosome9	423163
chromosome9	423388
chromosome9	423577
chromosome9	423731
chromosome9	423856
chromosome9	424054
chromosome9	424261
chromosome9	424456
chromosome9	424591
chromosome9	424725
chromosome9	424827
chromosome9	425362
chromosome9	425507
chromosome9	425602
chromosome9	425703
chromosome9	425807
chromosome9	425911
chromosome9	426018
chromosome9	426137
chromosome9	426239
chromosome9	426345
chromosome9	426465
chromosome9	426589
chromosome9	426764
chromosome9	426861
chromosome9	426985
chromosome9	427088
chromosome9	427479
chromosome9	427605
chromosome9	427726
chromosome9	427915
chromosome9	428040
chromosome9	428225
chromosome9	428350
chromosome9	428548
chromosome9	428722
chromosome9	428912
chromosome9	429482
chromosome9	429603
chromosome9	430087
chromosome9	430232
chromosome9	430326
chromosome9	430522
chromosome9	430715
chromosome9	430892
chromosome9	431131
chromosome9	431531
chromosome9	431746
chromosome10	32729
chromosome10	32853
chromosome10	32984
chromosome10	33149
chromosome10	34088
chromosome10	34222
chromosome10	34417
chromosome10	34533
chromosome10	34708
chromosome10	34894
chromosome10	35059
chromosome10	35215
chromosome10	35377
chromosome10	35563
chromosome10	35716
chromosome10	35857
chromosome10	35973
chromosome10	36097
chromosome10	36207
chromosome10	36565
chromosome10	36713
chromosome10	36813
chromosome10	36948
chromosome10	37063
chromosome10	37204
chromosome10	37324
chromosome10	37458
chromosome10	37577
chromosome10	37715
chromosome10	38060
chromosome10	38148
chromosome10	38277
chromosome10	38419
chromosome10	38535
chromosome10	38677
chromosome10	38793
chromosome10	39024
chromosome10	39210
chromosome10	39417
chromosome10	39535
chromosome10	39695
chromosome10	40254
chromosome10	40542
chromosome10	40827
chromosome10	41070
chromosome10	41372
chromosome10	41554
chromosome10	41926
chromosome10	42175
chromosome10	42463
chromosome10	42711
chromosome10	42934
chromosome10	43108
chromosome10	43266
chromosome10	43471
chromosome10	44125
chromosome10	44356
chromosome10	44566
chromosome10	44739
chromosome10	44944
chromosome10	45164
chromosome10	45424
chromosome10	45852
chromosome10	46045
chromosome10	46234
chromosome10	46591
chromosome10	47128
chromosome10	47425
chromosome10	47814
chromosome10	48011
chromosome10	48205
chromosome10	48517
chromosome10	48742
chromosome10	48952
chromosome10	49245
chromosome10	49427
chromosome10	49575
chromosome10	49747
chromosome10	49907
chromosome10	50067
chromosome10	50255
chromosome10	50541
chromosome10	50945
chromosome10	51847
chromosome10	52033
chromosome10	53091
chromosome10	53266
chromosome10	53473
chromosome10	53643
chromosome10	53817
chromosome10	53966
chromosome10	54159
chromosome10	54298
chromosome10	54537
chromosome10	54903
chromosome10	55122
chromosome10	55299
chromosome10	55514
chromosome10	55672
chromosome10	55859
chromosome10	56177
chromosome10	56675
chromosome10	57000
chromosome10	57245
chromosome10	57554
chromosome10	57794
chromosome10	58028
chromosome10	58294
chromosome10	58573
chromosome10	58818
chromosome10	59789
chromosome10	59929
chromosome10	60084
chromosome10	60210
chromosome10	60338
chromosome10	60473
chromosome10	60808
chromosome10	60998
chromosome10	61152
chromosome10	61295
chromosome10	61490
chromosome10	61722
chromosome10	61926
chromosome10	62085
chromosome10	62280
chromosome10	62527
chromosome10	62749
chromosome10	62977
chromosome10	63312
chromosome10	63549
chromosome10	63658
chromosome10	63874
chromosome10	64056
chromosome10	64229
chromosome10	64482
chromosome10	64662
chromosome10	64798
chromosome10	65045
chromosome10	65254
chromosome10	65464
chromosome10	65636
chromosome10	65893
chromosome10	66063
chromosome10	66256
chromosome10	66392
chromosome10	66541
chromosome10	66711
chromosome10	66933
chromosome10	67174
chromosome10	67361
chromosome10	67528
chromosome10	67943
chromosome10	68207
chromosome10	68438
chromosome10	68609
chromosome10	68811
chromosome10	68979
chromosome10	69141
chromosome10	69323
chromosome10	69562
chromosome10	69743
chromosome10	69941
chromosome10	70135
chromosome10	70369
chromosome10	70549
chromosome10	70768
chromosome10	71174
chromosome10	71427
chromosome10	71641
chromosome10	71812
chromosome10	72055
chromosome10	72215
chromosome10	72443
chromosome10	72744
chromosome10	72941
chromosome10	73115
chromosome10	73309
chromosome10	73473
chromosome10	73585
chromosome10	73675
chromosome10	73768
chromosome10	73924
chromosome10	74033
chromosome10	74165
chromosome10	74458
chromosome10	74880
chromosome10	75135
chromosome10	75404
chromosome10	75742
chromosome10	75880
chromosome10	76008
chromosome10	76108
chromosome10	76188
chromosome10	76305
chromosome10	76890
chromosome10	77110
chromosome10	77372
chromosome10	77610
chromosome10	77912
chromosome10	78085
chromosome10	78239
chromosome10	78417
chromosome10	78598
chromosome10	78814
chromosome10	79026
chromosome10	79202
chromosome10	79366
chromosome10	79506
chromosome10	79679
chromosome10	79831
chromosome10	80106
chromosome10	80245
chromosome10	80358
chromosome10	80495
chromosome10	80686
chromosome10	80859
chromosome10	81068
chromosome10	81279
chromosome10	81470
chromosome10	81690
chromosome10	81877
chromosome10	82162
chromosome10	82325
chromosome10	82505
chromosome10	82640
chromosome10	82795
chromosome10	82937
chromosome10	83084
chromosome10	83203
chromosome10	83346
chromosome10	83492
chromosome10	83684
chromosome10	83849
chromosome10	83985
chromosome10	84124
chromosome10	84315
chromosome10	84521
chromosome10	84857
chromosome10	85091
chromosome10	85475
chromosome10	85761
chromosome10	85948
chromosome10	86079
chromosome10	86191
chromosome10	86352
chromosome10	86468
chromosome10	86592
chromosome10	86682
chromosome10	86796
chromosome10	86955
chromosome10	87138
chromosome10	87320
chromosome10	87614
chromosome10	87793
chromosome10	87976
chromosome10	88180
chromosome10	88342
chromosome10	88546
chromosome10	88812
chromosome10	89345
chromosome10	89540
chromosome10	89753
chromosome10	89979
chromosome10	90153
chromosome10	90316
chromosome10	90494
chromosome10	90664
chromosome10	90775
chromosome10	91051
chromosome10	92163
chromosome10	92354
chromosome10	92603
chromosome10	92891
chromosome10	93051
chromosome10	93232
chromosome10	93547
chromosome10	93702
chromosome10	93809
chromosome10	93960
chromosome10	94142
chromosome10	94304
chromosome10	94448
chromosome10	94589
chromosome10	94741
chromosome10	94925
chromosome10	95065
chromosome10	95183
chromosome10	95314
chromosome10	95424
chromosome10	95553
chromosome10	95748
chromosome10	95974
chromosome10	96359
chromosome10	96562
chromosome10	96723
chromosome10	96916
chromosome10	97024
chromosome10	97212
chromosome10	97378
chromosome10	97550
chromosome10	97724
chromosome10	97893
chromosome10	98087
chromosome10	98285
chromosome10	98504
chromosome10	98747
chromosome10	98936
chromosome10	99097
chromosome10	99255
chromosome10	99794
chromosome10	99943
chromosome10	100158
chromosome10	100346
chromosome10	100514
chromosome10	100694
chromosome10	100887
chromosome10	101089
chromosome10	101234
chromosome10	101347
chromosome10	101490
chromosome10	101653
chromosome10	101770
chromosome10	101880
chromosome10	102043
chromosome10	102263
chromosome10	102431
chromosome10	102566
chromosome10	102725
chromosome10	102852
chromosome10	102994
chromosome10	103132
chromosome10	103250
chromosome10	103386
chromosome10	103535
chromosome10	103691
chromosome10	103931
chromosome10	104130
chromosome10	104317
chromosome10	104444
chromosome10	104679
chromosome10	104823
chromosome10	104958
chromosome10	105114
chromosome10	105351
chromosome10	105549
chromosome10	105812
chromosome10	105977
chromosome10	106346
chromosome10	106520
chromosome10	107044
chromosome10	107222
chromosome10	107476
chromosome10	107625
chromosome10	107830
chromosome10	107977
chromosome10	108085
chromosome10	108256
chromosome10	108469
chromosome10	108651
chromosome10	108785
chromosome10	108954
chromosome10	109169
chromosome10	109329
chromosome10	109670
chromosome10	110125
chromosome10	110393
chromosome10	110683
chromosome10	110938
chromosome10	111099
chromosome10	111335
chromosome10	111630
chromosome10	111816
chromosome10	112041
chromosome10	112239
chromosome10	112368
chromosome10	112643
chromosome10	112826
chromosome10	113027
chromosome10	113211
chromosome10	113411
chromosome10	113999
chromosome10	114157
chromosome10	114292
chromosome10	114545
chromosome10	114720
chromosome10	115001
chromosome10	115220
chromosome10	115429
chromosome10	115675
chromosome10	115893
chromosome10	116042
chromosome10	116837
chromosome10	116984
chromosome10	117177
chromosome10	117337
chromosome10	117521
chromosome10	117724
chromosome10	117865
chromosome10	118136
chromosome10	118328
chromosome10	118430
chromosome10	118602
chromosome10	118786
chromosome10	118949
chromosome10	119105
chromosome10	119207
chromosome10	119302
chromosome10	119455
chromosome10	119621
chromosome10	119763
chromosome10	119928
chromosome10	120036
chromosome10	120163
chromosome10	120337
chromosome10	120412
chromosome10	120570
chromosome10	121332
chromosome10	121519
chromosome10	121691
chromosome10	121832
chromosome10	122391
chromosome10	122571
chromosome10	122807
chromosome10	123016
chromosome10	123174
chromosome10	123341
chromosome10	123454
chromosome10	123548
chromosome10	123918
chromosome10	124055
chromosome10	124179
chromosome10	124320
chromosome10	124503
chromosome10	124622
chromosome10	124739
chromosome10	124895
chromosome10	125046
chromosome10	125185
chromosome10	125385
chromosome10	125506
chromosome10	125665
chromosome10	125801
chromosome10	125923
chromosome10	126130
chromosome10	126261
chromosome10	126370
chromosome10	126692
chromosome10	126973
chromosome10	127138
chromosome10	127334
chromosome10	127528
chromosome10	127707
chromosome10	127807
chromosome10	128023
chromosome10	128155
chromosome10	128403
chromosome10	128599
chromosome10	128785
chromosome10	128910
chromosome10	129218
chromosome10	129381
chromosome10	129681
chromosome10	129909
chromosome10	130175
chromosome10	130412
chromosome10	130602
chromosome10	130766
chromosome10	131112
chromosome10	131296
chromosome10	131431
chromosome10	131674
chromosome10	131896
chromosome10	132104
chromosome10	132489
chromosome10	132646
chromosome10	132922
chromosome10	133100
chromosome10	133357
chromosome10	133624
chromosome10	133836
chromosome10	134335
chromosome10	134522
chromosome10	134731
chromosome10	134956
chromosome10	135163
chromosome10	135361
chromosome10	135548
chromosome10	135682
chromosome10	135844
chromosome10	136039
chromosome10	136136
chromosome10	136282
chromosome10	136431
chromosome10	136570
chromosome10	136759
chromosome10	137207
chromosome10	137316
chromosome10	137423
chromosome10	137612
chromosome10	137830
chromosome10	138092
chromosome10	138347
chromosome10	138555
chromosome10	138811
chromosome10	139034
chromosome10	139526
chromosome10	139838
chromosome10	140010
chromosome10	140114
chromosome10	140204
chromosome10	140377
chromosome10	140538
chromosome10	140691
chromosome10	140869
chromosome10	141045
chromosome10	141240
chromosome10	141590
chromosome10	141789
chromosome10	141924
chromosome10	142084
chromosome10	142264
chromosome10	142485
chromosome10	142642
chromosome10	142794
chromosome10	142914
chromosome10	143102
chromosome10	143500
chromosome10	143693
chromosome10	143901
chromosome10	144146
chromosome10	144415
chromosome10	144629
chromosome10	145079
chromosome10	145285
chromosome10	145470
chromosome10	145644
chromosome10	145831
chromosome10	145954
chromosome10	146189
chromosome10	146331
chromosome10	146466
chromosome10	146620
chromosome10	146808
chromosome10	146997
chromosome10	147163
chromosome10	147400
chromosome10	147604
chromosome10	148093
chromosome10	148192
chromosome10	148347
chromosome10	148489
chromosome10	148685
chromosome10	148867
chromosome10	149059
chromosome10	149212
chromosome10	149419
chromosome10	149569
chromosome10	149722
chromosome10	149886
chromosome10	150011
chromosome10	150229
chromosome10	150369
chromosome10	150521
chromosome10	150981
chromosome10	151210
chromosome10	151422
chromosome10	151682
chromosome10	151935
chromosome10	152139
chromosome10	152351
chromosome10	152610
chromosome10	152821
chromosome10	153023
chromosome10	154670
chromosome10	154883
chromosome10	155052
chromosome10	155184
chromosome10	155354
chromosome10	155512
chromosome10	155674
chromosome10	155798
chromosome10	155973
chromosome10	156110
chromosome10	156282
chromosome10	156675
chromosome10	156918
chromosome10	157008
chromosome10	157111
chromosome10	157406
chromosome10	157508
chromosome10	157585
chromosome10	157707
chromosome10	157861
chromosome10	157985
chromosome10	158159
chromosome10	158370
chromosome10	158629
chromosome10	158833
chromosome10	159039
chromosome10	159602
chromosome10	159781
chromosome10	159889
chromosome10	160025
chromosome10	160458
chromosome10	160661
chromosome10	160910
chromosome10	161215
chromosome10	161545
chromosome10	162121
chromosome10	162338
chromosome10	162517
chromosome10	162684
chromosome10	162861
chromosome10	163000
chromosome10	163190
chromosome10	163329
chromosome10	163501
chromosome10	163614
chromosome10	163792
chromosome10	163941
chromosome10	164078
chromosome10	164396
chromosome10	164535
chromosome10	164738
chromosome10	164915
chromosome10	165107
chromosome10	165257
chromosome10	165419
chromosome10	165771
chromosome10	166036
chromosome10	166268
chromosome10	166575
chromosome10	166745
chromosome10	166926
chromosome10	167181
chromosome10	167394
chromosome10	167584
chromosome10	167859
chromosome10	168219
chromosome10	168525
chromosome10	168900
chromosome10	169194
chromosome10	169426
chromosome10	169703
chromosome10	169992
chromosome10	170275
chromosome10	170622
chromosome10	170925
chromosome10	171144
chromosome10	171363
chromosome10	171584
chromosome10	171771
chromosome10	171998
chromosome10	172279
chromosome10	172483
chromosome10	172662
chromosome10	172825
chromosome10	173420
chromosome10	173641
chromosome10	173860
chromosome10	174079
chromosome10	174262
chromosome10	174418
chromosome10	174562
chromosome10	174771
chromosome10	175023
chromosome10	175221
chromosome10	175404
chromosome10	175588
chromosome10	175715
chromosome10	175916
chromosome10	176102
chromosome10	176214
chromosome10	176365
chromosome10	176512
chromosome10	176651
chromosome10	176782
chromosome10	177067
chromosome10	177288
chromosome10	177465
chromosome10	177595
chromosome10	177782
chromosome10	178069
chromosome10	178328
chromosome10	178562
chromosome10	178811
chromosome10	179117
chromosome10	179363
chromosome10	179564
chromosome10	179679
chromosome10	179855
chromosome10	180084
chromosome10	180245
chromosome10	180390
chromosome10	180575
chromosome10	180849
chromosome10	181008
chromosome10	181177
chromosome10	181363
chromosome10	181537
chromosome10	181727
chromosome10	181877
chromosome10	182063
chromosome10	182240
chromosome10	182436
chromosome10	182619
chromosome10	182795
chromosome10	182944
chromosome10	183212
chromosome10	183495
chromosome10	183757
chromosome10	183957
chromosome10	184202
chromosome10	184455
chromosome10	184636
chromosome10	184846
chromosome10	185026
chromosome10	185244
chromosome10	185396
chromosome10	185814
chromosome10	186108
chromosome10	186328
chromosome10	186638
chromosome10	187090
chromosome10	187398
chromosome10	187664
chromosome10	187838
chromosome10	188019
chromosome10	188265
chromosome10	188448
chromosome10	188639
chromosome10	188901
chromosome10	189199
chromosome10	189346
chromosome10	189492
chromosome10	189772
chromosome10	189952
chromosome10	190182
chromosome10	190371
chromosome10	190611
chromosome10	190854
chromosome10	191107
chromosome10	191260
chromosome10	191376
chromosome10	191486
chromosome10	191658
chromosome10	191888
chromosome10	192120
chromosome10	192272
chromosome10	192486
chromosome10	192668
chromosome10	192900
chromosome10	193061
chromosome10	193279
chromosome10	193476
chromosome10	193935
chromosome10	194172
chromosome10	194361
chromosome10	194575
chromosome10	194755
chromosome10	194945
chromosome10	195195
chromosome10	195404
chromosome10	195534
chromosome10	195705
chromosome10	195876
chromosome10	196036
chromosome10	196308
chromosome10	196610
chromosome10	196945
chromosome10	197127
chromosome10	204873
chromosome10	205010
chromosome10	205144
chromosome10	205292
chromosome10	205489
chromosome10	205693
chromosome10	205834
chromosome10	206216
chromosome10	206339
chromosome10	206489
chromosome10	206817
chromosome10	207051
chromosome10	207319
chromosome10	207520
chromosome10	207711
chromosome10	207932
chromosome10	208283
chromosome10	208604
chromosome10	208986
chromosome10	209341
chromosome10	209769
chromosome10	210164
chromosome10	210376
chromosome10	210546
chromosome10	210684
chromosome10	210831
chromosome10	211113
chromosome10	211268
chromosome10	211408
chromosome10	211573
chromosome10	211781
chromosome10	211920
chromosome10	212180
chromosome10	212436
chromosome10	212645
chromosome10	212996
chromosome10	213188
chromosome10	213431
chromosome10	213638
chromosome10	213990
chromosome10	214165
chromosome10	214360
chromosome10	214670
chromosome10	214907
chromosome10	215068
chromosome10	215266
chromosome10	215474
chromosome10	215702
chromosome10	215903
chromosome10	216093
chromosome10	216283
chromosome10	216474
chromosome10	216713
chromosome10	216977
chromosome10	217258
chromosome10	217675
chromosome10	217927
chromosome10	218206
chromosome10	218422
chromosome10	218725
chromosome10	219055
chromosome10	219267
chromosome10	219440
chromosome10	219600
chromosome10	219768
chromosome10	219902
chromosome10	220239
chromosome10	220372
chromosome10	220516
chromosome10	220665
chromosome10	220780
chromosome10	220953
chromosome10	221168
chromosome10	221380
chromosome10	221586
chromosome10	221764
chromosome10	222000
chromosome10	222232
chromosome10	222446
chromosome10	222586
chromosome10	222727
chromosome10	222973
chromosome10	223139
chromosome10	223526
chromosome10	223688
chromosome10	223835
chromosome10	223981
chromosome10	224163
chromosome10	224300
chromosome10	224484
chromosome10	224697
chromosome10	224876
chromosome10	225046
chromosome10	225187
chromosome10	225371
chromosome10	225567
chromosome10	225754
chromosome10	225912
chromosome10	226078
chromosome10	226330
chromosome10	226553
chromosome10	227297
chromosome10	227634
chromosome10	227855
chromosome10	228044
chromosome10	228194
chromosome10	229216
chromosome10	229457
chromosome10	229666
chromosome10	229857
chromosome10	229997
chromosome10	230128
chromosome10	230315
chromosome10	230483
chromosome10	230628
chromosome10	230844
chromosome10	231047
chromosome10	231215
chromosome10	231409
chromosome10	231662
chromosome10	231915
chromosome10	232069
chromosome10	232275
chromosome10	232453
chromosome10	232661
chromosome10	232875
chromosome10	233066
chromosome10	233274
chromosome10	233475
chromosome10	233599
chromosome10	233776
chromosome10	233904
chromosome10	234045
chromosome10	234288
chromosome10	234542
chromosome10	234739
chromosome10	234950
chromosome10	235199
chromosome10	235394
chromosome10	235661
chromosome10	235879
chromosome10	236062
chromosome10	236267
chromosome10	236453
chromosome10	236605
chromosome10	236765
chromosome10	236877
chromosome10	237059
chromosome10	237199
chromosome10	237361
chromosome10	237482
chromosome10	237630
chromosome10	237763
chromosome10	237999
chromosome10	238260
chromosome10	238440
chromosome10	238699
chromosome10	238930
chromosome10	239198
chromosome10	239447
chromosome10	239624
chromosome10	239836
chromosome10	240017
chromosome10	240209
chromosome10	240387
chromosome10	240549
chromosome10	240721
chromosome10	240983
chromosome10	241169
chromosome10	241400
chromosome10	241640
chromosome10	241869
chromosome10	242179
chromosome10	242370
chromosome10	242518
chromosome10	242765
chromosome10	242929
chromosome10	243119
chromosome10	243270
chromosome10	243495
chromosome10	243675
chromosome10	243870
chromosome10	244074
chromosome10	244276
chromosome10	244475
chromosome10	244622
chromosome10	244780
chromosome10	244974
chromosome10	245141
chromosome10	245593
chromosome10	245770
chromosome10	246062
chromosome10	246321
chromosome10	246477
chromosome10	246693
chromosome10	246919
chromosome10	247308
chromosome10	247484
chromosome10	247601
chromosome10	247913
chromosome10	248084
chromosome10	248283
chromosome10	248469
chromosome10	248652
chromosome10	248809
chromosome10	249101
chromosome10	249375
chromosome10	249576
chromosome10	249751
chromosome10	249918
chromosome10	250125
chromosome10	250284
chromosome10	250522
chromosome10	250728
chromosome10	251075
chromosome10	251498
chromosome10	251851
chromosome10	252071
chromosome10	252229
chromosome10	252422
chromosome10	252624
chromosome10	252786
chromosome10	252994
chromosome10	253163
chromosome10	253340
chromosome10	253616
chromosome10	253814
chromosome10	254041
chromosome10	254254
chromosome10	254593
chromosome10	254767
chromosome10	254980
chromosome10	255130
chromosome10	255252
chromosome10	255439
chromosome10	255659
chromosome10	255868
chromosome10	256116
chromosome10	256347
chromosome10	256540
chromosome10	256772
chromosome10	256932
chromosome10	257039
chromosome10	257145
chromosome10	257320
chromosome10	257557
chromosome10	257755
chromosome10	257938
chromosome10	258208
chromosome10	258502
chromosome10	258768
chromosome10	258907
chromosome10	259146
chromosome10	259322
chromosome10	259595
chromosome10	259906
chromosome10	260068
chromosome10	260192
chromosome10	260328
chromosome10	260467
chromosome10	260641
chromosome10	260881
chromosome10	261144
chromosome10	261321
chromosome10	261544
chromosome10	261777
chromosome10	261982
chromosome10	262204
chromosome10	262385
chromosome10	262570
chromosome10	262681
chromosome10	262823
chromosome10	262949
chromosome10	263078
chromosome10	263237
chromosome10	263655
chromosome10	263783
chromosome10	263942
chromosome10	264071
chromosome10	264240
chromosome10	264347
chromosome10	264491
chromosome10	264698
chromosome10	264806
chromosome10	265210
chromosome10	265326
chromosome10	265449
chromosome10	265576
chromosome10	266043
chromosome10	266229
chromosome10	267836
chromosome10	267939
chromosome10	268057
chromosome10	268494
chromosome10	268605
chromosome10	268882
chromosome10	269107
chromosome10	269302
chromosome10	269481
chromosome10	269666
chromosome10	270070
chromosome10	270199
chromosome10	270319
chromosome10	270484
chromosome10	270639
chromosome10	270742
chromosome10	270883
chromosome10	271058
chromosome10	271265
chromosome10	271442
chromosome10	271646
chromosome10	271802
chromosome10	271983
chromosome10	272113
chromosome10	272267
chromosome10	272441
chromosome10	272580
chromosome10	272719
chromosome10	272860
chromosome10	273039
chromosome10	273198
chromosome10	273359
chromosome10	273497
chromosome10	273632
chromosome10	273789
chromosome10	273975
chromosome10	274152
chromosome10	274305
chromosome10	274910
chromosome10	275075
chromosome10	275214
chromosome10	275333
chromosome10	275505
chromosome10	275633
chromosome10	275756
chromosome10	275921
chromosome10	276032
chromosome10	276206
chromosome10	276367
chromosome10	276533
chromosome10	276678
chromosome10	276842
chromosome10	277058
chromosome10	277282
chromosome10	277489
chromosome10	277760
chromosome10	277997
chromosome10	278238
chromosome10	278363
chromosome10	278496
chromosome10	278682
chromosome10	278849
chromosome10	279011
chromosome10	279103
chromosome10	279250
chromosome10	279398
chromosome10	279617
chromosome10	279776
chromosome10	280008
chromosome10	280226
chromosome10	280489
chromosome10	280689
chromosome10	281242
chromosome10	281478
chromosome10	281694
chromosome10	281912
chromosome10	282168
chromosome10	282409
chromosome10	282627
chromosome10	282798
chromosome10	283048
chromosome10	283256
chromosome10	283478
chromosome10	283807
chromosome10	284087
chromosome10	284257
chromosome10	284468
chromosome10	284626
chromosome10	284893
chromosome10	285116
chromosome10	285408
chromosome10	285706
chromosome10	285903
chromosome10	286057
chromosome10	286234
chromosome10	286413
chromosome10	286580
chromosome10	286823
chromosome10	287051
chromosome10	287234
chromosome10	287487
chromosome10	287656
chromosome10	287790
chromosome10	287963
chromosome10	288153
chromosome10	288362
chromosome10	288539
chromosome10	288751
chromosome10	289013
chromosome10	289205
chromosome10	289403
chromosome10	289929
chromosome10	290108
chromosome10	290246
chromosome10	290482
chromosome10	290607
chromosome10	290735
chromosome10	290896
chromosome10	291035
chromosome10	291213
chromosome10	291678
chromosome10	291815
chromosome10	291949
chromosome10	292076
chromosome10	292230
chromosome10	292350
chromosome10	292528
chromosome10	292651
chromosome10	292788
chromosome10	292956
chromosome10	293289
chromosome10	293411
chromosome10	293601
chromosome10	293822
chromosome10	294015
chromosome10	294177
chromosome10	294296
chromosome10	294720
chromosome10	294852
chromosome10	294991
chromosome10	295137
chromosome10	295299
chromosome10	295460
chromosome10	295656
chromosome10	295823
chromosome10	296032
chromosome10	296254
chromosome10	296480
chromosome10	296672
chromosome10	296828
chromosome10	296963
chromosome10	297081
chromosome10	297449
chromosome10	297649
chromosome10	297760
chromosome10	297914
chromosome10	298056
chromosome10	298224
chromosome10	298412
chromosome10	298607
chromosome10	299241
chromosome10	299469
chromosome10	299690
chromosome10	299890
chromosome10	300156
chromosome10	300369
chromosome10	300749
chromosome10	301002
chromosome10	301218
chromosome10	301458
chromosome10	301759
chromosome10	301918
chromosome10	302176
chromosome10	302442
chromosome10	302745
chromosome10	302930
chromosome10	303084
chromosome10	303237
chromosome10	303421
chromosome10	303583
chromosome10	303755
chromosome10	303972
chromosome10	304242
chromosome10	304368
chromosome10	304506
chromosome10	304694
chromosome10	304875
chromosome10	305037
chromosome10	305203
chromosome10	305386
chromosome10	305663
chromosome10	305865
chromosome10	305972
chromosome10	306161
chromosome10	306362
chromosome10	306537
chromosome10	306758
chromosome10	306970
chromosome10	307127
chromosome10	307288
chromosome10	307463
chromosome10	307731
chromosome10	307970
chromosome10	308155
chromosome10	308381
chromosome10	308566
chromosome10	308763
chromosome10	308938
chromosome10	309107
chromosome10	309299
chromosome10	309480
chromosome10	309902
chromosome10	310068
chromosome10	310229
chromosome10	310353
chromosome10	310537
chromosome10	310928
chromosome10	311141
chromosome10	311318
chromosome10	311585
chromosome10	311789
chromosome10	312065
chromosome10	312232
chromosome10	312423
chromosome10	312587
chromosome10	312741
chromosome10	312930
chromosome10	313111
chromosome10	313285
chromosome10	313472
chromosome10	313636
chromosome10	313806
chromosome10	314038
chromosome10	314239
chromosome10	314447
chromosome10	314624
chromosome10	314850
chromosome10	315130
chromosome10	315322
chromosome10	315508
chromosome10	315776
chromosome10	315896
chromosome10	316119
chromosome10	316403
chromosome10	316594
chromosome10	316771
chromosome10	317022
chromosome10	317278
chromosome10	317481
chromosome10	317761
chromosome10	317989
chromosome10	318212
chromosome10	318415
chromosome10	318585
chromosome10	318750
chromosome10	318910
chromosome10	319093
chromosome10	319269
chromosome10	319522
chromosome10	319729
chromosome10	320098
chromosome10	320272
chromosome10	320428
chromosome10	320633
chromosome10	320812
chromosome10	320985
chromosome10	321166
chromosome10	321346
chromosome10	321458
chromosome10	321662
chromosome10	321865
chromosome10	322125
chromosome10	322291
chromosome10	322497
chromosome10	322612
chromosome10	322751
chromosome10	322897
chromosome10	323031
chromosome10	323143
chromosome10	323369
chromosome10	323564
chromosome10	323793
chromosome10	324000
chromosome10	324205
chromosome10	324444
chromosome10	324651
chromosome10	325266
chromosome10	325474
chromosome10	325610
chromosome10	325803
chromosome10	325979
chromosome10	326200
chromosome10	326515
chromosome10	326738
chromosome10	326968
chromosome10	327172
chromosome10	327379
chromosome10	327540
chromosome10	327757
chromosome10	327888
chromosome10	328037
chromosome10	328225
chromosome10	328447
chromosome10	328616
chromosome10	328798
chromosome10	328958
chromosome10	329114
chromosome10	329291
chromosome10	329565
chromosome10	329754
chromosome10	329950
chromosome10	330424
chromosome10	330690
chromosome10	330924
chromosome10	331073
chromosome10	331241
chromosome10	331432
chromosome10	331574
chromosome10	331710
chromosome10	331848
chromosome10	332018
chromosome10	332189
chromosome10	332356
chromosome10	332522
chromosome10	332782
chromosome10	333018
chromosome10	333212
chromosome10	333370
chromosome10	333590
chromosome10	333784
chromosome10	334048
chromosome10	334204
chromosome10	334426
chromosome10	334608
chromosome10	334754
chromosome10	334925
chromosome10	335050
chromosome10	335189
chromosome10	335349
chromosome10	335582
chromosome10	335957
chromosome10	336215
chromosome10	336458
chromosome10	336623
chromosome10	336955
chromosome10	337151
chromosome10	337439
chromosome10	337683
chromosome10	337913
chromosome10	338067
chromosome10	338169
chromosome10	338387
chromosome10	338642
chromosome10	338993
chromosome10	339251
chromosome10	339571
chromosome10	339682
chromosome10	339843
chromosome10	339998
chromosome10	340159
chromosome10	340306
chromosome10	340494
chromosome10	340659
chromosome10	340820
chromosome10	340978
chromosome10	341133
chromosome10	341310
chromosome10	341532
chromosome10	341802
chromosome10	341989
chromosome10	342153
chromosome10	342505
chromosome10	342637
chromosome10	342843
chromosome10	343196
chromosome10	343539
chromosome10	343809
chromosome10	344134
chromosome10	344427
chromosome10	344618
chromosome10	344783
chromosome10	344971
chromosome10	345134
chromosome10	345399
chromosome10	345668
chromosome10	345940
chromosome10	346145
chromosome10	346346
chromosome10	346495
chromosome10	346657
chromosome10	346844
chromosome10	347006
chromosome10	347609
chromosome10	347791
chromosome10	347964
chromosome10	348206
chromosome10	348368
chromosome10	348543
chromosome10	348756
chromosome10	348934
chromosome10	349093
chromosome10	349336
chromosome10	349493
chromosome10	349648
chromosome10	349853
chromosome10	350020
chromosome10	350216
chromosome10	350377
chromosome10	350577
chromosome10	350807
chromosome10	351056
chromosome10	351196
chromosome10	351342
chromosome10	351480
chromosome10	351663
chromosome10	351834
chromosome10	352042
chromosome10	352204
chromosome10	352330
chromosome10	352571
chromosome10	352755
chromosome10	352930
chromosome10	353219
chromosome10	353382
chromosome10	353531
chromosome10	353727
chromosome10	353830
chromosome10	355413
chromosome10	355658
chromosome10	355840
chromosome10	356103
chromosome10	356343
chromosome10	356569
chromosome10	356785
chromosome10	357005
chromosome10	357161
chromosome10	357365
chromosome10	357493
chromosome10	357701
chromosome10	358393
chromosome10	358520
chromosome10	358669
chromosome10	358857
chromosome10	359053
chromosome10	359228
chromosome10	359374
chromosome10	359567
chromosome10	360114
chromosome10	360277
chromosome10	360438
chromosome10	360616
chromosome10	360810
chromosome10	361198
chromosome10	361362
chromosome10	361505
chromosome10	361678
chromosome10	361949
chromosome10	362101
chromosome10	362267
chromosome10	362453
chromosome10	362575
chromosome10	362832
chromosome10	363065
chromosome10	363306
chromosome10	363552
chromosome10	363732
chromosome10	363936
chromosome10	364162
chromosome10	364397
chromosome10	364570
chromosome10	364732
chromosome10	364929
chromosome10	365175
chromosome10	365327
chromosome10	365806
chromosome10	366018
chromosome10	366180
chromosome10	366343
chromosome10	366502
chromosome10	366671
chromosome10	367313
chromosome10	367642
chromosome10	367773
chromosome10	368069
chromosome10	368341
chromosome10	368601
chromosome10	368917
chromosome10	369104
chromosome10	369375
chromosome10	369612
chromosome10	369789
chromosome10	370014
chromosome10	370226
chromosome10	370443
chromosome10	370668
chromosome10	370918
chromosome10	371169
chromosome10	371355
chromosome10	371540
chromosome10	371707
chromosome10	371909
chromosome10	372182
chromosome10	372468
chromosome10	372614
chromosome10	372720
chromosome10	373001
chromosome10	373536
chromosome10	373723
chromosome10	373920
chromosome10	374029
chromosome10	374202
chromosome10	374435
chromosome10	375163
chromosome10	375341
chromosome10	375498
chromosome10	375661
chromosome10	376137
chromosome10	376645
chromosome10	376825
chromosome10	376985
chromosome10	377143
chromosome10	377273
chromosome10	378426
chromosome10	378548
chromosome10	378712
chromosome10	378872
chromosome10	379089
chromosome10	379277
chromosome10	379541
chromosome10	379781
chromosome10	379995
chromosome10	380292
chromosome10	380394
chromosome10	380529
chromosome10	380678
chromosome10	380855
chromosome10	381037
chromosome10	381243
chromosome10	381446
chromosome10	381743
chromosome10	382041
chromosome10	382379
chromosome10	382641
chromosome10	382928
chromosome10	383222
chromosome10	383469
chromosome10	383794
chromosome10	383987
chromosome10	384251
chromosome10	384553
chromosome10	384788
chromosome10	385066
chromosome10	385282
chromosome10	385501
chromosome10	385727
chromosome10	385946
chromosome10	386143
chromosome10	386530
chromosome10	386744
chromosome10	386941
chromosome10	387130
chromosome10	387413
chromosome10	387605
chromosome10	387772
chromosome10	388004
chromosome10	388386
chromosome10	388579
chromosome10	388717
chromosome10	388883
chromosome10	389039
chromosome10	389282
chromosome10	389474
chromosome10	389660
chromosome10	389860
chromosome10	390020
chromosome10	390247
chromosome10	390405
chromosome10	390601
chromosome10	390760
chromosome10	390908
chromosome10	391119
chromosome10	391293
chromosome10	391420
chromosome10	391729
chromosome10	391867
chromosome10	392018
chromosome10	392205
chromosome10	392343
chromosome10	392526
chromosome10	392979
chromosome10	393318
chromosome10	393962
chromosome10	394232
chromosome10	394396
chromosome10	394621
chromosome10	394878
chromosome10	395049
chromosome10	395207
chromosome10	395365
chromosome10	395530
chromosome10	396064
chromosome10	396358
chromosome10	396606
chromosome10	397207
chromosome10	397397
chromosome10	397607
chromosome10	397741
chromosome10	397964
chromosome10	398151
chromosome10	398286
chromosome10	398380
chromosome10	398921
chromosome10	399109
chromosome10	399276
chromosome10	399411
chromosome10	399525
chromosome10	399698
chromosome10	399820
chromosome10	401250
chromosome10	401572
chromosome10	401748
chromosome10	402156
chromosome10	402263
chromosome10	402417
chromosome10	402507
chromosome10	402735
chromosome10	402863
chromosome10	403013
chromosome10	403155
chromosome10	403280
chromosome10	403383
chromosome10	403535
chromosome10	403699
chromosome10	403912
chromosome10	404204
chromosome10	404480
chromosome10	404702
chromosome10	404885
chromosome10	405051
chromosome10	405192
chromosome10	405548
chromosome10	405698
chromosome10	405846
chromosome10	405961
chromosome10	406131
chromosome10	406304
chromosome10	406466
chromosome10	406624
chromosome10	406763
chromosome10	406952
chromosome10	407069
chromosome10	407179
chromosome10	407366
chromosome10	407512
chromosome10	407830
chromosome10	408104
chromosome10	408476
chromosome10	408813
chromosome10	409070
chromosome10	409504
chromosome10	409679
chromosome10	409875
chromosome10	410093
chromosome10	410267
chromosome10	410434
chromosome10	410660
chromosome10	410877
chromosome10	411048
chromosome10	411441
chromosome10	411698
chromosome10	411915
chromosome10	412245
chromosome10	412440
chromosome10	412731
chromosome10	413051
chromosome10	413366
chromosome10	413549
chromosome10	413726
chromosome10	414042
chromosome10	414372
chromosome10	414564
chromosome10	414796
chromosome10	415034
chromosome10	415259
chromosome10	415443
chromosome10	415612
chromosome10	415829
chromosome10	415975
chromosome10	417183
chromosome10	417789
chromosome10	418134
chromosome10	418343
chromosome10	418580
chromosome10	418779
chromosome10	419149
chromosome10	419362
chromosome10	419597
chromosome10	420014
chromosome10	420305
chromosome10	420683
chromosome10	420946
chromosome10	421249
chromosome10	421520
chromosome10	421790
chromosome10	422084
chromosome10	422251
chromosome10	422410
chromosome10	422939
chromosome10	423187
chromosome10	423434
chromosome10	423709
chromosome10	423953
chromosome10	424267
chromosome10	424397
chromosome10	425114
chromosome10	425287
chromosome10	425446
chromosome10	425597
chromosome10	425782
chromosome10	425944
chromosome10	426106
chromosome10	426287
chromosome10	426431
chromosome10	426624
chromosome10	426892
chromosome10	427070
chromosome10	427283
chromosome10	427580
chromosome10	427795
chromosome10	427984
chromosome10	428220
chromosome10	428564
chromosome10	428825
chromosome10	429170
chromosome10	429368
chromosome10	429584
chromosome10	429873
chromosome10	430054
chromosome10	430370
chromosome10	430588
chromosome10	430847
chromosome10	431019
chromosome10	431162
chromosome10	431559
chromosome10	431745
chromosome10	431965
chromosome10	432219
chromosome10	432393
chromosome10	432529
chromosome10	432727
chromosome10	433028
chromosome10	433350
chromosome10	433592
chromosome10	433839
chromosome10	434059
chromosome10	434274
chromosome10	434424
chromosome10	434680
chromosome10	434820
chromosome10	434950
chromosome10	435162
chromosome10	435425
chromosome10	435644
chromosome10	435949
chromosome10	436897
chromosome10	437122
chromosome10	437269
chromosome10	437512
chromosome10	437761
chromosome10	437961
chromosome10	438217
chromosome10	438469
chromosome10	438637
chromosome10	438799
chromosome10	439032
chromosome10	439223
chromosome10	439386
chromosome10	439563
chromosome10	439753
chromosome10	440012
chromosome10	440361
chromosome10	440608
chromosome10	440768
chromosome10	441108
chromosome10	441566
chromosome10	441810
chromosome10	441995
chromosome10	442205
chromosome10	442524
chromosome10	442747
chromosome10	442959
chromosome10	443126
chromosome10	443397
chromosome10	443557
chromosome10	443705
chromosome10	443835
chromosome10	444108
chromosome10	444321
chromosome10	444551
chromosome10	444736
chromosome10	444909
chromosome10	445122
chromosome10	445618
chromosome10	445769
chromosome10	445921
chromosome10	446192
chromosome10	446378
chromosome10	446567
chromosome10	446798
chromosome10	447101
chromosome10	447316
chromosome10	447524
chromosome10	447728
chromosome10	447952
chromosome10	448327
chromosome10	448457
chromosome10	448641
chromosome10	448986
chromosome10	449145
chromosome10	449330
chromosome10	449607
chromosome10	449829
chromosome10	450059
chromosome10	450375
chromosome10	450587
chromosome10	450789
chromosome10	450992
chromosome10	451423
chromosome10	451758
chromosome10	452018
chromosome10	452231
chromosome10	452411
chromosome10	452618
chromosome10	452855
chromosome10	453116
chromosome10	453326
chromosome10	453510
chromosome10	453905
chromosome10	454403
chromosome10	454794
chromosome10	455000
chromosome10	455203
chromosome10	455341
chromosome10	455699
chromosome10	455839
chromosome10	456301
chromosome10	456545
chromosome10	456832
chromosome10	457244
chromosome10	457508
chromosome10	458070
chromosome10	458262
chromosome10	458475
chromosome10	458907
chromosome10	459184
chromosome10	459367
chromosome10	459551
chromosome10	459892
chromosome10	460072
chromosome10	460256
chromosome10	460505
chromosome10	460730
chromosome10	460965
chromosome10	461133
chromosome10	461351
chromosome10	461568
chromosome10	461885
chromosome10	462158
chromosome10	462437
chromosome10	462572
chromosome10	462710
chromosome10	462849
chromosome10	463015
chromosome10	463281
chromosome10	463465
chromosome10	463645
chromosome10	463825
chromosome10	464053
chromosome10	464579
chromosome10	464916
chromosome10	465266
chromosome10	465469
chromosome10	465837
chromosome10	466209
chromosome10	466376
chromosome10	466581
chromosome10	466762
chromosome10	466994
chromosome10	467224
chromosome10	467499
chromosome10	467671
chromosome10	467862
chromosome10	468054
chromosome10	468239
chromosome10	468374
chromosome10	468558
chromosome10	468760
chromosome10	468968
chromosome10	469121
chromosome10	469328
chromosome10	469573
chromosome10	469747
chromosome10	469964
chromosome10	470241
chromosome10	470442
chromosome10	470630
chromosome10	470825
chromosome10	471092
chromosome10	471309
chromosome10	471580
chromosome10	471743
chromosome10	471874
chromosome10	472377
chromosome10	484083
chromosome10	484241
chromosome10	484397
chromosome10	484551
chromosome10	484705
chromosome10	484900
chromosome10	485071
chromosome10	485265
chromosome10	485407
chromosome10	485554
chromosome10	485723
chromosome10	485894
chromosome10	486072
chromosome10	486257
chromosome10	486506
chromosome10	486634
chromosome10	486786
chromosome10	486989
chromosome10	487125
chromosome10	487319
chromosome10	487554
chromosome10	487714
chromosome10	487929
chromosome10	488147
chromosome10	488271
chromosome10	488452
chromosome10	488713
chromosome10	488950
chromosome10	489285
chromosome10	489472
chromosome10	489636
chromosome10	489806
chromosome10	489958
chromosome10	490155
chromosome10	490366
chromosome10	490531
chromosome10	490700
chromosome10	490877
chromosome10	491047
chromosome10	491213
chromosome10	491410
chromosome10	491580
chromosome10	491804
chromosome10	492627
chromosome10	492781
chromosome10	493003
chromosome10	493253
chromosome10	493527
chromosome10	493719
chromosome10	493940
chromosome10	494148
chromosome10	494353
chromosome10	494601
chromosome10	494853
chromosome10	495030
chromosome10	495261
chromosome10	495452
chromosome10	495652
chromosome10	495925
chromosome10	496149
chromosome10	496391
chromosome10	496587
chromosome10	496781
chromosome10	497498
chromosome10	497702
chromosome10	497867
chromosome10	498029
chromosome10	498205
chromosome10	498499
chromosome10	498713
chromosome10	499007
chromosome10	499238
chromosome10	499423
chromosome10	499712
chromosome10	499979
chromosome10	500267
chromosome10	500384
chromosome10	500576
chromosome10	500835
chromosome10	501086
chromosome10	501314
chromosome10	501544
chromosome10	501749
chromosome10	501989
chromosome10	502199
chromosome10	502334
chromosome10	502513
chromosome10	502798
chromosome10	502975
chromosome10	503105
chromosome10	503264
chromosome10	503418
chromosome10	503577
chromosome10	503699
chromosome10	503860
chromosome10	504052
chromosome10	504201
chromosome10	504413
chromosome10	504576
chromosome10	504741
chromosome10	504898
chromosome10	505053
chromosome10	505201
chromosome10	505393
chromosome10	505548
chromosome10	505737
chromosome10	505980
chromosome10	506149
chromosome10	506309
chromosome10	506639
chromosome10	506856
chromosome10	506997
chromosome10	507185
chromosome10	507417
chromosome10	507530
chromosome10	507730
chromosome10	507907
chromosome10	508170
chromosome10	508368
chromosome10	508564
chromosome10	508779
chromosome10	509040
chromosome10	509311
chromosome10	509539
chromosome10	509760
chromosome10	509974
chromosome10	510225
chromosome10	510413
chromosome10	510602
chromosome10	510812
chromosome10	510970
chromosome10	511195
chromosome10	511372
chromosome10	511577
chromosome10	511772
chromosome10	511927
chromosome10	512171
chromosome10	512396
chromosome10	512594
chromosome10	512762
chromosome10	512963
chromosome10	513208
chromosome10	513399
chromosome10	513645
chromosome10	513811
chromosome10	513969
chromosome10	514152
chromosome10	514271
chromosome10	514399
chromosome10	514539
chromosome10	514754
chromosome10	514921
chromosome10	515162
chromosome10	515361
chromosome10	515584
chromosome10	515856
chromosome10	516115
chromosome10	516569
chromosome10	516776
chromosome10	516907
chromosome10	517094
chromosome10	517257
chromosome10	517438
chromosome10	517610
chromosome10	517724
chromosome10	517823
chromosome10	518123
chromosome10	518259
chromosome10	518375
chromosome10	518498
chromosome10	518951
chromosome10	519154
chromosome10	519824
chromosome10	520106
chromosome10	520419
chromosome10	520751
chromosome10	521078
chromosome10	521395
chromosome10	521613
chromosome10	521758
chromosome10	521910
chromosome10	522046
chromosome10	522224
chromosome10	522451
chromosome10	522586
chromosome10	522769
chromosome10	522947
chromosome10	523076
chromosome10	523259
chromosome10	523401
chromosome10	523637
chromosome10	524014
chromosome10	524157
chromosome10	524343
chromosome10	525211
chromosome10	525444
chromosome10	526006
chromosome10	526196
chromosome10	526293
chromosome10	526559
chromosome10	526765
chromosome10	527032
chromosome10	527248
chromosome10	527528
chromosome10	527751
chromosome10	528048
chromosome10	528258
chromosome10	528424
chromosome10	528595
chromosome10	528730
chromosome10	528942
chromosome10	529093
chromosome10	529302
chromosome10	529442
chromosome10	529583
chromosome10	529826
chromosome10	530052
chromosome10	530261
chromosome10	530473
chromosome10	530619
chromosome10	530793
chromosome10	530997
chromosome10	531195
chromosome10	531452
chromosome10	531733
chromosome10	531969
chromosome10	532091
chromosome10	532308
chromosome10	532462
chromosome10	532743
chromosome10	532947
chromosome10	533213
chromosome10	533414
chromosome10	533643
chromosome10	534011
chromosome10	534203
chromosome10	534408
chromosome10	534641
chromosome10	534830
chromosome10	535078
chromosome10	535306
chromosome10	535478
chromosome10	535658
chromosome10	535834
chromosome10	536025
chromosome10	536249
chromosome10	536496
chromosome10	536733
chromosome10	536923
chromosome10	537137
chromosome10	537352
chromosome10	537529
chromosome10	538625
chromosome10	538861
chromosome10	539063
chromosome10	539393
chromosome10	539771
chromosome10	539993
chromosome10	540145
chromosome10	540249
chromosome10	540393
chromosome10	540523
chromosome10	541887
chromosome10	542020
chromosome10	542173
chromosome10	542371
chromosome10	542606
chromosome10	542716
chromosome10	542887
chromosome10	543272
chromosome10	544034
chromosome10	544247
chromosome10	544523
chromosome10	544702
chromosome10	544972
chromosome10	545186
chromosome10	545359
chromosome10	545517
chromosome10	545656
chromosome10	545785
chromosome10	545930
chromosome10	546069
chromosome10	546266
chromosome10	546461
chromosome10	546662
chromosome10	546875
chromosome10	547100
chromosome10	547298
chromosome10	547442
chromosome10	547584
chromosome10	547713
chromosome10	547810
chromosome10	547915
chromosome10	548034
chromosome10	548159
chromosome10	548254
chromosome10	548708
chromosome10	548855
chromosome10	548984
chromosome10	549126
chromosome10	549241
chromosome10	549356
chromosome10	549514
chromosome10	549697
chromosome10	549813
chromosome10	549911
chromosome10	550252
chromosome10	550355
chromosome10	550597
chromosome10	550674
chromosome10	550769
chromosome10	550899
chromosome10	551005
chromosome10	551134
chromosome10	551233
chromosome10	551349
chromosome10	551467
chromosome10	551581
chromosome10	551693
chromosome10	551794
chromosome10	551921
chromosome10	552088
chromosome10	552214
chromosome10	552333
chromosome10	552466
chromosome10	552605
chromosome10	552714
chromosome10	552848
chromosome10	553015
chromosome10	553161
chromosome10	553288
chromosome10	553578
chromosome10	553689
chromosome10	553810
chromosome10	553918
chromosome10	554032
chromosome10	554178
chromosome10	554332
chromosome10	554480
chromosome10	554616
chromosome10	554751
chromosome10	554868
chromosome10	555134
chromosome10	555275
chromosome10	555539
chromosome10	555762
chromosome10	555874
chromosome10	556087
chromosome10	556297
chromosome10	556468
chromosome10	556684
chromosome10	556880
chromosome10	557077
chromosome10	557281
chromosome10	557468
chromosome10	557770
chromosome10	558013
chromosome10	558253
chromosome10	558448
chromosome10	558606
chromosome10	558845
chromosome10	559024
chromosome10	559205
chromosome10	559348
chromosome10	559489
chromosome10	559669
chromosome10	559823
chromosome10	559942
chromosome10	560102
chromosome10	560252
chromosome10	560427
chromosome10	560616
chromosome10	560814
chromosome10	560996
chromosome10	561200
chromosome10	561354
chromosome10	561497
chromosome10	561659
chromosome10	561803
chromosome10	561964
chromosome10	562154
chromosome10	562366
chromosome10	562564
chromosome10	562745
chromosome10	562952
chromosome10	563171
chromosome10	563388
chromosome10	563649
chromosome10	563846
chromosome10	564106
chromosome10	564361
chromosome10	564626
chromosome10	564872
chromosome10	565136
chromosome10	565418
chromosome10	565632
chromosome10	565916
chromosome10	566303
chromosome10	566529
chromosome10	566722
chromosome10	567062
chromosome10	567251
chromosome10	567451
chromosome10	567612
chromosome10	567837
chromosome10	568129
chromosome10	568378
chromosome10	568549
chromosome10	568872
chromosome10	569064
chromosome10	569303
chromosome10	569496
chromosome10	569876
chromosome10	570095
chromosome10	570371
chromosome10	570670
chromosome10	570897
chromosome10	571096
chromosome10	571285
chromosome10	571578
chromosome10	571807
chromosome10	572121
chromosome10	572251
chromosome10	572417
chromosome10	572632
chromosome10	572834
chromosome10	572972
chromosome10	573148
chromosome10	573301
chromosome10	573441
chromosome10	573636
chromosome10	573868
chromosome10	574025
chromosome10	574192
chromosome10	574337
chromosome10	574466
chromosome10	574610
chromosome10	574763
chromosome10	574911
chromosome10	575048
chromosome10	575518
chromosome10	575650
chromosome10	575843
chromosome10	575996
chromosome10	576146
chromosome10	576371
chromosome10	576521
chromosome10	576669
chromosome10	576787
chromosome10	577426
chromosome10	577684
chromosome10	577979
chromosome10	578184
chromosome10	578317
chromosome10	578413
chromosome10	578518
chromosome10	578642
chromosome10	578826
chromosome10	579034
chromosome10	579165
chromosome10	579330
chromosome10	579520
chromosome10	579719
chromosome10	579932
chromosome10	580075
chromosome10	580452
chromosome10	580610
chromosome10	580773
chromosome10	580955
chromosome10	581108
chromosome10	581319
chromosome10	581538
chromosome10	581699
chromosome10	581958
chromosome10	582187
chromosome10	582350
chromosome10	582592
chromosome10	582781
chromosome10	582959
chromosome10	583119
chromosome10	583312
chromosome10	583516
chromosome10	583677
chromosome10	583850
chromosome10	583979
chromosome10	584104
chromosome10	584275
chromosome10	584425
chromosome10	584576
chromosome10	584674
chromosome10	584792
chromosome10	584897
chromosome10	585367
chromosome10	585504
chromosome10	585626
chromosome10	585746
chromosome10	585836
chromosome10	585976
chromosome10	586087
chromosome10	586309
chromosome10	586659
chromosome10	586844
chromosome10	587008
chromosome10	587241
chromosome10	587401
chromosome10	587554
chromosome10	587674
chromosome10	587867
chromosome10	588084
chromosome10	588298
chromosome10	588497
chromosome10	588632
chromosome10	588787
chromosome10	588945
chromosome10	589141
chromosome10	589272
chromosome10	589411
chromosome10	589604
chromosome10	589790
chromosome10	589946
chromosome10	590092
chromosome10	590502
chromosome10	590674
chromosome10	590861
chromosome10	591042
chromosome10	591361
chromosome10	591603
chromosome10	591808
chromosome10	592036
chromosome10	592401
chromosome10	592627
chromosome10	592861
chromosome10	593111
chromosome10	593357
chromosome10	593481
chromosome10	593710
chromosome10	593910
chromosome10	594080
chromosome10	594242
chromosome10	594397
chromosome10	594554
chromosome10	594682
chromosome10	594885
chromosome10	595055
chromosome10	595253
chromosome10	595409
chromosome10	595563
chromosome10	595791
chromosome10	596000
chromosome10	596271
chromosome10	596477
chromosome10	596680
chromosome10	596848
chromosome10	597065
chromosome10	597272
chromosome10	597440
chromosome10	597620
chromosome10	597809
chromosome10	597973
chromosome10	598157
chromosome10	598364
chromosome10	598508
chromosome10	598670
chromosome10	598857
chromosome10	598987
chromosome10	599084
chromosome10	599266
chromosome10	599445
chromosome10	599605
chromosome10	599737
chromosome10	599862
chromosome10	599990
chromosome10	600098
chromosome10	600232
chromosome10	600343
chromosome10	600460
chromosome10	600602
chromosome10	600786
chromosome10	600948
chromosome10	601051
chromosome10	601172
chromosome10	601404
chromosome10	601554
chromosome10	601703
chromosome10	601822
chromosome10	601979
chromosome10	602154
chromosome10	602356
chromosome10	602505
chromosome10	602731
chromosome10	602940
chromosome10	603388
chromosome10	603589
chromosome10	603785
chromosome10	603908
chromosome10	604051
chromosome10	604234
chromosome10	604681
chromosome10	604808
chromosome10	605252
chromosome10	605437
chromosome10	605544
chromosome10	605650
chromosome10	606024
chromosome10	606142
chromosome10	606241
chromosome10	606354
chromosome10	606513
chromosome10	606602
chromosome10	606724
chromosome10	606887
chromosome10	606972
chromosome10	607071
chromosome10	607604
chromosome10	607710
chromosome10	608227
chromosome10	608461
chromosome10	608690
chromosome10	608905
chromosome10	609058
chromosome10	609248
chromosome10	609418
chromosome10	609640
chromosome10	609923
chromosome10	610209
chromosome10	610522
chromosome10	610746
chromosome10	611053
chromosome10	611193
chromosome10	611431
chromosome10	611686
chromosome10	611949
chromosome10	612112
chromosome10	612240
chromosome10	612381
chromosome10	612520
chromosome10	612707
chromosome10	612912
chromosome10	613273
chromosome10	613503
chromosome10	613673
chromosome10	613869
chromosome10	614002
chromosome10	614189
chromosome10	614354
chromosome10	614583
chromosome10	614748
chromosome10	614889
chromosome10	615075
chromosome10	615202
chromosome10	615308
chromosome10	615432
chromosome10	615579
chromosome10	615792
chromosome10	615972
chromosome10	616139
chromosome10	616395
chromosome10	616639
chromosome10	616873
chromosome10	617134
chromosome10	617324
chromosome10	617493
chromosome10	617633
chromosome10	617981
chromosome10	618154
chromosome10	618305
chromosome10	618467
chromosome10	618681
chromosome10	618902
chromosome10	619114
chromosome10	619262
chromosome10	619475
chromosome10	619633
chromosome10	619849
chromosome10	619970
chromosome10	620554
chromosome10	621021
chromosome10	621278
chromosome10	621491
chromosome10	621700
chromosome10	621890
chromosome10	622082
chromosome10	622240
chromosome10	622421
chromosome10	622547
chromosome10	622829
chromosome10	623058
chromosome10	623191
chromosome10	623326
chromosome10	623467
chromosome10	623742
chromosome10	623946
chromosome10	624158
chromosome10	624361
chromosome10	624522
chromosome10	624745
chromosome10	624912
chromosome10	625149
chromosome10	625322
chromosome10	625497
chromosome10	625701
chromosome10	625827
chromosome10	625974
chromosome10	626152
chromosome10	626300
chromosome10	626502
chromosome10	626734
chromosome10	626943
chromosome10	627115
chromosome10	627253
chromosome10	627378
chromosome10	627588
chromosome10	627831
chromosome10	628050
chromosome10	628250
chromosome10	628469
chromosome10	628637
chromosome10	629054
chromosome10	629182
chromosome10	629355
chromosome10	629669
chromosome10	629929
chromosome10	630228
chromosome10	630461
chromosome10	630749
chromosome10	631011
chromosome10	631321
chromosome10	631479
chromosome10	631734
chromosome10	631978
chromosome10	632297
chromosome10	632543
chromosome10	632885
chromosome10	633199
chromosome10	633317
chromosome10	633662
chromosome10	633866
chromosome10	634014
chromosome10	634217
chromosome10	634423
chromosome10	634693
chromosome10	634896
chromosome10	635057
chromosome10	635231
chromosome10	635410
chromosome10	635582
chromosome10	636044
chromosome10	636277
chromosome10	636473
chromosome10	636720
chromosome10	637113
chromosome10	637324
chromosome10	637467
chromosome10	637620
chromosome10	637798
chromosome10	637968
chromosome10	638117
chromosome10	638292
chromosome10	638542
chromosome10	638734
chromosome10	638894
chromosome10	639064
chromosome10	640232
chromosome10	640371
chromosome10	640510
chromosome10	640711
chromosome10	640945
chromosome10	641142
chromosome10	641403
chromosome10	641639
chromosome10	642043
chromosome10	642247
chromosome10	642438
chromosome10	642675
chromosome10	642843
chromosome10	643071
chromosome10	643346
chromosome10	643721
chromosome10	643949
chromosome10	644176
chromosome10	644362
chromosome10	644523
chromosome10	644708
chromosome10	644889
chromosome10	645045
chromosome10	645273
chromosome10	645399
chromosome10	645532
chromosome10	645671
chromosome10	645845
chromosome10	645973
chromosome10	646062
chromosome10	646212
chromosome10	646366
chromosome10	646506
chromosome10	646617
chromosome10	646776
chromosome10	646919
chromosome10	647042
chromosome10	647188
chromosome10	647350
chromosome10	647504
chromosome10	647707
chromosome10	647930
chromosome10	648151
chromosome10	648419
chromosome10	648641
chromosome10	648911
chromosome10	649472
chromosome10	649685
chromosome10	649789
chromosome10	649921
chromosome10	650072
chromosome10	650185
chromosome10	650282
chromosome10	650381
chromosome10	650501
chromosome10	650621
chromosome10	650750
chromosome10	650885
chromosome10	650999
chromosome10	651091
chromosome10	651211
chromosome10	651524
chromosome10	651702
chromosome10	652050
chromosome10	652403
chromosome10	652936
chromosome10	653081
chromosome10	653329
chromosome10	653540
chromosome10	653699
chromosome10	653860
chromosome10	654027
chromosome10	654212
chromosome10	654337
chromosome10	654801
chromosome10	654950
chromosome10	655060
chromosome10	655192
chromosome10	655328
chromosome10	655540
chromosome10	655775
chromosome10	655996
chromosome10	656137
chromosome10	656284
chromosome10	656443
chromosome10	656606
chromosome10	656763
chromosome10	656905
chromosome10	657066
chromosome10	657202
chromosome10	657382
chromosome10	657552
chromosome10	657710
chromosome10	657915
chromosome10	658103
chromosome10	658267
chromosome10	658438
chromosome10	658608
chromosome10	658914
chromosome10	659091
chromosome10	659213
chromosome10	659358
chromosome10	659496
chromosome10	659671
chromosome10	659829
chromosome10	660015
chromosome10	660194
chromosome10	660343
chromosome10	660467
chromosome10	660610
chromosome10	660741
chromosome10	660868
chromosome10	660972
chromosome10	661087
chromosome10	661235
chromosome10	661365
chromosome10	661499
chromosome10	661707
chromosome10	661882
chromosome10	662028
chromosome10	662146
chromosome10	662247
chromosome10	662379
chromosome10	662541
chromosome10	662743
chromosome10	662875
chromosome10	663028
chromosome10	663131
chromosome10	663320
chromosome10	663414
chromosome10	663703
chromosome10	664060
chromosome10	664183
chromosome10	664288
chromosome10	664407
chromosome10	664519
chromosome10	664678
chromosome10	664780
chromosome10	664904
chromosome10	665005
chromosome10	665149
chromosome10	665270
chromosome10	665437
chromosome10	665594
chromosome10	665758
chromosome10	665911
chromosome10	666058
chromosome10	666214
chromosome10	666351
chromosome10	666445
chromosome10	666553
chromosome10	666709
chromosome10	666906
chromosome10	667036
chromosome10	667175
chromosome10	667622
chromosome10	667753
chromosome10	667932
chromosome10	668096
chromosome10	668273
chromosome10	668437
chromosome10	668590
chromosome10	668732
chromosome10	668916
chromosome10	669070
chromosome10	669240
chromosome10	669638
chromosome10	669842
chromosome10	670061
chromosome10	670326
chromosome10	670563
chromosome10	670824
chromosome10	671054
chromosome10	671342
chromosome10	671615
chromosome10	671878
chromosome10	672054
chromosome10	672274
chromosome10	672439
chromosome10	672628
chromosome10	672830
chromosome10	673011
chromosome10	673204
chromosome10	673422
chromosome10	673603
chromosome10	673871
chromosome10	674140
chromosome10	674303
chromosome10	674506
chromosome10	674708
chromosome10	674931
chromosome10	675228
chromosome10	675430
chromosome10	675599
chromosome10	675737
chromosome10	675901
chromosome10	676120
chromosome10	676311
chromosome10	676462
chromosome10	676618
chromosome10	676780
chromosome10	676946
chromosome10	677423
chromosome10	677573
chromosome10	677813
chromosome10	678037
chromosome10	678256
chromosome10	678430
chromosome10	678600
chromosome10	678761
chromosome10	679179
chromosome10	679480
chromosome10	679720
chromosome10	679965
chromosome10	680229
chromosome10	680562
chromosome10	680870
chromosome10	681081
chromosome10	681279
chromosome10	681518
chromosome10	681801
chromosome10	682076
chromosome10	682289
chromosome10	682461
chromosome10	682620
chromosome10	682748
chromosome10	682885
chromosome10	683078
chromosome10	683286
chromosome10	683459
chromosome10	683667
chromosome10	683815
chromosome10	683935
chromosome10	684173
chromosome10	684523
chromosome10	684752
chromosome10	684933
chromosome10	685123
chromosome10	685347
chromosome10	685622
chromosome10	685872
chromosome10	686099
chromosome10	686293
chromosome10	686483
chromosome10	686641
chromosome10	686843
chromosome10	687036
chromosome10	687295
chromosome10	687606
chromosome10	687858
chromosome10	688166
chromosome10	688436
chromosome10	688632
chromosome10	688931
chromosome10	689227
chromosome10	689554
chromosome10	689844
chromosome10	690140
chromosome10	690378
chromosome10	690584
chromosome10	690705
chromosome10	690862
chromosome10	691052
chromosome10	691269
chromosome10	691516
chromosome10	691750
chromosome10	691895
chromosome10	692044
chromosome10	692243
chromosome10	692497
chromosome10	692682
chromosome10	692933
chromosome10	693146
chromosome10	693282
chromosome10	693490
chromosome10	693673
chromosome10	693873
chromosome10	694060
chromosome10	694253
chromosome10	694439
chromosome10	694583
chromosome10	694738
chromosome10	694865
chromosome10	695067
chromosome10	695292
chromosome10	695541
chromosome10	695757
chromosome10	695893
chromosome10	696058
chromosome10	696221
chromosome10	696416
chromosome10	696601
chromosome10	696893
chromosome10	697170
chromosome10	697302
chromosome10	697480
chromosome10	697666
chromosome10	697878
chromosome10	698086
chromosome10	698250
chromosome10	698429
chromosome10	698581
chromosome10	698789
chromosome10	698992
chromosome10	699143
chromosome10	699295
chromosome10	699442
chromosome10	699604
chromosome10	699817
chromosome10	699985
chromosome10	700162
chromosome10	700369
chromosome10	700509
chromosome10	700660
chromosome10	700801
chromosome10	700913
chromosome10	701028
chromosome10	701148
chromosome10	701394
chromosome10	701619
chromosome10	702597
chromosome10	702966
chromosome10	703204
chromosome10	703349
chromosome10	703553
chromosome10	703673
chromosome10	703809
chromosome10	703942
chromosome10	704066
chromosome10	704188
chromosome10	704375
chromosome10	704454
chromosome10	704571
chromosome10	704680
chromosome10	704794
chromosome10	704881
chromosome10	704989
chromosome10	705110
chromosome10	705215
chromosome10	705356
chromosome10	705481
chromosome10	705593
chromosome10	705802
chromosome10	705938
chromosome10	706123
chromosome10	706256
chromosome10	706491
chromosome10	706625
chromosome10	706850
chromosome10	707044
chromosome10	707210
chromosome10	707352
chromosome10	707485
chromosome10	707611
chromosome10	707744
chromosome10	707889
chromosome10	708034
chromosome10	708158
chromosome10	708905
chromosome10	709086
chromosome10	709332
chromosome10	709521
chromosome10	709666
chromosome10	709822
chromosome10	709984
chromosome10	710092
chromosome10	713657
chromosome10	713913
chromosome10	714045
chromosome11	4145
chromosome11	4270
chromosome11	4434
chromosome11	4611
chromosome11	4790
chromosome11	5114
chromosome11	5300
chromosome11	5508
chromosome11	6119
chromosome11	6231
chromosome11	6441
chromosome11	6633
chromosome11	6751
chromosome11	6856
chromosome11	7054
chromosome11	7250
chromosome11	7450
chromosome11	8053
chromosome11	8631
chromosome11	8762
chromosome11	8879
chromosome11	9055
chromosome11	9255
chromosome11	9363
chromosome11	10470
chromosome11	10589
chromosome11	10718
chromosome11	10877
chromosome11	11032
chromosome11	11164
chromosome11	11317
chromosome11	11519
chromosome11	11627
chromosome11	11849
chromosome11	12119
chromosome11	12437
chromosome11	12796
chromosome11	13049
chromosome11	13236
chromosome11	14785
chromosome11	14911
chromosome11	15079
chromosome11	15206
chromosome11	15312
chromosome11	15478
chromosome11	15676
chromosome11	16490
chromosome11	16634
chromosome11	16755
chromosome11	16867
chromosome11	17034
chromosome11	17141
chromosome11	17358
chromosome11	17539
chromosome11	17668
chromosome11	17848
chromosome11	18027
chromosome11	18197
chromosome11	18631
chromosome11	18812
chromosome11	18968
chromosome11	19108
chromosome11	19264
chromosome11	19378
chromosome11	19519
chromosome11	19889
chromosome11	20015
chromosome11	20503
chromosome11	20640
chromosome11	20761
chromosome11	20902
chromosome11	21058
chromosome11	21409
chromosome11	21547
chromosome11	21801
chromosome11	22207
chromosome11	22397
chromosome11	22578
chromosome11	22813
chromosome11	23077
chromosome11	23289
chromosome11	23486
chromosome11	23703
chromosome11	23901
chromosome11	24100
chromosome11	24307
chromosome11	24438
chromosome11	24532
chromosome11	24805
chromosome11	24899
chromosome11	25061
chromosome11	25212
chromosome11	25418
chromosome11	25613
chromosome11	25895
chromosome11	26075
chromosome11	26280
chromosome11	26805
chromosome11	26962
chromosome11	27139
chromosome11	27343
chromosome11	27589
chromosome11	27789
chromosome11	28014
chromosome11	28255
chromosome11	28520
chromosome11	28711
chromosome11	28896
chromosome11	29059
chromosome11	29329
chromosome11	29512
chromosome11	29764
chromosome11	29923
chromosome11	30125
chromosome11	30304
chromosome11	30472
chromosome11	30715
chromosome11	30887
chromosome11	31112
chromosome11	31239
chromosome11	31463
chromosome11	31702
chromosome11	31805
chromosome11	32011
chromosome11	32201
chromosome11	32412
chromosome11	32585
chromosome11	32809
chromosome11	33006
chromosome11	33193
chromosome11	33492
chromosome11	33703
chromosome11	33883
chromosome11	34132
chromosome11	34416
chromosome11	34659
chromosome11	34909
chromosome11	35141
chromosome11	35382
chromosome11	35656
chromosome11	35907
chromosome11	36249
chromosome11	36686
chromosome11	36921
chromosome11	37149
chromosome11	37320
chromosome11	37551
chromosome11	37758
chromosome11	37995
chromosome11	38221
chromosome11	38356
chromosome11	38499
chromosome11	38719
chromosome11	38920
chromosome11	39112
chromosome11	39393
chromosome11	39637
chromosome11	39804
chromosome11	40029
chromosome11	40204
chromosome11	40517
chromosome11	40785
chromosome11	41036
chromosome11	41259
chromosome11	41516
chromosome11	41721
chromosome11	42588
chromosome11	42760
chromosome11	42925
chromosome11	43096
chromosome11	43272
chromosome11	43458
chromosome11	43695
chromosome11	43886
chromosome11	44056
chromosome11	44256
chromosome11	44394
chromosome11	44562
chromosome11	44780
chromosome11	44930
chromosome11	45115
chromosome11	45293
chromosome11	45489
chromosome11	45706
chromosome11	45885
chromosome11	46092
chromosome11	46211
chromosome11	46376
chromosome11	46474
chromosome11	47213
chromosome11	47437
chromosome11	47655
chromosome11	47840
chromosome11	48017
chromosome11	48191
chromosome11	48427
chromosome11	48679
chromosome11	48917
chromosome11	49110
chromosome11	49375
chromosome11	49543
chromosome11	49771
chromosome11	50023
chromosome11	50288
chromosome11	50548
chromosome11	52096
chromosome11	52321
chromosome11	52707
chromosome11	52988
chromosome11	53239
chromosome11	53723
chromosome11	53913
chromosome11	54116
chromosome11	54285
chromosome11	54528
chromosome11	54662
chromosome11	54890
chromosome11	55071
chromosome11	55293
chromosome11	55506
chromosome11	55805
chromosome11	55928
chromosome11	56152
chromosome11	56471
chromosome11	56744
chromosome11	57107
chromosome11	57357
chromosome11	57561
chromosome11	57774
chromosome11	57996
chromosome11	58262
chromosome11	58556
chromosome11	58792
chromosome11	58984
chromosome11	59280
chromosome11	59533
chromosome11	59750
chromosome11	60001
chromosome11	60263
chromosome11	60483
chromosome11	60772
chromosome11	61011
chromosome11	61338
chromosome11	61661
chromosome11	61884
chromosome11	62112
chromosome11	62346
chromosome11	62534
chromosome11	62680
chromosome11	62901
chromosome11	63060
chromosome11	63253
chromosome11	63479
chromosome11	63754
chromosome11	64497
chromosome11	64663
chromosome11	64854
chromosome11	65135
chromosome11	65343
chromosome11	65549
chromosome11	65720
chromosome11	65906
chromosome11	66069
chromosome11	66206
chromosome11	66373
chromosome11	66546
chromosome11	66741
chromosome11	66921
chromosome11	67104
chromosome11	67290
chromosome11	67460
chromosome11	68239
chromosome11	68623
chromosome11	68871
chromosome11	68997
chromosome11	69156
chromosome11	69396
chromosome11	69576
chromosome11	69811
chromosome11	69975
chromosome11	70170
chromosome11	70460
chromosome11	70674
chromosome11	70842
chromosome11	71013
chromosome11	71222
chromosome11	71412
chromosome11	71649
chromosome11	71840
chromosome11	72027
chromosome11	72219
chromosome11	72400
chromosome11	72584
chromosome11	72771
chromosome11	72901
chromosome11	73063
chromosome11	73181
chromosome11	73365
chromosome11	73580
chromosome11	73803
chromosome11	73955
chromosome11	74223
chromosome11	74780
chromosome11	75130
chromosome11	75377
chromosome11	75562
chromosome11	75723
chromosome11	75840
chromosome11	76027
chromosome11	76223
chromosome11	76357
chromosome11	76522
chromosome11	76738
chromosome11	76953
chromosome11	77169
chromosome11	77309
chromosome11	77512
chromosome11	77713
chromosome11	77930
chromosome11	78119
chromosome11	78440
chromosome11	78617
chromosome11	79024
chromosome11	79202
chromosome11	79511
chromosome11	79762
chromosome11	79922
chromosome11	80276
chromosome11	80506
chromosome11	80656
chromosome11	80981
chromosome11	81146
chromosome11	81327
chromosome11	81532
chromosome11	81709
chromosome11	81826
chromosome11	81982
chromosome11	82267
chromosome11	82399
chromosome11	82564
chromosome11	82818
chromosome11	83015
chromosome11	83316
chromosome11	83618
chromosome11	84319
chromosome11	84464
chromosome11	84628
chromosome11	84849
chromosome11	85047
chromosome11	85263
chromosome11	85449
chromosome11	85662
chromosome11	85852
chromosome11	86367
chromosome11	86525
chromosome11	86737
chromosome11	86974
chromosome11	87200
chromosome11	87402
chromosome11	87595
chromosome11	87757
chromosome11	88016
chromosome11	88223
chromosome11	88443
chromosome11	88618
chromosome11	89243
chromosome11	89443
chromosome11	89580
chromosome11	89757
chromosome11	89917
chromosome11	90118
chromosome11	90285
chromosome11	90450
chromosome11	90607
chromosome11	90767
chromosome11	90955
chromosome11	91129
chromosome11	91291
chromosome11	91498
chromosome11	91638
chromosome11	91780
chromosome11	91876
chromosome11	92060
chromosome11	92186
chromosome11	92380
chromosome11	92501
chromosome11	92628
chromosome11	92996
chromosome11	93302
chromosome11	93468
chromosome11	93575
chromosome11	93713
chromosome11	93850
chromosome11	94034
chromosome11	94660
chromosome11	94859
chromosome11	95095
chromosome11	95259
chromosome11	95407
chromosome11	95541
chromosome11	95719
chromosome11	95838
chromosome11	96022
chromosome11	96259
chromosome11	96459
chromosome11	96611
chromosome11	96773
chromosome11	96962
chromosome11	97140
chromosome11	97379
chromosome11	97559
chromosome11	97737
chromosome11	97983
chromosome11	98271
chromosome11	98608
chromosome11	98759
chromosome11	99007
chromosome11	99202
chromosome11	99383
chromosome11	99625
chromosome11	99840
chromosome11	99991
chromosome11	100703
chromosome11	100938
chromosome11	101156
chromosome11	101414
chromosome11	101639
chromosome11	101905
chromosome11	102254
chromosome11	102473
chromosome11	102746
chromosome11	103097
chromosome11	103340
chromosome11	103565
chromosome11	103798
chromosome11	104030
chromosome11	104299
chromosome11	104488
chromosome11	104693
chromosome11	104884
chromosome11	105107
chromosome11	105302
chromosome11	105662
chromosome11	105949
chromosome11	106253
chromosome11	106528
chromosome11	106757
chromosome11	107134
chromosome11	107311
chromosome11	107702
chromosome11	107993
chromosome11	108228
chromosome11	108459
chromosome11	108845
chromosome11	108984
chromosome11	109110
chromosome11	109236
chromosome11	109605
chromosome11	110497
chromosome11	110744
chromosome11	110910
chromosome11	111172
chromosome11	111362
chromosome11	111571
chromosome11	111787
chromosome11	112010
chromosome11	112240
chromosome11	112489
chromosome11	112643
chromosome11	112771
chromosome11	113101
chromosome11	113277
chromosome11	113397
chromosome11	113559
chromosome11	113703
chromosome11	113902
chromosome11	114166
chromosome11	114427
chromosome11	114584
chromosome11	114942
chromosome11	115130
chromosome11	115300
chromosome11	115662
chromosome11	115879
chromosome11	116114
chromosome11	116376
chromosome11	116592
chromosome11	116773
chromosome11	116962
chromosome11	117207
chromosome11	117394
chromosome11	117656
chromosome11	117854
chromosome11	118018
chromosome11	118235
chromosome11	118371
chromosome11	118516
chromosome11	118616
chromosome11	118805
chromosome11	119115
chromosome11	119310
chromosome11	119501
chromosome11	119706
chromosome11	119920
chromosome11	120195
chromosome11	120436
chromosome11	120620
chromosome11	120888
chromosome11	121121
chromosome11	121430
chromosome11	121727
chromosome11	121985
chromosome11	122281
chromosome11	122467
chromosome11	122632
chromosome11	122784
chromosome11	123020
chromosome11	123295
chromosome11	123458
chromosome11	123611
chromosome11	123789
chromosome11	123968
chromosome11	124172
chromosome11	124382
chromosome11	124553
chromosome11	124741
chromosome11	124931
chromosome11	125124
chromosome11	125345
chromosome11	125538
chromosome11	125722
chromosome11	125952
chromosome11	126335
chromosome11	126568
chromosome11	126898
chromosome11	127134
chromosome11	127257
chromosome11	127502
chromosome11	127655
chromosome11	127849
chromosome11	128070
chromosome11	128264
chromosome11	128556
chromosome11	128755
chromosome11	128973
chromosome11	129130
chromosome11	129297
chromosome11	129489
chromosome11	129675
chromosome11	129854
chromosome11	129993
chromosome11	130167
chromosome11	130426
chromosome11	130562
chromosome11	130789
chromosome11	131063
chromosome11	131466
chromosome11	131717
chromosome11	131984
chromosome11	132197
chromosome11	132370
chromosome11	132491
chromosome11	132724
chromosome11	132877
chromosome11	133055
chromosome11	133195
chromosome11	133341
chromosome11	133499
chromosome11	133714
chromosome11	133922
chromosome11	134238
chromosome11	134713
chromosome11	134950
chromosome11	135210
chromosome11	135491
chromosome11	135658
chromosome11	135879
chromosome11	136164
chromosome11	136352
chromosome11	136484
chromosome11	136666
chromosome11	136843
chromosome11	136973
chromosome11	137127
chromosome11	137351
chromosome11	137560
chromosome11	138028
chromosome11	138347
chromosome11	138583
chromosome11	138784
chromosome11	139006
chromosome11	139534
chromosome11	139813
chromosome11	140115
chromosome11	140455
chromosome11	140699
chromosome11	140855
chromosome11	140987
chromosome11	141745
chromosome11	141995
chromosome11	142655
chromosome11	143097
chromosome11	143294
chromosome11	143451
chromosome11	143599
chromosome11	143759
chromosome11	143926
chromosome11	144083
chromosome11	144304
chromosome11	144604
chromosome11	145127
chromosome11	145371
chromosome11	145540
chromosome11	145964
chromosome11	146070
chromosome11	146179
chromosome11	146326
chromosome11	146473
chromosome11	146611
chromosome11	146739
chromosome11	146843
chromosome11	147011
chromosome11	147270
chromosome11	147408
chromosome11	147559
chromosome11	147713
chromosome11	147857
chromosome11	148037
chromosome11	148211
chromosome11	148395
chromosome11	148614
chromosome11	148838
chromosome11	148984
chromosome11	149164
chromosome11	149311
chromosome11	149466
chromosome11	149606
chromosome11	149803
chromosome11	149943
chromosome11	150090
chromosome11	150258
chromosome11	150473
chromosome11	150669
chromosome11	150809
chromosome11	150974
chromosome11	151306
chromosome11	151508
chromosome11	151699
chromosome11	151863
chromosome11	152031
chromosome11	152222
chromosome11	152380
chromosome11	152524
chromosome11	152642
chromosome11	152802
chromosome11	153493
chromosome11	154006
chromosome11	154245
chromosome11	154422
chromosome11	154568
chromosome11	154710
chromosome11	154917
chromosome11	155077
chromosome11	155269
chromosome11	155483
chromosome11	155675
chromosome11	155875
chromosome11	156120
chromosome11	156342
chromosome11	156677
chromosome11	156953
chromosome11	157139
chromosome11	157298
chromosome11	157499
chromosome11	157738
chromosome11	157964
chromosome11	158181
chromosome11	158388
chromosome11	158584
chromosome11	158729
chromosome11	158844
chromosome11	159008
chromosome11	159254
chromosome11	159699
chromosome11	159923
chromosome11	160149
chromosome11	160374
chromosome11	160580
chromosome11	160734
chromosome11	160953
chromosome11	161138
chromosome11	161306
chromosome11	161449
chromosome11	161597
chromosome11	161769
chromosome11	161999
chromosome11	162179
chromosome11	163068
chromosome11	163240
chromosome11	163372
chromosome11	163481
chromosome11	163726
chromosome11	164147
chromosome11	164583
chromosome11	164932
chromosome11	165116
chromosome11	165355
chromosome11	165544
chromosome11	165787
chromosome11	166003
chromosome11	166183
chromosome11	166388
chromosome11	166496
chromosome11	166678
chromosome11	166874
chromosome11	167065
chromosome11	167784
chromosome11	167979
chromosome11	168175
chromosome11	168419
chromosome11	168645
chromosome11	169289
chromosome11	169520
chromosome11	169825
chromosome11	170068
chromosome11	170440
chromosome11	170725
chromosome11	171040
chromosome11	171246
chromosome11	171365
chromosome11	171520
chromosome11	171668
chromosome11	171798
chromosome11	171974
chromosome11	172122
chromosome11	172331
chromosome11	172559
chromosome11	172890
chromosome11	173057
chromosome11	173312
chromosome11	173501
chromosome11	173756
chromosome11	173963
chromosome11	174108
chromosome11	174278
chromosome11	174524
chromosome11	174648
chromosome11	174957
chromosome11	175265
chromosome11	175870
chromosome11	176137
chromosome11	176422
chromosome11	176551
chromosome11	176735
chromosome11	177114
chromosome11	177293
chromosome11	177482
chromosome11	177681
chromosome11	177925
chromosome11	178166
chromosome11	178293
chromosome11	178441
chromosome11	178568
chromosome11	178832
chromosome11	179086
chromosome11	179379
chromosome11	179528
chromosome11	179666
chromosome11	179837
chromosome11	180092
chromosome11	180940
chromosome11	181189
chromosome11	181438
chromosome11	181717
chromosome11	181991
chromosome11	182157
chromosome11	182342
chromosome11	183023
chromosome11	183204
chromosome11	183470
chromosome11	183771
chromosome11	184004
chromosome11	184265
chromosome11	184703
chromosome11	184951
chromosome11	185104
chromosome11	185514
chromosome11	185737
chromosome11	185904
chromosome11	186148
chromosome11	186485
chromosome11	186617
chromosome11	186829
chromosome11	187068
chromosome11	187264
chromosome11	187518
chromosome11	187749
chromosome11	187984
chromosome11	188218
chromosome11	188476
chromosome11	188810
chromosome11	189017
chromosome11	189169
chromosome11	189371
chromosome11	189679
chromosome11	189967
chromosome11	190222
chromosome11	190445
chromosome11	190625
chromosome11	190899
chromosome11	191104
chromosome11	191311
chromosome11	191485
chromosome11	191692
chromosome11	191860
chromosome11	192016
chromosome11	192187
chromosome11	192372
chromosome11	192558
chromosome11	192746
chromosome11	192951
chromosome11	193159
chromosome11	193482
chromosome11	193587
chromosome11	193808
chromosome11	193990
chromosome11	194146
chromosome11	194308
chromosome11	194487
chromosome11	194643
chromosome11	194825
chromosome11	194995
chromosome11	195175
chromosome11	195335
chromosome11	195631
chromosome11	195849
chromosome11	196041
chromosome11	196468
chromosome11	196590
chromosome11	196766
chromosome11	196991
chromosome11	197130
chromosome11	197287
chromosome11	197461
chromosome11	197675
chromosome11	197903
chromosome11	198157
chromosome11	198368
chromosome11	198586
chromosome11	198797
chromosome11	199060
chromosome11	199267
chromosome11	199453
chromosome11	199676
chromosome11	199871
chromosome11	200195
chromosome11	200374
chromosome11	200492
chromosome11	200880
chromosome11	201028
chromosome11	201162
chromosome11	201307
chromosome11	201455
chromosome11	201578
chromosome11	201735
chromosome11	203680
chromosome11	203771
chromosome11	203969
chromosome11	204095
chromosome11	204186
chromosome11	204329
chromosome11	204500
chromosome11	204689
chromosome11	204839
chromosome11	204972
chromosome11	205130
chromosome11	205417
chromosome11	205550
chromosome11	205698
chromosome11	205895
chromosome11	206012
chromosome11	206154
chromosome11	206298
chromosome11	206473
chromosome11	206634
chromosome11	206804
chromosome11	207047
chromosome11	207269
chromosome11	207515
chromosome11	207769
chromosome11	207897
chromosome11	208136
chromosome11	208260
chromosome11	208444
chromosome11	208649
chromosome11	208972
chromosome11	209127
chromosome11	209265
chromosome11	209404
chromosome11	209662
chromosome11	209893
chromosome11	210007
chromosome11	210162
chromosome11	210369
chromosome11	210603
chromosome11	210714
chromosome11	210868
chromosome11	211047
chromosome11	211225
chromosome11	211411
chromosome11	211609
chromosome11	211807
chromosome11	211960
chromosome11	212083
chromosome11	212194
chromosome11	212647
chromosome11	212876
chromosome11	213012
chromosome11	213124
chromosome11	213281
chromosome11	213475
chromosome11	213783
chromosome11	213942
chromosome11	214103
chromosome11	214270
chromosome11	214393
chromosome11	214576
chromosome11	214724
chromosome11	214936
chromosome11	215143
chromosome11	215374
chromosome11	215572
chromosome11	215793
chromosome11	215965
chromosome11	216190
chromosome11	216353
chromosome11	216536
chromosome11	216734
chromosome11	216898
chromosome11	217357
chromosome11	217667
chromosome11	218015
chromosome11	218335
chromosome11	218593
chromosome11	218813
chromosome11	219039
chromosome11	219201
chromosome11	219373
chromosome11	219959
chromosome11	220166
chromosome11	220299
chromosome11	220554
chromosome11	220908
chromosome11	221289
chromosome11	221429
chromosome11	221611
chromosome11	221780
chromosome11	221977
chromosome11	222117
chromosome11	222331
chromosome11	222506
chromosome11	222722
chromosome11	222885
chromosome11	223084
chromosome11	223324
chromosome11	223518
chromosome11	223710
chromosome11	223958
chromosome11	224165
chromosome11	224385
chromosome11	224556
chromosome11	224740
chromosome11	224930
chromosome11	225165
chromosome11	225435
chromosome11	225663
chromosome11	225917
chromosome11	226056
chromosome11	226246
chromosome11	226386
chromosome11	226596
chromosome11	226836
chromosome11	227016
chromosome11	227192
chromosome11	227405
chromosome11	227601
chromosome11	227820
chromosome11	228011
chromosome11	228159
chromosome11	228350
chromosome11	228492
chromosome11	228690
chromosome11	229029
chromosome11	229178
chromosome11	229407
chromosome11	229637
chromosome11	229839
chromosome11	230006
chromosome11	230170
chromosome11	230304
chromosome11	230436
chromosome11	230622
chromosome11	230746
chromosome11	230885
chromosome11	231003
chromosome11	231110
chromosome11	231228
chromosome11	231377
chromosome11	232300
chromosome11	232449
chromosome11	232848
chromosome11	233018
chromosome11	233136
chromosome11	233433
chromosome11	233531
chromosome11	233707
chromosome11	234411
chromosome11	234617
chromosome11	234807
chromosome11	234974
chromosome11	235123
chromosome11	235310
chromosome11	235471
chromosome11	235618
chromosome11	235801
chromosome11	236102
chromosome11	236254
chromosome11	236398
chromosome11	236601
chromosome11	236873
chromosome11	237040
chromosome11	237238
chromosome11	237482
chromosome11	237627
chromosome11	237820
chromosome11	238063
chromosome11	238310
chromosome11	238507
chromosome11	238719
chromosome11	239179
chromosome11	239341
chromosome11	239513
chromosome11	239678
chromosome11	239840
chromosome11	239989
chromosome11	240145
chromosome11	240258
chromosome11	240372
chromosome11	240528
chromosome11	240808
chromosome11	240992
chromosome11	241095
chromosome11	241251
chromosome11	241390
chromosome11	241531
chromosome11	241692
chromosome11	241870
chromosome11	242036
chromosome11	242174
chromosome11	242345
chromosome11	242494
chromosome11	242799
chromosome11	243277
chromosome11	243592
chromosome11	243892
chromosome11	244138
chromosome11	244498
chromosome11	244813
chromosome11	245119
chromosome11	245419
chromosome11	245648
chromosome11	245804
chromosome11	246417
chromosome11	246636
chromosome11	246839
chromosome11	247041
chromosome11	247361
chromosome11	247555
chromosome11	247745
chromosome11	247888
chromosome11	248072
chromosome11	248230
chromosome11	248368
chromosome11	248522
chromosome11	248640
chromosome11	249088
chromosome11	249366
chromosome11	249679
chromosome11	249927
chromosome11	250113
chromosome11	250324
chromosome11	250478
chromosome11	250666
chromosome11	250815
chromosome11	250998
chromosome11	251171
chromosome11	251306
chromosome11	251492
chromosome11	251634
chromosome11	251797
chromosome11	251956
chromosome11	252156
chromosome11	252303
chromosome11	252478
chromosome11	252656
chromosome11	252882
chromosome11	252994
chromosome11	253150
chromosome11	253434
chromosome11	253737
chromosome11	253930
chromosome11	254150
chromosome11	254400
chromosome11	254592
chromosome11	254817
chromosome11	255002
chromosome11	255206
chromosome11	255390
chromosome11	255590
chromosome11	255755
chromosome11	256012
chromosome11	256221
chromosome11	256475
chromosome11	256607
chromosome11	256711
chromosome11	256870
chromosome11	257087
chromosome11	257251
chromosome11	257516
chromosome11	257692
chromosome11	257869
chromosome11	257975
chromosome11	258136
chromosome11	258344
chromosome11	258496
chromosome11	258634
chromosome11	258770
chromosome11	258906
chromosome11	259362
chromosome11	260212
chromosome11	260297
chromosome11	260405
chromosome11	260516
chromosome11	260632
chromosome11	260765
chromosome11	261121
chromosome11	261288
chromosome11	261409
chromosome11	261542
chromosome11	261689
chromosome11	261832
chromosome11	262072
chromosome11	262314
chromosome11	262483
chromosome11	262650
chromosome11	262762
chromosome11	262900
chromosome11	262989
chromosome11	263115
chromosome11	263219
chromosome11	263380
chromosome11	263498
chromosome11	263669
chromosome11	263846
chromosome11	263999
chromosome11	264155
chromosome11	264275
chromosome11	264385
chromosome11	264533
chromosome11	264701
chromosome11	264852
chromosome11	265021
chromosome11	265183
chromosome11	265369
chromosome11	265578
chromosome11	265709
chromosome11	266241
chromosome11	266393
chromosome11	266696
chromosome11	266867
chromosome11	267063
chromosome11	267282
chromosome11	267579
chromosome11	267780
chromosome11	268315
chromosome11	268545
chromosome11	268762
chromosome11	269016
chromosome11	269253
chromosome11	269411
chromosome11	269572
chromosome11	269724
chromosome11	269923
chromosome11	270177
chromosome11	270450
chromosome11	270634
chromosome11	270813
chromosome11	270969
chromosome11	271077
chromosome11	271196
chromosome11	271362
chromosome11	271599
chromosome11	271743
chromosome11	271930
chromosome11	272110
chromosome11	272315
chromosome11	272452
chromosome11	272563
chromosome11	272691
chromosome11	272873
chromosome11	273068
chromosome11	273255
chromosome11	273517
chromosome11	273689
chromosome11	273856
chromosome11	274044
chromosome11	274233
chromosome11	274523
chromosome11	274741
chromosome11	274993
chromosome11	275172
chromosome11	275322
chromosome11	275503
chromosome11	275663
chromosome11	275904
chromosome11	276097
chromosome11	276320
chromosome11	276625
chromosome11	276923
chromosome11	277393
chromosome11	277669
chromosome11	277778
chromosome11	277921
chromosome11	278071
chromosome11	278282
chromosome11	278665
chromosome11	278889
chromosome11	279090
chromosome11	279278
chromosome11	279515
chromosome11	279753
chromosome11	279985
chromosome11	280623
chromosome11	280760
chromosome11	281114
chromosome11	281358
chromosome11	281575
chromosome11	281749
chromosome11	281989
chromosome11	282186
chromosome11	282409
chromosome11	282609
chromosome11	282716
chromosome11	282851
chromosome11	283021
chromosome11	283186
chromosome11	283541
chromosome11	283720
chromosome11	283981
chromosome11	284227
chromosome11	284698
chromosome11	284831
chromosome11	284953
chromosome11	285218
chromosome11	285423
chromosome11	285761
chromosome11	286108
chromosome11	286773
chromosome11	286947
chromosome11	287205
chromosome11	287402
chromosome11	287583
chromosome11	288044
chromosome11	288301
chromosome11	288525
chromosome11	288702
chromosome11	288881
chromosome11	289034
chromosome11	289244
chromosome11	289527
chromosome11	289750
chromosome11	290021
chromosome11	290285
chromosome11	290465
chromosome11	290653
chromosome11	290891
chromosome11	291221
chromosome11	291442
chromosome11	291614
chromosome11	291797
chromosome11	292046
chromosome11	292238
chromosome11	292480
chromosome11	292703
chromosome11	293059
chromosome11	293277
chromosome11	293483
chromosome11	293784
chromosome11	293904
chromosome11	294141
chromosome11	294343
chromosome11	294519
chromosome11	294700
chromosome11	294847
chromosome11	294970
chromosome11	295110
chromosome11	295224
chromosome11	295405
chromosome11	295538
chromosome11	295699
chromosome11	295870
chromosome11	296034
chromosome11	296197
chromosome11	296360
chromosome11	296568
chromosome11	296797
chromosome11	297051
chromosome11	297313
chromosome11	297512
chromosome11	297746
chromosome11	297903
chromosome11	298065
chromosome11	298254
chromosome11	298490
chromosome11	298649
chromosome11	298824
chromosome11	299201
chromosome11	299961
chromosome11	300212
chromosome11	300418
chromosome11	300666
chromosome11	300874
chromosome11	301069
chromosome11	301256
chromosome11	301426
chromosome11	301629
chromosome11	301807
chromosome11	301925
chromosome11	302896
chromosome11	303041
chromosome11	303152
chromosome11	303325
chromosome11	303618
chromosome11	303715
chromosome11	303848
chromosome11	304100
chromosome11	304229
chromosome11	304474
chromosome11	304592
chromosome11	304741
chromosome11	305020
chromosome11	305173
chromosome11	305328
chromosome11	305474
chromosome11	305611
chromosome11	305748
chromosome11	305882
chromosome11	306031
chromosome11	306140
chromosome11	306254
chromosome11	306371
chromosome11	306472
chromosome11	306570
chromosome11	306659
chromosome11	306779
chromosome11	307124
chromosome11	307271
chromosome11	307396
chromosome11	307607
chromosome11	307826
chromosome11	307982
chromosome11	308082
chromosome11	308819
chromosome11	309059
chromosome11	309222
chromosome11	309328
chromosome11	309496
chromosome11	309883
chromosome11	310016
chromosome11	310207
chromosome11	310395
chromosome11	310583
chromosome11	310753
chromosome11	310897
chromosome11	311288
chromosome11	311419
chromosome11	311531
chromosome11	311704
chromosome11	311813
chromosome11	311997
chromosome11	312145
chromosome11	312273
chromosome11	312457
chromosome11	312570
chromosome11	312746
chromosome11	312964
chromosome11	313111
chromosome11	313348
chromosome11	314672
chromosome11	314850
chromosome11	315068
chromosome11	315293
chromosome11	315443
chromosome11	315570
chromosome11	315710
chromosome11	315814
chromosome11	316489
chromosome11	316704
chromosome11	316988
chromosome11	317150
chromosome11	317283
chromosome11	317393
chromosome11	317532
chromosome11	317638
chromosome11	317838
chromosome11	318029
chromosome11	318204
chromosome11	318381
chromosome11	318565
chromosome11	318881
chromosome11	319153
chromosome11	319492
chromosome11	319713
chromosome11	320021
chromosome11	320247
chromosome11	320579
chromosome11	320984
chromosome11	321235
chromosome11	321592
chromosome11	321713
chromosome11	321897
chromosome11	322054
chromosome11	322768
chromosome11	322896
chromosome11	323312
chromosome11	323459
chromosome11	323606
chromosome11	323740
chromosome11	323856
chromosome11	324045
chromosome11	324237
chromosome11	324397
chromosome11	324555
chromosome11	324762
chromosome11	324908
chromosome11	325127
chromosome11	325884
chromosome11	326047
chromosome11	326576
chromosome11	326807
chromosome11	327134
chromosome11	327413
chromosome11	327699
chromosome11	327926
chromosome11	328071
chromosome11	328187
chromosome11	328325
chromosome11	328467
chromosome11	328736
chromosome11	329004
chromosome11	329222
chromosome11	329462
chromosome11	329574
chromosome11	330141
chromosome11	330384
chromosome11	330583
chromosome11	331066
chromosome11	331271
chromosome11	331561
chromosome11	331758
chromosome11	331954
chromosome11	332353
chromosome11	332570
chromosome11	332723
chromosome11	332910
chromosome11	333167
chromosome11	333393
chromosome11	333601
chromosome11	333824
chromosome11	334012
chromosome11	334385
chromosome11	334688
chromosome11	335401
chromosome11	335619
chromosome11	335762
chromosome11	335945
chromosome11	336059
chromosome11	336227
chromosome11	336709
chromosome11	337063
chromosome11	337625
chromosome11	337800
chromosome11	337994
chromosome11	338212
chromosome11	338481
chromosome11	339242
chromosome11	339477
chromosome11	339624
chromosome11	339771
chromosome11	339931
chromosome11	340137
chromosome11	340239
chromosome11	340421
chromosome11	340626
chromosome11	340966
chromosome11	341356
chromosome11	341552
chromosome11	341784
chromosome11	342013
chromosome11	342248
chromosome11	342373
chromosome11	342503
chromosome11	342957
chromosome11	343164
chromosome11	343312
chromosome11	343428
chromosome11	343545
chromosome11	343738
chromosome11	343867
chromosome11	344084
chromosome11	344209
chromosome11	344378
chromosome11	344574
chromosome11	344701
chromosome11	344861
chromosome11	345017
chromosome11	345152
chromosome11	345278
chromosome11	345435
chromosome11	345604
chromosome11	345749
chromosome11	346013
chromosome11	346282
chromosome11	346493
chromosome11	346639
chromosome11	347235
chromosome11	347414
chromosome11	347567
chromosome11	347738
chromosome11	347897
chromosome11	348022
chromosome11	348186
chromosome11	348394
chromosome11	348587
chromosome11	348760
chromosome11	348933
chromosome11	349105
chromosome11	349245
chromosome11	349396
chromosome11	349547
chromosome11	349722
chromosome11	349918
chromosome11	350066
chromosome11	350209
chromosome11	350383
chromosome11	350556
chromosome11	350758
chromosome11	350925
chromosome11	351467
chromosome11	351714
chromosome11	351981
chromosome11	352289
chromosome11	352553
chromosome11	352698
chromosome11	352852
chromosome11	353006
chromosome11	353120
chromosome11	353235
chromosome11	353392
chromosome11	353552
chromosome11	353786
chromosome11	353926
chromosome11	354122
chromosome11	354346
chromosome11	354551
chromosome11	354853
chromosome11	355058
chromosome11	355324
chromosome11	355449
chromosome11	355567
chromosome11	355701
chromosome11	355832
chromosome11	355946
chromosome11	356076
chromosome11	356215
chromosome11	356362
chromosome11	356530
chromosome11	356739
chromosome11	356931
chromosome11	357053
chromosome11	357204
chromosome11	357348
chromosome11	357549
chromosome11	357712
chromosome11	357864
chromosome11	358159
chromosome11	358672
chromosome11	358914
chromosome11	359042
chromosome11	359231
chromosome11	359460
chromosome11	359614
chromosome11	360131
chromosome11	360368
chromosome11	360603
chromosome11	360773
chromosome11	360964
chromosome11	361151
chromosome11	361427
chromosome11	361673
chromosome11	361813
chromosome11	362010
chromosome11	362146
chromosome11	362267
chromosome11	362434
chromosome11	362640
chromosome11	362783
chromosome11	363084
chromosome11	363314
chromosome11	363550
chromosome11	363775
chromosome11	364013
chromosome11	364205
chromosome11	364539
chromosome11	364649
chromosome11	364775
chromosome11	364976
chromosome11	365104
chromosome11	365218
chromosome11	365404
chromosome11	365538
chromosome11	365688
chromosome11	365885
chromosome11	366045
chromosome11	366294
chromosome11	366493
chromosome11	366705
chromosome11	366834
chromosome11	366977
chromosome11	367124
chromosome11	367380
chromosome11	367502
chromosome11	367784
chromosome11	367926
chromosome11	368085
chromosome11	368280
chromosome11	368448
chromosome11	368558
chromosome11	368748
chromosome11	368941
chromosome11	369055
chromosome11	369269
chromosome11	369422
chromosome11	369581
chromosome11	369774
chromosome11	369920
chromosome11	370136
chromosome11	370452
chromosome11	370703
chromosome11	371007
chromosome11	371251
chromosome11	371626
chromosome11	371779
chromosome11	371975
chromosome11	372216
chromosome11	372445
chromosome11	372711
chromosome11	372925
chromosome11	373106
chromosome11	373319
chromosome11	373509
chromosome11	373668
chromosome11	373830
chromosome11	374056
chromosome11	374274
chromosome11	374413
chromosome11	374576
chromosome11	374810
chromosome11	375009
chromosome11	375196
chromosome11	375485
chromosome11	375658
chromosome11	375833
chromosome11	375999
chromosome11	376202
chromosome11	376390
chromosome11	376572
chromosome11	376748
chromosome11	376931
chromosome11	377093
chromosome11	377262
chromosome11	377412
chromosome11	377727
chromosome11	377890
chromosome11	378068
chromosome11	378242
chromosome11	378422
chromosome11	378560
chromosome11	378753
chromosome11	379189
chromosome11	379314
chromosome11	379441
chromosome11	380182
chromosome11	380341
chromosome11	380619
chromosome11	381030
chromosome11	381253
chromosome11	381684
chromosome11	381914
chromosome11	382110
chromosome11	382304
chromosome11	382806
chromosome11	383091
chromosome11	383373
chromosome11	383561
chromosome11	383736
chromosome11	384018
chromosome11	384324
chromosome11	384536
chromosome11	385251
chromosome11	385419
chromosome11	385714
chromosome11	385922
chromosome11	386245
chromosome11	386520
chromosome11	386755
chromosome11	387046
chromosome11	387646
chromosome11	387778
chromosome11	387998
chromosome11	388164
chromosome11	388419
chromosome11	388647
chromosome11	388833
chromosome11	389390
chromosome11	389563
chromosome11	389820
chromosome11	389964
chromosome11	390276
chromosome11	390564
chromosome11	390780
chromosome11	390905
chromosome11	391542
chromosome11	391689
chromosome11	391855
chromosome11	392100
chromosome11	392315
chromosome11	392565
chromosome11	392781
chromosome11	393000
chromosome11	393223
chromosome11	393407
chromosome11	393586
chromosome11	393691
chromosome11	393842
chromosome11	394024
chromosome11	394174
chromosome11	394335
chromosome11	394568
chromosome11	394793
chromosome11	394984
chromosome11	395200
chromosome11	395453
chromosome11	395749
chromosome11	395946
chromosome11	396235
chromosome11	396476
chromosome11	396768
chromosome11	396974
chromosome11	397171
chromosome11	397512
chromosome11	397719
chromosome11	397885
chromosome11	398148
chromosome11	398340
chromosome11	398571
chromosome11	398968
chromosome11	399144
chromosome11	399287
chromosome11	399435
chromosome11	399569
chromosome11	399702
chromosome11	399879
chromosome11	400028
chromosome11	400182
chromosome11	400385
chromosome11	400593
chromosome11	400715
chromosome11	400908
chromosome11	401038
chromosome11	401253
chromosome11	401523
chromosome11	401698
chromosome11	401876
chromosome11	402036
chromosome11	402180
chromosome11	402312
chromosome11	402483
chromosome11	402604
chromosome11	402797
chromosome11	402988
chromosome11	403181
chromosome11	403376
chromosome11	403560
chromosome11	403698
chromosome11	403903
chromosome11	404037
chromosome11	404202
chromosome11	404461
chromosome11	404801
chromosome11	405090
chromosome11	405312
chromosome11	405544
chromosome11	405700
chromosome11	405886
chromosome11	406069
chromosome11	406243
chromosome11	406437
chromosome11	406633
chromosome11	406870
chromosome11	407026
chromosome11	407248
chromosome11	407473
chromosome11	407719
chromosome11	407913
chromosome11	408190
chromosome11	408331
chromosome11	408466
chromosome11	408627
chromosome11	408854
chromosome11	409138
chromosome11	409333
chromosome11	409510
chromosome11	409708
chromosome11	409947
chromosome11	410214
chromosome11	410472
chromosome11	410781
chromosome11	410996
chromosome11	411156
chromosome11	411429
chromosome11	411765
chromosome11	411966
chromosome11	412119
chromosome11	412345
chromosome11	412550
chromosome11	412736
chromosome11	412935
chromosome11	413146
chromosome11	413319
chromosome11	413460
chromosome11	413627
chromosome11	413784
chromosome11	413961
chromosome11	414182
chromosome11	414373
chromosome11	414511
chromosome11	414825
chromosome11	415038
chromosome11	415211
chromosome11	415432
chromosome11	415657
chromosome11	415935
chromosome11	416101
chromosome11	416358
chromosome11	416587
chromosome11	416779
chromosome11	416952
chromosome11	417069
chromosome11	417605
chromosome11	417867
chromosome11	418087
chromosome11	418269
chromosome11	418477
chromosome11	418688
chromosome11	418958
chromosome11	419210
chromosome11	419381
chromosome11	419518
chromosome11	419711
chromosome11	419915
chromosome11	420057
chromosome11	420257
chromosome11	420443
chromosome11	420642
chromosome11	420945
chromosome11	421203
chromosome11	421475
chromosome11	421822
chromosome11	421987
chromosome11	422204
chromosome11	422409
chromosome11	422730
chromosome11	422894
chromosome11	423075
chromosome11	423341
chromosome11	423527
chromosome11	423749
chromosome11	423913
chromosome11	424100
chromosome11	424280
chromosome11	424526
chromosome11	424731
chromosome11	424881
chromosome11	425127
chromosome11	425381
chromosome11	425567
chromosome11	425783
chromosome11	425988
chromosome11	426131
chromosome11	426340
chromosome11	426597
chromosome11	426869
chromosome11	427151
chromosome11	427355
chromosome11	427578
chromosome11	427793
chromosome11	428021
chromosome11	428231
chromosome11	428453
chromosome11	428600
chromosome11	429192
chromosome11	429310
chromosome11	429467
chromosome11	429694
chromosome11	429847
chromosome11	430030
chromosome11	430194
chromosome11	430472
chromosome11	430668
chromosome11	430814
chromosome11	430936
chromosome11	431177
chromosome11	431305
chromosome11	431526
chromosome11	431713
chromosome11	432147
chromosome11	433204
chromosome11	433418
chromosome11	433609
chromosome11	433789
chromosome11	434001
chromosome11	434227
chromosome11	434452
chromosome11	434622
chromosome11	434825
chromosome11	435003
chromosome11	435114
chromosome11	435331
chromosome11	435558
chromosome11	435811
chromosome11	436110
chromosome11	436389
chromosome11	436698
chromosome11	437166
chromosome11	437519
chromosome11	437663
chromosome11	437891
chromosome11	438176
chromosome11	438357
chromosome11	438804
chromosome11	439063
chromosome11	439415
chromosome11	439580
chromosome11	439731
chromosome11	439835
chromosome11	440596
chromosome11	440909
chromosome11	441129
chromosome11	441404
chromosome11	441700
chromosome11	441955
chromosome11	442323
chromosome11	442539
chromosome11	442802
chromosome11	442977
chromosome11	443112
chromosome11	443362
chromosome11	443716
chromosome11	444032
chromosome11	444281
chromosome11	444540
chromosome11	444792
chromosome11	445047
chromosome11	445208
chromosome11	445456
chromosome11	445690
chromosome11	445986
chromosome11	446292
chromosome11	446565
chromosome11	447082
chromosome11	447281
chromosome11	447546
chromosome11	447887
chromosome11	448281
chromosome11	448471
chromosome11	448645
chromosome11	448816
chromosome11	448945
chromosome11	449121
chromosome11	449262
chromosome11	449450
chromosome11	449584
chromosome11	449771
chromosome11	449971
chromosome11	450149
chromosome11	450558
chromosome11	450744
chromosome11	450913
chromosome11	451117
chromosome11	451276
chromosome11	451431
chromosome11	451765
chromosome11	451908
chromosome11	452133
chromosome11	452302
chromosome11	452672
chromosome11	452888
chromosome11	453142
chromosome11	453338
chromosome11	453521
chromosome11	453740
chromosome11	453933
chromosome11	454451
chromosome11	454693
chromosome11	454944
chromosome11	455135
chromosome11	455355
chromosome11	455574
chromosome11	455897
chromosome11	456052
chromosome11	456229
chromosome11	456487
chromosome11	456713
chromosome11	456909
chromosome11	457136
chromosome11	457328
chromosome11	457462
chromosome11	457634
chromosome11	458941
chromosome11	459126
chromosome11	459274
chromosome11	459426
chromosome11	459591
chromosome11	459745
chromosome11	459881
chromosome11	460029
chromosome11	460225
chromosome11	460371
chromosome11	460546
chromosome11	460709
chromosome11	460895
chromosome11	461097
chromosome11	461249
chromosome11	461657
chromosome11	461908
chromosome11	462118
chromosome11	462312
chromosome11	462518
chromosome11	462744
chromosome11	462932
chromosome11	463085
chromosome11	463538
chromosome11	463699
chromosome11	463877
chromosome11	464123
chromosome11	464255
chromosome11	464574
chromosome11	464846
chromosome11	465472
chromosome11	465708
chromosome11	465943
chromosome11	466170
chromosome11	466332
chromosome11	466464
chromosome11	466617
chromosome11	466784
chromosome11	467009
chromosome11	467167
chromosome11	467325
chromosome11	467465
chromosome11	467639
chromosome11	467771
chromosome11	467909
chromosome11	468093
chromosome11	468369
chromosome11	468578
chromosome11	468908
chromosome11	469102
chromosome11	469248
chromosome11	469557
chromosome11	469805
chromosome11	470008
chromosome11	470177
chromosome11	470425
chromosome11	470626
chromosome11	470856
chromosome11	471058
chromosome11	471353
chromosome11	471823
chromosome11	472132
chromosome11	472482
chromosome11	472787
chromosome11	473032
chromosome11	473265
chromosome11	473482
chromosome11	473657
chromosome11	473868
chromosome11	474139
chromosome11	474364
chromosome11	474620
chromosome11	474803
chromosome11	475094
chromosome11	475322
chromosome11	475480
chromosome11	475726
chromosome11	475952
chromosome11	476137
chromosome11	476390
chromosome11	476603
chromosome11	476783
chromosome11	476930
chromosome11	477107
chromosome11	477270
chromosome11	477452
chromosome11	477605
chromosome11	477755
chromosome11	477902
chromosome11	478079
chromosome11	478252
chromosome11	478403
chromosome11	478576
chromosome11	478823
chromosome11	478993
chromosome11	479202
chromosome11	479479
chromosome11	479617
chromosome11	479800
chromosome11	480002
chromosome11	480211
chromosome11	480475
chromosome11	480688
chromosome11	480937
chromosome11	481101
chromosome11	481315
chromosome11	481523
chromosome11	481722
chromosome11	481889
chromosome11	482145
chromosome11	482327
chromosome11	482487
chromosome11	482656
chromosome11	482808
chromosome11	482955
chromosome11	483153
chromosome11	483359
chromosome11	483525
chromosome11	483749
chromosome11	483965
chromosome11	484182
chromosome11	484380
chromosome11	484589
chromosome11	484786
chromosome11	484942
chromosome11	485298
chromosome11	485468
chromosome11	485630
chromosome11	485868
chromosome11	486027
chromosome11	486233
chromosome11	486379
chromosome11	486610
chromosome11	486835
chromosome11	487000
chromosome11	487169
chromosome11	487360
chromosome11	487747
chromosome11	487926
chromosome11	488109
chromosome11	488333
chromosome11	488547
chromosome11	488741
chromosome11	488951
chromosome11	489236
chromosome11	491160
chromosome11	491360
chromosome11	491560
chromosome11	491723
chromosome11	491904
chromosome11	492146
chromosome11	492352
chromosome11	492571
chromosome11	492791
chromosome11	492998
chromosome11	493227
chromosome11	493400
chromosome11	493610
chromosome11	493876
chromosome11	494093
chromosome11	494376
chromosome11	494668
chromosome11	494826
chromosome11	495066
chromosome11	495284
chromosome11	495543
chromosome11	495767
chromosome11	495910
chromosome11	496074
chromosome11	496295
chromosome11	496477
chromosome11	496648
chromosome11	496875
chromosome11	497026
chromosome11	497260
chromosome11	497731
chromosome11	497865
chromosome11	498364
chromosome11	498571
chromosome11	498764
chromosome11	498936
chromosome11	499118
chromosome11	499342
chromosome11	499663
chromosome11	499828
chromosome11	500257
chromosome11	500395
chromosome11	500578
chromosome11	501308
chromosome11	501509
chromosome11	501818
chromosome11	502025
chromosome11	502249
chromosome11	502466
chromosome11	502655
chromosome11	502792
chromosome11	502968
chromosome11	503214
chromosome11	503432
chromosome11	503661
chromosome11	503886
chromosome11	504163
chromosome11	504405
chromosome11	504605
chromosome11	504884
chromosome11	505130
chromosome11	505331
chromosome11	505554
chromosome11	505795
chromosome11	505965
chromosome11	506091
chromosome11	506238
chromosome11	506383
chromosome11	506526
chromosome11	506742
chromosome11	506984
chromosome11	507214
chromosome11	507332
chromosome11	507450
chromosome11	507629
chromosome11	507838
chromosome11	507974
chromosome11	508229
chromosome11	508591
chromosome11	508839
chromosome11	509050
chromosome11	509202
chromosome11	509415
chromosome11	509608
chromosome11	509793
chromosome11	509941
chromosome11	510093
chromosome11	510228
chromosome11	510406
chromosome11	510608
chromosome11	510855
chromosome11	511021
chromosome11	511285
chromosome11	511489
chromosome11	511735
chromosome11	511884
chromosome11	512052
chromosome11	512224
chromosome11	512361
chromosome11	512494
chromosome11	512661
chromosome11	512794
chromosome11	512962
chromosome11	513124
chromosome11	513231
chromosome11	513987
chromosome11	514172
chromosome11	514289
chromosome11	514405
chromosome11	514827
chromosome11	514926
chromosome11	515142
chromosome11	515290
chromosome11	515455
chromosome11	515614
chromosome11	515785
chromosome11	515938
chromosome11	516101
chromosome11	516252
chromosome11	516384
chromosome11	516522
chromosome11	516640
chromosome11	516782
chromosome11	518390
chromosome11	518530
chromosome11	518662
chromosome11	518810
chromosome11	518945
chromosome11	519068
chromosome11	519190
chromosome11	519643
chromosome11	520020
chromosome11	520195
chromosome11	520475
chromosome11	520631
chromosome11	520978
chromosome11	521148
chromosome11	521334
chromosome11	521482
chromosome11	521686
chromosome11	521815
chromosome11	521993
chromosome11	522112
chromosome11	522264
chromosome11	522407
chromosome11	522566
chromosome11	522704
chromosome11	522884
chromosome11	523019
chromosome11	523168
chromosome11	523299
chromosome11	523492
chromosome11	523699
chromosome11	523805
chromosome11	524292
chromosome11	524428
chromosome11	524591
chromosome11	524746
chromosome11	524893
chromosome11	525061
chromosome11	525425
chromosome11	525696
chromosome11	525924
chromosome11	526085
chromosome11	526215
chromosome11	526432
chromosome11	526592
chromosome11	526749
chromosome11	526952
chromosome11	527152
chromosome11	527328
chromosome11	527462
chromosome11	527568
chromosome11	527689
chromosome11	527825
chromosome11	527959
chromosome11	528135
chromosome11	528286
chromosome11	528429
chromosome11	528555
chromosome11	528685
chromosome11	528829
chromosome11	528990
chromosome11	529173
chromosome11	529314
chromosome11	529490
chromosome11	529695
chromosome11	529918
chromosome11	530046
chromosome11	530338
chromosome11	530900
chromosome11	531145
chromosome11	531374
chromosome11	531661
chromosome11	531845
chromosome11	532126
chromosome11	532356
chromosome11	532509
chromosome11	532742
chromosome11	533015
chromosome11	533270
chromosome11	533514
chromosome11	533670
chromosome11	533872
chromosome11	534034
chromosome11	534226
chromosome11	534354
chromosome11	534521
chromosome11	534722
chromosome11	534933
chromosome11	535122
chromosome11	535289
chromosome11	535447
chromosome11	535596
chromosome11	535781
chromosome11	535959
chromosome11	536116
chromosome11	536272
chromosome11	536489
chromosome11	536668
chromosome11	536825
chromosome11	536991
chromosome11	537177
chromosome11	537471
chromosome11	537704
chromosome11	537888
chromosome11	538113
chromosome11	538333
chromosome11	538614
chromosome11	538825
chromosome11	539005
chromosome11	539164
chromosome11	539403
chromosome11	539655
chromosome11	539895
chromosome11	540156
chromosome11	540397
chromosome11	540617
chromosome11	540869
chromosome11	540996
chromosome11	541158
chromosome11	541373
chromosome11	541633
chromosome11	541828
chromosome11	541990
chromosome11	542205
chromosome11	542445
chromosome11	542671
chromosome11	542848
chromosome11	543072
chromosome11	543264
chromosome11	543537
chromosome11	543741
chromosome11	543950
chromosome11	544139
chromosome11	544315
chromosome11	544503
chromosome11	544660
chromosome11	544810
chromosome11	544993
chromosome11	545173
chromosome11	545337
chromosome11	545465
chromosome11	545603
chromosome11	545774
chromosome11	545970
chromosome11	546162
chromosome11	546380
chromosome11	546566
chromosome11	546752
chromosome11	546936
chromosome11	547066
chromosome11	547296
chromosome11	547464
chromosome11	547641
chromosome11	547846
chromosome11	548009
chromosome11	548148
chromosome11	548280
chromosome11	548560
chromosome11	548731
chromosome11	548922
chromosome11	549070
chromosome11	549623
chromosome11	549774
chromosome11	549942
chromosome11	550113
chromosome11	550308
chromosome11	550547
chromosome11	550758
chromosome11	550956
chromosome11	551199
chromosome11	551689
chromosome11	551837
chromosome11	551944
chromosome11	552288
chromosome11	552555
chromosome11	552704
chromosome11	552863
chromosome11	553034
chromosome11	553216
chromosome11	553388
chromosome11	553588
chromosome11	553751
chromosome11	553915
chromosome11	554054
chromosome11	554180
chromosome11	554293
chromosome11	554453
chromosome11	554633
chromosome11	554855
chromosome11	556117
chromosome11	556691
chromosome11	556892
chromosome11	557112
chromosome11	557685
chromosome11	557886
chromosome11	558066
chromosome11	558282
chromosome11	558493
chromosome11	558677
chromosome11	558868
chromosome11	559124
chromosome11	559339
chromosome11	559431
chromosome11	559578
chromosome11	559696
chromosome11	559893
chromosome11	560230
chromosome11	560544
chromosome11	560701
chromosome11	560853
chromosome11	561015
chromosome11	561169
chromosome11	561551
chromosome11	561725
chromosome11	562016
chromosome11	562205
chromosome11	562359
chromosome11	562476
chromosome11	562605
chromosome11	562755
chromosome11	562886
chromosome11	563050
chromosome11	563192
chromosome11	563312
chromosome11	563488
chromosome11	563611
chromosome11	563783
chromosome11	563904
chromosome11	564034
chromosome11	564287
chromosome11	564525
chromosome11	564823
chromosome11	564958
chromosome11	565053
chromosome11	565395
chromosome11	565560
chromosome11	565745
chromosome11	565901
chromosome11	566316
chromosome11	566457
chromosome11	566656
chromosome11	566797
chromosome11	566971
chromosome11	567260
chromosome11	567365
chromosome11	567962
chromosome11	568100
chromosome11	568229
chromosome11	568389
chromosome11	568541
chromosome11	568721
chromosome11	568862
chromosome11	569049
chromosome11	569283
chromosome11	569495
chromosome11	569666
chromosome11	569936
chromosome11	570400
chromosome11	570594
chromosome11	570766
chromosome11	571325
chromosome11	571705
chromosome11	571859
chromosome11	571987
chromosome11	572163
chromosome11	572307
chromosome11	572458
chromosome11	572625
chromosome11	572796
chromosome11	572938
chromosome11	573070
chromosome11	573180
chromosome11	573335
chromosome11	573528
chromosome11	573681
chromosome11	573804
chromosome11	573996
chromosome11	574185
chromosome11	574367
chromosome11	574521
chromosome11	574664
chromosome11	575009
chromosome11	575165
chromosome11	575327
chromosome11	575441
chromosome11	575622
chromosome11	575790
chromosome11	575937
chromosome11	576794
chromosome11	576983
chromosome11	577164
chromosome11	577442
chromosome11	577655
chromosome11	577825
chromosome11	577972
chromosome11	578089
chromosome11	578340
chromosome11	579357
chromosome11	579487
chromosome11	579993
chromosome11	580351
chromosome11	580474
chromosome11	580604
chromosome11	583056
chromosome11	583173
chromosome11	583378
chromosome11	583564
chromosome11	583772
chromosome11	584027
chromosome11	584207
chromosome11	584381
chromosome11	584514
chromosome11	584646
chromosome11	584960
chromosome11	585081
chromosome11	585188
chromosome11	585343
chromosome11	585502
chromosome11	585687
chromosome11	585862
chromosome11	586001
chromosome11	586130
chromosome11	586300
chromosome11	586495
chromosome11	586668
chromosome11	587109
chromosome11	587368
chromosome11	587575
chromosome11	587820
chromosome11	588020
chromosome11	588209
chromosome11	588484
chromosome11	588670
chromosome11	588851
chromosome11	589104
chromosome11	589323
chromosome11	589473
chromosome11	589604
chromosome11	589736
chromosome11	589840
chromosome11	589981
chromosome11	590103
chromosome11	590282
chromosome11	590433
chromosome11	590737
chromosome11	590961
chromosome11	591197
chromosome11	591583
chromosome11	591803
chromosome11	591988
chromosome11	592266
chromosome11	592492
chromosome11	592650
chromosome11	592780
chromosome11	592941
chromosome11	593174
chromosome11	593379
chromosome11	593584
chromosome11	593808
chromosome11	594085
chromosome11	594247
chromosome11	594453
chromosome11	594719
chromosome11	594900
chromosome11	595278
chromosome11	595453
chromosome11	595632
chromosome11	595809
chromosome11	596015
chromosome11	596155
chromosome11	596442
chromosome11	596684
chromosome11	597156
chromosome11	597361
chromosome11	597607
chromosome11	597803
chromosome11	597972
chromosome11	598208
chromosome11	598438
chromosome11	598579
chromosome11	598763
chromosome11	598940
chromosome11	599109
chromosome11	599292
chromosome11	599475
chromosome11	599684
chromosome11	599854
chromosome11	600041
chromosome11	600149
chromosome11	600327
chromosome11	600450
chromosome11	600609
chromosome11	600810
chromosome11	601027
chromosome11	601264
chromosome11	601589
chromosome11	601748
chromosome11	602044
chromosome11	602240
chromosome11	602455
chromosome11	602622
chromosome11	602859
chromosome11	603137
chromosome11	603335
chromosome11	603564
chromosome11	603792
chromosome11	604029
chromosome11	604229
chromosome11	604404
chromosome11	604671
chromosome11	604899
chromosome11	605104
chromosome11	605295
chromosome11	605425
chromosome11	605620
chromosome11	605819
chromosome11	606038
chromosome11	606208
chromosome11	606392
chromosome11	606656
chromosome11	606896
chromosome11	607190
chromosome11	607397
chromosome11	607692
chromosome11	607936
chromosome11	608060
chromosome11	608252
chromosome11	608917
chromosome11	609106
chromosome11	609319
chromosome11	609484
chromosome11	609669
chromosome11	609818
chromosome11	609999
chromosome11	610218
chromosome11	610378
chromosome11	610502
chromosome11	610661
chromosome11	610902
chromosome11	611130
chromosome11	611291
chromosome11	611445
chromosome11	611581
chromosome11	611722
chromosome11	611867
chromosome11	612012
chromosome11	612222
chromosome11	612857
chromosome11	613053
chromosome11	614217
chromosome11	614356
chromosome11	614538
chromosome11	614686
chromosome11	614808
chromosome11	614985
chromosome11	615146
chromosome11	615296
chromosome11	615425
chromosome11	615933
chromosome11	616188
chromosome11	616407
chromosome11	616627
chromosome11	616893
chromosome11	617169
chromosome11	617958
chromosome11	618330
chromosome11	618500
chromosome11	618638
chromosome11	618796
chromosome11	619085
chromosome11	619228
chromosome11	619307
chromosome11	619558
chromosome11	619753
chromosome11	619923
chromosome11	620104
chromosome11	620301
chromosome11	620481
chromosome11	620711
chromosome11	620888
chromosome11	621185
chromosome11	621305
chromosome11	621443
chromosome11	621653
chromosome11	621781
chromosome11	621985
chromosome11	622205
chromosome11	622369
chromosome11	622573
chromosome11	622846
chromosome11	623072
chromosome11	623329
chromosome11	623534
chromosome11	623754
chromosome11	623955
chromosome11	624066
chromosome11	624285
chromosome11	624472
chromosome11	624639
chromosome11	624828
chromosome11	625009
chromosome11	625201
chromosome11	625370
chromosome11	625548
chromosome11	625695
chromosome11	625868
chromosome11	626039
chromosome11	626223
chromosome11	626431
chromosome11	626591
chromosome11	626786
chromosome11	626945
chromosome11	627134
chromosome11	627311
chromosome11	627566
chromosome11	627794
chromosome11	628031
chromosome11	628257
chromosome11	628526
chromosome11	628754
chromosome11	628904
chromosome11	629105
chromosome11	629302
chromosome11	629498
chromosome11	629609
chromosome11	629812
chromosome11	630064
chromosome11	630317
chromosome11	630525
chromosome11	630689
chromosome11	630883
chromosome11	631246
chromosome11	631496
chromosome11	631823
chromosome11	632082
chromosome11	632289
chromosome11	632581
chromosome11	633129
chromosome11	633308
chromosome11	633576
chromosome11	633772
chromosome11	633938
chromosome11	634152
chromosome11	634367
chromosome11	634516
chromosome11	634666
chromosome11	634759
chromosome11	634912
chromosome11	635080
chromosome11	635284
chromosome11	635910
chromosome11	636135
chromosome11	636369
chromosome11	636624
chromosome11	636770
chromosome11	636897
chromosome11	637057
chromosome11	637251
chromosome11	637402
chromosome11	637569
chromosome11	637839
chromosome11	638077
chromosome11	638197
chromosome11	639066
chromosome11	639297
chromosome11	639530
chromosome11	639788
chromosome11	640055
chromosome11	640252
chromosome11	640411
chromosome11	640588
chromosome11	640723
chromosome11	640865
chromosome11	641065
chromosome11	641282
chromosome11	641444
chromosome11	641602
chromosome11	641787
chromosome11	641986
chromosome11	642119
chromosome11	642246
chromosome11	642416
chromosome11	642553
chromosome11	642922
chromosome11	643026
chromosome11	643345
chromosome11	643480
chromosome11	643614
chromosome11	643758
chromosome11	643859
chromosome11	644035
chromosome11	644273
chromosome11	644426
chromosome11	644573
chromosome11	644674
chromosome11	644858
chromosome11	644995
chromosome12	16675
chromosome12	16805
chromosome12	16965
chromosome12	17167
chromosome12	17335
chromosome12	17489
chromosome12	17627
chromosome12	17733
chromosome12	17847
chromosome12	17958
chromosome12	18108
chromosome12	18274
chromosome12	18453
chromosome12	18586
chromosome12	18828
chromosome12	19002
chromosome12	19161
chromosome12	19307
chromosome12	19451
chromosome12	20156
chromosome12	20270
chromosome12	20421
chromosome12	20662
chromosome12	20782
chromosome12	21066
chromosome12	21210
chromosome12	21360
chromosome12	21489
chromosome12	21626
chromosome12	21802
chromosome12	21916
chromosome12	22041
chromosome12	22182
chromosome12	22354
chromosome12	22518
chromosome12	22637
chromosome12	22857
chromosome12	22972
chromosome12	23137
chromosome12	23232
chromosome12	23413
chromosome12	23544
chromosome12	23731
chromosome12	23890
chromosome12	24033
chromosome12	24145
chromosome12	24278
chromosome12	24402
chromosome12	24537
chromosome12	24718
chromosome12	24834
chromosome12	24960
chromosome12	25074
chromosome12	25215
chromosome12	25825
chromosome12	25971
chromosome12	26095
chromosome12	26203
chromosome12	26307
chromosome12	26424
chromosome12	26529
chromosome12	26627
chromosome12	26766
chromosome12	26898
chromosome12	27093
chromosome12	27215
chromosome12	27445
chromosome12	27575
chromosome12	27660
chromosome12	27770
chromosome12	27897
chromosome12	28022
chromosome12	28132
chromosome12	28265
chromosome12	28431
chromosome12	28587
chromosome12	28699
chromosome12	28849
chromosome12	28993
chromosome12	29085
chromosome12	29234
chromosome12	29365
chromosome12	29471
chromosome12	29656
chromosome12	29780
chromosome12	29903
chromosome12	30041
chromosome12	30243
chromosome12	30429
chromosome12	30575
chromosome12	30738
chromosome12	30862
chromosome12	31018
chromosome12	31155
chromosome12	31275
chromosome12	31441
chromosome12	32498
chromosome12	32614
chromosome12	32766
chromosome12	32892
chromosome12	32996
chromosome12	33123
chromosome12	33230
chromosome12	33399
chromosome12	33586
chromosome12	33708
chromosome12	33838
chromosome12	33954
chromosome12	34083
chromosome12	34202
chromosome12	34318
chromosome12	34410
chromosome12	34530
chromosome12	34637
chromosome12	34754
chromosome12	34877
chromosome12	34975
chromosome12	35079
chromosome12	35289
chromosome12	35931
chromosome12	36091
chromosome12	36220
chromosome12	36312
chromosome12	36413
chromosome12	36820
chromosome12	36962
chromosome12	37107
chromosome12	37265
chromosome12	37405
chromosome12	37540
chromosome12	37642
chromosome12	37732
chromosome12	37867
chromosome12	37980
chromosome12	38125
chromosome12	38268
chromosome12	38376
chromosome12	38525
chromosome12	38665
chromosome12	38837
chromosome12	38967
chromosome12	39082
chromosome12	39219
chromosome12	39334
chromosome12	39435
chromosome12	39579
chromosome12	40041
chromosome12	40280
chromosome12	40454
chromosome12	40619
chromosome12	40734
chromosome12	40837
chromosome12	40966
chromosome12	41105
chromosome12	41553
chromosome12	41712
chromosome12	41847
chromosome12	42040
chromosome12	42270
chromosome12	42507
chromosome12	42719
chromosome12	42920
chromosome12	43040
chromosome12	43198
chromosome12	43349
chromosome12	43518
chromosome12	43737
chromosome12	43938
chromosome12	44139
chromosome12	44328
chromosome12	44493
chromosome12	44678
chromosome12	44817
chromosome12	45041
chromosome12	45194
chromosome12	45359
chromosome12	45552
chromosome12	45716
chromosome12	45945
chromosome12	46086
chromosome12	46230
chromosome12	46371
chromosome12	48005
chromosome12	48231
chromosome12	48381
chromosome12	48649
chromosome12	49104
chromosome12	49214
chromosome12	49369
chromosome12	49493
chromosome12	49656
chromosome12	49786
chromosome12	49895
chromosome12	50057
chromosome12	50294
chromosome12	50512
chromosome12	50675
chromosome12	50852
chromosome12	51020
chromosome12	51299
chromosome12	51587
chromosome12	51791
chromosome12	52168
chromosome12	52304
chromosome12	53029
chromosome12	53142
chromosome12	53347
chromosome12	53590
chromosome12	53836
chromosome12	53976
chromosome12	54161
chromosome12	54397
chromosome12	54602
chromosome12	54786
chromosome12	54973
chromosome12	55192
chromosome12	55378
chromosome12	55566
chromosome12	55739
chromosome12	55950
chromosome12	56109
chromosome12	56268
chromosome12	56482
chromosome12	56666
chromosome12	56962
chromosome12	57118
chromosome12	57289
chromosome12	57437
chromosome12	57591
chromosome12	57788
chromosome12	57961
chromosome12	58081
chromosome12	58247
chromosome12	58456
chromosome12	58624
chromosome12	58825
chromosome12	58980
chromosome12	59157
chromosome12	59331
chromosome12	59485
chromosome12	59585
chromosome12	59755
chromosome12	59924
chromosome12	60097
chromosome12	60304
chromosome12	60548
chromosome12	60709
chromosome12	60859
chromosome12	61003
chromosome12	61153
chromosome12	61351
chromosome12	61515
chromosome12	61708
chromosome12	61883
chromosome12	62020
chromosome12	62204
chromosome12	62353
chromosome12	62520
chromosome12	62701
chromosome12	62881
chromosome12	63047
chromosome12	63187
chromosome12	63328
chromosome12	63504
chromosome12	63685
chromosome12	65172
chromosome12	65303
chromosome12	65485
chromosome12	65697
chromosome12	65820
chromosome12	65942
chromosome12	66113
chromosome12	66292
chromosome12	66725
chromosome12	66854
chromosome12	66996
chromosome12	67159
chromosome12	67308
chromosome12	67426
chromosome12	67531
chromosome12	67676
chromosome12	67804
chromosome12	67947
chromosome12	68122
chromosome12	68350
chromosome12	68491
chromosome12	68644
chromosome12	68788
chromosome12	68951
chromosome12	69097
chromosome12	69236
chromosome12	69390
chromosome12	69559
chromosome12	69781
chromosome12	69912
chromosome12	70050
chromosome12	70166
chromosome12	70302
chromosome12	70475
chromosome12	70828
chromosome12	71032
chromosome12	71218
chromosome12	71488
chromosome12	71692
chromosome12	71816
chromosome12	71983
chromosome12	72177
chromosome12	72417
chromosome12	72616
chromosome12	72728
chromosome12	72910
chromosome12	73087
chromosome12	73258
chromosome12	73386
chromosome12	73493
chromosome12	73614
chromosome12	73746
chromosome12	73930
chromosome12	74101
chromosome12	74255
chromosome12	74453
chromosome12	74869
chromosome12	75008
chromosome12	75181
chromosome12	75338
chromosome12	75490
chromosome12	75597
chromosome12	75709
chromosome12	75848
chromosome12	76022
chromosome12	76172
chromosome12	76340
chromosome12	76468
chromosome12	76599
chromosome12	76759
chromosome12	77329
chromosome12	77518
chromosome12	77709
chromosome12	77839
chromosome12	77973
chromosome12	78142
chromosome12	78336
chromosome12	78526
chromosome12	78700
chromosome12	78886
chromosome12	78991
chromosome12	79153
chromosome12	79276
chromosome12	79457
chromosome12	79624
chromosome12	79786
chromosome12	81257
chromosome12	81523
chromosome12	81705
chromosome12	81890
chromosome12	82075
chromosome12	82249
chromosome12	82421
chromosome12	82585
chromosome12	82755
chromosome12	82969
chromosome12	83224
chromosome12	83413
chromosome12	83634
chromosome12	83880
chromosome12	84050
chromosome12	84170
chromosome12	84622
chromosome12	84766
chromosome12	84946
chromosome12	85121
chromosome12	85326
chromosome12	85499
chromosome12	85724
chromosome12	85916
chromosome12	86181
chromosome12	86425
chromosome12	87446
chromosome12	87571
chromosome12	87707
chromosome12	87901
chromosome12	88163
chromosome12	88513
chromosome12	88646
chromosome12	88841
chromosome12	89121
chromosome12	89453
chromosome12	89708
chromosome12	89974
chromosome12	90279
chromosome12	90452
chromosome12	90788
chromosome12	91046
chromosome12	91262
chromosome12	92609
chromosome12	92745
chromosome12	92867
chromosome12	93015
chromosome12	93105
chromosome12	93206
chromosome12	93499
chromosome12	93636
chromosome12	93750
chromosome12	93911
chromosome12	94015
chromosome12	94180
chromosome12	94340
chromosome12	94500
chromosome12	94663
chromosome12	94840
chromosome12	95022
chromosome12	97417
chromosome12	98006
chromosome12	98180
chromosome12	98352
chromosome12	98533
chromosome12	98708
chromosome12	98872
chromosome12	99119
chromosome12	99276
chromosome12	99456
chromosome12	99572
chromosome12	99755
chromosome12	99951
chromosome12	100140
chromosome12	100349
chromosome12	100523
chromosome12	100707
chromosome12	100882
chromosome12	101112
chromosome12	101341
chromosome12	101527
chromosome12	101674
chromosome12	101836
chromosome12	102036
chromosome12	102239
chromosome12	102386
chromosome12	102602
chromosome12	102777
chromosome12	102959
chromosome12	103157
chromosome12	103329
chromosome12	103535
chromosome12	103983
chromosome12	104126
chromosome12	104294
chromosome12	104414
chromosome12	104566
chromosome12	104707
chromosome12	104942
chromosome12	105233
chromosome12	105901
chromosome12	106115
chromosome12	106291
chromosome12	106561
chromosome12	106772
chromosome12	106979
chromosome12	107126
chromosome12	107303
chromosome12	107525
chromosome12	107660
chromosome12	107828
chromosome12	108082
chromosome12	108348
chromosome12	108565
chromosome12	108703
chromosome12	108957
chromosome12	109107
chromosome12	109234
chromosome12	109395
chromosome12	109557
chromosome12	109869
chromosome12	110151
chromosome12	110461
chromosome12	110718
chromosome12	110958
chromosome12	111147
chromosome12	111357
chromosome12	111549
chromosome12	111665
chromosome12	111839
chromosome12	111949
chromosome12	112072
chromosome12	112223
chromosome12	112368
chromosome12	112470
chromosome12	112615
chromosome12	112744
chromosome12	112882
chromosome12	113025
chromosome12	113166
chromosome12	113295
chromosome12	113425
chromosome12	113547
chromosome12	113651
chromosome12	113770
chromosome12	113935
chromosome12	114099
chromosome12	114229
chromosome12	114354
chromosome12	114492
chromosome12	114682
chromosome12	114834
chromosome12	114981
chromosome12	115085
chromosome12	115223
chromosome12	115375
chromosome12	115522
chromosome12	115712
chromosome12	115942
chromosome12	116442
chromosome12	116621
chromosome12	116852
chromosome12	117058
chromosome12	117331
chromosome12	117501
chromosome12	117708
chromosome12	117874
chromosome12	118075
chromosome12	118269
chromosome12	118457
chromosome12	118625
chromosome12	118774
chromosome12	119044
chromosome12	119175
chromosome12	119507
chromosome12	119735
chromosome12	120040
chromosome12	120226
chromosome12	120445
chromosome12	120634
chromosome12	120821
chromosome12	121026
chromosome12	121185
chromosome12	121292
chromosome12	121512
chromosome12	122312
chromosome12	122573
chromosome12	122822
chromosome12	123093
chromosome12	123308
chromosome12	123941
chromosome12	124108
chromosome12	124318
chromosome12	124466
chromosome12	124699
chromosome12	124898
chromosome12	125129
chromosome12	125576
chromosome12	125734
chromosome12	125921
chromosome12	126171
chromosome12	126415
chromosome12	126606
chromosome12	126807
chromosome12	127003
chromosome12	127184
chromosome12	127591
chromosome12	127819
chromosome12	128094
chromosome12	128362
chromosome12	128667
chromosome12	128944
chromosome12	129657
chromosome12	129938
chromosome12	130186
chromosome12	130331
chromosome12	130542
chromosome12	130791
chromosome12	131060
chromosome12	131240
chromosome12	131426
chromosome12	131545
chromosome12	131694
chromosome12	131868
chromosome12	132058
chromosome12	132335
chromosome12	132587
chromosome12	132856
chromosome12	133123
chromosome12	133403
chromosome12	133643
chromosome12	133855
chromosome12	134537
chromosome12	134745
chromosome12	135000
chromosome12	135220
chromosome12	135410
chromosome12	135626
chromosome12	135835
chromosome12	136027
chromosome12	136205
chromosome12	136359
chromosome12	136575
chromosome12	136780
chromosome12	136967
chromosome12	137123
chromosome12	137302
chromosome12	137542
chromosome12	137794
chromosome12	138124
chromosome12	138360
chromosome12	138714
chromosome12	139059
chromosome12	139914
chromosome12	140235
chromosome12	141107
chromosome12	141313
chromosome12	141535
chromosome12	141969
chromosome12	142223
chromosome12	142439
chromosome12	142668
chromosome12	142894
chromosome12	143329
chromosome12	143535
chromosome12	143737
chromosome12	143921
chromosome12	144084
chromosome12	144332
chromosome12	144492
chromosome12	144724
chromosome12	144885
chromosome12	145067
chromosome12	145239
chromosome12	145531
chromosome12	145828
chromosome12	146078
chromosome12	146251
chromosome12	146478
chromosome12	146778
chromosome12	146993
chromosome12	147218
chromosome12	147385
chromosome12	147517
chromosome12	147671
chromosome12	147861
chromosome12	148142
chromosome12	148408
chromosome12	148774
chromosome12	149125
chromosome12	149413
chromosome12	149636
chromosome12	149875
chromosome12	151396
chromosome12	151566
chromosome12	151758
chromosome12	151881
chromosome12	152060
chromosome12	152255
chromosome12	152463
chromosome12	152676
chromosome12	152876
chromosome12	153106
chromosome12	153443
chromosome12	153616
chromosome12	153896
chromosome12	154080
chromosome12	154493
chromosome12	154718
chromosome12	154954
chromosome12	155264
chromosome12	155484
chromosome12	155671
chromosome12	155912
chromosome12	156164
chromosome12	156435
chromosome12	157167
chromosome12	157409
chromosome12	157566
chromosome12	157800
chromosome12	158096
chromosome12	158378
chromosome12	158570
chromosome12	158846
chromosome12	159098
chromosome12	159391
chromosome12	159569
chromosome12	159780
chromosome12	159997
chromosome12	160186
chromosome12	160540
chromosome12	160912
chromosome12	161206
chromosome12	161464
chromosome12	162069
chromosome12	162256
chromosome12	162523
chromosome12	162647
chromosome12	162859
chromosome12	163105
chromosome12	163300
chromosome12	163472
chromosome12	163652
chromosome12	163887
chromosome12	164065
chromosome12	164252
chromosome12	164401
chromosome12	164581
chromosome12	164784
chromosome12	164972
chromosome12	165288
chromosome12	165468
chromosome12	165716
chromosome12	165963
chromosome12	166166
chromosome12	166375
chromosome12	166523
chromosome12	166809
chromosome12	167046
chromosome12	167432
chromosome12	167596
chromosome12	167756
chromosome12	167876
chromosome12	168546
chromosome12	168938
chromosome12	169080
chromosome12	169208
chromosome12	169400
chromosome12	169557
chromosome12	169714
chromosome12	170119
chromosome12	170410
chromosome12	170868
chromosome12	170977
chromosome12	171125
chromosome12	171336
chromosome12	171535
chromosome12	171707
chromosome12	171864
chromosome12	172226
chromosome12	172438
chromosome12	172621
chromosome12	172819
chromosome12	173030
chromosome12	173300
chromosome12	173486
chromosome12	173712
chromosome12	173867
chromosome12	174033
chromosome12	174195
chromosome12	174383
chromosome12	174504
chromosome12	174671
chromosome12	174858
chromosome12	175050
chromosome12	175212
chromosome12	175409
chromosome12	175687
chromosome12	175908
chromosome12	176135
chromosome12	176411
chromosome12	176596
chromosome12	176777
chromosome12	176955
chromosome12	177175
chromosome12	177377
chromosome12	177491
chromosome12	177696
chromosome12	177907
chromosome12	178178
chromosome12	178495
chromosome12	178777
chromosome12	178901
chromosome12	179071
chromosome12	179247
chromosome12	179439
chromosome12	179593
chromosome12	180226
chromosome12	180393
chromosome12	180526
chromosome12	180694
chromosome12	180865
chromosome12	181070
chromosome12	181283
chromosome12	181882
chromosome12	182158
chromosome12	182406
chromosome12	182710
chromosome12	182926
chromosome12	183115
chromosome12	183318
chromosome12	183525
chromosome12	183675
chromosome12	183853
chromosome12	184033
chromosome12	184280
chromosome12	184471
chromosome12	184770
chromosome12	185519
chromosome12	185698
chromosome12	185925
chromosome12	186107
chromosome12	186266
chromosome12	186470
chromosome12	186614
chromosome12	186771
chromosome12	186928
chromosome12	187124
chromosome12	187246
chromosome12	187360
chromosome12	187494
chromosome12	187683
chromosome12	187837
chromosome12	188127
chromosome12	188587
chromosome12	189085
chromosome12	189250
chromosome12	189481
chromosome12	189646
chromosome12	189862
chromosome12	190288
chromosome12	190503
chromosome12	190693
chromosome12	190951
chromosome12	191198
chromosome12	191389
chromosome12	191544
chromosome12	191767
chromosome12	192003
chromosome12	192189
chromosome12	192382
chromosome12	192560
chromosome12	192762
chromosome12	192967
chromosome12	193153
chromosome12	193436
chromosome12	193609
chromosome12	193720
chromosome12	193838
chromosome12	193954
chromosome12	194088
chromosome12	194193
chromosome12	194298
chromosome12	194466
chromosome12	194811
chromosome12	195138
chromosome12	195763
chromosome12	195930
chromosome12	196196
chromosome12	196351
chromosome12	196982
chromosome12	197186
chromosome12	197371
chromosome12	197544
chromosome12	197713
chromosome12	197888
chromosome12	198090
chromosome12	198247
chromosome12	198343
chromosome12	198449
chromosome12	198553
chromosome12	198705
chromosome12	198767
chromosome12	199047
chromosome12	199246
chromosome12	199496
chromosome12	199660
chromosome12	199832
chromosome12	200137
chromosome12	200421
chromosome12	200656
chromosome12	200952
chromosome12	201278
chromosome12	201470
chromosome12	201658
chromosome12	202271
chromosome12	202619
chromosome12	202751
chromosome12	202922
chromosome12	203052
chromosome12	203451
chromosome12	203575
chromosome12	203722
chromosome12	203874
chromosome12	204015
chromosome12	204185
chromosome12	204321
chromosome12	204482
chromosome12	204667
chromosome12	204979
chromosome12	205177
chromosome12	205348
chromosome12	205563
chromosome12	205794
chromosome12	205980
chromosome12	206137
chromosome12	206338
chromosome12	206518
chromosome12	206760
chromosome12	206950
chromosome12	207182
chromosome12	207362
chromosome12	207586
chromosome12	207762
chromosome12	207933
chromosome12	208125
chromosome12	208366
chromosome12	209184
chromosome12	209331
chromosome12	209583
chromosome12	209831
chromosome12	209970
chromosome12	210148
chromosome12	210526
chromosome12	210731
chromosome12	210944
chromosome12	211161
chromosome12	211403
chromosome12	211631
chromosome12	211936
chromosome12	212385
chromosome12	212545
chromosome12	212709
chromosome12	212876
chromosome12	213098
chromosome12	213242
chromosome12	213371
chromosome12	213667
chromosome12	213904
chromosome12	214043
chromosome12	214271
chromosome12	214468
chromosome12	214619
chromosome12	214768
chromosome12	214983
chromosome12	221522
chromosome12	221669
chromosome12	221850
chromosome12	222658
chromosome12	222808
chromosome12	222947
chromosome12	223092
chromosome12	223218
chromosome12	223386
chromosome12	223529
chromosome12	223701
chromosome12	223864
chromosome12	223993
chromosome12	224120
chromosome12	224238
chromosome12	224388
chromosome12	224960
chromosome12	225349
chromosome12	225599
chromosome12	225794
chromosome12	226003
chromosome12	226239
chromosome12	226427
chromosome12	226641
chromosome12	226845
chromosome12	227615
chromosome12	227856
chromosome12	228086
chromosome12	228278
chromosome12	228474
chromosome12	228666
chromosome12	228997
chromosome12	229165
chromosome12	229334
chromosome12	229500
chromosome12	229633
chromosome12	230020
chromosome12	230180
chromosome12	230334
chromosome12	230505
chromosome12	230746
chromosome12	230913
chromosome12	231057
chromosome12	231187
chromosome12	231393
chromosome12	231735
chromosome12	232005
chromosome12	232304
chromosome12	232578
chromosome12	232897
chromosome12	233447
chromosome12	233608
chromosome12	233839
chromosome12	234104
chromosome12	234205
chromosome12	234432
chromosome12	234718
chromosome12	234865
chromosome12	234974
chromosome12	235166
chromosome12	235328
chromosome12	235557
chromosome12	235752
chromosome12	235929
chromosome12	236104
chromosome12	236268
chromosome12	236474
chromosome12	236659
chromosome12	236877
chromosome12	237079
chromosome12	237276
chromosome12	237461
chromosome12	237671
chromosome12	237823
chromosome12	238078
chromosome12	238211
chromosome12	238336
chromosome12	238453
chromosome12	238584
chromosome12	238760
chromosome12	238912
chromosome12	239031
chromosome12	239188
chromosome12	239381
chromosome12	239586
chromosome12	239712
chromosome12	239892
chromosome12	240028
chromosome12	240348
chromosome12	240545
chromosome12	240768
chromosome12	240951
chromosome12	241146
chromosome12	241879
chromosome12	242052
chromosome12	242270
chromosome12	242473
chromosome12	242630
chromosome12	242977
chromosome12	243239
chromosome12	244244
chromosome12	244447
chromosome12	244708
chromosome12	244941
chromosome12	245149
chromosome12	245367
chromosome12	245524
chromosome12	245728
chromosome12	245950
chromosome12	246122
chromosome12	246450
chromosome12	246674
chromosome12	246828
chromosome12	247018
chromosome12	247192
chromosome12	247401
chromosome12	247639
chromosome12	247828
chromosome12	247982
chromosome12	248186
chromosome12	248366
chromosome12	248583
chromosome12	248705
chromosome12	248888
chromosome12	249134
chromosome12	249288
chromosome12	249469
chromosome12	249640
chromosome12	249792
chromosome12	249994
chromosome12	250169
chromosome12	250329
chromosome12	250496
chromosome12	250644
chromosome12	250778
chromosome12	251500
chromosome12	251698
chromosome12	251883
chromosome12	252171
chromosome12	252408
chromosome12	252652
chromosome12	253124
chromosome12	253251
chromosome12	253433
chromosome12	253612
chromosome12	253767
chromosome12	253963
chromosome12	254229
chromosome12	254535
chromosome12	254842
chromosome12	255051
chromosome12	255189
chromosome12	255288
chromosome12	255473
chromosome12	255635
chromosome12	255815
chromosome12	256027
chromosome12	256209
chromosome12	256385
chromosome12	256545
chromosome12	256721
chromosome12	256880
chromosome12	257069
chromosome12	257252
chromosome12	257374
chromosome12	257484
chromosome12	257654
chromosome12	257875
chromosome12	258136
chromosome12	258430
chromosome12	258705
chromosome12	258934
chromosome12	259252
chromosome12	259481
chromosome12	259830
chromosome12	260085
chromosome12	260261
chromosome12	260414
chromosome12	260541
chromosome12	260707
chromosome12	260861
chromosome12	261115
chromosome12	261345
chromosome12	261605
chromosome12	261830
chromosome12	262040
chromosome12	262218
chromosome12	262478
chromosome12	262653
chromosome12	264374
chromosome12	264556
chromosome12	264750
chromosome12	264964
chromosome12	265197
chromosome12	265407
chromosome12	265622
chromosome12	265870
chromosome12	266078
chromosome12	266371
chromosome12	266553
chromosome12	266749
chromosome12	266933
chromosome12	267113
chromosome12	267299
chromosome12	267498
chromosome12	268110
chromosome12	268293
chromosome12	268555
chromosome12	268782
chromosome12	269048
chromosome12	269255
chromosome12	269473
chromosome12	269793
chromosome12	270012
chromosome12	270210
chromosome12	270390
chromosome12	270569
chromosome12	270799
chromosome12	270977
chromosome12	271137
chromosome12	271372
chromosome12	271766
chromosome12	272038
chromosome12	272302
chromosome12	272572
chromosome12	272807
chromosome12	273008
chromosome12	273252
chromosome12	273622
chromosome12	273862
chromosome12	274242
chromosome12	274409
chromosome12	274533
chromosome12	274703
chromosome12	274862
chromosome12	275057
chromosome12	275212
chromosome12	275502
chromosome12	275779
chromosome12	276042
chromosome12	276338
chromosome12	276931
chromosome12	277193
chromosome12	277440
chromosome12	277643
chromosome12	277823
chromosome12	278011
chromosome12	278230
chromosome12	278473
chromosome12	278682
chromosome12	278880
chromosome12	279049
chromosome12	279212
chromosome12	279375
chromosome12	279585
chromosome12	279762
chromosome12	279966
chromosome12	280239
chromosome12	280496
chromosome12	280625
chromosome12	280788
chromosome12	281325
chromosome12	281493
chromosome12	281696
chromosome12	282083
chromosome12	282229
chromosome12	282451
chromosome12	282835
chromosome12	282905
chromosome12	283313
chromosome12	283794
chromosome12	283926
chromosome12	284073
chromosome12	284210
chromosome12	284357
chromosome12	284491
chromosome12	284636
chromosome12	284760
chromosome12	284891
chromosome12	285034
chromosome12	285186
chromosome12	285329
chromosome12	285491
chromosome12	285588
chromosome12	285841
chromosome12	286000
chromosome12	286108
chromosome12	286272
chromosome12	286410
chromosome12	286578
chromosome12	286746
chromosome12	286865
chromosome12	286966
chromosome12	287095
chromosome12	287233
chromosome12	287377
chromosome12	287467
chromosome12	287906
chromosome12	288327
chromosome12	288431
chromosome12	288790
chromosome12	290479
chromosome12	290587
chromosome12	290733
chromosome12	290859
chromosome12	290967
chromosome12	291098
chromosome12	291425
chromosome12	291528
chromosome12	291696
chromosome12	291826
chromosome12	293047
chromosome12	293450
chromosome12	293555
chromosome12	294132
chromosome12	294289
chromosome12	294415
chromosome12	294585
chromosome12	294724
chromosome12	294883
chromosome12	295024
chromosome12	295168
chromosome12	295354
chromosome12	295511
chromosome12	295639
chromosome12	295810
chromosome12	296011
chromosome12	296147
chromosome12	296679
chromosome12	296838
chromosome12	297128
chromosome12	297258
chromosome12	297445
chromosome12	297603
chromosome12	297715
chromosome12	297833
chromosome12	297966
chromosome12	298064
chromosome12	298155
chromosome12	298262
chromosome12	298378
chromosome12	298482
chromosome12	298602
chromosome12	298768
chromosome12	298896
chromosome12	299035
chromosome12	299180
chromosome12	299295
chromosome12	299415
chromosome12	299542
chromosome12	299681
chromosome12	299811
chromosome12	299986
chromosome12	300103
chromosome12	300225
chromosome12	300360
chromosome12	300542
chromosome12	300647
chromosome12	300820
chromosome12	300954
chromosome12	301103
chromosome12	301263
chromosome12	301452
chromosome12	301580
chromosome12	301738
chromosome12	301905
chromosome12	302032
chromosome12	302185
chromosome12	302332
chromosome12	302512
chromosome12	302665
chromosome12	302884
chromosome12	303027
chromosome12	303243
chromosome12	303466
chromosome12	303619
chromosome12	303787
chromosome12	304015
chromosome12	304179
chromosome12	304381
chromosome12	304578
chromosome12	304834
chromosome12	305029
chromosome12	305200
chromosome12	305395
chromosome12	305615
chromosome12	305778
chromosome12	305939
chromosome12	306334
chromosome12	307018
chromosome12	307248
chromosome12	307551
chromosome12	307827
chromosome12	308064
chromosome12	308298
chromosome12	308520
chromosome12	308745
chromosome12	308954
chromosome12	309161
chromosome12	309383
chromosome12	309611
chromosome12	309769
chromosome12	309983
chromosome12	310200
chromosome12	310447
chromosome12	310703
chromosome12	310879
chromosome12	311069
chromosome12	311267
chromosome12	311479
chromosome12	311644
chromosome12	311845
chromosome12	312066
chromosome12	312283
chromosome12	312516
chromosome12	312732
chromosome12	313066
chromosome12	313285
chromosome12	313413
chromosome12	313623
chromosome12	313811
chromosome12	314082
chromosome12	314304
chromosome12	314574
chromosome12	314748
chromosome12	314990
chromosome12	315163
chromosome12	315370
chromosome12	315579
chromosome12	315788
chromosome12	315976
chromosome12	316140
chromosome12	316325
chromosome12	316526
chromosome12	316748
chromosome12	316913
chromosome12	317117
chromosome12	317339
chromosome12	317539
chromosome12	318357
chromosome12	318605
chromosome12	318849
chromosome12	319041
chromosome12	319319
chromosome12	319560
chromosome12	319795
chromosome12	320031
chromosome12	320189
chromosome12	320400
chromosome12	320622
chromosome12	320854
chromosome12	321036
chromosome12	321205
chromosome12	321432
chromosome12	321604
chromosome12	321785
chromosome12	321964
chromosome12	322288
chromosome12	322569
chromosome12	322743
chromosome12	322903
chromosome12	323125
chromosome12	323274
chromosome12	323422
chromosome12	323591
chromosome12	323790
chromosome12	324040
chromosome12	324210
chromosome12	324402
chromosome12	324641
chromosome12	324891
chromosome12	325196
chromosome12	325451
chromosome12	325595
chromosome12	325828
chromosome12	326036
chromosome12	326619
chromosome12	326826
chromosome12	327112
chromosome12	327929
chromosome12	328150
chromosome12	328342
chromosome12	328528
chromosome12	328708
chromosome12	328883
chromosome12	329036
chromosome12	329219
chromosome12	329393
chromosome12	329571
chromosome12	329909
chromosome12	330102
chromosome12	330289
chromosome12	330520
chromosome12	330653
chromosome12	330838
chromosome12	331084
chromosome12	331277
chromosome12	331464
chromosome12	331656
chromosome12	331819
chromosome12	332003
chromosome12	332162
chromosome12	332310
chromosome12	332546
chromosome12	332718
chromosome12	332878
chromosome12	333078
chromosome12	333258
chromosome12	333495
chromosome12	333728
chromosome12	333925
chromosome12	334080
chromosome12	334236
chromosome12	334392
chromosome12	334593
chromosome12	334784
chromosome12	335025
chromosome12	335197
chromosome12	335421
chromosome12	335610
chromosome12	335872
chromosome12	336483
chromosome12	336699
chromosome12	336849
chromosome12	337082
chromosome12	337344
chromosome12	337522
chromosome12	337824
chromosome12	338111
chromosome12	338457
chromosome12	338703
chromosome12	338982
chromosome12	339171
chromosome12	339393
chromosome12	339597
chromosome12	339979
chromosome12	340182
chromosome12	340467
chromosome12	340623
chromosome12	340813
chromosome12	340971
chromosome12	341239
chromosome12	341414
chromosome12	341682
chromosome12	341932
chromosome12	342172
chromosome12	342469
chromosome12	342793
chromosome12	343063
chromosome12	343238
chromosome12	343386
chromosome12	343597
chromosome12	343809
chromosome12	344194
chromosome12	344484
chromosome12	344644
chromosome12	344957
chromosome12	345179
chromosome12	345362
chromosome12	345530
chromosome12	345698
chromosome12	345955
chromosome12	346141
chromosome12	346288
chromosome12	346477
chromosome12	346617
chromosome12	346914
chromosome12	347271
chromosome12	347494
chromosome12	347692
chromosome12	347879
chromosome12	348121
chromosome12	348315
chromosome12	348527
chromosome12	349411
chromosome12	349679
chromosome12	349903
chromosome12	350039
chromosome12	350236
chromosome12	350451
chromosome12	350623
chromosome12	350796
chromosome12	351004
chromosome12	351173
chromosome12	351349
chromosome12	351579
chromosome12	351778
chromosome12	351949
chromosome12	352189
chromosome12	352358
chromosome12	352555
chromosome12	352737
chromosome12	352981
chromosome12	353150
chromosome12	353328
chromosome12	353552
chromosome12	353773
chromosome12	354012
chromosome12	354174
chromosome12	354439
chromosome12	354610
chromosome12	354854
chromosome12	355071
chromosome12	355228
chromosome12	355448
chromosome12	355820
chromosome12	356038
chromosome12	356232
chromosome12	356463
chromosome12	356626
chromosome12	356801
chromosome12	357019
chromosome12	357277
chromosome12	357532
chromosome12	357738
chromosome12	357994
chromosome12	358243
chromosome12	358603
chromosome12	358777
chromosome12	359092
chromosome12	359415
chromosome12	359662
chromosome12	359913
chromosome12	360187
chromosome12	360511
chromosome12	360730
chromosome12	361020
chromosome12	361234
chromosome12	361439
chromosome12	361801
chromosome12	361962
chromosome12	362163
chromosome12	362425
chromosome12	362746
chromosome12	362958
chromosome12	363156
chromosome12	363509
chromosome12	363701
chromosome12	364082
chromosome12	364292
chromosome12	364430
chromosome12	364601
chromosome12	364823
chromosome12	365210
chromosome12	366340
chromosome12	366514
chromosome12	366829
chromosome12	367056
chromosome12	367258
chromosome12	367444
chromosome12	367590
chromosome12	367708
chromosome12	367828
chromosome12	367926
chromosome12	368057
chromosome12	368185
chromosome12	368322
chromosome12	368526
chromosome12	368697
chromosome12	368772
chromosome12	369062
chromosome12	369257
chromosome12	370008
chromosome12	370180
chromosome12	370414
chromosome12	370712
chromosome12	370953
chromosome12	371113
chromosome12	371269
chromosome12	371693
chromosome12	371952
chromosome12	372336
chromosome12	372556
chromosome12	372844
chromosome12	374903
chromosome12	375057
chromosome12	375209
chromosome12	375666
chromosome12	375889
chromosome12	376117
chromosome12	376351
chromosome12	376577
chromosome12	376830
chromosome12	377097
chromosome12	377290
chromosome12	377448
chromosome12	377583
chromosome12	377706
chromosome12	377838
chromosome12	378096
chromosome12	378309
chromosome12	378671
chromosome12	378905
chromosome12	379149
chromosome12	379328
chromosome12	379478
chromosome12	379655
chromosome12	379815
chromosome12	380087
chromosome12	380320
chromosome12	380537
chromosome12	380778
chromosome12	380937
chromosome12	381154
chromosome12	381370
chromosome12	381654
chromosome12	381846
chromosome12	381964
chromosome12	382488
chromosome12	382690
chromosome12	382902
chromosome12	383195
chromosome12	383392
chromosome12	383569
chromosome12	383730
chromosome12	383932
chromosome12	384136
chromosome12	384412
chromosome12	384562
chromosome12	384704
chromosome12	384880
chromosome12	385076
chromosome12	385237
chromosome12	385394
chromosome12	385590
chromosome12	385742
chromosome12	385853
chromosome12	385975
chromosome12	386073
chromosome12	386466
chromosome12	386614
chromosome12	386728
chromosome12	386901
chromosome12	387066
chromosome12	387223
chromosome12	387397
chromosome12	387545
chromosome12	387666
chromosome12	387865
chromosome12	388020
chromosome12	388132
chromosome12	388306
chromosome12	388450
chromosome12	388634
chromosome12	388900
chromosome12	389014
chromosome12	389150
chromosome12	389274
chromosome12	389425
chromosome12	389578
chromosome12	389703
chromosome12	389841
chromosome12	390004
chromosome12	390139
chromosome12	390280
chromosome12	390547
chromosome12	390673
chromosome12	390830
chromosome12	390990
chromosome12	391127
chromosome12	391254
chromosome12	391377
chromosome12	391578
chromosome12	391701
chromosome12	391875
chromosome12	391977
chromosome12	392131
chromosome12	392241
chromosome12	392373
chromosome12	392479
chromosome12	392597
chromosome12	392899
chromosome12	393059
chromosome12	393172
chromosome12	393273
chromosome12	393411
chromosome12	393548
chromosome12	393843
chromosome12	394013
chromosome12	394201
chromosome12	394368
chromosome12	394477
chromosome12	394753
chromosome12	394915
chromosome12	395038
chromosome12	395152
chromosome12	395310
chromosome12	395716
chromosome12	395840
chromosome12	396003
chromosome12	396094
chromosome12	396249
chromosome12	396427
chromosome12	396628
chromosome12	396909
chromosome12	397150
chromosome12	397315
chromosome12	398170
chromosome12	398390
chromosome12	398539
chromosome12	398725
chromosome12	398878
chromosome12	399010
chromosome12	399187
chromosome12	399338
chromosome12	399448
chromosome12	399602
chromosome12	399740
chromosome12	399929
chromosome12	400193
chromosome12	400358
chromosome12	400565
chromosome12	400754
chromosome12	400989
chromosome12	401186
chromosome12	401363
chromosome12	401640
chromosome12	401833
chromosome12	402060
chromosome12	402966
chromosome12	403126
chromosome12	403292
chromosome12	403407
chromosome12	403568
chromosome12	403712
chromosome12	403960
chromosome12	404154
chromosome12	404375
chromosome12	404648
chromosome12	404859
chromosome12	405114
chromosome12	405243
chromosome12	405409
chromosome12	405542
chromosome12	405768
chromosome12	405957
chromosome12	406129
chromosome12	406335
chromosome12	406533
chromosome12	406742
chromosome12	406881
chromosome12	407042
chromosome12	407206
chromosome12	407390
chromosome12	407540
chromosome12	407711
chromosome12	407886
chromosome12	408090
chromosome12	408215
chromosome12	408393
chromosome12	408572
chromosome12	408774
chromosome12	409030
chromosome12	409269
chromosome12	409496
chromosome12	409705
chromosome12	409859
chromosome12	410046
chromosome12	410288
chromosome12	410507
chromosome12	410785
chromosome12	411023
chromosome12	411256
chromosome12	411601
chromosome12	411858
chromosome12	412118
chromosome12	412333
chromosome12	413291
chromosome12	413515
chromosome12	413705
chromosome12	413918
chromosome12	414115
chromosome12	414302
chromosome12	414469
chromosome12	414641
chromosome12	414854
chromosome12	415064
chromosome12	415220
chromosome12	415410
chromosome12	416044
chromosome12	416291
chromosome12	416455
chromosome12	416747
chromosome12	416923
chromosome12	417103
chromosome12	417312
chromosome12	417538
chromosome12	417675
chromosome12	417809
chromosome12	417974
chromosome12	418176
chromosome12	418325
chromosome12	418499
chromosome12	418799
chromosome12	419066
chromosome12	419303
chromosome12	419623
chromosome12	419946
chromosome12	420249
chromosome12	420407
chromosome12	420602
chromosome12	420901
chromosome12	421105
chromosome12	421825
chromosome12	421999
chromosome12	422218
chromosome12	422350
chromosome12	422514
chromosome12	422722
chromosome12	422937
chromosome12	423150
chromosome12	423318
chromosome12	423772
chromosome12	424039
chromosome12	424499
chromosome12	424779
chromosome12	424990
chromosome12	425122
chromosome12	425278
chromosome12	425447
chromosome12	425641
chromosome12	425832
chromosome12	426070
chromosome12	426256
chromosome12	426452
chromosome12	427288
chromosome12	427479
chromosome12	427674
chromosome12	427958
chromosome12	428141
chromosome12	428300
chromosome12	428504
chromosome12	428725
chromosome12	428949
chromosome12	429122
chromosome12	429299
chromosome12	429815
chromosome12	430033
chromosome12	430283
chromosome12	430463
chromosome12	430661
chromosome12	430853
chromosome12	431025
chromosome12	431385
chromosome12	431568
chromosome12	431754
chromosome12	431891
chromosome12	432331
chromosome12	432540
chromosome12	433128
chromosome12	433336
chromosome12	433504
chromosome12	433769
chromosome12	434299
chromosome12	434703
chromosome12	434901
chromosome12	435078
chromosome12	435302
chromosome12	435483
chromosome12	435696
chromosome12	437712
chromosome12	437964
chromosome12	438108
chromosome12	438294
chromosome12	438666
chromosome12	438877
chromosome12	439092
chromosome12	439334
chromosome12	439530
chromosome12	439723
chromosome12	439894
chromosome12	440031
chromosome12	440190
chromosome12	440632
chromosome12	440979
chromosome12	441752
chromosome12	441991
chromosome12	442258
chromosome12	442550
chromosome12	443259
chromosome12	443414
chromosome12	443589
chromosome12	443758
chromosome12	443960
chromosome12	444105
chromosome12	444265
chromosome12	444458
chromosome12	444966
chromosome12	445137
chromosome12	445875
chromosome12	446202
chromosome12	446500
chromosome12	446875
chromosome12	447149
chromosome12	447461
chromosome12	448302
chromosome12	448525
chromosome12	448766
chromosome12	450080
chromosome12	459929
chromosome12	460162
chromosome12	460447
chromosome12	460580
chromosome12	490963
chromosome12	491093
chromosome12	491937
chromosome12	492213
chromosome12	492538
chromosome12	492867
chromosome12	493206
chromosome12	493421
chromosome12	493535
chromosome12	493764
chromosome12	493958
chromosome12	494155
chromosome12	494696
chromosome12	495151
chromosome12	495339
chromosome12	495581
chromosome12	496416
chromosome12	497647
chromosome12	497910
chromosome12	498378
chromosome12	499097
chromosome12	499608
chromosome12	499902
chromosome12	500169
chromosome12	500705
chromosome12	500972
chromosome12	501124
chromosome12	501266
chromosome12	501530
chromosome12	501842
chromosome12	502094
chromosome12	502319
chromosome12	502500
chromosome12	502664
chromosome12	502924
chromosome12	503365
chromosome12	503629
chromosome12	503845
chromosome12	504063
chromosome12	504258
chromosome12	504514
chromosome12	504809
chromosome12	505083
chromosome12	505373
chromosome12	505767
chromosome12	506562
chromosome12	507021
chromosome12	507352
chromosome12	508720
chromosome12	508891
chromosome12	509061
chromosome12	509279
chromosome12	509540
chromosome12	509729
chromosome12	509969
chromosome12	510148
chromosome12	510354
chromosome12	510682
chromosome12	510960
chromosome12	511074
chromosome12	511263
chromosome12	511447
chromosome12	511683
chromosome12	511832
chromosome12	512038
chromosome12	512193
chromosome12	512473
chromosome12	512625
chromosome12	512785
chromosome12	513486
chromosome12	513655
chromosome12	513840
chromosome12	514266
chromosome12	514459
chromosome12	514610
chromosome12	515282
chromosome12	515525
chromosome12	515730
chromosome12	515933
chromosome12	516236
chromosome12	516474
chromosome12	516825
chromosome12	516998
chromosome12	517114
chromosome12	517343
chromosome12	517542
chromosome12	518145
chromosome12	518387
chromosome12	518576
chromosome12	518806
chromosome12	519133
chromosome12	519421
chromosome12	519688
chromosome12	519973
chromosome12	520267
chromosome12	520860
chromosome12	521044
chromosome12	521248
chromosome12	521471
chromosome12	521666
chromosome12	521888
chromosome12	522063
chromosome12	522428
chromosome12	522683
chromosome12	522802
chromosome12	522939
chromosome12	523189
chromosome12	523811
chromosome12	524142
chromosome12	524426
chromosome12	524661
chromosome12	524892
chromosome12	525107
chromosome12	525350
chromosome12	525524
chromosome12	525893
chromosome12	526170
chromosome12	526353
chromosome12	526505
chromosome12	526688
chromosome12	526880
chromosome12	527094
chromosome12	527333
chromosome12	527533
chromosome12	527715
chromosome12	528235
chromosome12	528429
chromosome12	528638
chromosome12	528855
chromosome12	529192
chromosome12	529476
chromosome12	529715
chromosome12	530039
chromosome12	530371
chromosome12	530998
chromosome12	531268
chromosome12	531484
chromosome12	531708
chromosome12	531958
chromosome12	532208
chromosome12	532437
chromosome12	532687
chromosome12	532891
chromosome12	533127
chromosome12	533338
chromosome12	533574
chromosome12	533751
chromosome12	533938
chromosome12	534156
chromosome12	534375
chromosome12	534580
chromosome12	534781
chromosome12	535066
chromosome12	535437
chromosome12	535624
chromosome12	535767
chromosome12	535973
chromosome12	536282
chromosome12	536565
chromosome12	536776
chromosome12	536983
chromosome12	537443
chromosome12	537652
chromosome12	537977
chromosome12	538219
chromosome12	538718
chromosome12	538987
chromosome12	539310
chromosome12	540096
chromosome12	540281
chromosome12	540474
chromosome12	540586
chromosome12	540962
chromosome12	541106
chromosome12	541232
chromosome12	541378
chromosome12	541514
chromosome12	541643
chromosome12	541764
chromosome12	541991
chromosome12	542241
chromosome12	542442
chromosome12	542768
chromosome12	543120
chromosome12	543384
chromosome12	543592
chromosome12	543945
chromosome12	544173
chromosome12	544324
chromosome12	544606
chromosome12	544798
chromosome12	545103
chromosome12	545438
chromosome12	546145
chromosome12	546450
chromosome12	546792
chromosome12	547026
chromosome12	547884
chromosome12	548125
chromosome12	548297
chromosome12	548452
chromosome12	548634
chromosome12	548812
chromosome12	549151
chromosome12	549368
chromosome12	549713
chromosome12	549966
chromosome12	550225
chromosome12	550810
chromosome12	551076
chromosome12	551256
chromosome12	551502
chromosome12	551811
chromosome12	552024
chromosome12	552172
chromosome12	552377
chromosome12	552616
chromosome12	552937
chromosome12	553204
chromosome12	553415
chromosome12	553664
chromosome12	553945
chromosome12	554082
chromosome12	554204
chromosome12	554332
chromosome12	554492
chromosome12	554763
chromosome12	555024
chromosome12	555210
chromosome12	555460
chromosome12	555846
chromosome12	556086
chromosome12	556603
chromosome12	556831
chromosome12	557066
chromosome12	557290
chromosome12	557486
chromosome12	557711
chromosome12	557963
chromosome12	558204
chromosome12	558470
chromosome12	558740
chromosome12	558947
chromosome12	559072
chromosome12	559372
chromosome12	559615
chromosome12	559901
chromosome12	560231
chromosome12	560914
chromosome12	561263
chromosome12	561592
chromosome12	561800
chromosome12	562055
chromosome12	562294
chromosome12	562478
chromosome12	562750
chromosome12	563111
chromosome12	563338
chromosome12	563725
chromosome12	564239
chromosome12	564538
chromosome12	564843
chromosome12	565361
chromosome12	565694
chromosome12	566015
chromosome12	566288
chromosome12	566726
chromosome12	566922
chromosome12	567207
chromosome12	567372
chromosome12	567590
chromosome12	567821
chromosome12	568193
chromosome12	568410
chromosome12	568601
chromosome12	568808
chromosome12	569043
chromosome12	569283
chromosome12	569556
chromosome12	569943
chromosome12	570171
chromosome12	570364
chromosome12	570779
chromosome12	571005
chromosome12	571244
chromosome12	571499
chromosome12	571751
chromosome12	571909
chromosome12	572205
chromosome12	572438
chromosome12	572680
chromosome12	572913
chromosome12	573202
chromosome12	573444
chromosome12	573610
chromosome12	573777
chromosome12	573950
chromosome12	574216
chromosome12	574402
chromosome12	574563
chromosome12	574757
chromosome12	574957
chromosome12	575147
chromosome12	575388
chromosome12	575581
chromosome12	575732
chromosome12	575875
chromosome12	576046
chromosome12	576214
chromosome12	576944
chromosome12	577157
chromosome12	577442
chromosome12	577717
chromosome12	578551
chromosome12	578711
chromosome12	578855
chromosome12	579296
chromosome12	579562
chromosome12	579736
chromosome12	579993
chromosome12	580351
chromosome12	580605
chromosome12	580801
chromosome12	581002
chromosome12	581208
chromosome12	581457
chromosome12	581654
chromosome12	581795
chromosome12	581975
chromosome12	582473
chromosome12	582660
chromosome12	583026
chromosome12	583261
chromosome12	583568
chromosome12	583776
chromosome12	583958
chromosome12	584246
chromosome12	584606
chromosome12	584872
chromosome12	585170
chromosome12	585388
chromosome12	586074
chromosome12	586248
chromosome12	586388
chromosome12	586625
chromosome12	586841
chromosome12	587028
chromosome12	587297
chromosome12	587543
chromosome12	587977
chromosome12	588155
chromosome12	588374
chromosome12	588542
chromosome12	588929
chromosome12	589956
chromosome12	590248
chromosome12	590556
chromosome12	590768
chromosome12	591230
chromosome12	591443
chromosome12	592151
chromosome12	592275
chromosome12	592425
chromosome12	599964
chromosome12	600181
chromosome12	600458
chromosome12	600619
chromosome12	600862
chromosome12	601068
chromosome12	601243
chromosome12	601365
chromosome12	601596
chromosome12	601804
chromosome12	601972
chromosome12	602209
chromosome12	602523
chromosome12	602800
chromosome12	603013
chromosome12	603208
chromosome12	603357
chromosome12	603534
chromosome12	603714
chromosome12	603896
chromosome12	604051
chromosome12	604362
chromosome12	604791
chromosome12	605017
chromosome12	605530
chromosome12	605932
chromosome12	606124
chromosome12	606391
chromosome12	606612
chromosome12	606875
chromosome12	607051
chromosome12	607422
chromosome12	607590
chromosome12	607783
chromosome12	607968
chromosome12	608260
chromosome12	608500
chromosome12	608650
chromosome12	608807
chromosome12	608999
chromosome12	609243
chromosome12	609434
chromosome12	609673
chromosome12	609852
chromosome12	610066
chromosome12	610322
chromosome12	610580
chromosome12	610806
chromosome12	611048
chromosome12	611291
chromosome12	611606
chromosome12	611834
chromosome12	611958
chromosome12	612142
chromosome12	612465
chromosome12	612628
chromosome12	612780
chromosome12	613018
chromosome12	613235
chromosome12	613430
chromosome12	613590
chromosome12	614506
chromosome12	614716
chromosome12	614903
chromosome12	615143
chromosome12	615373
chromosome12	615583
chromosome12	615822
chromosome12	616073
chromosome12	616234
chromosome12	616380
chromosome12	616631
chromosome12	616867
chromosome12	617102
chromosome12	617302
chromosome12	617498
chromosome12	617758
chromosome12	618076
chromosome12	618282
chromosome12	618623
chromosome12	618861
chromosome12	619071
chromosome12	619305
chromosome12	619635
chromosome12	619946
chromosome12	620367
chromosome12	620586
chromosome12	620927
chromosome12	621167
chromosome12	621432
chromosome12	621654
chromosome12	621942
chromosome12	622365
chromosome12	622665
chromosome12	623310
chromosome12	623575
chromosome12	623776
chromosome12	623966
chromosome12	624227
chromosome12	624559
chromosome12	624805
chromosome12	625230
chromosome12	625726
chromosome12	626032
chromosome12	626631
chromosome12	626894
chromosome12	627113
chromosome12	627360
chromosome12	627585
chromosome12	627823
chromosome12	628019
chromosome12	628431
chromosome12	628984
chromosome12	629200
chromosome12	629376
chromosome12	629602
chromosome12	629803
chromosome12	630069
chromosome12	630217
chromosome12	630453
chromosome12	630623
chromosome12	630792
chromosome12	630978
chromosome12	631268
chromosome12	631426
chromosome12	631637
chromosome12	631868
chromosome12	632106
chromosome12	632320
chromosome12	632453
chromosome12	632653
chromosome12	632949
chromosome12	633147
chromosome12	633313
chromosome12	633486
chromosome12	633707
chromosome12	634127
chromosome12	634341
chromosome12	634551
chromosome12	634732
chromosome12	635002
chromosome12	635292
chromosome12	635637
chromosome12	635882
chromosome12	636084
chromosome12	636839
chromosome12	637090
chromosome12	637364
chromosome12	637664
chromosome12	637883
chromosome12	638165
chromosome12	638561
chromosome12	638931
chromosome12	639387
chromosome12	639862
chromosome12	640552
chromosome12	640956
chromosome12	641151
chromosome12	641665
chromosome12	641899
chromosome12	642120
chromosome12	642271
chromosome12	642410
chromosome12	642655
chromosome12	642924
chromosome12	643251
chromosome12	643542
chromosome12	643855
chromosome12	644135
chromosome12	644419
chromosome12	644622
chromosome12	644827
chromosome12	645018
chromosome12	645439
chromosome12	645603
chromosome12	645901
chromosome12	646039
chromosome12	646281
chromosome12	646711
chromosome12	646972
chromosome12	647182
chromosome12	647503
chromosome12	647651
chromosome12	647796
chromosome12	647997
chromosome12	648181
chromosome12	648396
chromosome12	648628
chromosome12	648859
chromosome12	649207
chromosome12	649423
chromosome12	649594
chromosome12	649777
chromosome12	649957
chromosome12	650089
chromosome12	650278
chromosome12	650390
chromosome12	650527
chromosome12	650631
chromosome12	650803
chromosome12	658319
chromosome12	658490
chromosome12	658607
chromosome12	658717
chromosome12	658893
chromosome12	659113
chromosome12	659254
chromosome12	659404
chromosome12	659581
chromosome12	659753
chromosome12	659962
chromosome12	660097
chromosome12	660294
chromosome12	660469
chromosome12	660686
chromosome12	660928
chromosome12	661138
chromosome12	661327
chromosome12	661576
chromosome12	661816
chromosome12	661978
chromosome12	662185
chromosome12	662434
chromosome12	662698
chromosome12	662892
chromosome12	663338
chromosome12	663552
chromosome12	664028
chromosome12	664411
chromosome12	664723
chromosome12	665028
chromosome12	665255
chromosome12	665434
chromosome12	665695
chromosome12	665890
chromosome12	666178
chromosome12	666392
chromosome12	666609
chromosome12	666839
chromosome12	667133
chromosome12	667412
chromosome12	667664
chromosome12	668228
chromosome12	668478
chromosome12	668893
chromosome12	669024
chromosome12	669221
chromosome12	669730
chromosome12	669979
chromosome12	670170
chromosome12	670410
chromosome12	670706
chromosome12	670902
chromosome12	671449
chromosome12	671616
chromosome12	671810
chromosome12	672007
chromosome12	672233
chromosome12	672383
chromosome12	674028
chromosome12	674410
chromosome12	674611
chromosome12	674763
chromosome12	674975
chromosome12	675302
chromosome12	675437
chromosome12	675865
chromosome12	676514
chromosome12	676676
chromosome12	676881
chromosome12	677034
chromosome12	677173
chromosome12	677369
chromosome12	677518
chromosome12	677741
chromosome12	677949
chromosome12	678106
chromosome12	678240
chromosome12	678422
chromosome12	678557
chromosome12	678789
chromosome12	678998
chromosome12	679402
chromosome12	679612
chromosome12	679819
chromosome12	680214
chromosome12	680512
chromosome12	680866
chromosome12	681075
chromosome12	681404
chromosome12	681784
chromosome12	682065
chromosome12	682688
chromosome12	682926
chromosome12	683089
chromosome12	683311
chromosome12	683512
chromosome12	683906
chromosome12	684197
chromosome12	684513
chromosome12	684803
chromosome12	685057
chromosome12	685262
chromosome12	685689
chromosome12	685863
chromosome12	686133
chromosome12	686360
chromosome12	686675
chromosome12	686911
chromosome12	687113
chromosome12	687330
chromosome12	689340
chromosome12	689521
chromosome12	689643
chromosome12	689823
chromosome12	690530
chromosome12	690724
chromosome12	690944
chromosome12	691130
chromosome12	691330
chromosome12	691516
chromosome12	691733
chromosome12	692023
chromosome12	692320
chromosome12	692590
chromosome12	692962
chromosome12	693313
chromosome12	693631
chromosome12	693860
chromosome12	694311
chromosome12	694746
chromosome12	695160
chromosome12	695484
chromosome12	695750
chromosome12	696553
chromosome12	696819
chromosome12	697219
chromosome12	697403
chromosome12	697645
chromosome12	697888
chromosome12	698203
chromosome12	698650
chromosome12	698953
chromosome12	699241
chromosome12	699491
chromosome12	700261
chromosome12	700467
chromosome12	700718
chromosome12	700959
chromosome12	701435
chromosome12	701695
chromosome12	701913
chromosome12	702192
chromosome12	702459
chromosome12	702744
chromosome12	702976
chromosome12	703172
chromosome12	703353
chromosome12	703523
chromosome12	703753
chromosome12	703980
chromosome12	704530
chromosome12	704748
chromosome12	704922
chromosome12	705058
chromosome12	705206
chromosome12	705402
chromosome12	705686
chromosome12	706049
chromosome12	706279
chromosome12	706458
chromosome12	706675
chromosome12	706906
chromosome12	707059
chromosome12	707214
chromosome12	707407
chromosome12	707689
chromosome12	707892
chromosome12	708157
chromosome12	708760
chromosome12	708935
chromosome12	709061
chromosome12	709396
chromosome12	709669
chromosome12	709950
chromosome12	710456
chromosome12	710655
chromosome12	710832
chromosome12	710972
chromosome12	711138
chromosome12	711374
chromosome12	711565
chromosome12	711756
chromosome12	711980
chromosome12	713203
chromosome12	713415
chromosome12	713633
chromosome12	713863
chromosome12	714131
chromosome12	714341
chromosome12	714597
chromosome12	714921
chromosome12	715093
chromosome12	715317
chromosome12	715601
chromosome12	715824
chromosome12	716054
chromosome12	716310
chromosome12	716558
chromosome12	716846
chromosome12	717330
chromosome12	717502
chromosome12	717764
chromosome12	718544
chromosome12	718893
chromosome12	719257
chromosome12	719488
chromosome12	719718
chromosome12	719909
chromosome12	720173
chromosome12	720362
chromosome12	720813
chromosome12	721323
chromosome12	721889
chromosome12	722097
chromosome12	722325
chromosome12	722620
chromosome12	722756
chromosome12	723016
chromosome12	723505
chromosome12	724014
chromosome12	724169
chromosome12	724328
chromosome12	724928
chromosome12	725233
chromosome12	725449
chromosome12	725741
chromosome12	726048
chromosome12	726188
chromosome12	726373
chromosome12	726606
chromosome12	726813
chromosome12	726992
chromosome12	727205
chromosome12	727346
chromosome12	727584
chromosome12	727896
chromosome12	728115
chromosome12	728282
chromosome12	728389
chromosome12	728571
chromosome12	728704
chromosome12	728903
chromosome12	729137
chromosome12	729426
chromosome12	729740
chromosome12	730011
chromosome12	730326
chromosome12	730770
chromosome12	730962
chromosome12	731174
chromosome12	731397
chromosome12	732159
chromosome12	732385
chromosome12	732778
chromosome12	733162
chromosome12	733571
chromosome12	734030
chromosome12	735318
chromosome12	735708
chromosome12	736040
chromosome12	736427
chromosome12	736802
chromosome12	737213
chromosome12	737525
chromosome12	737846
chromosome12	738077
chromosome12	738365
chromosome12	738590
chromosome12	738950
chromosome12	739217
chromosome12	739598
chromosome12	739783
chromosome12	740022
chromosome12	740301
chromosome12	740585
chromosome12	740924
chromosome12	741205
chromosome12	741524
chromosome12	741767
chromosome12	742004
chromosome12	742234
chromosome12	742462
chromosome12	742732
chromosome12	742947
chromosome12	743156
chromosome12	743318
chromosome12	743555
chromosome12	743810
chromosome12	744254
chromosome12	744480
chromosome12	744710
chromosome12	745683
chromosome12	745882
chromosome12	746135
chromosome12	746371
chromosome12	746844
chromosome12	747074
chromosome12	747467
chromosome12	747698
chromosome12	747846
chromosome12	748000
chromosome12	748202
chromosome12	748416
chromosome12	748728
chromosome12	749209
chromosome12	749423
chromosome12	749680
chromosome12	750216
chromosome12	750465
chromosome12	750651
chromosome12	750879
chromosome12	751096
chromosome12	751479
chromosome12	751782
chromosome12	752311
chromosome12	752659
chromosome12	752951
chromosome12	753231
chromosome12	753620
chromosome12	753827
chromosome12	754127
chromosome12	754584
chromosome12	754797
chromosome12	754977
chromosome12	755161
chromosome12	755398
chromosome12	755679
chromosome12	755913
chromosome12	756126
chromosome12	756329
chromosome12	756558
chromosome12	756849
chromosome12	757092
chromosome12	757289
chromosome12	757899
chromosome12	758060
chromosome12	758315
chromosome12	758483
chromosome12	758647
chromosome12	758874
chromosome12	759275
chromosome12	759415
chromosome12	759543
chromosome12	759848
chromosome12	760091
chromosome12	760401
chromosome12	760572
chromosome12	760686
chromosome12	760874
chromosome12	761066
chromosome12	761213
chromosome12	761447
chromosome12	761687
chromosome12	761899
chromosome12	762099
chromosome12	762823
chromosome12	763131
chromosome12	763337
chromosome12	763615
chromosome12	763839
chromosome12	764033
chromosome12	764320
chromosome12	764462
chromosome12	764583
chromosome12	764758
chromosome12	764948
chromosome12	765163
chromosome12	765398
chromosome12	765652
chromosome12	765941
chromosome12	766354
chromosome12	766856
chromosome12	767124
chromosome12	767309
chromosome12	768048
chromosome12	768306
chromosome12	768564
chromosome12	768788
chromosome12	769007
chromosome12	769361
chromosome12	769637
chromosome12	769936
chromosome12	770221
chromosome12	770396
chromosome12	770626
chromosome12	770751
chromosome12	771003
chromosome12	771181
chromosome12	771424
chromosome12	771713
chromosome12	771912
chromosome12	772121
chromosome12	772365
chromosome12	772559
chromosome12	772803
chromosome12	772957
chromosome12	773191
chromosome12	773342
chromosome12	773533
chromosome12	773683
chromosome12	773917
chromosome12	774203
chromosome12	774422
chromosome12	774687
chromosome12	774856
chromosome12	775064
chromosome12	775281
chromosome12	775509
chromosome12	775708
chromosome12	775923
chromosome12	776102
chromosome12	776872
chromosome12	777171
chromosome12	777443
chromosome12	777678
chromosome12	778034
chromosome12	778218
chromosome12	778441
chromosome12	778715
chromosome12	778867
chromosome12	779046
chromosome12	779344
chromosome12	779598
chromosome12	779877
chromosome12	780160
chromosome12	780414
chromosome12	780570
chromosome12	781564
chromosome12	781778
chromosome12	781988
chromosome12	782146
chromosome12	782409
chromosome12	782701
chromosome12	782878
chromosome12	783175
chromosome12	783591
chromosome12	783851
chromosome12	784191
chromosome12	784604
chromosome12	784967
chromosome12	785223
chromosome12	785681
chromosome12	785959
chromosome12	786396
chromosome12	786614
chromosome12	786826
chromosome12	787042
chromosome12	787297
chromosome12	787542
chromosome12	787855
chromosome12	788190
chromosome12	788411
chromosome12	788657
chromosome12	788847
chromosome12	789006
chromosome12	789432
chromosome12	789596
chromosome12	789942
chromosome12	790204
chromosome12	790379
chromosome12	790650
chromosome12	790827
chromosome12	791033
chromosome12	791245
chromosome12	791485
chromosome12	791688
chromosome12	792325
chromosome12	792429
chromosome12	792701
chromosome12	794113
chromosome12	795197
chromosome12	795327
chromosome12	795953
chromosome12	796099
chromosome12	796255
chromosome12	796438
chromosome12	796598
chromosome12	796739
chromosome12	797412
chromosome12	797645
chromosome12	797813
chromosome12	797941
chromosome12	798121
chromosome12	798291
chromosome12	798457
chromosome12	798693
chromosome12	798877
chromosome12	799117
chromosome12	799382
chromosome12	799856
chromosome12	800006
chromosome12	800214
chromosome12	800444
chromosome12	800738
chromosome12	800998
chromosome12	801211
chromosome12	801458
chromosome12	801620
chromosome12	801808
chromosome12	802020
chromosome12	802154
chromosome12	802367
chromosome12	802827
chromosome12	803017
chromosome12	803186
chromosome12	803336
chromosome12	803511
chromosome12	804443
chromosome12	804775
chromosome12	804945
chromosome12	805333
chromosome12	805452
chromosome12	805579
chromosome12	805770
chromosome12	806006
chromosome12	806322
chromosome12	806687
chromosome12	807091
chromosome12	807237
chromosome12	807589
chromosome12	807727
chromosome12	807852
chromosome12	808046
chromosome12	808209
chromosome12	808362
chromosome12	808709
chromosome12	808882
chromosome12	809027
chromosome12	809206
chromosome12	809388
chromosome12	809888
chromosome12	810052
chromosome12	810223
chromosome12	810402
chromosome12	810599
chromosome12	810830
chromosome12	811065
chromosome12	811349
chromosome12	811563
chromosome12	811757
chromosome12	811978
chromosome12	812204
chromosome12	812459
chromosome12	812696
chromosome12	813053
chromosome12	813296
chromosome12	813539
chromosome12	813824
chromosome12	814031
chromosome12	814222
chromosome12	814445
chromosome12	814716
chromosome12	814970
chromosome12	815162
chromosome12	815365
chromosome12	815627
chromosome12	815986
chromosome12	816100
chromosome12	816323
chromosome12	816516
chromosome12	816781
chromosome12	817041
chromosome12	817227
chromosome12	817419
chromosome12	817589
chromosome12	818711
chromosome12	818872
chromosome12	818993
chromosome12	819138
chromosome12	819259
chromosome12	819431
chromosome12	819559
chromosome12	819726
chromosome12	819995
chromosome12	820280
chromosome12	820465
chromosome12	820714
chromosome12	820965
chromosome12	821222
chromosome12	821494
chromosome12	821710
chromosome12	821980
chromosome12	822481
chromosome12	822750
chromosome12	822888
chromosome12	823029
chromosome12	823196
chromosome12	823939
chromosome12	824218
chromosome12	824446
chromosome12	824800
chromosome12	825056
chromosome12	825405
chromosome12	825851
chromosome12	826146
chromosome12	826419
chromosome12	827085
chromosome12	827301
chromosome12	827544
chromosome12	827841
chromosome12	828076
chromosome12	828262
chromosome12	828416
chromosome12	828633
chromosome12	828746
chromosome12	828948
chromosome12	829242
chromosome12	829572
chromosome12	829797
chromosome12	830044
chromosome12	830227
chromosome12	830415
chromosome12	830590
chromosome12	830700
chromosome12	830849
chromosome12	831010
chromosome12	831164
chromosome12	831540
chromosome12	831772
chromosome12	832023
chromosome12	832219
chromosome12	832429
chromosome12	832722
chromosome12	832949
chromosome12	833074
chromosome12	833351
chromosome12	833602
chromosome12	833898
chromosome12	834387
chromosome12	834597
chromosome12	834784
chromosome12	834986
chromosome12	835121
chromosome12	835270
chromosome12	835495
chromosome12	835693
chromosome12	835944
chromosome12	836470
chromosome12	836673
chromosome12	837013
chromosome12	837205
chromosome12	837442
chromosome12	837966
chromosome12	838453
chromosome12	838849
chromosome12	839124
chromosome12	839270
chromosome12	839420
chromosome12	839614
chromosome12	839760
chromosome12	839921
chromosome12	840048
chromosome12	840199
chromosome12	840282
chromosome12	840481
chromosome12	840661
chromosome12	840866
chromosome12	841119
chromosome12	841289
chromosome12	841557
chromosome12	841762
chromosome12	841901
chromosome12	842113
chromosome12	842401
chromosome12	842788
chromosome12	843106
chromosome12	843344
chromosome12	843562
chromosome12	843793
chromosome12	844010
chromosome12	844293
chromosome12	844503
chromosome12	844839
chromosome12	845299
chromosome12	845571
chromosome12	846249
chromosome12	846480
chromosome12	846687
chromosome12	846895
chromosome12	847117
chromosome12	847374
chromosome12	847726
chromosome12	847973
chromosome12	848257
chromosome12	848443
chromosome12	848645
chromosome12	848842
chromosome12	849014
chromosome12	849170
chromosome12	849291
chromosome12	849485
chromosome12	849791
chromosome12	849923
chromosome12	850132
chromosome12	850373
chromosome12	850627
chromosome12	850894
chromosome12	851134
chromosome12	851328
chromosome12	851563
chromosome12	851911
chromosome12	852723
chromosome12	853163
chromosome12	853328
chromosome12	853506
chromosome12	853715
chromosome12	853907
chromosome12	854128
chromosome12	854347
chromosome12	854521
chromosome12	854904
chromosome12	855162
chromosome12	855312
chromosome12	855449
chromosome12	855589
chromosome12	855794
chromosome12	855887
chromosome12	856059
chromosome12	856281
chromosome12	856489
chromosome12	856684
chromosome12	856922
chromosome12	857117
chromosome12	857443
chromosome12	857569
chromosome12	857769
chromosome12	857995
chromosome12	858201
chromosome12	858417
chromosome12	858634
chromosome12	858866
chromosome12	859100
chromosome12	859288
chromosome12	859463
chromosome12	859650
chromosome12	859958
chromosome12	860162
chromosome12	860402
chromosome12	860538
chromosome12	860716
chromosome12	861021
chromosome12	861302
chromosome12	861719
chromosome12	861966
chromosome12	862180
chromosome12	862358
chromosome12	862524
chromosome12	862729
chromosome12	862942
chromosome12	863171
chromosome12	863359
chromosome12	863574
chromosome12	863879
chromosome12	864159
chromosome12	864401
chromosome12	864656
chromosome12	865036
chromosome12	865387
chromosome12	865656
chromosome12	865941
chromosome12	866274
chromosome12	866597
chromosome12	867367
chromosome12	867618
chromosome12	867935
chromosome12	868282
chromosome12	868917
chromosome12	869180
chromosome12	869357
chromosome12	869594
chromosome12	870267
chromosome12	870515
chromosome12	870782
chromosome12	871007
chromosome12	871170
chromosome12	871343
chromosome12	871474
chromosome12	871658
chromosome12	871864
chromosome12	872018
chromosome12	872254
chromosome12	872546
chromosome12	872768
chromosome12	872993
chromosome12	873219
chromosome12	873409
chromosome12	873944
chromosome12	874283
chromosome12	874634
chromosome12	874871
chromosome12	875003
chromosome12	875174
chromosome12	875352
chromosome12	875734
chromosome12	876023
chromosome12	876342
chromosome12	876589
chromosome12	876908
chromosome12	877196
chromosome12	877415
chromosome12	877640
chromosome12	877830
chromosome12	878043
chromosome12	878368
chromosome12	878619
chromosome12	878914
chromosome12	879214
chromosome12	879490
chromosome12	879899
chromosome12	880110
chromosome12	880396
chromosome12	880601
chromosome12	880841
chromosome12	881061
chromosome12	881300
chromosome12	881538
chromosome12	881754
chromosome12	882323
chromosome12	882623
chromosome12	882894
chromosome12	883124
chromosome12	883353
chromosome12	883578
chromosome12	883794
chromosome12	884011
chromosome12	884275
chromosome12	884590
chromosome12	884773
chromosome12	884985
chromosome12	885401
chromosome12	885599
chromosome12	885963
chromosome12	886112
chromosome12	886336
chromosome12	886622
chromosome12	886862
chromosome12	887049
chromosome12	887285
chromosome12	887468
chromosome12	887751
chromosome12	888109
chromosome12	888362
chromosome12	889000
chromosome12	889208
chromosome12	889444
chromosome12	889657
chromosome12	889843
chromosome12	890038
chromosome12	890299
chromosome12	890539
chromosome12	890793
chromosome12	891004
chromosome12	891261
chromosome12	891452
chromosome12	891655
chromosome12	891872
chromosome12	892094
chromosome12	892359
chromosome12	892628
chromosome12	892855
chromosome12	893095
chromosome12	893268
chromosome12	893442
chromosome12	893599
chromosome12	893936
chromosome12	894197
chromosome12	894534
chromosome12	894745
chromosome12	895020
chromosome12	895240
chromosome12	895634
chromosome12	895984
chromosome12	896197
chromosome12	896354
chromosome12	896568
chromosome12	896762
chromosome12	896995
chromosome12	897164
chromosome12	897353
chromosome12	897541
chromosome12	897719
chromosome12	897854
chromosome12	898000
chromosome12	898103
chromosome12	898235
chromosome12	898372
chromosome12	898531
chromosome12	898788
chromosome12	899021
chromosome12	899140
chromosome12	899370
chromosome12	899517
chromosome12	899659
chromosome12	899904
chromosome12	900124
chromosome12	900391
chromosome12	900660
chromosome12	900864
chromosome12	901060
chromosome12	901253
chromosome12	901457
chromosome12	901713
chromosome12	901894
chromosome12	902208
chromosome12	902475
chromosome12	902683
chromosome12	902927
chromosome12	903116
chromosome12	903387
chromosome12	903566
chromosome12	903813
chromosome12	904239
chromosome12	904735
chromosome12	904983
chromosome12	905244
chromosome12	905460
chromosome12	905652
chromosome12	905956
chromosome12	906287
chromosome12	906482
chromosome12	906657
chromosome12	906807
chromosome12	907007
chromosome12	907191
chromosome12	907451
chromosome12	907659
chromosome12	907870
chromosome12	908023
chromosome12	908278
chromosome12	908498
chromosome12	908687
chromosome12	908859
chromosome12	909046
chromosome12	909311
chromosome12	909715
chromosome12	909952
chromosome12	910149
chromosome12	910445
chromosome12	910697
chromosome12	910906
chromosome12	911170
chromosome12	911434
chromosome12	911682
chromosome12	911951
chromosome12	912240
chromosome12	912704
chromosome12	912949
chromosome12	913294
chromosome12	913524
chromosome12	913758
chromosome12	913987
chromosome12	914167
chromosome12	914332
chromosome12	914513
chromosome12	914765
chromosome12	914951
chromosome12	915144
chromosome12	915461
chromosome12	915712
chromosome12	915939
chromosome12	916192
chromosome12	916423
chromosome12	916904
chromosome12	917238
chromosome12	917459
chromosome12	917757
chromosome12	918061
chromosome12	918261
chromosome12	918482
chromosome12	918682
chromosome12	918905
chromosome12	919066
chromosome12	919641
chromosome12	919944
chromosome12	920217
chromosome12	920442
chromosome12	920670
chromosome12	920865
chromosome12	921089
chromosome12	921264
chromosome12	921406
chromosome12	921542
chromosome12	921806
chromosome12	921961
chromosome12	922103
chromosome12	922194
chromosome12	922330
chromosome12	922531
chromosome12	922851
chromosome12	923093
chromosome12	923350
chromosome12	923612
chromosome12	923821
chromosome12	923966
chromosome12	924256
chromosome12	924459
chromosome12	924612
chromosome12	924726
chromosome12	924907
chromosome12	925122
chromosome12	925361
chromosome12	925648
chromosome12	925930
chromosome12	926164
chromosome12	926429
chromosome12	926618
chromosome12	926871
chromosome12	927224
chromosome12	927541
chromosome12	928849
chromosome12	929124
chromosome12	929375
chromosome12	929634
chromosome12	929795
chromosome12	930018
chromosome12	930336
chromosome12	930585
chromosome12	930794
chromosome12	931283
chromosome12	931505
chromosome12	931657
chromosome12	931825
chromosome12	931970
chromosome12	932111
chromosome12	932238
chromosome12	932439
chromosome12	932575
chromosome12	932791
chromosome12	932985
chromosome12	933185
chromosome12	933343
chromosome12	933604
chromosome12	934140
chromosome12	934310
chromosome12	934488
chromosome12	934703
chromosome12	934930
chromosome12	935172
chromosome12	935389
chromosome12	935612
chromosome12	935873
chromosome12	936082
chromosome12	936338
chromosome12	936567
chromosome12	936763
chromosome12	936960
chromosome12	937206
chromosome12	937525
chromosome12	937778
chromosome12	938020
chromosome12	938215
chromosome12	938493
chromosome12	938737
chromosome12	939062
chromosome12	939388
chromosome12	939748
chromosome12	939973
chromosome12	940300
chromosome12	940635
chromosome12	940971
chromosome12	947312
chromosome12	947519
chromosome12	947696
chromosome12	947942
chromosome12	948131
chromosome12	948264
chromosome12	948385
chromosome12	948568
chromosome12	948753
chromosome12	948967
chromosome12	949155
chromosome12	949348
chromosome12	949456
chromosome12	949619
chromosome12	949884
chromosome12	950026
chromosome12	950167
chromosome12	950533
chromosome12	950819
chromosome12	951104
chromosome12	951279
chromosome12	951492
chromosome12	951706
chromosome12	951955
chromosome12	952133
chromosome12	952346
chromosome12	952605
chromosome12	952844
chromosome12	953085
chromosome12	953449
chromosome12	953716
chromosome12	953904
chromosome12	954100
chromosome12	954317
chromosome12	954485
chromosome12	954618
chromosome12	954815
chromosome12	955078
chromosome12	955264
chromosome12	955496
chromosome12	955729
chromosome12	955933
chromosome12	956153
chromosome12	956398
chromosome12	956630
chromosome12	956845
chromosome12	957057
chromosome12	957403
chromosome12	957596
chromosome12	957704
chromosome12	957965
chromosome12	958144
chromosome12	958397
chromosome12	958603
chromosome12	958884
chromosome12	959100
chromosome12	959311
chromosome12	959484
chromosome12	959661
chromosome12	960138
chromosome12	960269
chromosome12	960473
chromosome12	960722
chromosome12	960915
chromosome12	961170
chromosome12	961458
chromosome12	961628
chromosome12	961821
chromosome12	962180
chromosome12	962373
chromosome12	962553
chromosome12	962830
chromosome12	963004
chromosome12	963754
chromosome12	963965
chromosome12	964181
chromosome12	964414
chromosome12	964631
chromosome12	964852
chromosome12	965110
chromosome12	965319
chromosome12	965581
chromosome12	965759
chromosome12	965895
chromosome12	966084
chromosome12	966268
chromosome12	966531
chromosome12	966725
chromosome12	966884
chromosome12	967108
chromosome12	967268
chromosome12	967410
chromosome12	967641
chromosome12	967827
chromosome12	968044
chromosome12	968320
chromosome12	968509
chromosome12	968702
chromosome12	968881
chromosome12	969103
chromosome12	969319
chromosome12	969557
chromosome12	969781
chromosome12	969994
chromosome12	970222
chromosome12	970481
chromosome12	970789
chromosome12	971055
chromosome12	971280
chromosome12	971471
chromosome12	971679
chromosome12	972424
chromosome12	972593
chromosome12	972845
chromosome12	973014
chromosome12	973260
chromosome12	973416
chromosome12	973570
chromosome12	973760
chromosome12	973949
chromosome12	974121
chromosome12	974300
chromosome12	974488
chromosome12	975061
chromosome12	975275
chromosome12	975508
chromosome12	981835
chromosome12	981975
chromosome12	982149
chromosome12	982304
chromosome12	982478
chromosome12	982639
chromosome12	982879
chromosome12	983143
chromosome12	983341
chromosome12	983584
chromosome12	983835
chromosome12	984105
chromosome12	984381
chromosome12	984667
chromosome12	984975
chromosome12	985228
chromosome12	985464
chromosome12	985689
chromosome12	985933
chromosome12	986284
chromosome12	986517
chromosome12	986759
chromosome12	987038
chromosome12	987249
chromosome12	987489
chromosome12	987727
chromosome12	987947
chromosome12	988153
chromosome12	988399
chromosome12	988587
chromosome12	988829
chromosome12	989036
chromosome12	989262
chromosome12	989480
chromosome12	989711
chromosome12	989934
chromosome12	990181
chromosome12	990371
chromosome12	990636
chromosome12	990827
chromosome12	991103
chromosome12	991362
chromosome12	991631
chromosome12	991898
chromosome12	992087
chromosome12	992279
chromosome12	992406
chromosome12	992543
chromosome12	992866
chromosome12	993571
chromosome12	993856
chromosome12	994138
chromosome12	994382
chromosome12	994658
chromosome12	994877
chromosome12	995110
chromosome12	995368
chromosome12	995698
chromosome12	995995
chromosome12	996265
chromosome12	996436
chromosome12	996685
chromosome12	996937
chromosome12	997300
chromosome12	997598
chromosome12	997936
chromosome12	998116
chromosome12	998373
chromosome12	998691
chromosome12	999052
chromosome12	999283
chromosome12	999523
chromosome12	999750
chromosome12	999931
chromosome12	1000093
chromosome12	1000435
chromosome12	1000575
chromosome12	1000801
chromosome12	1000983
chromosome12	1001221
chromosome12	1001415
chromosome12	1001626
chromosome12	1001821
chromosome12	1002436
chromosome12	1002670
chromosome12	1002862
chromosome12	1003048
chromosome12	1003287
chromosome12	1003555
chromosome12	1003822
chromosome12	1004017
chromosome12	1004371
chromosome12	1004681
chromosome12	1004854
chromosome12	1005090
chromosome12	1005370
chromosome12	1005715
chromosome12	1005905
chromosome12	1006428
chromosome12	1006719
chromosome12	1006914
chromosome12	1007731
chromosome12	1007901
chromosome12	1008108
chromosome12	1008303
chromosome12	1008540
chromosome12	1008747
chromosome12	1008961
chromosome12	1009194
chromosome12	1009394
chromosome12	1009715
chromosome12	1009914
chromosome12	1010108
chromosome12	1010337
chromosome12	1010606
chromosome12	1010852
chromosome12	1011105
chromosome12	1011654
chromosome12	1011854
chromosome12	1012135
chromosome12	1012449
chromosome12	1012653
chromosome12	1012924
chromosome12	1013172
chromosome12	1013391
chromosome12	1013638
chromosome12	1014068
chromosome12	1014371
chromosome12	1014628
chromosome12	1014906
chromosome12	1015115
chromosome12	1015340
chromosome12	1015620
chromosome12	1015790
chromosome12	1015946
chromosome12	1016121
chromosome12	1016357
chromosome12	1016547
chromosome12	1016758
chromosome12	1017078
chromosome12	1017290
chromosome12	1017473
chromosome12	1017611
chromosome12	1017787
chromosome12	1018387
chromosome12	1018731
chromosome12	1018996
chromosome12	1019393
chromosome12	1019601
chromosome12	1019771
chromosome12	1019963
chromosome12	1020139
chromosome12	1020337
chromosome12	1020498
chromosome12	1020617
chromosome12	1020765
chromosome12	1020920
chromosome12	1021043
chromosome12	1021161
chromosome12	1021321
chromosome12	1021444
chromosome12	1021587
chromosome12	1021865
chromosome12	1022177
chromosome12	1022369
chromosome12	1022577
chromosome12	1022759
chromosome12	1023049
chromosome12	1023320
chromosome12	1023635
chromosome12	1023768
chromosome12	1024230
chromosome12	1024410
chromosome12	1024601
chromosome12	1025267
chromosome12	1025536
chromosome12	1025756
chromosome12	1025954
chromosome12	1026153
chromosome12	1026455
chromosome12	1027246
chromosome12	1027606
chromosome12	1027898
chromosome12	1028066
chromosome12	1028230
chromosome12	1028371
chromosome12	1028502
chromosome12	1028601
chromosome12	1028718
chromosome12	1028921
chromosome12	1029042
chromosome12	1029190
chromosome12	1029397
chromosome12	1029588
chromosome12	1030124
chromosome12	1030239
chromosome12	1030386
chromosome12	1030528
chromosome12	1030700
chromosome12	1030917
chromosome12	1031105
chromosome12	1031341
chromosome12	1031630
chromosome12	1031877
chromosome12	1032216
chromosome12	1032426
chromosome12	1032654
chromosome12	1032833
chromosome12	1033076
chromosome12	1033328
chromosome12	1033537
chromosome12	1033836
chromosome12	1034102
chromosome12	1034333
chromosome12	1034517
chromosome12	1034735
chromosome12	1034928
chromosome12	1035131
chromosome12	1035332
chromosome12	1035533
chromosome12	1035732
chromosome12	1035898
chromosome12	1036063
chromosome12	1036215
chromosome12	1036452
chromosome12	1036585
chromosome12	1036758
chromosome12	1036986
chromosome12	1037217
chromosome12	1037418
chromosome12	1037598
chromosome12	1037839
chromosome12	1038063
chromosome12	1038255
chromosome12	1038429
chromosome12	1038532
chromosome12	1038653
chromosome12	1038845
chromosome12	1039289
chromosome12	1039468
chromosome12	1039585
chromosome12	1039673
chromosome12	1039786
chromosome12	1039958
chromosome12	1040115
chromosome12	1040235
chromosome12	1040407
chromosome12	1040565
chromosome12	1040718
chromosome12	1040905
chromosome12	1041061
chromosome12	1041221
chromosome12	1041408
chromosome12	1041552
chromosome12	1041735
chromosome12	1041908
chromosome12	1042020
chromosome12	1042132
chromosome12	1042220
chromosome12	1042439
chromosome12	1042558
chromosome12	1042705
chromosome12	1042840
chromosome12	1043204
chromosome12	1043716
chromosome12	1043873
chromosome12	1044099
chromosome12	1044264
chromosome12	1044363
chromosome12	1044510
chromosome12	1044711
chromosome12	1044816
chromosome12	1045371
chromosome12	1045602
chromosome12	1045828
chromosome12	1045996
chromosome12	1046126
chromosome12	1046275
chromosome12	1046389
chromosome12	1046553
chromosome12	1046667
chromosome12	1046860
chromosome12	1047204
chromosome12	1047348
chromosome12	1047456
chromosome12	1047613
chromosome12	1047926
chromosome12	1048140
chromosome12	1048344
chromosome12	1048500
chromosome12	1048657
chromosome12	1048805
chromosome12	1048965
chromosome12	1049133
chromosome12	1049346
chromosome12	1049535
chromosome12	1049705
chromosome12	1049821
chromosome12	1050006
chromosome12	1050183
chromosome12	1050355
chromosome12	1050504
chromosome12	1050674
chromosome12	1050861
chromosome12	1051032
chromosome12	1051170
chromosome12	1051341
chromosome12	1051512
chromosome12	1051684
chromosome12	1053615
chromosome12	1053817
chromosome12	1054048
chromosome12	1054189
chromosome12	1054328
chromosome12	1055056
chromosome12	1055193
chromosome12	1055395
chromosome12	1055787
chromosome12	1055935
chromosome12	1056086
chromosome12	1056199
chromosome12	1056421
chromosome12	1056559
chromosome12	1056671
chromosome12	1056791
chromosome12	1056933
chromosome12	1057231
chromosome12	1057423
chromosome12	1057651
chromosome12	1057795
chromosome12	1057972
chromosome12	1058123
chromosome12	1058287
chromosome12	1058519
chromosome12	1058626
chromosome12	1058751
chromosome12	1058889
chromosome12	1058991
chromosome13	8523
chromosome13	8627
chromosome13	8797
chromosome13	8925
chromosome13	9841
chromosome13	9968
chromosome13	10121
chromosome13	10309
chromosome13	10484
chromosome13	10683
chromosome13	10880
chromosome13	11092
chromosome13	11549
chromosome13	11808
chromosome13	12037
chromosome13	12299
chromosome13	12641
chromosome13	12911
chromosome13	13179
chromosome13	13391
chromosome13	13547
chromosome13	13691
chromosome13	13891
chromosome13	14041
chromosome13	14209
chromosome13	14401
chromosome13	14580
chromosome13	14788
chromosome13	14897
chromosome13	15025
chromosome13	15122
chromosome13	15298
chromosome13	15477
chromosome13	15672
chromosome13	15843
chromosome13	16059
chromosome13	16254
chromosome13	16393
chromosome13	16530
chromosome13	16747
chromosome13	16931
chromosome13	17122
chromosome13	17321
chromosome13	17534
chromosome13	17729
chromosome13	17978
chromosome13	18215
chromosome13	18465
chromosome13	18667
chromosome13	19192
chromosome13	19405
chromosome13	19632
chromosome13	19895
chromosome13	20233
chromosome13	20490
chromosome13	20680
chromosome13	20887
chromosome13	21049
chromosome13	21232
chromosome13	21538
chromosome13	21738
chromosome13	22180
chromosome13	22399
chromosome13	22612
chromosome13	22908
chromosome13	23158
chromosome13	23434
chromosome13	23550
chromosome13	23699
chromosome13	23820
chromosome13	24106
chromosome13	24304
chromosome13	24577
chromosome13	24828
chromosome13	25102
chromosome13	25329
chromosome13	25606
chromosome13	25850
chromosome13	26033
chromosome13	26184
chromosome13	26351
chromosome13	26974
chromosome13	27337
chromosome13	27612
chromosome13	27866
chromosome13	28249
chromosome13	28497
chromosome13	28684
chromosome13	28837
chromosome13	29079
chromosome13	29340
chromosome13	29675
chromosome13	29859
chromosome13	29998
chromosome13	30145
chromosome13	30287
chromosome13	30383
chromosome13	30542
chromosome13	30691
chromosome13	30796
chromosome13	30947
chromosome13	31161
chromosome13	31384
chromosome13	31625
chromosome13	32107
chromosome13	32245
chromosome13	32380
chromosome13	32588
chromosome13	32744
chromosome13	32978
chromosome13	33185
chromosome13	33417
chromosome13	33633
chromosome13	34145
chromosome13	34351
chromosome13	34542
chromosome13	34698
chromosome13	34874
chromosome13	35014
chromosome13	35213
chromosome13	35373
chromosome13	35557
chromosome13	35699
chromosome13	35880
chromosome13	36109
chromosome13	36331
chromosome13	36576
chromosome13	36780
chromosome13	37020
chromosome13	37159
chromosome13	37368
chromosome13	37552
chromosome13	37770
chromosome13	38007
chromosome13	38235
chromosome13	38408
chromosome13	38654
chromosome13	38903
chromosome13	39176
chromosome13	39357
chromosome13	39635
chromosome13	39847
chromosome13	39977
chromosome13	40433
chromosome13	40679
chromosome13	40989
chromosome13	41180
chromosome13	41343
chromosome13	41549
chromosome13	41717
chromosome13	42101
chromosome13	42271
chromosome13	42440
chromosome13	42616
chromosome13	42789
chromosome13	42924
chromosome13	43157
chromosome13	43342
chromosome13	43522
chromosome13	43698
chromosome13	44125
chromosome13	44280
chromosome13	44463
chromosome13	44620
chromosome13	44780
chromosome13	45017
chromosome13	45196
chromosome13	45467
chromosome13	45621
chromosome13	45809
chromosome13	46139
chromosome13	46238
chromosome13	46339
chromosome13	46507
chromosome13	46666
chromosome13	46860
chromosome13	47079
chromosome13	47228
chromosome13	47446
chromosome13	47667
chromosome13	47916
chromosome13	48194
chromosome13	48460
chromosome13	48747
chromosome13	48990
chromosome13	49376
chromosome13	49588
chromosome13	50109
chromosome13	50450
chromosome13	50730
chromosome13	50917
chromosome13	51065
chromosome13	51209
chromosome13	51344
chromosome13	51462
chromosome13	51683
chromosome13	51835
chromosome13	52018
chromosome13	52228
chromosome13	52411
chromosome13	52632
chromosome13	52803
chromosome13	52919
chromosome13	53058
chromosome13	53214
chromosome13	53344
chromosome13	53520
chromosome13	53680
chromosome13	53814
chromosome13	53951
chromosome13	54071
chromosome13	54265
chromosome13	54469
chromosome13	54976
chromosome13	55150
chromosome13	55315
chromosome13	55502
chromosome13	55637
chromosome13	55771
chromosome13	55903
chromosome13	56121
chromosome13	56302
chromosome13	57099
chromosome13	57327
chromosome13	57932
chromosome13	58216
chromosome13	58490
chromosome13	58683
chromosome13	59083
chromosome13	59284
chromosome13	59520
chromosome13	59683
chromosome13	60191
chromosome13	60384
chromosome13	60569
chromosome13	60756
chromosome13	60972
chromosome13	61182
chromosome13	61372
chromosome13	61558
chromosome13	61716
chromosome13	61924
chromosome13	62155
chromosome13	62650
chromosome13	62864
chromosome13	63086
chromosome13	63281
chromosome13	63444
chromosome13	63840
chromosome13	64009
chromosome13	64793
chromosome13	64994
chromosome13	65206
chromosome13	65540
chromosome13	65731
chromosome13	65907
chromosome13	66121
chromosome13	66314
chromosome13	66458
chromosome13	66611
chromosome13	66802
chromosome13	66950
chromosome13	67083
chromosome13	67239
chromosome13	67399
chromosome13	67546
chromosome13	67686
chromosome13	67824
chromosome13	67988
chromosome13	68088
chromosome13	68208
chromosome13	68370
chromosome13	68579
chromosome13	68790
chromosome13	68982
chromosome13	69172
chromosome13	69381
chromosome13	69547
chromosome13	69720
chromosome13	69943
chromosome13	70080
chromosome13	70240
chromosome13	70633
chromosome13	70842
chromosome13	70995
chromosome13	71160
chromosome13	71310
chromosome13	71475
chromosome13	71619
chromosome13	71816
chromosome13	71970
chromosome13	72252
chromosome13	72432
chromosome13	72600
chromosome13	72810
chromosome13	72967
chromosome13	73173
chromosome13	73413
chromosome13	73620
chromosome13	73752
chromosome13	74192
chromosome13	74436
chromosome13	75054
chromosome13	75217
chromosome13	75396
chromosome13	75624
chromosome13	75826
chromosome13	75981
chromosome13	76142
chromosome13	76247
chromosome13	76407
chromosome13	76564
chromosome13	76724
chromosome13	76894
chromosome13	77058
chromosome13	77243
chromosome13	77421
chromosome13	77679
chromosome13	77829
chromosome13	78052
chromosome13	78201
chromosome13	78393
chromosome13	78599
chromosome13	78777
chromosome13	79028
chromosome13	79247
chromosome13	79492
chromosome13	79670
chromosome13	79819
chromosome13	79994
chromosome13	80171
chromosome13	80368
chromosome13	80514
chromosome13	80696
chromosome13	80897
chromosome13	81074
chromosome13	81282
chromosome13	81757
chromosome13	81942
chromosome13	82132
chromosome13	82320
chromosome13	82511
chromosome13	82839
chromosome13	83068
chromosome13	83259
chromosome13	83491
chromosome13	83641
chromosome13	83840
chromosome13	84144
chromosome13	84346
chromosome13	84575
chromosome13	84739
chromosome13	84959
chromosome13	85156
chromosome13	85310
chromosome13	85540
chromosome13	85960
chromosome13	86233
chromosome13	86545
chromosome13	86771
chromosome13	87318
chromosome13	87497
chromosome13	87683
chromosome13	88413
chromosome13	88614
chromosome13	89469
chromosome13	89676
chromosome13	89860
chromosome13	90075
chromosome13	90246
chromosome13	90424
chromosome13	90597
chromosome13	91008
chromosome13	91178
chromosome13	91325
chromosome13	91437
chromosome13	91556
chromosome13	91686
chromosome13	91795
chromosome13	91922
chromosome13	92114
chromosome13	92242
chromosome13	92467
chromosome13	92777
chromosome13	93080
chromosome13	93336
chromosome13	93546
chromosome13	93770
chromosome13	93970
chromosome13	94106
chromosome13	94542
chromosome13	94791
chromosome13	94995
chromosome13	95140
chromosome13	95284
chromosome13	95430
chromosome13	95964
chromosome13	96187
chromosome13	96364
chromosome13	96594
chromosome13	96754
chromosome13	96925
chromosome13	97116
chromosome13	97257
chromosome13	97398
chromosome13	98007
chromosome13	98262
chromosome13	98594
chromosome13	98832
chromosome13	99090
chromosome13	99324
chromosome13	99472
chromosome13	99822
chromosome13	99938
chromosome13	100048
chromosome13	100177
chromosome13	100370
chromosome13	100506
chromosome13	100612
chromosome13	100735
chromosome13	100857
chromosome13	100991
chromosome13	101218
chromosome13	101347
chromosome13	101499
chromosome13	101638
chromosome13	101716
chromosome13	101837
chromosome13	101969
chromosome13	102074
chromosome13	102234
chromosome13	102393
chromosome13	102561
chromosome13	102793
chromosome13	103011
chromosome13	103199
chromosome13	103345
chromosome13	103504
chromosome13	103636
chromosome13	103821
chromosome13	104148
chromosome13	104258
chromosome13	104377
chromosome13	104515
chromosome13	104648
chromosome13	104769
chromosome13	104938
chromosome13	105148
chromosome13	105300
chromosome13	105400
chromosome13	105652
chromosome13	105826
chromosome13	106017
chromosome13	106219
chromosome13	106400
chromosome13	106585
chromosome13	106927
chromosome13	107080
chromosome13	107308
chromosome13	107509
chromosome13	107717
chromosome13	107939
chromosome13	108154
chromosome13	108368
chromosome13	108675
chromosome13	108855
chromosome13	109057
chromosome13	109327
chromosome13	109652
chromosome13	109852
chromosome13	110079
chromosome13	110622
chromosome13	110851
chromosome13	111301
chromosome13	111560
chromosome13	111860
chromosome13	112095
chromosome13	112266
chromosome13	112484
chromosome13	112693
chromosome13	112846
chromosome13	113072
chromosome13	113296
chromosome13	113535
chromosome13	113713
chromosome13	113918
chromosome13	114229
chromosome13	114454
chromosome13	114597
chromosome13	114751
chromosome13	114937
chromosome13	115186
chromosome13	115325
chromosome13	115538
chromosome13	115696
chromosome13	115935
chromosome13	116192
chromosome13	116493
chromosome13	116760
chromosome13	116958
chromosome13	117194
chromosome13	117377
chromosome13	117533
chromosome13	117753
chromosome13	118008
chromosome13	118209
chromosome13	118473
chromosome13	118639
chromosome13	118814
chromosome13	118988
chromosome13	119172
chromosome13	119365
chromosome13	119524
chromosome13	119676
chromosome13	119840
chromosome13	120082
chromosome13	120329
chromosome13	120519
chromosome13	120785
chromosome13	121040
chromosome13	121313
chromosome13	121518
chromosome13	121633
chromosome13	121758
chromosome13	121871
chromosome13	121995
chromosome13	122113
chromosome13	122258
chromosome13	122403
chromosome13	122518
chromosome13	122665
chromosome13	122885
chromosome13	123092
chromosome13	123464
chromosome13	123768
chromosome13	123886
chromosome13	124036
chromosome13	124204
chromosome13	124319
chromosome13	124442
chromosome13	124738
chromosome13	124951
chromosome13	125129
chromosome13	125325
chromosome13	125462
chromosome13	125660
chromosome13	125849
chromosome13	126036
chromosome13	126275
chromosome13	126531
chromosome13	126739
chromosome13	126928
chromosome13	127169
chromosome13	127393
chromosome13	127565
chromosome13	127746
chromosome13	128105
chromosome13	128398
chromosome13	128612
chromosome13	128860
chromosome13	129043
chromosome13	129237
chromosome13	129456
chromosome13	129665
chromosome13	129863
chromosome13	130230
chromosome13	130502
chromosome13	130692
chromosome13	130877
chromosome13	131060
chromosome13	131241
chromosome13	131406
chromosome13	131593
chromosome13	131734
chromosome13	131834
chromosome13	132417
chromosome13	132536
chromosome13	132690
chromosome13	132838
chromosome13	132968
chromosome13	133153
chromosome13	133336
chromosome13	133465
chromosome13	133639
chromosome13	133841
chromosome13	134076
chromosome13	134279
chromosome13	134465
chromosome13	134661
chromosome13	134916
chromosome13	135152
chromosome13	135428
chromosome13	135592
chromosome13	136036
chromosome13	136369
chromosome13	136642
chromosome13	136991
chromosome13	137569
chromosome13	137732
chromosome13	137925
chromosome13	138074
chromosome13	138298
chromosome13	138482
chromosome13	138679
chromosome13	138866
chromosome13	139046
chromosome13	139298
chromosome13	139575
chromosome13	139823
chromosome13	140171
chromosome13	140374
chromosome13	140551
chromosome13	140770
chromosome13	140936
chromosome13	141140
chromosome13	141366
chromosome13	141848
chromosome13	141983
chromosome13	142185
chromosome13	142369
chromosome13	142587
chromosome13	142715
chromosome13	142893
chromosome13	143035
chromosome13	143223
chromosome13	143417
chromosome13	143676
chromosome13	143869
chromosome13	144135
chromosome13	144273
chromosome13	144513
chromosome13	144786
chromosome13	145014
chromosome13	145201
chromosome13	145373
chromosome13	145589
chromosome13	145869
chromosome13	146334
chromosome13	146487
chromosome13	146799
chromosome13	147048
chromosome13	147445
chromosome13	147640
chromosome13	147831
chromosome13	148013
chromosome13	148291
chromosome13	148540
chromosome13	148734
chromosome13	149039
chromosome13	149204
chromosome13	149583
chromosome13	149840
chromosome13	150189
chromosome13	150456
chromosome13	150781
chromosome13	151012
chromosome13	151199
chromosome13	151370
chromosome13	151571
chromosome13	151768
chromosome13	151908
chromosome13	152114
chromosome13	152349
chromosome13	152536
chromosome13	152809
chromosome13	153028
chromosome13	153309
chromosome13	153528
chromosome13	153939
chromosome13	154210
chromosome13	154495
chromosome13	154698
chromosome13	154958
chromosome13	155177
chromosome13	155410
chromosome13	155596
chromosome13	155781
chromosome13	155992
chromosome13	156177
chromosome13	156375
chromosome13	156573
chromosome13	156756
chromosome13	157002
chromosome13	157162
chromosome13	157365
chromosome13	157591
chromosome13	157768
chromosome13	157931
chromosome13	158765
chromosome13	159127
chromosome13	159244
chromosome13	159341
chromosome13	159536
chromosome13	159723
chromosome13	160027
chromosome13	160129
chromosome13	160284
chromosome13	160426
chromosome13	160600
chromosome13	160836
chromosome13	161067
chromosome13	161313
chromosome13	161542
chromosome13	161710
chromosome13	161898
chromosome13	162053
chromosome13	162386
chromosome13	162545
chromosome13	162953
chromosome13	163091
chromosome13	163327
chromosome13	163548
chromosome13	163759
chromosome13	164032
chromosome13	164248
chromosome13	164786
chromosome13	165002
chromosome13	165203
chromosome13	165764
chromosome13	166034
chromosome13	166273
chromosome13	166591
chromosome13	166825
chromosome13	167049
chromosome13	167219
chromosome13	167397
chromosome13	167568
chromosome13	167729
chromosome13	167914
chromosome13	168129
chromosome13	168927
chromosome13	169293
chromosome13	169568
chromosome13	169785
chromosome13	170027
chromosome13	170156
chromosome13	170274
chromosome13	170423
chromosome13	170689
chromosome13	170924
chromosome13	171082
chromosome13	171261
chromosome13	171549
chromosome13	171746
chromosome13	171983
chromosome13	172202
chromosome13	172466
chromosome13	172693
chromosome13	172895
chromosome13	173025
chromosome13	173206
chromosome13	173398
chromosome13	173567
chromosome13	173705
chromosome13	173883
chromosome13	174284
chromosome13	174493
chromosome13	174730
chromosome13	174921
chromosome13	175117
chromosome13	175314
chromosome13	175467
chromosome13	175698
chromosome13	175834
chromosome13	176046
chromosome13	176269
chromosome13	176488
chromosome13	176676
chromosome13	176879
chromosome13	177037
chromosome13	177271
chromosome13	177471
chromosome13	177687
chromosome13	177847
chromosome13	178052
chromosome13	178207
chromosome13	178395
chromosome13	178651
chromosome13	178923
chromosome13	179112
chromosome13	179346
chromosome13	179585
chromosome13	180257
chromosome13	180581
chromosome13	180749
chromosome13	180924
chromosome13	181117
chromosome13	181330
chromosome13	181500
chromosome13	181674
chromosome13	181930
chromosome13	182204
chromosome13	182442
chromosome13	182687
chromosome13	183126
chromosome13	190263
chromosome13	190446
chromosome13	190639
chromosome13	190858
chromosome13	191113
chromosome13	191342
chromosome13	191569
chromosome13	192208
chromosome13	192332
chromosome13	192500
chromosome13	192683
chromosome13	192948
chromosome13	193126
chromosome13	193301
chromosome13	193525
chromosome13	193694
chromosome13	193905
chromosome13	194082
chromosome13	194314
chromosome13	194499
chromosome13	194705
chromosome13	194996
chromosome13	195243
chromosome13	195459
chromosome13	195693
chromosome13	195841
chromosome13	196078
chromosome13	202751
chromosome13	202934
chromosome13	203238
chromosome13	203437
chromosome13	203591
chromosome13	203870
chromosome13	204009
chromosome13	204191
chromosome13	204379
chromosome13	204545
chromosome13	204705
chromosome13	204963
chromosome13	205103
chromosome13	205353
chromosome13	205498
chromosome13	205677
chromosome13	205878
chromosome13	206067
chromosome13	206417
chromosome13	206743
chromosome13	207034
chromosome13	207317
chromosome13	207615
chromosome13	207918
chromosome13	208110
chromosome13	208364
chromosome13	208520
chromosome13	208716
chromosome13	209293
chromosome13	209441
chromosome13	209560
chromosome13	209759
chromosome13	210035
chromosome13	210165
chromosome13	210319
chromosome13	210493
chromosome13	210629
chromosome13	210801
chromosome13	210940
chromosome13	211135
chromosome13	211327
chromosome13	211941
chromosome13	212683
chromosome13	212847
chromosome13	213042
chromosome13	213227
chromosome13	213366
chromosome13	213733
chromosome13	213999
chromosome13	214185
chromosome13	214390
chromosome13	214583
chromosome13	214788
chromosome13	214967
chromosome13	215217
chromosome13	215409
chromosome13	215649
chromosome13	215923
chromosome13	216152
chromosome13	216305
chromosome13	216422
chromosome13	216671
chromosome13	216913
chromosome13	217213
chromosome13	217409
chromosome13	217586
chromosome13	217692
chromosome13	217855
chromosome13	218027
chromosome13	218184
chromosome13	218459
chromosome13	218640
chromosome13	218826
chromosome13	218964
chromosome13	219229
chromosome13	219410
chromosome13	219637
chromosome13	219836
chromosome13	219989
chromosome13	220124
chromosome13	220425
chromosome13	220665
chromosome13	220941
chromosome13	221107
chromosome13	221549
chromosome13	221712
chromosome13	221881
chromosome13	222130
chromosome13	222310
chromosome13	222475
chromosome13	223025
chromosome13	223295
chromosome13	223505
chromosome13	223653
chromosome13	223846
chromosome13	223942
chromosome13	224068
chromosome13	224190
chromosome13	224393
chromosome13	224576
chromosome13	224750
chromosome13	225036
chromosome13	225206
chromosome13	225405
chromosome13	225514
chromosome13	225614
chromosome13	225740
chromosome13	225914
chromosome13	226030
chromosome13	226114
chromosome13	226218
chromosome13	227071
chromosome13	227229
chromosome13	227387
chromosome13	227651
chromosome13	227833
chromosome13	228032
chromosome13	228231
chromosome13	228417
chromosome13	228614
chromosome13	228757
chromosome13	228940
chromosome13	229206
chromosome13	229462
chromosome13	229760
chromosome13	229957
chromosome13	230210
chromosome13	230418
chromosome13	230627
chromosome13	230842
chromosome13	231009
chromosome13	231178
chromosome13	231355
chromosome13	231496
chromosome13	231638
chromosome13	231813
chromosome13	231969
chromosome13	232175
chromosome13	232403
chromosome13	232627
chromosome13	232830
chromosome13	233017
chromosome13	233201
chromosome13	233525
chromosome13	233696
chromosome13	233879
chromosome13	234113
chromosome13	234329
chromosome13	235011
chromosome13	235218
chromosome13	235436
chromosome13	235641
chromosome13	235797
chromosome13	236049
chromosome13	236179
chromosome13	236327
chromosome13	236457
chromosome13	236930
chromosome13	237165
chromosome13	237417
chromosome13	237639
chromosome13	237828
chromosome13	238004
chromosome13	238477
chromosome13	239581
chromosome13	239773
chromosome13	240139
chromosome13	240481
chromosome13	240753
chromosome13	240957
chromosome13	241180
chromosome13	241371
chromosome13	242042
chromosome13	242253
chromosome13	242515
chromosome13	242719
chromosome13	243012
chromosome13	243212
chromosome13	243483
chromosome13	243683
chromosome13	243888
chromosome13	244115
chromosome13	244308
chromosome13	244430
chromosome13	244608
chromosome13	244767
chromosome13	244931
chromosome13	245106
chromosome13	245312
chromosome13	245480
chromosome13	245646
chromosome13	245817
chromosome13	246030
chromosome13	246233
chromosome13	246469
chromosome13	246761
chromosome13	246997
chromosome13	247195
chromosome13	247396
chromosome13	247579
chromosome13	247789
chromosome13	247926
chromosome13	248074
chromosome13	248350
chromosome13	248597
chromosome13	248858
chromosome13	249194
chromosome13	249456
chromosome13	249693
chromosome13	250010
chromosome13	250288
chromosome13	250480
chromosome13	250788
chromosome13	251292
chromosome13	251815
chromosome13	252089
chromosome13	252403
chromosome13	252707
chromosome13	253149
chromosome13	253328
chromosome13	253495
chromosome13	253623
chromosome13	253780
chromosome13	253954
chromosome13	254161
chromosome13	254344
chromosome13	254627
chromosome13	254859
chromosome13	255189
chromosome13	255395
chromosome13	255567
chromosome13	255827
chromosome13	256323
chromosome13	256479
chromosome13	256793
chromosome13	257081
chromosome13	257260
chromosome13	257474
chromosome13	257624
chromosome13	257811
chromosome13	257990
chromosome13	258203
chromosome13	258468
chromosome13	258821
chromosome13	258965
chromosome13	259161
chromosome13	259661
chromosome13	259791
chromosome13	259932
chromosome13	260113
chromosome13	260264
chromosome13	260392
chromosome13	260502
chromosome13	260641
chromosome13	260784
chromosome13	260922
chromosome13	261110
chromosome13	261264
chromosome13	261434
chromosome13	261786
chromosome13	261959
chromosome13	262099
chromosome13	262281
chromosome13	262462
chromosome13	262644
chromosome13	262783
chromosome13	262916
chromosome13	263328
chromosome13	263467
chromosome13	263665
chromosome13	263846
chromosome13	264071
chromosome13	264256
chromosome13	264451
chromosome13	264657
chromosome13	264880
chromosome13	265089
chromosome13	265314
chromosome13	265503
chromosome13	265689
chromosome13	265868
chromosome13	266074
chromosome13	266378
chromosome13	266613
chromosome13	266919
chromosome13	267045
chromosome13	267198
chromosome13	267512
chromosome13	268599
chromosome13	268781
chromosome13	269195
chromosome13	269525
chromosome13	269832
chromosome13	270165
chromosome13	270498
chromosome13	270833
chromosome13	271161
chromosome13	271510
chromosome13	271722
chromosome13	271883
chromosome13	272085
chromosome13	272323
chromosome13	272535
chromosome13	273062
chromosome13	273172
chromosome13	273268
chromosome13	273437
chromosome13	273644
chromosome13	273902
chromosome13	274073
chromosome13	274246
chromosome13	274429
chromosome13	274748
chromosome13	275016
chromosome13	275228
chromosome13	275462
chromosome13	275887
chromosome13	276027
chromosome13	276173
chromosome13	276339
chromosome13	276574
chromosome13	276836
chromosome13	277094
chromosome13	277618
chromosome13	277796
chromosome13	277984
chromosome13	278290
chromosome13	278587
chromosome13	278788
chromosome13	279070
chromosome13	279268
chromosome13	279448
chromosome13	279606
chromosome13	279773
chromosome13	279955
chromosome13	280147
chromosome13	280311
chromosome13	280497
chromosome13	280599
chromosome13	280857
chromosome13	281012
chromosome13	281187
chromosome13	281400
chromosome13	281516
chromosome13	281679
chromosome13	281862
chromosome13	281999
chromosome13	282152
chromosome13	282312
chromosome13	282456
chromosome13	282611
chromosome13	282738
chromosome13	282905
chromosome13	283084
chromosome13	283233
chromosome13	283408
chromosome13	283568
chromosome13	283798
chromosome13	283903
chromosome13	284107
chromosome13	284301
chromosome13	284483
chromosome13	284632
chromosome13	285182
chromosome13	285491
chromosome13	285877
chromosome13	286160
chromosome13	286430
chromosome13	286610
chromosome13	286863
chromosome13	286954
chromosome13	287565
chromosome13	287695
chromosome13	287874
chromosome13	288100
chromosome13	288359
chromosome13	288609
chromosome13	288908
chromosome13	289180
chromosome13	289448
chromosome13	290839
chromosome13	291003
chromosome13	291221
chromosome13	291397
chromosome13	291626
chromosome13	291813
chromosome13	292016
chromosome13	292244
chromosome13	292532
chromosome13	292761
chromosome13	292944
chromosome13	293210
chromosome13	293494
chromosome13	293708
chromosome13	293849
chromosome13	294070
chromosome13	294317
chromosome13	294534
chromosome13	294822
chromosome13	295352
chromosome13	295611
chromosome13	295840
chromosome13	296020
chromosome13	296308
chromosome13	296554
chromosome13	296683
chromosome13	296839
chromosome13	296978
chromosome13	297710
chromosome13	297856
chromosome13	298148
chromosome13	298449
chromosome13	298733
chromosome13	298867
chromosome13	299308
chromosome13	299494
chromosome13	299639
chromosome13	299788
chromosome13	299912
chromosome13	300111
chromosome13	300305
chromosome13	300562
chromosome13	300962
chromosome13	301367
chromosome13	301796
chromosome13	302060
chromosome13	302380
chromosome13	302762
chromosome13	302936
chromosome13	303080
chromosome13	303291
chromosome13	303429
chromosome13	303557
chromosome13	303673
chromosome13	303797
chromosome13	303931
chromosome13	304061
chromosome13	304343
chromosome13	304454
chromosome13	304569
chromosome13	304742
chromosome13	304903
chromosome13	305050
chromosome13	305216
chromosome13	305428
chromosome13	305580
chromosome13	305771
chromosome13	305939
chromosome13	306087
chromosome13	306257
chromosome13	306410
chromosome13	306528
chromosome13	306701
chromosome13	306853
chromosome13	306974
chromosome13	307083
chromosome13	307296
chromosome13	307545
chromosome13	307733
chromosome13	307852
chromosome13	308019
chromosome13	308190
chromosome13	308353
chromosome13	308508
chromosome13	308764
chromosome13	308918
chromosome13	309570
chromosome13	309722
chromosome13	309918
chromosome13	310416
chromosome13	310546
chromosome13	310751
chromosome13	310956
chromosome13	311148
chromosome13	311428
chromosome13	311824
chromosome13	311959
chromosome13	312129
chromosome13	312349
chromosome13	312541
chromosome13	312730
chromosome13	312903
chromosome13	313019
chromosome13	313256
chromosome13	313484
chromosome13	313658
chromosome13	313858
chromosome13	314148
chromosome13	314387
chromosome13	314589
chromosome13	314829
chromosome13	315134
chromosome13	315270
chromosome13	315406
chromosome13	315621
chromosome13	315796
chromosome13	315931
chromosome13	316109
chromosome13	316297
chromosome13	316466
chromosome13	316665
chromosome13	316912
chromosome13	317092
chromosome13	317256
chromosome13	317517
chromosome13	317726
chromosome13	317873
chromosome13	318039
chromosome13	318216
chromosome13	318419
chromosome13	318541
chromosome13	318706
chromosome13	319012
chromosome13	319229
chromosome13	319443
chromosome13	319680
chromosome13	319817
chromosome13	320038
chromosome13	320265
chromosome13	320523
chromosome13	320735
chromosome13	320944
chromosome13	321778
chromosome13	321916
chromosome13	322085
chromosome13	322257
chromosome13	322454
chromosome13	322652
chromosome13	322867
chromosome13	323095
chromosome13	323448
chromosome13	323648
chromosome13	323843
chromosome13	324440
chromosome13	324634
chromosome13	324756
chromosome13	325073
chromosome13	325297
chromosome13	325450
chromosome13	325588
chromosome13	325754
chromosome13	325868
chromosome13	326014
chromosome13	326183
chromosome13	326408
chromosome13	326608
chromosome13	326799
chromosome13	327025
chromosome13	327257
chromosome13	327566
chromosome13	327730
chromosome13	327974
chromosome13	328172
chromosome13	328363
chromosome13	328699
chromosome13	328866
chromosome13	329383
chromosome13	329529
chromosome13	329661
chromosome13	329800
chromosome13	329938
chromosome13	330163
chromosome13	330381
chromosome13	330509
chromosome13	330646
chromosome13	330810
chromosome13	330916
chromosome13	331052
chromosome13	331208
chromosome13	331449
chromosome13	331661
chromosome13	331794
chromosome13	332269
chromosome13	332439
chromosome13	332556
chromosome13	332757
chromosome13	332971
chromosome13	333201
chromosome13	333372
chromosome13	333517
chromosome13	333789
chromosome13	333956
chromosome13	334144
chromosome13	334304
chromosome13	334453
chromosome13	334659
chromosome13	334818
chromosome13	334950
chromosome13	335097
chromosome13	335214
chromosome13	335339
chromosome13	335534
chromosome13	335738
chromosome13	335929
chromosome13	336098
chromosome13	336248
chromosome13	336372
chromosome13	336492
chromosome13	336651
chromosome13	336782
chromosome13	336898
chromosome13	337048
chromosome13	337667
chromosome13	337771
chromosome13	337954
chromosome13	338157
chromosome13	338321
chromosome13	338495
chromosome13	338721
chromosome13	338885
chromosome13	339021
chromosome13	339195
chromosome13	339374
chromosome13	339522
chromosome13	339673
chromosome13	339815
chromosome13	339980
chromosome13	340114
chromosome13	340278
chromosome13	340462
chromosome13	340608
chromosome13	340723
chromosome13	340869
chromosome13	340982
chromosome13	341125
chromosome13	341273
chromosome13	341392
chromosome13	341543
chromosome13	341653
chromosome13	341876
chromosome13	342015
chromosome13	342129
chromosome13	342242
chromosome13	342389
chromosome13	342572
chromosome13	342733
chromosome13	342893
chromosome13	343038
chromosome13	343172
chromosome13	343307
chromosome13	343472
chromosome13	343642
chromosome13	343805
chromosome13	343923
chromosome13	344472
chromosome13	344620
chromosome13	344750
chromosome13	344869
chromosome13	344986
chromosome13	345129
chromosome13	345281
chromosome13	345433
chromosome13	345559
chromosome13	345699
chromosome13	345923
chromosome13	346030
chromosome13	346182
chromosome13	346293
chromosome13	346434
chromosome13	346621
chromosome13	346791
chromosome13	346960
chromosome13	347090
chromosome13	347221
chromosome13	347365
chromosome13	347492
chromosome13	347652
chromosome13	347790
chromosome13	347923
chromosome13	348078
chromosome13	348242
chromosome13	348869
chromosome13	349055
chromosome13	349241
chromosome13	349435
chromosome13	349580
chromosome13	349775
chromosome13	349988
chromosome13	350091
chromosome13	350237
chromosome13	350367
chromosome13	350541
chromosome13	350657
chromosome13	351113
chromosome13	351220
chromosome13	351385
chromosome13	351494
chromosome13	351643
chromosome13	351779
chromosome13	351947
chromosome13	352121
chromosome13	352302
chromosome13	352496
chromosome13	352634
chromosome13	352747
chromosome13	352885
chromosome13	353039
chromosome13	353178
chromosome13	353326
chromosome13	353449
chromosome13	353996
chromosome13	354214
chromosome13	354628
chromosome13	355271
chromosome13	355458
chromosome13	355598
chromosome13	355761
chromosome13	355935
chromosome13	356043
chromosome13	356300
chromosome13	356464
chromosome13	356639
chromosome13	356924
chromosome13	363046
chromosome13	363368
chromosome13	363546
chromosome13	363745
chromosome13	363887
chromosome13	364021
chromosome13	364185
chromosome13	364315
chromosome13	364533
chromosome13	364647
chromosome13	364819
chromosome13	364996
chromosome13	365125
chromosome13	365270
chromosome13	365495
chromosome13	365669
chromosome13	365802
chromosome13	366010
chromosome13	366182
chromosome13	366393
chromosome13	366569
chromosome13	366728
chromosome13	366878
chromosome13	367047
chromosome13	367238
chromosome13	367461
chromosome13	367606
chromosome13	367753
chromosome13	367904
chromosome13	368157
chromosome13	368382
chromosome13	368667
chromosome13	368892
chromosome13	369090
chromosome13	369378
chromosome13	369571
chromosome13	369792
chromosome13	370027
chromosome13	370242
chromosome13	370438
chromosome13	370565
chromosome13	371434
chromosome13	371603
chromosome13	371721
chromosome13	371909
chromosome13	372394
chromosome13	379198
chromosome13	379320
chromosome13	379425
chromosome13	379515
chromosome13	379677
chromosome13	379856
chromosome13	380102
chromosome13	380476
chromosome13	380671
chromosome13	380930
chromosome13	381165
chromosome13	381343
chromosome13	381597
chromosome13	381762
chromosome13	381999
chromosome13	382146
chromosome13	382320
chromosome13	382515
chromosome13	382689
chromosome13	382798
chromosome13	382915
chromosome13	383111
chromosome13	383272
chromosome13	383498
chromosome13	383687
chromosome13	383914
chromosome13	384017
chromosome13	384244
chromosome13	384420
chromosome13	384694
chromosome13	384984
chromosome13	385168
chromosome13	385427
chromosome13	385575
chromosome13	385851
chromosome13	386191
chromosome13	386461
chromosome13	386662
chromosome13	386911
chromosome13	387526
chromosome13	387726
chromosome13	387924
chromosome13	388188
chromosome13	388391
chromosome13	388561
chromosome13	388771
chromosome13	388930
chromosome13	389136
chromosome13	389356
chromosome13	389533
chromosome13	389797
chromosome13	390003
chromosome13	390194
chromosome13	390399
chromosome13	390598
chromosome13	390777
chromosome13	391231
chromosome13	391363
chromosome13	391655
chromosome13	391832
chromosome13	392018
chromosome13	392193
chromosome13	392345
chromosome13	392483
chromosome13	392625
chromosome13	392767
chromosome13	392973
chromosome13	393283
chromosome13	393553
chromosome13	393767
chromosome13	393963
chromosome13	394638
chromosome13	395039
chromosome13	395276
chromosome13	395563
chromosome13	395783
chromosome13	395972
chromosome13	396194
chromosome13	396398
chromosome13	396547
chromosome13	396682
chromosome13	396811
chromosome13	396930
chromosome13	397080
chromosome13	397273
chromosome13	397427
chromosome13	397629
chromosome13	397807
chromosome13	397955
chromosome13	398102
chromosome13	398287
chromosome13	398391
chromosome13	398545
chromosome13	398713
chromosome13	398905
chromosome13	399063
chromosome13	399195
chromosome13	399360
chromosome13	399530
chromosome13	399711
chromosome13	399890
chromosome13	400115
chromosome13	400405
chromosome13	400577
chromosome13	400751
chromosome13	400958
chromosome13	401102
chromosome13	401229
chromosome13	401374
chromosome13	401501
chromosome13	401706
chromosome13	402029
chromosome13	402168
chromosome13	402366
chromosome13	402557
chromosome13	402742
chromosome13	402942
chromosome13	403106
chromosome13	403481
chromosome13	403738
chromosome13	404435
chromosome13	404586
chromosome13	404741
chromosome13	404960
chromosome13	405081
chromosome13	405232
chromosome13	405406
chromosome13	405578
chromosome13	405773
chromosome13	405915
chromosome13	406060
chromosome13	406286
chromosome13	406502
chromosome13	406728
chromosome13	406932
chromosome13	407116
chromosome13	407272
chromosome13	407448
chromosome13	407596
chromosome13	407739
chromosome13	407858
chromosome13	408002
chromosome13	408138
chromosome13	408277
chromosome13	408416
chromosome13	408526
chromosome13	408676
chromosome13	408854
chromosome13	409342
chromosome13	410090
chromosome13	410260
chromosome13	410501
chromosome13	410867
chromosome13	411140
chromosome13	411636
chromosome13	411985
chromosome13	412340
chromosome13	412526
chromosome13	412739
chromosome13	412884
chromosome13	413115
chromosome13	413476
chromosome13	413650
chromosome13	413869
chromosome13	414029
chromosome13	414261
chromosome13	414454
chromosome13	414595
chromosome13	414800
chromosome13	415016
chromosome13	415210
chromosome13	415813
chromosome13	416016
chromosome13	416206
chromosome13	416363
chromosome13	416547
chromosome13	416757
chromosome13	416966
chromosome13	417249
chromosome13	417524
chromosome13	417878
chromosome13	418365
chromosome13	418598
chromosome13	418840
chromosome13	419045
chromosome13	419291
chromosome13	419555
chromosome13	419808
chromosome13	419994
chromosome13	420139
chromosome13	420288
chromosome13	420540
chromosome13	421643
chromosome13	421836
chromosome13	422054
chromosome13	422275
chromosome13	422409
chromosome13	422603
chromosome13	422738
chromosome13	422895
chromosome13	423080
chromosome13	423259
chromosome13	423477
chromosome13	423623
chromosome13	423867
chromosome13	424056
chromosome13	424279
chromosome13	424459
chromosome13	424657
chromosome13	424853
chromosome13	425040
chromosome13	425430
chromosome13	425874
chromosome13	426422
chromosome13	426571
chromosome13	426712
chromosome13	426904
chromosome13	427087
chromosome13	427414
chromosome13	427684
chromosome13	427892
chromosome13	428176
chromosome13	428497
chromosome13	428817
chromosome13	429056
chromosome13	429353
chromosome13	429549
chromosome13	429760
chromosome13	430164
chromosome13	430325
chromosome13	430464
chromosome13	430598
chromosome13	430749
chromosome13	430900
chromosome13	431072
chromosome13	431730
chromosome13	431918
chromosome13	432019
chromosome13	432285
chromosome13	432432
chromosome13	432576
chromosome13	432723
chromosome13	432850
chromosome13	433180
chromosome13	433282
chromosome13	433458
chromosome13	433650
chromosome13	433890
chromosome13	434056
chromosome13	434155
chromosome13	434272
chromosome13	434451
chromosome13	434590
chromosome13	434797
chromosome13	435016
chromosome13	435297
chromosome13	435556
chromosome13	435789
chromosome13	436009
chromosome13	436139
chromosome13	436306
chromosome13	436688
chromosome13	436837
chromosome13	436973
chromosome13	437139
chromosome13	437302
chromosome13	437434
chromosome13	437607
chromosome13	437805
chromosome13	437964
chromosome13	438129
chromosome13	438267
chromosome13	438469
chromosome13	438741
chromosome13	438983
chromosome13	439200
chromosome13	439374
chromosome13	439502
chromosome13	439699
chromosome13	439910
chromosome13	440122
chromosome13	440348
chromosome13	440462
chromosome13	440594
chromosome13	440749
chromosome13	440977
chromosome13	441175
chromosome13	441358
chromosome13	441516
chromosome13	441704
chromosome13	441850
chromosome13	441989
chromosome13	442113
chromosome13	442453
chromosome13	442610
chromosome13	442874
chromosome13	443054
chromosome13	443299
chromosome13	443606
chromosome13	443911
chromosome13	444154
chromosome13	444353
chromosome13	444619
chromosome13	444872
chromosome13	445136
chromosome13	445345
chromosome13	445628
chromosome13	445961
chromosome13	446275
chromosome13	446641
chromosome13	446891
chromosome13	447196
chromosome13	447441
chromosome13	447969
chromosome13	448145
chromosome13	448332
chromosome13	448484
chromosome13	448594
chromosome13	448802
chromosome13	448930
chromosome13	449032
chromosome13	449189
chromosome13	449350
chromosome13	449503
chromosome13	449736
chromosome13	449895
chromosome13	450219
chromosome13	450474
chromosome13	450724
chromosome13	450942
chromosome13	451182
chromosome13	451404
chromosome13	451653
chromosome13	451834
chromosome13	452000
chromosome13	452148
chromosome13	452318
chromosome13	452491
chromosome13	452657
chromosome13	452871
chromosome13	453087
chromosome13	453274
chromosome13	453399
chromosome13	453580
chromosome13	453722
chromosome13	453864
chromosome13	454053
chromosome13	454257
chromosome13	454527
chromosome13	454701
chromosome13	454947
chromosome13	455149
chromosome13	455438
chromosome13	455843
chromosome13	456079
chromosome13	456284
chromosome13	456430
chromosome13	456579
chromosome13	456831
chromosome13	457162
chromosome13	457342
chromosome13	457554
chromosome13	457759
chromosome13	457927
chromosome13	458102
chromosome13	458276
chromosome13	458387
chromosome13	458503
chromosome13	458731
chromosome13	458904
chromosome13	459088
chromosome13	459252
chromosome13	459484
chromosome13	459680
chromosome13	459896
chromosome13	460143
chromosome13	460317
chromosome13	460543
chromosome13	460697
chromosome13	460918
chromosome13	461087
chromosome13	461246
chromosome13	461442
chromosome13	461629
chromosome13	461780
chromosome13	462025
chromosome13	462223
chromosome13	462403
chromosome13	463599
chromosome13	463710
chromosome13	464090
chromosome13	464369
chromosome13	464597
chromosome13	464784
chromosome13	464919
chromosome13	465053
chromosome13	465191
chromosome13	465355
chromosome13	465519
chromosome13	465712
chromosome13	465805
chromosome13	465985
chromosome13	466425
chromosome13	466617
chromosome13	466883
chromosome13	467071
chromosome13	467261
chromosome13	467491
chromosome13	467660
chromosome13	467857
chromosome13	468064
chromosome13	468676
chromosome13	469168
chromosome13	469332
chromosome13	469510
chromosome13	469631
chromosome13	469837
chromosome13	470011
chromosome13	470206
chromosome13	470419
chromosome13	470643
chromosome13	470796
chromosome13	470968
chromosome13	471192
chromosome13	471440
chromosome13	471683
chromosome13	471883
chromosome13	472074
chromosome13	472273
chromosome13	472469
chromosome13	473017
chromosome13	473268
chromosome13	473468
chromosome13	473669
chromosome13	473920
chromosome13	474203
chromosome13	474473
chromosome13	474692
chromosome13	474957
chromosome13	475118
chromosome13	475231
chromosome13	475464
chromosome13	476206
chromosome13	476446
chromosome13	476680
chromosome13	476887
chromosome13	477016
chromosome13	477148
chromosome13	477352
chromosome13	477532
chromosome13	477691
chromosome13	477823
chromosome13	477985
chromosome13	478106
chromosome13	478386
chromosome13	478546
chromosome13	478695
chromosome13	478855
chromosome13	479018
chromosome13	479161
chromosome13	479289
chromosome13	479394
chromosome13	479524
chromosome13	479703
chromosome13	479858
chromosome13	479996
chromosome13	480161
chromosome13	480305
chromosome13	480449
chromosome13	481856
chromosome13	481996
chromosome13	482148
chromosome13	482493
chromosome13	482605
chromosome13	482697
chromosome13	482803
chromosome13	482910
chromosome13	483039
chromosome13	483146
chromosome13	483274
chromosome13	483988
chromosome13	484164
chromosome13	484332
chromosome13	484614
chromosome13	484904
chromosome13	485141
chromosome13	485336
chromosome13	485568
chromosome13	485835
chromosome13	486108
chromosome13	486590
chromosome13	486817
chromosome13	487126
chromosome13	487377
chromosome13	487570
chromosome13	487798
chromosome13	488053
chromosome13	488284
chromosome13	488520
chromosome13	488851
chromosome13	489127
chromosome13	489409
chromosome13	490109
chromosome13	490452
chromosome13	490742
chromosome13	490873
chromosome13	491039
chromosome13	491264
chromosome13	491466
chromosome13	491675
chromosome13	491834
chromosome13	491957
chromosome13	492244
chromosome13	492445
chromosome13	492613
chromosome13	492869
chromosome13	493043
chromosome13	493226
chromosome13	493463
chromosome13	493638
chromosome13	493830
chromosome13	494106
chromosome13	494277
chromosome13	494496
chromosome13	494628
chromosome13	494945
chromosome13	495167
chromosome13	495397
chromosome13	495595
chromosome13	495742
chromosome13	495950
chromosome13	496165
chromosome13	496418
chromosome13	496552
chromosome13	496731
chromosome13	496862
chromosome13	497075
chromosome13	497289
chromosome13	497469
chromosome13	497613
chromosome13	497749
chromosome13	497928
chromosome13	498165
chromosome13	498368
chromosome13	498578
chromosome13	498837
chromosome13	499114
chromosome13	499708
chromosome13	499953
chromosome13	500155
chromosome13	500517
chromosome13	500824
chromosome13	501018
chromosome13	501132
chromosome13	501260
chromosome13	501545
chromosome13	501735
chromosome13	501908
chromosome13	502012
chromosome13	502120
chromosome13	502291
chromosome13	502494
chromosome13	502648
chromosome13	502812
chromosome13	505463
chromosome13	505644
chromosome13	505852
chromosome13	506332
chromosome13	506647
chromosome13	506789
chromosome13	506971
chromosome13	507197
chromosome13	507538
chromosome13	507774
chromosome13	508084
chromosome13	508358
chromosome13	508621
chromosome13	508834
chromosome13	509146
chromosome13	509342
chromosome13	509471
chromosome13	509813
chromosome13	509927
chromosome13	510049
chromosome13	510185
chromosome13	510310
chromosome13	510445
chromosome13	510579
chromosome13	510670
chromosome13	510824
chromosome13	510941
chromosome13	511068
chromosome13	511217
chromosome13	511289
chromosome13	511479
chromosome13	512216
chromosome13	512353
chromosome13	512493
chromosome13	512693
chromosome13	513101
chromosome13	513213
chromosome13	513374
chromosome13	513534
chromosome13	513608
chromosome13	513783
chromosome13	513922
chromosome13	514417
chromosome13	514561
chromosome13	514742
chromosome13	514856
chromosome13	515034
chromosome13	515219
chromosome13	515398
chromosome13	515688
chromosome13	515812
chromosome13	515939
chromosome13	516076
chromosome13	516231
chromosome13	516370
chromosome13	516487
chromosome13	516621
chromosome13	516728
chromosome13	516844
chromosome13	517031
chromosome13	517193
chromosome13	517481
chromosome13	517662
chromosome13	517809
chromosome13	517981
chromosome13	518248
chromosome13	518398
chromosome13	518563
chromosome13	518764
chromosome13	519008
chromosome13	519363
chromosome13	519900
chromosome13	520155
chromosome13	520360
chromosome13	520926
chromosome13	521192
chromosome13	521457
chromosome13	521705
chromosome13	521883
chromosome13	522045
chromosome13	522248
chromosome13	522401
chromosome13	522598
chromosome13	522877
chromosome13	523057
chromosome13	523234
chromosome13	523413
chromosome13	523591
chromosome13	523876
chromosome13	524151
chromosome13	524290
chromosome13	524499
chromosome13	524643
chromosome13	524842
chromosome13	525111
chromosome13	525318
chromosome13	525491
chromosome13	525720
chromosome13	525954
chromosome13	526308
chromosome13	526503
chromosome13	526639
chromosome13	526895
chromosome13	527101
chromosome13	527369
chromosome13	527839
chromosome13	528006
chromosome13	528346
chromosome13	528547
chromosome13	528782
chromosome13	529002
chromosome13	529185
chromosome13	529377
chromosome13	529597
chromosome13	529860
chromosome13	530026
chromosome13	530302
chromosome13	530479
chromosome13	530703
chromosome13	530882
chromosome13	531126
chromosome13	531336
chromosome13	531559
chromosome13	532001
chromosome13	532173
chromosome13	532379
chromosome13	532608
chromosome13	532761
chromosome13	532961
chromosome13	533352
chromosome13	533586
chromosome13	533893
chromosome13	534381
chromosome13	534609
chromosome13	534791
chromosome13	534932
chromosome13	535061
chromosome13	535194
chromosome13	535372
chromosome13	536278
chromosome13	536453
chromosome13	536622
chromosome13	536759
chromosome13	536919
chromosome13	537074
chromosome13	537239
chromosome13	537376
chromosome13	537551
chromosome13	537762
chromosome13	537942
chromosome13	538251
chromosome13	538717
chromosome13	538936
chromosome13	539097
chromosome13	539269
chromosome13	539530
chromosome13	539707
chromosome13	539886
chromosome13	540026
chromosome13	540208
chromosome13	540341
chromosome13	540495
chromosome13	540614
chromosome13	540797
chromosome13	540966
chromosome13	541114
chromosome13	541257
chromosome13	541477
chromosome13	541636
chromosome13	541752
chromosome13	541902
chromosome13	542049
chromosome13	542177
chromosome13	542302
chromosome13	542505
chromosome13	542671
chromosome13	543093
chromosome13	543281
chromosome13	543495
chromosome13	543683
chromosome13	543885
chromosome13	544133
chromosome13	544345
chromosome13	544521
chromosome13	544647
chromosome13	544790
chromosome13	544938
chromosome13	545099
chromosome13	545335
chromosome13	545597
chromosome13	545742
chromosome13	545904
chromosome13	546053
chromosome13	546220
chromosome13	546449
chromosome13	546724
chromosome13	546961
chromosome13	547137
chromosome13	547505
chromosome13	547622
chromosome13	547751
chromosome13	547915
chromosome13	548110
chromosome13	548310
chromosome13	548453
chromosome13	548637
chromosome13	548847
chromosome13	549014
chromosome13	549209
chromosome13	549348
chromosome13	549495
chromosome13	549647
chromosome13	549772
chromosome13	549916
chromosome13	550066
chromosome13	550476
chromosome13	550716
chromosome13	550900
chromosome13	551024
chromosome13	551144
chromosome13	551297
chromosome13	551458
chromosome13	551559
chromosome13	551658
chromosome13	551790
chromosome13	551962
chromosome13	552087
chromosome13	552263
chromosome13	552398
chromosome13	552564
chromosome13	552873
chromosome13	553358
chromosome13	553488
chromosome13	553613
chromosome13	553803
chromosome13	554069
chromosome13	554252
chromosome13	554404
chromosome13	555108
chromosome13	555371
chromosome13	555640
chromosome13	555861
chromosome13	556140
chromosome13	556341
chromosome13	556718
chromosome13	556874
chromosome13	557078
chromosome13	557239
chromosome13	557482
chromosome13	557843
chromosome13	558054
chromosome13	558303
chromosome13	558568
chromosome13	558783
chromosome13	558915
chromosome13	559323
chromosome13	559456
chromosome13	559576
chromosome13	559762
chromosome13	559926
chromosome13	560171
chromosome13	560300
chromosome13	560444
chromosome13	560684
chromosome13	560948
chromosome13	561121
chromosome13	561288
chromosome13	561466
chromosome13	561622
chromosome13	562219
chromosome13	562515
chromosome13	562672
chromosome13	562816
chromosome13	563065
chromosome13	563207
chromosome13	563349
chromosome13	563574
chromosome13	563761
chromosome13	563933
chromosome13	564084
chromosome13	564355
chromosome13	564542
chromosome13	564692
chromosome13	564850
chromosome13	564987
chromosome13	565131
chromosome13	565290
chromosome13	565472
chromosome13	565651
chromosome13	565885
chromosome13	566030
chromosome13	566257
chromosome13	566415
chromosome13	566549
chromosome13	566724
chromosome13	566939
chromosome13	567069
chromosome13	567250
chromosome13	567418
chromosome13	567642
chromosome13	567844
chromosome13	568025
chromosome13	568192
chromosome13	568339
chromosome13	568501
chromosome13	568685
chromosome13	568910
chromosome13	569127
chromosome13	569315
chromosome13	569516
chromosome13	569669
chromosome13	569884
chromosome13	570077
chromosome13	570226
chromosome13	570462
chromosome13	570604
chromosome13	570805
chromosome13	570966
chromosome13	571144
chromosome13	571568
chromosome13	571724
chromosome13	571936
chromosome13	572064
chromosome13	572216
chromosome13	572476
chromosome13	572695
chromosome13	573460
chromosome13	573606
chromosome13	573734
chromosome13	573886
chromosome13	574055
chromosome13	574169
chromosome13	574305
chromosome13	574474
chromosome13	574664
chromosome13	574844
chromosome13	575004
chromosome13	575143
chromosome13	575310
chromosome13	575546
chromosome13	575745
chromosome13	575960
chromosome13	576220
chromosome13	576424
chromosome13	576709
chromosome13	577016
chromosome13	577285
chromosome13	577493
chromosome13	577665
chromosome13	577891
chromosome13	578162
chromosome13	579056
chromosome13	579222
chromosome13	579388
chromosome13	579776
chromosome13	580022
chromosome13	580336
chromosome13	580664
chromosome13	580913
chromosome13	581202
chromosome13	581370
chromosome13	581540
chromosome13	581716
chromosome13	581834
chromosome13	581984
chromosome13	582085
chromosome13	582304
chromosome13	582494
chromosome13	582693
chromosome13	582860
chromosome13	583036
chromosome13	583184
chromosome13	583319
chromosome13	583562
chromosome13	583718
chromosome13	583862
chromosome13	584440
chromosome13	584588
chromosome13	584721
chromosome13	584855
chromosome13	584988
chromosome13	585143
chromosome13	585323
chromosome13	585452
chromosome13	585843
chromosome13	586014
chromosome13	586142
chromosome13	586251
chromosome13	586380
chromosome13	586510
chromosome13	586623
chromosome13	586742
chromosome13	587110
chromosome13	587286
chromosome13	587495
chromosome13	587839
chromosome13	588019
chromosome13	588151
chromosome13	588259
chromosome13	588450
chromosome13	588854
chromosome13	588970
chromosome13	589086
chromosome13	589216
chromosome13	589377
chromosome13	589536
chromosome13	589671
chromosome13	589833
chromosome13	590197
chromosome13	590347
chromosome13	590489
chromosome13	590621
chromosome13	590774
chromosome13	590897
chromosome13	591099
chromosome13	591289
chromosome13	591521
chromosome13	591745
chromosome13	591918
chromosome13	592108
chromosome13	592376
chromosome13	592678
chromosome13	592933
chromosome13	593086
chromosome13	593280
chromosome13	593463
chromosome13	593682
chromosome13	593937
chromosome13	594205
chromosome13	594379
chromosome13	594606
chromosome13	594789
chromosome13	595013
chromosome13	595274
chromosome13	595454
chromosome13	595691
chromosome13	595867
chromosome13	596058
chromosome13	596219
chromosome13	596383
chromosome13	596651
chromosome13	596859
chromosome13	597060
chromosome13	597245
chromosome13	597405
chromosome13	597664
chromosome13	598049
chromosome13	598383
chromosome13	598603
chromosome13	598874
chromosome13	599041
chromosome13	599228
chromosome13	599421
chromosome13	603059
chromosome13	603219
chromosome13	603368
chromosome13	603513
chromosome13	603645
chromosome13	603797
chromosome13	603930
chromosome13	604141
chromosome13	604373
chromosome13	604621
chromosome13	605010
chromosome13	605264
chromosome13	605664
chromosome13	606005
chromosome13	606166
chromosome13	606309
chromosome13	606591
chromosome13	606771
chromosome13	606932
chromosome13	607152
chromosome13	607324
chromosome13	607494
chromosome13	607687
chromosome13	607939
chromosome13	608146
chromosome13	608344
chromosome13	608484
chromosome13	608824
chromosome13	610062
chromosome13	610244
chromosome13	610392
chromosome13	610620
chromosome13	610761
chromosome13	610922
chromosome13	611032
chromosome13	611142
chromosome13	611478
chromosome13	611622
chromosome13	611830
chromosome13	612015
chromosome13	612181
chromosome13	612350
chromosome13	612567
chromosome13	612698
chromosome13	612861
chromosome13	613016
chromosome13	613133
chromosome13	613269
chromosome13	613435
chromosome13	613605
chromosome13	613793
chromosome13	613897
chromosome13	614043
chromosome13	614163
chromosome13	614272
chromosome13	614430
chromosome13	614620
chromosome13	614800
chromosome13	614944
chromosome13	615226
chromosome13	615336
chromosome13	615436
chromosome13	615580
chromosome13	615694
chromosome13	615829
chromosome13	615981
chromosome13	616132
chromosome13	616240
chromosome13	616424
chromosome13	616539
chromosome13	616648
chromosome13	616793
chromosome13	616930
chromosome13	617153
chromosome13	617357
chromosome13	617533
chromosome13	617693
chromosome13	617831
chromosome13	617963
chromosome13	618087
chromosome13	618460
chromosome13	618580
chromosome13	618778
chromosome13	618913
chromosome13	619070
chromosome13	619237
chromosome13	619380
chromosome13	619505
chromosome13	619704
chromosome13	619853
chromosome13	619994
chromosome13	620130
chromosome13	620254
chromosome13	620397
chromosome13	620509
chromosome13	620631
chromosome13	620821
chromosome13	620999
chromosome13	621105
chromosome13	621206
chromosome13	621330
chromosome13	621479
chromosome13	621648
chromosome13	621750
chromosome13	621857
chromosome13	622012
chromosome13	622131
chromosome13	622364
chromosome13	622474
chromosome13	622592
chromosome13	622711
chromosome13	622833
chromosome13	622965
chromosome13	623101
chromosome13	623628
chromosome13	623781
chromosome13	623937
chromosome13	624056
chromosome13	624200
chromosome13	624302
chromosome13	624476
chromosome13	624579
chromosome13	624721
chromosome13	624832
chromosome13	624966
chromosome13	625161
chromosome13	625939
chromosome13	626113
chromosome13	626245
chromosome13	626990
chromosome13	627263
chromosome13	627495
chromosome13	627659
chromosome13	627856
chromosome13	628011
chromosome13	628144
chromosome13	628370
chromosome13	628516
chromosome13	628660
chromosome13	629084
chromosome13	629194
chromosome13	629346
chromosome13	629551
chromosome13	629714
chromosome13	629886
chromosome13	630085
chromosome13	630235
chromosome13	630716
chromosome13	630887
chromosome13	631019
chromosome13	631308
chromosome13	631496
chromosome13	631694
chromosome13	631886
chromosome13	632228
chromosome13	632480
chromosome13	632748
chromosome13	632951
chromosome13	633284
chromosome13	633614
chromosome13	633890
chromosome13	634247
chromosome13	634838
chromosome13	635002
chromosome13	635228
chromosome13	635503
chromosome13	635649
chromosome13	635802
chromosome13	636008
chromosome13	636272
chromosome13	636489
chromosome13	636703
chromosome13	637008
chromosome13	637098
chromosome13	637215
chromosome13	637347
chromosome13	637431
chromosome13	637599
chromosome13	637787
chromosome13	638015
chromosome13	638232
chromosome13	638414
chromosome13	638734
chromosome13	638893
chromosome13	639083
chromosome13	639354
chromosome13	639559
chromosome13	639755
chromosome13	640023
chromosome13	640265
chromosome13	640466
chromosome13	640851
chromosome13	641033
chromosome13	641205
chromosome13	641410
chromosome13	641548
chromosome13	641791
chromosome13	642046
chromosome13	642379
chromosome13	642661
chromosome13	642982
chromosome13	643270
chromosome13	643427
chromosome13	643633
chromosome13	643772
chromosome13	643944
chromosome13	644099
chromosome13	644231
chromosome13	644415
chromosome13	644572
chromosome13	644776
chromosome13	644977
chromosome13	645133
chromosome13	645325
chromosome13	645465
chromosome13	645611
chromosome13	645797
chromosome13	645941
chromosome13	646081
chromosome13	646241
chromosome13	646378
chromosome13	646615
chromosome13	646769
chromosome13	647151
chromosome13	647299
chromosome13	647467
chromosome13	647598
chromosome13	647707
chromosome13	648095
chromosome13	648261
chromosome13	648431
chromosome13	648633
chromosome13	648813
chromosome13	649604
chromosome13	649825
chromosome13	650008
chromosome13	650266
chromosome13	650560
chromosome13	650830
chromosome13	650982
chromosome13	651172
chromosome13	651318
chromosome13	651462
chromosome13	651612
chromosome13	651844
chromosome13	652645
chromosome13	652828
chromosome13	653040
chromosome13	653196
chromosome13	653453
chromosome13	653559
chromosome13	653753
chromosome13	653887
chromosome13	654045
chromosome13	654214
chromosome13	654332
chromosome13	654522
chromosome13	654671
chromosome13	654808
chromosome13	655019
chromosome13	655297
chromosome13	655514
chromosome13	655708
chromosome13	655896
chromosome13	656080
chromosome13	656248
chromosome13	656604
chromosome13	656896
chromosome13	657169
chromosome13	657394
chromosome13	657688
chromosome13	657934
chromosome13	658138
chromosome13	658312
chromosome13	658659
chromosome13	658874
chromosome13	659102
chromosome13	659238
chromosome13	659363
chromosome13	659513
chromosome13	659666
chromosome13	659859
chromosome13	660047
chromosome13	660236
chromosome13	660430
chromosome13	660577
chromosome13	660698
chromosome13	660908
chromosome13	661130
chromosome13	661338
chromosome13	661551
chromosome13	661730
chromosome13	661898
chromosome13	662088
chromosome13	662547
chromosome13	662746
chromosome13	662958
chromosome13	663216
chromosome13	663472
chromosome13	663703
chromosome13	663955
chromosome13	664149
chromosome13	664333
chromosome13	664503
chromosome13	664693
chromosome13	665016
chromosome13	665332
chromosome13	665551
chromosome13	666094
chromosome13	666373
chromosome13	666643
chromosome13	666770
chromosome13	666879
chromosome13	667058
chromosome13	667413
chromosome13	667548
chromosome13	667808
chromosome13	668121
chromosome13	668502
chromosome13	668805
chromosome13	669180
chromosome13	669390
chromosome13	670020
chromosome13	670187
chromosome13	670343
chromosome13	670546
chromosome13	670802
chromosome13	671032
chromosome13	671189
chromosome13	671377
chromosome13	672067
chromosome13	672356
chromosome13	672643
chromosome13	672938
chromosome13	673170
chromosome13	673477
chromosome13	673930
chromosome13	674226
chromosome13	674406
chromosome13	674608
chromosome13	675159
chromosome13	675347
chromosome13	675483
chromosome13	675618
chromosome13	675851
chromosome13	675970
chromosome13	676151
chromosome13	676307
chromosome13	676428
chromosome13	676590
chromosome13	676724
chromosome13	676890
chromosome13	677138
chromosome13	677288
chromosome13	677500
chromosome13	677727
chromosome13	678039
chromosome13	678227
chromosome13	678443
chromosome13	678600
chromosome13	678822
chromosome13	678931
chromosome13	679187
chromosome13	679359
chromosome13	679547
chromosome13	679746
chromosome13	679977
chromosome13	680240
chromosome13	680386
chromosome13	680500
chromosome13	680649
chromosome13	680799
chromosome13	680954
chromosome13	681097
chromosome13	681267
chromosome13	681478
chromosome13	681674
chromosome13	681807
chromosome13	681963
chromosome13	682105
chromosome13	682359
chromosome13	682569
chromosome13	682773
chromosome13	682985
chromosome13	683169
chromosome13	683397
chromosome13	683625
chromosome13	683799
chromosome13	684037
chromosome13	684214
chromosome13	684390
chromosome13	684600
chromosome13	684797
chromosome13	684988
chromosome13	685242
chromosome13	685416
chromosome13	685684
chromosome13	686085
chromosome13	686313
chromosome13	686550
chromosome13	686720
chromosome13	686865
chromosome13	687062
chromosome13	687227
chromosome13	687483
chromosome13	687683
chromosome13	687896
chromosome13	688115
chromosome13	688337
chromosome13	688552
chromosome13	688777
chromosome13	688933
chromosome13	689121
chromosome13	689331
chromosome13	689543
chromosome13	689707
chromosome13	689862
chromosome13	690049
chromosome13	690231
chromosome13	690393
chromosome13	690557
chromosome13	690804
chromosome13	691007
chromosome13	691197
chromosome13	691314
chromosome13	691520
chromosome13	691763
chromosome13	691976
chromosome13	692264
chromosome13	692534
chromosome13	692690
chromosome13	692948
chromosome13	693184
chromosome13	693365
chromosome13	693676
chromosome13	693851
chromosome13	694034
chromosome13	694230
chromosome13	694442
chromosome13	694635
chromosome13	694739
chromosome13	694910
chromosome13	695043
chromosome13	695180
chromosome13	695327
chromosome13	695541
chromosome13	695726
chromosome13	695888
chromosome13	696056
chromosome13	696248
chromosome13	696405
chromosome13	696548
chromosome13	696776
chromosome13	696900
chromosome13	697077
chromosome13	697269
chromosome13	697430
chromosome13	697574
chromosome13	697710
chromosome13	697890
chromosome13	698044
chromosome13	698158
chromosome13	698361
chromosome13	698898
chromosome13	699050
chromosome13	699271
chromosome13	699438
chromosome13	699560
chromosome13	699813
chromosome13	699980
chromosome13	700091
chromosome13	700299
chromosome13	700466
chromosome13	700680
chromosome13	700802
chromosome13	700956
chromosome13	701132
chromosome13	701368
chromosome13	701496
chromosome13	701773
chromosome13	702033
chromosome13	702368
chromosome13	702609
chromosome13	702851
chromosome13	703249
chromosome13	703588
chromosome13	703736
chromosome13	703884
chromosome13	704055
chromosome13	704272
chromosome13	704407
chromosome13	704584
chromosome13	704795
chromosome13	704969
chromosome13	705101
chromosome13	705242
chromosome13	705408
chromosome13	705591
chromosome13	705747
chromosome13	705950
chromosome13	706141
chromosome13	706353
chromosome13	706564
chromosome13	706729
chromosome13	706917
chromosome13	707051
chromosome13	707219
chromosome13	707388
chromosome13	707576
chromosome13	707742
chromosome13	707891
chromosome13	708040
chromosome13	708178
chromosome13	708308
chromosome13	708487
chromosome13	708601
chromosome13	708752
chromosome13	708891
chromosome13	709007
chromosome13	709178
chromosome13	709356
chromosome13	709471
chromosome13	709601
chromosome13	709763
chromosome13	709888
chromosome13	710012
chromosome13	710133
chromosome13	710292
chromosome13	710430
chromosome13	710608
chromosome13	710775
chromosome13	710912
chromosome13	711061
chromosome13	711204
chromosome13	711309
chromosome13	711453
chromosome13	711627
chromosome13	711746
chromosome13	711886
chromosome13	712062
chromosome13	712268
chromosome13	712434
chromosome13	712625
chromosome13	712828
chromosome13	713051
chromosome13	713257
chromosome13	713390
chromosome13	713552
chromosome13	713698
chromosome13	713814
chromosome13	714070
chromosome13	714357
chromosome13	714546
chromosome13	714738
chromosome13	714904
chromosome13	715089
chromosome13	715273
chromosome13	715462
chromosome13	715617
chromosome13	715797
chromosome13	715971
chromosome13	716147
chromosome13	716732
chromosome13	716929
chromosome13	717126
chromosome13	717333
chromosome13	717526
chromosome13	717783
chromosome13	717998
chromosome13	718591
chromosome13	718764
chromosome13	718921
chromosome13	719073
chromosome13	719361
chromosome13	719544
chromosome13	719739
chromosome13	719961
chromosome13	720257
chromosome13	720533
chromosome13	720745
chromosome13	720976
chromosome13	721202
chromosome13	721333
chromosome13	721504
chromosome13	721689
chromosome13	721917
chromosome13	722126
chromosome13	722292
chromosome13	722493
chromosome13	722628
chromosome13	722943
chromosome13	723126
chromosome13	723365
chromosome13	723543
chromosome13	723760
chromosome13	724042
chromosome13	724235
chromosome13	724439
chromosome13	724592
chromosome13	724924
chromosome13	725129
chromosome13	725320
chromosome13	725528
chromosome13	726144
chromosome13	726387
chromosome13	726615
chromosome13	726812
chromosome13	726964
chromosome13	727176
chromosome13	727349
chromosome13	727610
chromosome13	727808
chromosome13	728008
chromosome13	728177
chromosome13	728414
chromosome13	728568
chromosome13	728759
chromosome13	728943
chromosome13	729164
chromosome13	729389
chromosome13	729599
chromosome13	729763
chromosome13	729920
chromosome13	730069
chromosome13	730274
chromosome13	730432
chromosome13	730577
chromosome13	730779
chromosome13	730983
chromosome13	731185
chromosome13	731375
chromosome13	731662
chromosome13	731794
chromosome13	731959
chromosome13	732080
chromosome13	732276
chromosome13	732413
chromosome13	732584
chromosome13	732706
chromosome13	732826
chromosome13	733393
chromosome13	733564
chromosome13	733738
chromosome13	733977
chromosome13	734184
chromosome13	734401
chromosome13	734624
chromosome13	734818
chromosome13	735003
chromosome13	735362
chromosome13	735588
chromosome13	735781
chromosome13	735950
chromosome13	736107
chromosome13	736290
chromosome13	736549
chromosome13	736773
chromosome13	737095
chromosome13	737279
chromosome13	737443
chromosome13	737612
chromosome13	737906
chromosome13	738167
chromosome13	738404
chromosome13	738546
chromosome13	738814
chromosome13	739126
chromosome13	739375
chromosome13	739574
chromosome13	739820
chromosome13	740319
chromosome13	740547
chromosome13	740804
chromosome13	741097
chromosome13	741462
chromosome13	741720
chromosome13	742067
chromosome13	742337
chromosome13	742627
chromosome13	742849
chromosome13	742962
chromosome13	743181
chromosome13	743384
chromosome13	743674
chromosome13	743854
chromosome13	744052
chromosome13	744293
chromosome13	744495
chromosome13	744711
chromosome13	744933
chromosome13	745182
chromosome13	745428
chromosome13	745674
chromosome13	746001
chromosome13	746240
chromosome13	746441
chromosome13	746734
chromosome13	747009
chromosome13	747273
chromosome13	747540
chromosome13	748255
chromosome13	748477
chromosome13	748791
chromosome13	749096
chromosome13	749236
chromosome13	749458
chromosome13	749659
chromosome13	749812
chromosome13	750001
chromosome13	750175
chromosome13	750359
chromosome13	750588
chromosome13	750788
chromosome13	750987
chromosome13	751127
chromosome13	751269
chromosome13	751406
chromosome13	751498
chromosome13	751698
chromosome13	751854
chromosome13	751985
chromosome13	752303
chromosome13	752629
chromosome13	753336
chromosome13	753570
chromosome13	753875
chromosome13	754051
chromosome13	754185
chromosome13	754369
chromosome13	754501
chromosome13	754614
chromosome13	754722
chromosome13	754897
chromosome13	755077
chromosome13	755322
chromosome13	755525
chromosome13	755723
chromosome13	755942
chromosome13	756542
chromosome13	757163
chromosome13	757274
chromosome13	757408
chromosome13	757578
chromosome13	757720
chromosome13	757864
chromosome13	758020
chromosome13	758176
chromosome13	758485
chromosome13	758619
chromosome13	758803
chromosome13	759000
chromosome13	759192
chromosome13	759326
chromosome13	759496
chromosome13	759663
chromosome13	759844
chromosome13	760036
chromosome13	760265
chromosome13	760505
chromosome13	760693
chromosome13	760869
chromosome13	761025
chromosome13	761153
chromosome13	761362
chromosome13	761546
chromosome13	761714
chromosome13	761916
chromosome13	762222
chromosome13	762369
chromosome13	762490
chromosome13	762758
chromosome13	762887
chromosome13	763146
chromosome13	763582
chromosome13	763979
chromosome13	764648
chromosome13	764850
chromosome13	765054
chromosome13	765199
chromosome13	765373
chromosome13	765544
chromosome13	765719
chromosome13	765850
chromosome13	766005
chromosome13	766305
chromosome13	766466
chromosome13	766661
chromosome13	766846
chromosome13	767287
chromosome13	767479
chromosome13	767740
chromosome13	768034
chromosome13	768251
chromosome13	769034
chromosome13	769440
chromosome13	769561
chromosome13	769653
chromosome13	769794
chromosome13	769897
chromosome13	770004
chromosome13	770145
chromosome13	770274
chromosome13	770395
chromosome13	770608
chromosome13	770738
chromosome13	770863
chromosome13	771072
chromosome13	771315
chromosome13	771532
chromosome13	771720
chromosome13	772005
chromosome13	772213
chromosome13	772419
chromosome13	772838
chromosome13	772985
chromosome13	773154
chromosome13	773316
chromosome13	773452
chromosome13	773600
chromosome13	773733
chromosome13	773861
chromosome13	774007
chromosome13	774186
chromosome13	774329
chromosome13	774549
chromosome13	774955
chromosome13	775453
chromosome13	775647
chromosome13	775782
chromosome13	775988
chromosome13	776174
chromosome13	776467
chromosome13	776660
chromosome13	776923
chromosome13	777090
chromosome13	777267
chromosome13	777437
chromosome13	777586
chromosome13	777745
chromosome13	777899
chromosome13	778024
chromosome13	778233
chromosome13	778392
chromosome13	778588
chromosome13	779050
chromosome13	779689
chromosome13	779973
chromosome13	780200
chromosome13	780433
chromosome13	780693
chromosome13	780959
chromosome13	781154
chromosome13	781357
chromosome13	781588
chromosome13	781820
chromosome13	782287
chromosome13	782436
chromosome13	782830
chromosome13	783002
chromosome13	783202
chromosome13	783439
chromosome13	783715
chromosome13	783893
chromosome13	784118
chromosome13	784317
chromosome13	784552
chromosome13	785004
chromosome13	785155
chromosome13	785323
chromosome13	785502
chromosome13	785665
chromosome13	785779
chromosome13	785928
chromosome13	786118
chromosome13	786280
chromosome13	786526
chromosome13	786712
chromosome13	786952
chromosome13	787134
chromosome13	787287
chromosome13	787463
chromosome13	787651
chromosome13	787820
chromosome13	788008
chromosome13	788248
chromosome13	788596
chromosome13	788775
chromosome13	789474
chromosome13	789908
chromosome13	790397
chromosome13	790610
chromosome13	790899
chromosome13	791190
chromosome13	791435
chromosome13	791704
chromosome13	792026
chromosome13	792311
chromosome13	792560
chromosome13	792818
chromosome13	792988
chromosome13	793155
chromosome13	793371
chromosome13	793551
chromosome13	793680
chromosome13	793863
chromosome13	794068
chromosome13	794296
chromosome13	794537
chromosome13	794684
chromosome13	794798
chromosome13	795078
chromosome13	795247
chromosome13	795503
chromosome13	795670
chromosome13	795900
chromosome13	796137
chromosome13	796401
chromosome13	796580
chromosome13	796720
chromosome13	796841
chromosome13	797000
chromosome13	797188
chromosome13	797379
chromosome13	797563
chromosome13	797719
chromosome13	797897
chromosome13	798057
chromosome13	798224
chromosome13	798562
chromosome13	798749
chromosome13	799604
chromosome13	799832
chromosome13	800530
chromosome13	800912
chromosome13	801066
chromosome13	801190
chromosome13	801347
chromosome13	801714
chromosome13	801846
chromosome13	802062
chromosome13	802261
chromosome13	802460
chromosome13	802635
chromosome13	802822
chromosome13	802964
chromosome13	803149
chromosome13	803428
chromosome13	803679
chromosome13	803934
chromosome13	804154
chromosome13	804292
chromosome13	804459
chromosome13	804775
chromosome13	804967
chromosome13	805506
chromosome13	805761
chromosome13	806000
chromosome13	806232
chromosome13	806451
chromosome13	806885
chromosome13	807058
chromosome13	807177
chromosome13	807288
chromosome13	807477
chromosome13	807677
chromosome13	807880
chromosome13	808003
chromosome13	808135
chromosome13	808354
chromosome13	809255
chromosome13	809387
chromosome13	809771
chromosome13	810123
chromosome13	810444
chromosome13	810709
chromosome13	810885
chromosome13	811108
chromosome13	811407
chromosome13	811739
chromosome13	811890
chromosome13	812091
chromosome13	812292
chromosome13	812539
chromosome13	812746
chromosome13	812919
chromosome13	813134
chromosome13	813274
chromosome13	813514
chromosome13	813687
chromosome13	813917
chromosome13	814111
chromosome13	814298
chromosome13	814565
chromosome13	814797
chromosome13	815079
chromosome13	815241
chromosome13	815798
chromosome13	815972
chromosome13	816183
chromosome13	816455
chromosome13	816619
chromosome13	816796
chromosome13	816961
chromosome13	817139
chromosome13	817432
chromosome13	817692
chromosome13	817922
chromosome13	818099
chromosome13	818304
chromosome13	818459
chromosome13	818626
chromosome13	818847
chromosome13	819095
chromosome13	819297
chromosome13	819548
chromosome13	819704
chromosome13	819907
chromosome13	820122
chromosome13	820276
chromosome13	820558
chromosome13	820838
chromosome13	821093
chromosome13	821383
chromosome13	821663
chromosome13	821908
chromosome13	822130
chromosome13	822382
chromosome13	822865
chromosome13	823087
chromosome13	823263
chromosome13	823434
chromosome13	823597
chromosome13	823788
chromosome13	824046
chromosome13	824247
chromosome13	824464
chromosome13	824683
chromosome13	824869
chromosome13	825080
chromosome13	825315
chromosome13	825563
chromosome13	825857
chromosome13	826059
chromosome13	826309
chromosome13	826431
chromosome13	826648
chromosome13	826818
chromosome13	826986
chromosome13	827159
chromosome13	827314
chromosome13	827450
chromosome13	827676
chromosome13	827821
chromosome13	827953
chromosome13	828087
chromosome13	828269
chromosome13	828388
chromosome13	828530
chromosome13	828821
chromosome13	829031
chromosome13	829206
chromosome13	829530
chromosome13	829809
chromosome13	829991
chromosome13	830169
chromosome13	830300
chromosome13	830589
chromosome13	830723
chromosome13	830928
chromosome13	831165
chromosome13	831343
chromosome13	831648
chromosome13	831798
chromosome13	831930
chromosome13	832053
chromosome13	832194
chromosome13	832375
chromosome13	832577
chromosome13	832744
chromosome13	832903
chromosome13	833128
chromosome13	833614
chromosome13	833806
chromosome13	834042
chromosome13	834287
chromosome13	834537
chromosome13	834754
chromosome13	834934
chromosome13	835114
chromosome13	835307
chromosome13	835545
chromosome13	835805
chromosome13	836049
chromosome13	836267
chromosome13	836484
chromosome13	836782
chromosome13	836950
chromosome13	837141
chromosome13	837974
chromosome13	838155
chromosome13	838309
chromosome13	838547
chromosome13	838730
chromosome13	838932
chromosome13	839178
chromosome13	839348
chromosome13	839581
chromosome13	840187
chromosome13	840390
chromosome13	840640
chromosome13	840927
chromosome13	841111
chromosome13	841377
chromosome13	841601
chromosome13	841760
chromosome13	841947
chromosome13	842139
chromosome13	842642
chromosome13	842898
chromosome13	843186
chromosome13	843375
chromosome13	843631
chromosome13	843864
chromosome13	844095
chromosome13	844345
chromosome13	844545
chromosome13	844839
chromosome13	845041
chromosome13	845215
chromosome13	845393
chromosome13	845547
chromosome13	845753
chromosome13	845937
chromosome13	846186
chromosome13	846397
chromosome13	846600
chromosome13	846894
chromosome13	847126
chromosome13	847382
chromosome13	847634
chromosome13	847947
chromosome13	848249
chromosome13	848523
chromosome13	848663
chromosome13	848887
chromosome13	849052
chromosome13	849248
chromosome13	849410
chromosome13	849611
chromosome13	849863
chromosome13	850021
chromosome13	850245
chromosome13	850644
chromosome13	851082
chromosome13	851433
chromosome13	851992
chromosome13	852393
chromosome13	852571
chromosome13	852770
chromosome13	853025
chromosome13	853277
chromosome13	853511
chromosome13	853727
chromosome13	853922
chromosome13	854170
chromosome13	854656
chromosome13	854865
chromosome13	855146
chromosome13	855537
chromosome13	855736
chromosome13	855967
chromosome13	856137
chromosome13	856420
chromosome13	856608
chromosome13	856891
chromosome13	857101
chromosome13	857273
chromosome13	857473
chromosome13	857646
chromosome13	857824
chromosome13	858033
chromosome13	858480
chromosome13	858732
chromosome13	858959
chromosome13	859316
chromosome13	859521
chromosome13	859704
chromosome13	860016
chromosome13	860259
chromosome13	860509
chromosome13	860721
chromosome13	861265
chromosome13	861430
chromosome13	861591
chromosome13	861733
chromosome13	861981
chromosome13	862188
chromosome13	862473
chromosome13	862757
chromosome13	863067
chromosome13	863311
chromosome13	863542
chromosome13	863802
chromosome13	863999
chromosome13	864235
chromosome13	864521
chromosome13	864676
chromosome13	864841
chromosome13	865009
chromosome13	865141
chromosome13	865291
chromosome13	865885
chromosome13	866276
chromosome13	866534
chromosome13	866915
chromosome13	867558
chromosome13	867801
chromosome13	868077
chromosome13	868329
chromosome13	868527
chromosome13	868779
chromosome13	868983
chromosome13	869268
chromosome13	869465
chromosome13	869634
chromosome13	869801
chromosome13	869921
chromosome13	870154
chromosome13	870412
chromosome13	870588
chromosome13	870802
chromosome13	870994
chromosome13	871194
chromosome13	871438
chromosome13	871716
chromosome13	871943
chromosome13	872197
chromosome13	872464
chromosome13	872636
chromosome13	872773
chromosome13	872880
chromosome13	873035
chromosome13	873174
chromosome13	873336
chromosome13	873468
chromosome13	874345
chromosome13	874907
chromosome13	875146
chromosome13	875409
chromosome13	875589
chromosome13	875796
chromosome13	876109
chromosome13	876342
chromosome13	876558
chromosome13	876785
chromosome13	876969
chromosome13	877100
chromosome13	877294
chromosome13	877493
chromosome13	877638
chromosome13	877876
chromosome13	878098
chromosome13	878309
chromosome13	878535
chromosome13	878945
chromosome13	879101
chromosome13	879387
chromosome13	879637
chromosome13	879922
chromosome13	880041
chromosome13	880224
chromosome13	880346
chromosome13	880524
chromosome13	880727
chromosome13	880896
chromosome13	881057
chromosome13	881190
chromosome13	881442
chromosome13	881640
chromosome13	881898
chromosome13	882115
chromosome13	882346
chromosome13	882529
chromosome13	882825
chromosome13	883090
chromosome13	883348
chromosome13	883545
chromosome13	883797
chromosome13	884071
chromosome13	884407
chromosome13	884761
chromosome13	885056
chromosome13	885319
chromosome13	885586
chromosome13	885796
chromosome13	885964
chromosome13	886146
chromosome13	886291
chromosome13	886453
chromosome13	886658
chromosome13	886835
chromosome13	887013
chromosome13	887165
chromosome13	887338
chromosome13	887539
chromosome13	887709
chromosome13	887878
chromosome13	888021
chromosome13	888173
chromosome13	888313
chromosome13	888492
chromosome13	889022
chromosome13	889171
chromosome13	889378
chromosome13	889537
chromosome13	889684
chromosome13	889851
chromosome13	890041
chromosome13	890308
chromosome13	890524
chromosome13	890764
chromosome13	891010
chromosome13	891250
chromosome13	891528
chromosome13	891784
chromosome13	892042
chromosome13	892258
chromosome13	892403
chromosome13	893042
chromosome13	893283
chromosome13	893564
chromosome13	893786
chromosome13	894126
chromosome13	894410
chromosome13	894676
chromosome13	894874
chromosome13	895237
chromosome13	895509
chromosome13	895760
chromosome13	895919
chromosome13	896088
chromosome13	896265
chromosome13	896521
chromosome13	896692
chromosome13	896850
chromosome13	897052
chromosome13	897256
chromosome13	897471
chromosome13	897714
chromosome13	897819
chromosome13	898090
chromosome13	898192
chromosome13	898291
chromosome13	898453
chromosome13	898610
chromosome13	898776
chromosome13	898954
chromosome13	899121
chromosome13	899448
chromosome13	899703
chromosome13	899851
chromosome13	900243
chromosome13	900651
chromosome13	900870
chromosome13	901122
chromosome13	901332
chromosome13	901636
chromosome13	901786
chromosome13	902080
chromosome13	902326
chromosome13	902487
chromosome13	902669
chromosome13	902805
chromosome13	903003
chromosome13	903213
chromosome13	903402
chromosome13	903533
chromosome13	903738
chromosome13	904017
chromosome13	904128
chromosome13	904265
chromosome13	904399
chromosome13	904521
chromosome13	904636
chromosome13	904808
chromosome13	905019
chromosome13	905187
chromosome13	905337
chromosome13	905495
chromosome13	905645
chromosome13	905800
chromosome13	905950
chromosome13	906205
chromosome13	906306
chromosome13	906428
chromosome13	906539
chromosome13	906656
chromosome13	906774
chromosome13	906898
chromosome13	907066
chromosome13	907198
chromosome13	907373
chromosome13	907579
chromosome13	907751
chromosome13	907868
chromosome13	907977
chromosome13	908087
chromosome13	908899
chromosome13	909016
chromosome13	909141
chromosome13	909263
chromosome13	909392
chromosome13	909488
chromosome13	909600
chromosome13	909741
chromosome13	909842
chromosome13	909953
chromosome13	910062
chromosome13	910202
chromosome13	910540
chromosome13	910654
chromosome13	910817
chromosome13	911051
chromosome13	911210
chromosome13	911472
chromosome13	911701
chromosome13	911927
chromosome13	912150
chromosome13	912777
chromosome13	912866
chromosome13	913008
chromosome13	913144
chromosome13	913288
chromosome13	913438
chromosome13	913600
chromosome13	913735
chromosome13	913867
chromosome13	914026
chromosome13	914161
chromosome13	914290
chromosome13	914436
chromosome13	914556
chromosome13	916243
chromosome14	16493
chromosome14	17288
chromosome14	17475
chromosome14	18138
chromosome14	18415
chromosome14	18676
chromosome14	19102
chromosome14	19408
chromosome14	19755
chromosome14	19924
chromosome14	20197
chromosome14	20440
chromosome14	20626
chromosome14	20820
chromosome14	21034
chromosome14	21277
chromosome14	21476
chromosome14	21653
chromosome14	21829
chromosome14	21988
chromosome14	22189
chromosome14	22389
chromosome14	22535
chromosome14	22701
chromosome14	22852
chromosome14	23107
chromosome14	23318
chromosome14	23481
chromosome14	23721
chromosome14	23891
chromosome14	24093
chromosome14	24288
chromosome14	24492
chromosome14	24651
chromosome14	24825
chromosome14	25066
chromosome14	25172
chromosome14	25349
chromosome14	25478
chromosome14	25653
chromosome14	25829
chromosome14	25984
chromosome14	26128
chromosome14	26294
chromosome14	26453
chromosome14	26942
chromosome14	27104
chromosome14	27555
chromosome14	27803
chromosome14	28042
chromosome14	28274
chromosome14	28925
chromosome14	29195
chromosome14	29429
chromosome14	29645
chromosome14	30023
chromosome14	30293
chromosome14	30704
chromosome14	31046
chromosome14	31385
chromosome14	31656
chromosome14	31805
chromosome14	32040
chromosome14	32268
chromosome14	32535
chromosome14	32816
chromosome14	33340
chromosome14	33553
chromosome14	33717
chromosome14	33902
chromosome14	34114
chromosome14	34270
chromosome14	34681
chromosome14	34910
chromosome14	35112
chromosome14	35276
chromosome14	35491
chromosome14	35733
chromosome14	35920
chromosome14	36250
chromosome14	36456
chromosome14	36703
chromosome14	36946
chromosome14	37327
chromosome14	37640
chromosome14	37769
chromosome14	37999
chromosome14	38234
chromosome14	38458
chromosome14	38904
chromosome14	39139
chromosome14	39282
chromosome14	39433
chromosome14	39652
chromosome14	39814
chromosome14	39989
chromosome14	40168
chromosome14	40348
chromosome14	40746
chromosome14	41139
chromosome14	41425
chromosome14	41632
chromosome14	41946
chromosome14	42178
chromosome14	42395
chromosome14	42589
chromosome14	42764
chromosome14	42963
chromosome14	43128
chromosome14	43620
chromosome14	43774
chromosome14	43990
chromosome14	44139
chromosome14	44289
chromosome14	44560
chromosome14	44793
chromosome14	44960
chromosome14	45091
chromosome14	45225
chromosome14	45363
chromosome14	45551
chromosome14	45713
chromosome14	45834
chromosome14	46070
chromosome14	46217
chromosome14	46388
chromosome14	46577
chromosome14	46772
chromosome14	46930
chromosome14	47090
chromosome14	47313
chromosome14	47516
chromosome14	47688
chromosome14	47838
chromosome14	47998
chromosome14	48144
chromosome14	48319
chromosome14	48496
chromosome14	48808
chromosome14	49066
chromosome14	49328
chromosome14	49556
chromosome14	49740
chromosome14	49878
chromosome14	50106
chromosome14	50303
chromosome14	50584
chromosome14	50782
chromosome14	51017
chromosome14	51235
chromosome14	51436
chromosome14	51629
chromosome14	51817
chromosome14	51950
chromosome14	52189
chromosome14	52344
chromosome14	52499
chromosome14	52682
chromosome14	52866
chromosome14	53039
chromosome14	53194
chromosome14	53344
chromosome14	53534
chromosome14	53745
chromosome14	53920
chromosome14	54164
chromosome14	54377
chromosome14	54638
chromosome14	54818
chromosome14	55090
chromosome14	55306
chromosome14	55520
chromosome14	55736
chromosome14	55920
chromosome14	56687
chromosome14	56930
chromosome14	57232
chromosome14	57509
chromosome14	57720
chromosome14	57870
chromosome14	57982
chromosome14	58177
chromosome14	58326
chromosome14	58553
chromosome14	58761
chromosome14	59051
chromosome14	59261
chromosome14	59480
chromosome14	59710
chromosome14	59864
chromosome14	60009
chromosome14	60188
chromosome14	60327
chromosome14	60514
chromosome14	60710
chromosome14	60912
chromosome14	61157
chromosome14	61386
chromosome14	61577
chromosome14	62312
chromosome14	62516
chromosome14	62624
chromosome14	62750
chromosome14	62904
chromosome14	63095
chromosome14	63198
chromosome14	63323
chromosome14	63490
chromosome14	63697
chromosome14	63843
chromosome14	64093
chromosome14	64261
chromosome14	64377
chromosome14	64951
chromosome14	65049
chromosome14	65209
chromosome14	65368
chromosome14	65555
chromosome14	65704
chromosome14	65880
chromosome14	66056
chromosome14	66201
chromosome14	66328
chromosome14	66486
chromosome14	66678
chromosome14	66871
chromosome14	67025
chromosome14	67244
chromosome14	67439
chromosome14	67702
chromosome14	67957
chromosome14	68135
chromosome14	68346
chromosome14	68555
chromosome14	68730
chromosome14	69000
chromosome14	69240
chromosome14	69605
chromosome14	69775
chromosome14	69927
chromosome14	70203
chromosome14	70408
chromosome14	70620
chromosome14	70891
chromosome14	71324
chromosome14	71809
chromosome14	72005
chromosome14	72214
chromosome14	72523
chromosome14	72769
chromosome14	72948
chromosome14	73117
chromosome14	73290
chromosome14	73540
chromosome14	73688
chromosome14	73953
chromosome14	74199
chromosome14	74436
chromosome14	74658
chromosome14	74856
chromosome14	75032
chromosome14	75269
chromosome14	75532
chromosome14	75746
chromosome14	75996
chromosome14	76266
chromosome14	76525
chromosome14	76757
chromosome14	76880
chromosome14	77033
chromosome14	77221
chromosome14	77411
chromosome14	77605
chromosome14	77792
chromosome14	77980
chromosome14	78219
chromosome14	78391
chromosome14	78559
chromosome14	78834
chromosome14	79019
chromosome14	79165
chromosome14	79370
chromosome14	79630
chromosome14	79851
chromosome14	80070
chromosome14	80228
chromosome14	80377
chromosome14	80615
chromosome14	80856
chromosome14	81059
chromosome14	81270
chromosome14	81541
chromosome14	81852
chromosome14	82066
chromosome14	82309
chromosome14	82676
chromosome14	82838
chromosome14	83170
chromosome14	83402
chromosome14	83577
chromosome14	83865
chromosome14	84159
chromosome14	84438
chromosome14	84694
chromosome14	84907
chromosome14	85140
chromosome14	85350
chromosome14	85570
chromosome14	85772
chromosome14	85938
chromosome14	86097
chromosome14	86338
chromosome14	86607
chromosome14	86824
chromosome14	86988
chromosome14	87118
chromosome14	87295
chromosome14	87504
chromosome14	87673
chromosome14	87822
chromosome14	88009
chromosome14	88277
chromosome14	88466
chromosome14	88655
chromosome14	89010
chromosome14	89075
chromosome14	89213
chromosome14	89493
chromosome14	89605
chromosome14	89807
chromosome14	89966
chromosome14	90123
chromosome14	90291
chromosome14	90455
chromosome14	90713
chromosome14	90977
chromosome14	91229
chromosome14	91560
chromosome14	91710
chromosome14	91893
chromosome14	92071
chromosome14	92329
chromosome14	92650
chromosome14	92887
chromosome14	93157
chromosome14	93454
chromosome14	93717
chromosome14	93974
chromosome14	94220
chromosome14	94528
chromosome14	94823
chromosome14	95404
chromosome14	95586
chromosome14	95745
chromosome14	95932
chromosome14	96121
chromosome14	96269
chromosome14	102739
chromosome14	103227
chromosome14	103524
chromosome14	103731
chromosome14	104003
chromosome14	104123
chromosome14	105144
chromosome14	105348
chromosome14	105508
chromosome14	105697
chromosome14	105813
chromosome14	105980
chromosome14	106252
chromosome14	106438
chromosome14	106600
chromosome14	106742
chromosome14	106934
chromosome14	107135
chromosome14	107489
chromosome14	107648
chromosome14	107833
chromosome14	107983
chromosome14	108148
chromosome14	108337
chromosome14	108546
chromosome14	108796
chromosome14	108999
chromosome14	109269
chromosome14	109548
chromosome14	109881
chromosome14	110091
chromosome14	110323
chromosome14	110526
chromosome14	110672
chromosome14	110845
chromosome14	111043
chromosome14	111198
chromosome14	111354
chromosome14	111501
chromosome14	111676
chromosome14	111864
chromosome14	112030
chromosome14	112158
chromosome14	112329
chromosome14	112482
chromosome14	112669
chromosome14	112854
chromosome14	113036
chromosome14	113233
chromosome14	113360
chromosome14	113597
chromosome14	113801
chromosome14	114018
chromosome14	114213
chromosome14	114472
chromosome14	114676
chromosome14	114836
chromosome14	114977
chromosome14	115142
chromosome14	115330
chromosome14	115525
chromosome14	115702
chromosome14	115823
chromosome14	115934
chromosome14	116086
chromosome14	116264
chromosome14	116510
chromosome14	116826
chromosome14	116957
chromosome14	117193
chromosome14	117370
chromosome14	117552
chromosome14	117825
chromosome14	118029
chromosome14	118225
chromosome14	118425
chromosome14	118684
chromosome14	119157
chromosome14	119283
chromosome14	119394
chromosome14	119555
chromosome14	119777
chromosome14	119934
chromosome14	120101
chromosome14	120383
chromosome14	120548
chromosome14	120728
chromosome14	120885
chromosome14	121106
chromosome14	121278
chromosome14	121466
chromosome14	121633
chromosome14	121807
chromosome14	122063
chromosome14	122215
chromosome14	122346
chromosome14	122457
chromosome14	122654
chromosome14	122798
chromosome14	122965
chromosome14	123225
chromosome14	123419
chromosome14	123639
chromosome14	123872
chromosome14	124098
chromosome14	124265
chromosome14	124442
chromosome14	124604
chromosome14	124835
chromosome14	125079
chromosome14	125273
chromosome14	125466
chromosome14	125630
chromosome14	125814
chromosome14	125961
chromosome14	126131
chromosome14	126308
chromosome14	126520
chromosome14	126887
chromosome14	127018
chromosome14	127198
chromosome14	127332
chromosome14	127461
chromosome14	127645
chromosome14	127816
chromosome14	127963
chromosome14	128206
chromosome14	128486
chromosome14	128698
chromosome14	128908
chromosome14	129157
chromosome14	129308
chromosome14	129699
chromosome14	129874
chromosome14	130042
chromosome14	130340
chromosome14	130661
chromosome14	130917
chromosome14	131223
chromosome14	131888
chromosome14	132033
chromosome14	132198
chromosome14	132371
chromosome14	132567
chromosome14	132810
chromosome14	133005
chromosome14	133194
chromosome14	133602
chromosome14	133901
chromosome14	134228
chromosome14	134451
chromosome14	134585
chromosome14	134751
chromosome14	134939
chromosome14	135113
chromosome14	135259
chromosome14	135457
chromosome14	135599
chromosome14	135785
chromosome14	136030
chromosome14	136230
chromosome14	136334
chromosome14	136516
chromosome14	136657
chromosome14	136781
chromosome14	136902
chromosome14	137031
chromosome14	137163
chromosome14	137326
chromosome14	137486
chromosome14	137576
chromosome14	137711
chromosome14	137825
chromosome14	137951
chromosome14	138395
chromosome14	138631
chromosome14	138750
chromosome14	138888
chromosome14	139047
chromosome14	139314
chromosome14	139488
chromosome14	139657
chromosome14	139818
chromosome14	139986
chromosome14	140162
chromosome14	140325
chromosome14	140456
chromosome14	140567
chromosome14	140728
chromosome14	140824
chromosome14	140970
chromosome14	141163
chromosome14	141354
chromosome14	141541
chromosome14	141728
chromosome14	141870
chromosome14	142035
chromosome14	142153
chromosome14	142314
chromosome14	142503
chromosome14	142612
chromosome14	142715
chromosome14	142859
chromosome14	143031
chromosome14	143238
chromosome14	143506
chromosome14	143736
chromosome14	143957
chromosome14	144385
chromosome14	144541
chromosome14	144640
chromosome14	144766
chromosome14	144923
chromosome14	145118
chromosome14	145506
chromosome14	145754
chromosome14	145945
chromosome14	146096
chromosome14	146275
chromosome14	146426
chromosome14	146532
chromosome14	146970
chromosome14	147141
chromosome14	147304
chromosome14	147475
chromosome14	147667
chromosome14	147799
chromosome14	147926
chromosome14	148024
chromosome14	148130
chromosome14	148268
chromosome14	148415
chromosome14	148544
chromosome14	148719
chromosome14	148858
chromosome14	149096
chromosome14	149399
chromosome14	149676
chromosome14	150023
chromosome14	150261
chromosome14	150551
chromosome14	150923
chromosome14	151286
chromosome14	151577
chromosome14	151842
chromosome14	152045
chromosome14	152255
chromosome14	152399
chromosome14	152549
chromosome14	153011
chromosome14	153186
chromosome14	153446
chromosome14	153660
chromosome14	153911
chromosome14	154158
chromosome14	154326
chromosome14	154541
chromosome14	154728
chromosome14	155246
chromosome14	155474
chromosome14	155834
chromosome14	156050
chromosome14	156314
chromosome14	156558
chromosome14	156706
chromosome14	156880
chromosome14	157148
chromosome14	157806
chromosome14	157945
chromosome14	158139
chromosome14	158328
chromosome14	158550
chromosome14	158784
chromosome14	159043
chromosome14	159202
chromosome14	159481
chromosome14	159680
chromosome14	159855
chromosome14	160014
chromosome14	160183
chromosome14	160310
chromosome14	160421
chromosome14	160515
chromosome14	160793
chromosome14	160934
chromosome14	161080
chromosome14	161237
chromosome14	161348
chromosome14	161513
chromosome14	161839
chromosome14	162042
chromosome14	162311
chromosome14	162450
chromosome14	162612
chromosome14	162788
chromosome14	162986
chromosome14	163130
chromosome14	163271
chromosome14	163427
chromosome14	163547
chromosome14	163701
chromosome14	163820
chromosome14	163964
chromosome14	164096
chromosome14	164280
chromosome14	164440
chromosome14	164581
chromosome14	164749
chromosome14	164919
chromosome14	165084
chromosome14	165240
chromosome14	165414
chromosome14	165504
chromosome14	165681
chromosome14	165883
chromosome14	166014
chromosome14	166131
chromosome14	166268
chromosome14	166425
chromosome14	166598
chromosome14	166710
chromosome14	166850
chromosome14	167298
chromosome14	167527
chromosome14	167801
chromosome14	167928
chromosome14	168048
chromosome14	168193
chromosome14	168316
chromosome14	168502
chromosome14	168614
chromosome14	168745
chromosome14	168913
chromosome14	169025
chromosome14	169213
chromosome14	169310
chromosome14	169455
chromosome14	169590
chromosome14	169753
chromosome14	169850
chromosome14	170034
chromosome14	170269
chromosome14	170470
chromosome14	170740
chromosome14	170972
chromosome14	171241
chromosome14	171552
chromosome14	171740
chromosome14	171948
chromosome14	172147
chromosome14	172723
chromosome14	172927
chromosome14	173227
chromosome14	173449
chromosome14	173674
chromosome14	173846
chromosome14	174160
chromosome14	174398
chromosome14	174605
chromosome14	174663
chromosome14	174840
chromosome14	175025
chromosome14	175198
chromosome14	175330
chromosome14	175625
chromosome14	175838
chromosome14	176111
chromosome14	176420
chromosome14	176578
chromosome14	176772
chromosome14	177206
chromosome14	177446
chromosome14	178278
chromosome14	178451
chromosome14	178704
chromosome14	178948
chromosome14	179264
chromosome14	179449
chromosome14	179600
chromosome14	179929
chromosome14	180137
chromosome14	180312
chromosome14	180471
chromosome14	180682
chromosome14	180851
chromosome14	181290
chromosome14	181469
chromosome14	181685
chromosome14	181886
chromosome14	182083
chromosome14	182240
chromosome14	182378
chromosome14	182544
chromosome14	182658
chromosome14	182828
chromosome14	182958
chromosome14	183126
chromosome14	183385
chromosome14	183609
chromosome14	183877
chromosome14	184103
chromosome14	184309
chromosome14	184445
chromosome14	184626
chromosome14	184803
chromosome14	184929
chromosome14	185042
chromosome14	185321
chromosome14	185457
chromosome14	185581
chromosome14	185710
chromosome14	185845
chromosome14	185981
chromosome14	186142
chromosome14	186275
chromosome14	186383
chromosome14	186543
chromosome14	186708
chromosome14	186893
chromosome14	187156
chromosome14	187386
chromosome14	187680
chromosome14	187794
chromosome14	187900
chromosome14	188125
chromosome14	188300
chromosome14	188458
chromosome14	188605
chromosome14	188769
chromosome14	188904
chromosome14	189064
chromosome14	189223
chromosome14	189430
chromosome14	189585
chromosome14	189721
chromosome14	189943
chromosome14	190096
chromosome14	190242
chromosome14	190514
chromosome14	190715
chromosome14	190900
chromosome14	191253
chromosome14	191407
chromosome14	191561
chromosome14	191715
chromosome14	191863
chromosome14	191979
chromosome14	192093
chromosome14	192217
chromosome14	192393
chromosome14	192525
chromosome14	192631
chromosome14	192767
chromosome14	192894
chromosome14	193034
chromosome14	193189
chromosome14	193366
chromosome14	193516
chromosome14	193660
chromosome14	193819
chromosome14	193958
chromosome14	194122
chromosome14	194251
chromosome14	194367
chromosome14	194499
chromosome14	194612
chromosome14	194734
chromosome14	194933
chromosome14	195218
chromosome14	195407
chromosome14	195562
chromosome14	195703
chromosome14	195826
chromosome14	196024
chromosome14	196485
chromosome14	196633
chromosome14	196798
chromosome14	196980
chromosome14	197115
chromosome14	197293
chromosome14	197507
chromosome14	197644
chromosome14	197824
chromosome14	198374
chromosome14	198514
chromosome14	198649
chromosome14	198959
chromosome14	199114
chromosome14	199252
chromosome14	199381
chromosome14	199528
chromosome14	199666
chromosome14	199813
chromosome14	199933
chromosome14	200075
chromosome14	200191
chromosome14	200319
chromosome14	200443
chromosome14	200586
chromosome14	200733
chromosome14	200937
chromosome14	201132
chromosome14	201286
chromosome14	201477
chromosome14	201699
chromosome14	201875
chromosome14	202151
chromosome14	202320
chromosome14	202460
chromosome14	202589
chromosome14	202729
chromosome14	202856
chromosome14	203072
chromosome14	203300
chromosome14	203460
chromosome14	203635
chromosome14	203777
chromosome14	203904
chromosome14	204101
chromosome14	204303
chromosome14	204440
chromosome14	204647
chromosome14	204794
chromosome14	204992
chromosome14	205125
chromosome14	205278
chromosome14	205429
chromosome14	205619
chromosome14	205762
chromosome14	205969
chromosome14	206232
chromosome14	206432
chromosome14	206590
chromosome14	206810
chromosome14	206932
chromosome14	207101
chromosome14	207270
chromosome14	207448
chromosome14	207643
chromosome14	207868
chromosome14	208039
chromosome14	208222
chromosome14	208381
chromosome14	208567
chromosome14	208732
chromosome14	208897
chromosome14	209057
chromosome14	209266
chromosome14	209435
chromosome14	209626
chromosome14	209773
chromosome14	209930
chromosome14	210056
chromosome14	210181
chromosome14	210304
chromosome14	210414
chromosome14	210538
chromosome14	210695
chromosome14	210810
chromosome14	210946
chromosome14	211090
chromosome14	211209
chromosome14	211318
chromosome14	211408
chromosome14	211527
chromosome14	211705
chromosome14	211864
chromosome14	212016
chromosome14	212126
chromosome14	212300
chromosome14	212398
chromosome14	212538
chromosome14	212671
chromosome14	212818
chromosome14	212943
chromosome14	213079
chromosome14	213245
chromosome14	213329
chromosome14	213509
chromosome14	213669
chromosome14	213814
chromosome14	213931
chromosome14	214037
chromosome14	214183
chromosome14	214319
chromosome14	214500
chromosome14	214694
chromosome14	214869
chromosome14	215028
chromosome14	215138
chromosome14	215309
chromosome14	215447
chromosome14	215684
chromosome14	215985
chromosome14	216188
chromosome14	216358
chromosome14	216563
chromosome14	216763
chromosome14	216946
chromosome14	217503
chromosome14	217666
chromosome14	217784
chromosome14	217903
chromosome14	218006
chromosome14	218132
chromosome14	218291
chromosome14	218390
chromosome14	218577
chromosome14	218741
chromosome14	219164
chromosome14	219382
chromosome14	219590
chromosome14	219837
chromosome14	220305
chromosome14	220470
chromosome14	220619
chromosome14	220803
chromosome14	220980
chromosome14	221142
chromosome14	221445
chromosome14	221619
chromosome14	221777
chromosome14	221946
chromosome14	222095
chromosome14	222256
chromosome14	222451
chromosome14	222949
chromosome14	223084
chromosome14	223207
chromosome14	223339
chromosome14	223736
chromosome14	223868
chromosome14	223988
chromosome14	224125
chromosome14	224239
chromosome14	224362
chromosome14	224503
chromosome14	224875
chromosome14	225027
chromosome14	225192
chromosome14	225335
chromosome14	225460
chromosome14	225575
chromosome14	225747
chromosome14	225885
chromosome14	226027
chromosome14	226152
chromosome14	226259
chromosome14	226376
chromosome14	226487
chromosome14	226599
chromosome14	226771
chromosome14	226945
chromosome14	227088
chromosome14	227283
chromosome14	227438
chromosome14	227558
chromosome14	227727
chromosome14	227898
chromosome14	228065
chromosome14	228238
chromosome14	228410
chromosome14	228553
chromosome14	228698
chromosome14	228852
chromosome14	228976
chromosome14	229103
chromosome14	229465
chromosome14	229687
chromosome14	229795
chromosome14	230246
chromosome14	230437
chromosome14	230564
chromosome14	231004
chromosome14	231203
chromosome14	231422
chromosome14	231529
chromosome14	231647
chromosome14	231767
chromosome14	231899
chromosome14	232040
chromosome14	232151
chromosome14	232279
chromosome14	232395
chromosome14	232625
chromosome14	232777
chromosome14	232931
chromosome14	233087
chromosome14	233249
chromosome14	233375
chromosome14	233540
chromosome14	233690
chromosome14	233883
chromosome14	234083
chromosome14	234508
chromosome14	234747
chromosome14	235019
chromosome14	235260
chromosome14	235436
chromosome14	235594
chromosome14	236200
chromosome14	236351
chromosome14	236532
chromosome14	236656
chromosome14	236827
chromosome14	236964
chromosome14	237160
chromosome14	237351
chromosome14	237573
chromosome14	237721
chromosome14	237823
chromosome14	237969
chromosome14	238069
chromosome14	238249
chromosome14	238398
chromosome14	238510
chromosome14	238603
chromosome14	238786
chromosome14	238939
chromosome14	239117
chromosome14	239278
chromosome14	239456
chromosome14	239623
chromosome14	239827
chromosome14	239982
chromosome14	240092
chromosome14	240255
chromosome14	240369
chromosome14	240510
chromosome14	240657
chromosome14	240809
chromosome14	240936
chromosome14	241051
chromosome14	241258
chromosome14	241476
chromosome14	241668
chromosome14	241887
chromosome14	242025
chromosome14	242175
chromosome14	242354
chromosome14	242532
chromosome14	242704
chromosome14	242918
chromosome14	243149
chromosome14	243320
chromosome14	243526
chromosome14	243796
chromosome14	244070
chromosome14	244423
chromosome14	244566
chromosome14	244722
chromosome14	244899
chromosome14	245040
chromosome14	245283
chromosome14	245464
chromosome14	245626
chromosome14	245793
chromosome14	245895
chromosome14	246033
chromosome14	246154
chromosome14	246292
chromosome14	246524
chromosome14	246693
chromosome14	246895
chromosome14	247045
chromosome14	247182
chromosome14	247345
chromosome14	247495
chromosome14	247672
chromosome14	247838
chromosome14	248054
chromosome14	248264
chromosome14	248443
chromosome14	248618
chromosome14	248776
chromosome14	249026
chromosome14	249278
chromosome14	249438
chromosome14	249619
chromosome14	249805
chromosome14	250191
chromosome14	250624
chromosome14	250771
chromosome14	250945
chromosome14	251185
chromosome14	251296
chromosome14	251424
chromosome14	251614
chromosome14	251773
chromosome14	252008
chromosome14	252302
chromosome14	252514
chromosome14	253591
chromosome14	253795
chromosome14	254070
chromosome14	254215
chromosome14	254349
chromosome14	254505
chromosome14	254623
chromosome14	254742
chromosome14	255192
chromosome14	255309
chromosome14	255487
chromosome14	255679
chromosome14	255881
chromosome14	256028
chromosome14	256206
chromosome14	256327
chromosome14	256464
chromosome14	256640
chromosome14	256878
chromosome14	257121
chromosome14	257244
chromosome14	257450
chromosome14	257607
chromosome14	257733
chromosome14	257868
chromosome14	258017
chromosome14	258177
chromosome14	258470
chromosome14	258606
chromosome14	258741
chromosome14	258840
chromosome14	258980
chromosome14	259148
chromosome14	259255
chromosome14	259415
chromosome14	259576
chromosome14	259710
chromosome14	259826
chromosome14	259954
chromosome14	260203
chromosome14	260586
chromosome14	260713
chromosome14	260879
chromosome14	261012
chromosome14	261127
chromosome14	261346
chromosome14	261509
chromosome14	261661
chromosome14	261832
chromosome14	262019
chromosome14	262163
chromosome14	262304
chromosome14	262525
chromosome14	262734
chromosome14	262963
chromosome14	263162
chromosome14	263281
chromosome14	263429
chromosome14	263780
chromosome14	263938
chromosome14	264086
chromosome14	264267
chromosome14	264480
chromosome14	264619
chromosome14	264962
chromosome14	265132
chromosome14	265280
chromosome14	265430
chromosome14	265607
chromosome14	265742
chromosome14	265883
chromosome14	266069
chromosome14	266212
chromosome14	266359
chromosome14	266498
chromosome14	266637
chromosome14	266804
chromosome14	267091
chromosome14	267240
chromosome14	267689
chromosome14	267869
chromosome14	268055
chromosome14	268213
chromosome14	268353
chromosome14	268439
chromosome14	268664
chromosome14	268889
chromosome14	268991
chromosome14	269126
chromosome14	269315
chromosome14	269450
chromosome14	269605
chromosome14	269720
chromosome14	269864
chromosome14	270074
chromosome14	270369
chromosome14	270477
chromosome14	270599
chromosome14	270718
chromosome14	270857
chromosome14	271609
chromosome14	271745
chromosome14	271878
chromosome14	271996
chromosome14	272126
chromosome14	272202
chromosome14	272309
chromosome14	272405
chromosome14	272923
chromosome14	273031
chromosome14	273191
chromosome14	273301
chromosome14	273407
chromosome14	273580
chromosome14	273711
chromosome14	273828
chromosome14	274007
chromosome14	274165
chromosome14	274326
chromosome14	274461
chromosome14	274637
chromosome14	274825
chromosome14	274985
chromosome14	275090
chromosome14	275213
chromosome14	275351
chromosome14	275486
chromosome14	275609
chromosome14	275752
chromosome14	275906
chromosome14	276018
chromosome14	276184
chromosome14	276397
chromosome14	276583
chromosome14	276723
chromosome14	276826
chromosome14	276966
chromosome14	277105
chromosome14	277255
chromosome14	277408
chromosome14	277572
chromosome14	277721
chromosome14	277888
chromosome14	278040
chromosome14	278273
chromosome14	278448
chromosome14	278643
chromosome14	278868
chromosome14	279066
chromosome14	279243
chromosome14	279489
chromosome14	279629
chromosome14	279774
chromosome14	280336
chromosome14	280461
chromosome14	280626
chromosome14	280818
chromosome14	280953
chromosome14	281085
chromosome14	281316
chromosome14	281531
chromosome14	281700
chromosome14	281934
chromosome14	282433
chromosome14	282871
chromosome14	283027
chromosome14	283910
chromosome14	284065
chromosome14	284173
chromosome14	284517
chromosome14	284739
chromosome14	284961
chromosome14	285209
chromosome14	285498
chromosome14	285699
chromosome14	286272
chromosome14	286434
chromosome14	286556
chromosome14	286664
chromosome14	286784
chromosome14	286905
chromosome14	287042
chromosome14	287160
chromosome14	287269
chromosome14	287408
chromosome14	287647
chromosome14	287800
chromosome14	287971
chromosome14	288111
chromosome14	288224
chromosome14	288329
chromosome14	288431
chromosome14	288549
chromosome14	288683
chromosome14	288806
chromosome14	288923
chromosome14	289053
chromosome14	289195
chromosome14	289345
chromosome14	289457
chromosome14	289613
chromosome14	289725
chromosome14	289896
chromosome14	290121
chromosome14	290274
chromosome14	290468
chromosome14	290652
chromosome14	290811
chromosome14	291006
chromosome14	291157
chromosome14	291285
chromosome14	291486
chromosome14	291643
chromosome14	291759
chromosome14	292232
chromosome14	292367
chromosome14	292587
chromosome14	292735
chromosome14	292859
chromosome14	293361
chromosome14	293551
chromosome14	293743
chromosome14	294166
chromosome14	294300
chromosome14	294435
chromosome14	294607
chromosome14	294772
chromosome14	294988
chromosome14	295120
chromosome14	295258
chromosome14	295358
chromosome14	295510
chromosome14	295638
chromosome14	295746
chromosome14	295900
chromosome14	296102
chromosome14	296357
chromosome14	296505
chromosome14	296638
chromosome14	296781
chromosome14	296920
chromosome14	297093
chromosome14	297233
chromosome14	297366
chromosome14	297515
chromosome14	297676
chromosome14	297821
chromosome14	297977
chromosome14	298134
chromosome14	298297
chromosome14	298466
chromosome14	298652
chromosome14	298810
chromosome14	299003
chromosome14	299167
chromosome14	299291
chromosome14	299438
chromosome14	299720
chromosome14	299825
chromosome14	299959
chromosome14	300095
chromosome14	300257
chromosome14	300441
chromosome14	300561
chromosome14	301333
chromosome14	301463
chromosome14	301598
chromosome14	301729
chromosome14	301900
chromosome14	302047
chromosome14	302204
chromosome14	302688
chromosome14	303090
chromosome14	303464
chromosome14	303625
chromosome14	303756
chromosome14	303938
chromosome14	304055
chromosome14	304200
chromosome14	304372
chromosome14	304506
chromosome14	304680
chromosome14	305063
chromosome14	305208
chromosome14	305414
chromosome14	305550
chromosome14	305688
chromosome14	305821
chromosome14	305922
chromosome14	306036
chromosome14	306186
chromosome14	306296
chromosome14	306404
chromosome14	306600
chromosome14	306730
chromosome14	306813
chromosome14	306970
chromosome14	307396
chromosome14	307549
chromosome14	307682
chromosome14	307872
chromosome14	308043
chromosome14	308225
chromosome14	308409
chromosome14	308604
chromosome14	308751
chromosome14	308926
chromosome14	309036
chromosome14	309170
chromosome14	309337
chromosome14	309485
chromosome14	309665
chromosome14	309783
chromosome14	309897
chromosome14	310016
chromosome14	310259
chromosome14	310416
chromosome14	310565
chromosome14	310725
chromosome14	310929
chromosome14	311183
chromosome14	311352
chromosome14	311473
chromosome14	311613
chromosome14	311789
chromosome14	311925
chromosome14	312100
chromosome14	312261
chromosome14	312474
chromosome14	312629
chromosome14	312764
chromosome14	312903
chromosome14	313020
chromosome14	313160
chromosome14	313290
chromosome14	313467
chromosome14	313629
chromosome14	313792
chromosome14	313964
chromosome14	314136
chromosome14	314283
chromosome14	314409
chromosome14	314591
chromosome14	314763
chromosome14	314934
chromosome14	315043
chromosome14	315212
chromosome14	315441
chromosome14	315586
chromosome14	315732
chromosome14	315926
chromosome14	316246
chromosome14	316463
chromosome14	316664
chromosome14	316822
chromosome14	316985
chromosome14	317225
chromosome14	317395
chromosome14	317564
chromosome14	317731
chromosome14	317843
chromosome14	317995
chromosome14	318129
chromosome14	318270
chromosome14	318425
chromosome14	318590
chromosome14	318813
chromosome14	318957
chromosome14	319060
chromosome14	319406
chromosome14	319553
chromosome14	319678
chromosome14	319832
chromosome14	320099
chromosome14	320279
chromosome14	320395
chromosome14	320526
chromosome14	320656
chromosome14	320823
chromosome14	320994
chromosome14	321120
chromosome14	321267
chromosome14	321597
chromosome14	321724
chromosome14	322267
chromosome14	322462
chromosome14	322656
chromosome14	322782
chromosome14	322915
chromosome14	323038
chromosome14	323154
chromosome14	323264
chromosome14	323451
chromosome14	323683
chromosome14	323852
chromosome14	324007
chromosome14	324152
chromosome14	324358
chromosome14	324516
chromosome14	324674
chromosome14	324851
chromosome14	325040
chromosome14	325355
chromosome14	325526
chromosome14	325662
chromosome14	325826
chromosome14	326032
chromosome14	326261
chromosome14	326417
chromosome14	326582
chromosome14	327014
chromosome14	327189
chromosome14	327327
chromosome14	327471
chromosome14	327616
chromosome14	327734
chromosome14	327878
chromosome14	328062
chromosome14	328327
chromosome14	328465
chromosome14	328587
chromosome14	328711
chromosome14	328889
chromosome14	329086
chromosome14	329217
chromosome14	329424
chromosome14	329637
chromosome14	329843
chromosome14	330041
chromosome14	330165
chromosome14	330318
chromosome14	330442
chromosome14	330582
chromosome14	330700
chromosome14	330864
chromosome14	331088
chromosome14	331197
chromosome14	331359
chromosome14	331497
chromosome14	331672
chromosome14	331995
chromosome14	332332
chromosome14	332509
chromosome14	332723
chromosome14	332908
chromosome14	333082
chromosome14	333512
chromosome14	333998
chromosome14	334218
chromosome14	334600
chromosome14	334885
chromosome14	335016
chromosome14	335150
chromosome14	335346
chromosome14	335478
chromosome14	335634
chromosome14	335816
chromosome14	336062
chromosome14	336231
chromosome14	336402
chromosome14	336536
chromosome14	336679
chromosome14	336881
chromosome14	337003
chromosome14	337177
chromosome14	337354
chromosome14	337572
chromosome14	338117
chromosome14	338280
chromosome14	338398
chromosome14	338583
chromosome14	338746
chromosome14	339023
chromosome14	339245
chromosome14	339413
chromosome14	339581
chromosome14	339726
chromosome14	339833
chromosome14	340035
chromosome14	340174
chromosome14	340303
chromosome14	340473
chromosome14	340698
chromosome14	340845
chromosome14	341318
chromosome14	341532
chromosome14	341732
chromosome14	341864
chromosome14	342078
chromosome14	342208
chromosome14	342339
chromosome14	342481
chromosome14	342652
chromosome14	342802
chromosome14	342940
chromosome14	343075
chromosome14	343244
chromosome14	343631
chromosome14	343815
chromosome14	344045
chromosome14	344334
chromosome14	344611
chromosome14	344914
chromosome14	345169
chromosome14	345440
chromosome14	345836
chromosome14	346063
chromosome14	346249
chromosome14	346468
chromosome14	346745
chromosome14	346929
chromosome14	347086
chromosome14	347278
chromosome14	347446
chromosome14	347716
chromosome14	347874
chromosome14	348105
chromosome14	348332
chromosome14	348510
chromosome14	348668
chromosome14	348778
chromosome14	348882
chromosome14	348996
chromosome14	349117
chromosome14	349348
chromosome14	349523
chromosome14	349724
chromosome14	349952
chromosome14	350104
chromosome14	350288
chromosome14	350441
chromosome14	350600
chromosome14	350736
chromosome14	350869
chromosome14	351059
chromosome14	351305
chromosome14	351500
chromosome14	351644
chromosome14	351772
chromosome14	351910
chromosome14	352263
chromosome14	352369
chromosome14	352532
chromosome14	352968
chromosome14	353136
chromosome14	353363
chromosome14	353507
chromosome14	353679
chromosome14	353809
chromosome14	353924
chromosome14	354068
chromosome14	354259
chromosome14	354516
chromosome14	354682
chromosome14	354851
chromosome14	355005
chromosome14	355138
chromosome14	355259
chromosome14	355510
chromosome14	355610
chromosome14	355733
chromosome14	355839
chromosome14	355999
chromosome14	356174
chromosome14	356310
chromosome14	356422
chromosome14	356551
chromosome14	356711
chromosome14	357606
chromosome14	357887
chromosome14	358192
chromosome14	358434
chromosome14	358721
chromosome14	359729
chromosome14	359948
chromosome14	360173
chromosome14	360402
chromosome14	360606
chromosome14	360736
chromosome14	360888
chromosome14	361048
chromosome14	361195
chromosome14	361377
chromosome14	361559
chromosome14	361751
chromosome14	361915
chromosome14	362097
chromosome14	362317
chromosome14	362486
chromosome14	362650
chromosome14	362805
chromosome14	363005
chromosome14	363234
chromosome14	363436
chromosome14	363733
chromosome14	364010
chromosome14	364163
chromosome14	364295
chromosome14	364447
chromosome14	364611
chromosome14	364833
chromosome14	364992
chromosome14	365180
chromosome14	365424
chromosome14	365584
chromosome14	365764
chromosome14	365882
chromosome14	366054
chromosome14	366211
chromosome14	366402
chromosome14	366506
chromosome14	366699
chromosome14	366880
chromosome14	367002
chromosome14	367237
chromosome14	367456
chromosome14	367629
chromosome14	367851
chromosome14	368033
chromosome14	368240
chromosome14	368667
chromosome14	368965
chromosome14	369132
chromosome14	369343
chromosome14	369540
chromosome14	369799
chromosome14	370088
chromosome14	370232
chromosome14	370391
chromosome14	370639
chromosome14	370841
chromosome14	370991
chromosome14	371177
chromosome14	371349
chromosome14	371539
chromosome14	371883
chromosome14	372191
chromosome14	372360
chromosome14	372523
chromosome14	372697
chromosome14	372898
chromosome14	373135
chromosome14	373289
chromosome14	373523
chromosome14	373714
chromosome14	373899
chromosome14	374049
chromosome14	374311
chromosome14	374546
chromosome14	374728
chromosome14	374849
chromosome14	375026
chromosome14	375183
chromosome14	375315
chromosome14	375647
chromosome14	375885
chromosome14	376051
chromosome14	376265
chromosome14	376508
chromosome14	376728
chromosome14	376973
chromosome14	377315
chromosome14	377512
chromosome14	377723
chromosome14	377988
chromosome14	378218
chromosome14	378480
chromosome14	378696
chromosome14	378869
chromosome14	379111
chromosome14	379305
chromosome14	379767
chromosome14	379963
chromosome14	380133
chromosome14	380389
chromosome14	380624
chromosome14	380870
chromosome14	381259
chromosome14	381462
chromosome14	381689
chromosome14	381929
chromosome14	382553
chromosome14	382706
chromosome14	382904
chromosome14	383135
chromosome14	383264
chromosome14	383404
chromosome14	383538
chromosome14	383898
chromosome14	384100
chromosome14	384303
chromosome14	384481
chromosome14	384746
chromosome14	384929
chromosome14	385114
chromosome14	385333
chromosome14	385534
chromosome14	385732
chromosome14	385889
chromosome14	386091
chromosome14	386343
chromosome14	386519
chromosome14	386779
chromosome14	386939
chromosome14	387101
chromosome14	387298
chromosome14	387532
chromosome14	387786
chromosome14	388441
chromosome14	388812
chromosome14	389219
chromosome14	389346
chromosome14	389569
chromosome14	390143
chromosome14	390324
chromosome14	390506
chromosome14	390770
chromosome14	390954
chromosome14	391148
chromosome14	391390
chromosome14	391597
chromosome14	391818
chromosome14	391967
chromosome14	392097
chromosome14	392624
chromosome14	392750
chromosome14	392931
chromosome14	393053
chromosome14	393251
chromosome14	393415
chromosome14	393633
chromosome14	393816
chromosome14	393972
chromosome14	394099
chromosome14	394225
chromosome14	394803
chromosome14	395104
chromosome14	395503
chromosome14	395712
chromosome14	395899
chromosome14	396211
chromosome14	396419
chromosome14	396591
chromosome14	396772
chromosome14	397011
chromosome14	397221
chromosome14	397414
chromosome14	397627
chromosome14	397944
chromosome14	398125
chromosome14	398339
chromosome14	399002
chromosome14	399251
chromosome14	399457
chromosome14	399635
chromosome14	399841
chromosome14	400015
chromosome14	400266
chromosome14	400464
chromosome14	400613
chromosome14	400981
chromosome14	401126
chromosome14	401292
chromosome14	401858
chromosome14	402039
chromosome14	402247
chromosome14	402449
chromosome14	402642
chromosome14	402790
chromosome14	402934
chromosome14	403072
chromosome14	403204
chromosome14	403377
chromosome14	403524
chromosome14	403691
chromosome14	403804
chromosome14	403923
chromosome14	404060
chromosome14	404209
chromosome14	404318
chromosome14	404465
chromosome14	404620
chromosome14	404796
chromosome14	405204
chromosome14	405382
chromosome14	405606
chromosome14	405721
chromosome14	405817
chromosome14	405926
chromosome14	406024
chromosome14	406146
chromosome14	406504
chromosome14	406731
chromosome14	406951
chromosome14	407154
chromosome14	407392
chromosome14	407591
chromosome14	407808
chromosome14	408017
chromosome14	408206
chromosome14	408377
chromosome14	408494
chromosome14	408650
chromosome14	408776
chromosome14	408904
chromosome14	409060
chromosome14	409342
chromosome14	409533
chromosome14	409795
chromosome14	409934
chromosome14	410223
chromosome14	410548
chromosome14	410787
chromosome14	411001
chromosome14	411225
chromosome14	411368
chromosome14	411574
chromosome14	411808
chromosome14	411981
chromosome14	412122
chromosome14	412278
chromosome14	412484
chromosome14	412617
chromosome14	412766
chromosome14	412927
chromosome14	413192
chromosome14	413756
chromosome14	414080
chromosome14	414392
chromosome14	414734
chromosome14	415370
chromosome14	416139
chromosome14	416569
chromosome14	417047
chromosome14	417601
chromosome14	417796
chromosome14	418040
chromosome14	418291
chromosome14	418435
chromosome14	418576
chromosome14	418724
chromosome14	418995
chromosome14	419170
chromosome14	419340
chromosome14	419537
chromosome14	419703
chromosome14	419892
chromosome14	420053
chromosome14	420236
chromosome14	420524
chromosome14	420755
chromosome14	420915
chromosome14	421094
chromosome14	421245
chromosome14	421362
chromosome14	421506
chromosome14	421674
chromosome14	421811
chromosome14	422045
chromosome14	422206
chromosome14	422414
chromosome14	422627
chromosome14	422798
chromosome14	423035
chromosome14	423191
chromosome14	423381
chromosome14	423563
chromosome14	423824
chromosome14	424013
chromosome14	424163
chromosome14	424367
chromosome14	424536
chromosome14	424701
chromosome14	425009
chromosome14	425278
chromosome14	425573
chromosome14	425837
chromosome14	426000
chromosome14	426202
chromosome14	426386
chromosome14	426629
chromosome14	426805
chromosome14	427082
chromosome14	427225
chromosome14	427372
chromosome14	427513
chromosome14	427661
chromosome14	427835
chromosome14	427995
chromosome14	428151
chromosome14	428279
chromosome14	428450
chromosome14	428585
chromosome14	428716
chromosome14	428865
chromosome14	429037
chromosome14	429123
chromosome14	429256
chromosome14	429384
chromosome14	429502
chromosome14	429922
chromosome14	430059
chromosome14	430254
chromosome14	430397
chromosome14	430573
chromosome14	430725
chromosome14	430870
chromosome14	431085
chromosome14	431272
chromosome14	431456
chromosome14	431649
chromosome14	431804
chromosome14	431997
chromosome14	432303
chromosome14	432528
chromosome14	432762
chromosome14	433093
chromosome14	433326
chromosome14	433547
chromosome14	433787
chromosome14	433957
chromosome14	434164
chromosome14	434427
chromosome14	434599
chromosome14	434750
chromosome14	434876
chromosome14	435111
chromosome14	435330
chromosome14	435517
chromosome14	435739
chromosome14	435955
chromosome14	436208
chromosome14	436412
chromosome14	436645
chromosome14	436902
chromosome14	437149
chromosome14	437321
chromosome14	437464
chromosome14	437633
chromosome14	437803
chromosome14	437963
chromosome14	438144
chromosome14	438280
chromosome14	438759
chromosome14	439048
chromosome14	439255
chromosome14	439360
chromosome14	439679
chromosome14	439844
chromosome14	439991
chromosome14	440177
chromosome14	440460
chromosome14	440644
chromosome14	440808
chromosome14	440961
chromosome14	441181
chromosome14	441569
chromosome14	441669
chromosome14	441885
chromosome14	442064
chromosome14	442269
chromosome14	442453
chromosome14	442665
chromosome14	443037
chromosome14	443431
chromosome14	443708
chromosome14	443895
chromosome14	444013
chromosome14	444197
chromosome14	444403
chromosome14	444538
chromosome14	444895
chromosome14	445037
chromosome14	445220
chromosome14	445395
chromosome14	445565
chromosome14	445736
chromosome14	445891
chromosome14	446045
chromosome14	446161
chromosome14	446290
chromosome14	446507
chromosome14	446717
chromosome14	446892
chromosome14	447058
chromosome14	447222
chromosome14	447373
chromosome14	447570
chromosome14	447797
chromosome14	447988
chromosome14	448169
chromosome14	448348
chromosome14	448584
chromosome14	448830
chromosome14	449024
chromosome14	449186
chromosome14	449373
chromosome14	449515
chromosome14	449631
chromosome14	449888
chromosome14	450047
chromosome14	450254
chromosome14	450389
chromosome14	450552
chromosome14	450651
chromosome14	450815
chromosome14	451021
chromosome14	451191
chromosome14	451355
chromosome14	451549
chromosome14	451720
chromosome14	451850
chromosome14	452035
chromosome14	452199
chromosome14	452346
chromosome14	452544
chromosome14	452788
chromosome14	453008
chromosome14	453205
chromosome14	453425
chromosome14	453569
chromosome14	453733
chromosome14	453916
chromosome14	454083
chromosome14	454378
chromosome14	454680
chromosome14	454828
chromosome14	455007
chromosome14	455188
chromosome14	455327
chromosome14	455513
chromosome14	455684
chromosome14	455822
chromosome14	455979
chromosome14	456105
chromosome14	456247
chromosome14	456384
chromosome14	456579
chromosome14	456878
chromosome14	457053
chromosome14	457619
chromosome14	457840
chromosome14	458206
chromosome14	458490
chromosome14	459044
chromosome14	459347
chromosome14	459737
chromosome14	460010
chromosome14	460287
chromosome14	460538
chromosome14	460844
chromosome14	461103
chromosome14	461305
chromosome14	461627
chromosome14	461808
chromosome14	461982
chromosome14	462306
chromosome14	462460
chromosome14	462674
chromosome14	462817
chromosome14	463071
chromosome14	463242
chromosome14	463430
chromosome14	463610
chromosome14	463795
chromosome14	464009
chromosome14	464252
chromosome14	464457
chromosome14	464663
chromosome14	464847
chromosome14	465107
chromosome14	465337
chromosome14	465534
chromosome14	465727
chromosome14	465882
chromosome14	466019
chromosome14	466177
chromosome14	466283
chromosome14	466443
chromosome14	466600
chromosome14	466751
chromosome14	467376
chromosome14	467533
chromosome14	467767
chromosome14	468019
chromosome14	468185
chromosome14	468330
chromosome14	468552
chromosome14	468741
chromosome14	468929
chromosome14	469099
chromosome14	469306
chromosome14	469560
chromosome14	470180
chromosome14	470350
chromosome14	470659
chromosome14	471156
chromosome14	471472
chromosome14	471758
chromosome14	471932
chromosome14	472216
chromosome14	472498
chromosome14	472708
chromosome14	473005
chromosome14	473419
chromosome14	473627
chromosome14	473863
chromosome14	474052
chromosome14	474193
chromosome14	474361
chromosome14	474536
chromosome14	474704
chromosome14	474847
chromosome14	475034
chromosome14	475175
chromosome14	475381
chromosome14	475607
chromosome14	475790
chromosome14	475967
chromosome14	476162
chromosome14	476362
chromosome14	476562
chromosome14	476689
chromosome14	477157
chromosome14	477312
chromosome14	477637
chromosome14	477811
chromosome14	478004
chromosome14	478175
chromosome14	478354
chromosome14	478547
chromosome14	478830
chromosome14	479040
chromosome14	479236
chromosome14	479668
chromosome14	479820
chromosome14	480040
chromosome14	480177
chromosome14	480328
chromosome14	480486
chromosome14	480586
chromosome14	480718
chromosome14	480860
chromosome14	480991
chromosome14	481178
chromosome14	481346
chromosome14	481545
chromosome14	481737
chromosome14	481886
chromosome14	482111
chromosome14	482368
chromosome14	482566
chromosome14	482800
chromosome14	483243
chromosome14	483426
chromosome14	483564
chromosome14	483859
chromosome14	483988
chromosome14	484176
chromosome14	484344
chromosome14	484614
chromosome14	484805
chromosome14	485031
chromosome14	485243
chromosome14	485435
chromosome14	485598
chromosome14	485844
chromosome14	486182
chromosome14	486859
chromosome14	487036
chromosome14	487160
chromosome14	487327
chromosome14	487464
chromosome14	487630
chromosome14	487780
chromosome14	487880
chromosome14	488028
chromosome14	488203
chromosome14	488343
chromosome14	488523
chromosome14	488637
chromosome14	488782
chromosome14	488943
chromosome14	489084
chromosome14	489279
chromosome14	489471
chromosome14	489597
chromosome14	489743
chromosome14	489957
chromosome14	490208
chromosome14	490339
chromosome14	490493
chromosome14	490718
chromosome14	490928
chromosome14	491105
chromosome14	491304
chromosome14	491457
chromosome14	491646
chromosome14	491912
chromosome14	492084
chromosome14	492206
chromosome14	492365
chromosome14	492594
chromosome14	492812
chromosome14	493243
chromosome14	493497
chromosome14	494253
chromosome14	494502
chromosome14	494649
chromosome14	494777
chromosome14	494917
chromosome14	495063
chromosome14	495216
chromosome14	495301
chromosome14	495415
chromosome14	495609
chromosome14	495735
chromosome14	495897
chromosome14	496044
chromosome14	496183
chromosome14	496403
chromosome14	496582
chromosome14	496724
chromosome14	496840
chromosome14	497024
chromosome14	497332
chromosome14	497478
chromosome14	497635
chromosome14	497809
chromosome14	498004
chromosome14	498183
chromosome14	498514
chromosome14	498722
chromosome14	498881
chromosome14	499029
chromosome14	499120
chromosome14	499218
chromosome14	499336
chromosome14	499432
chromosome14	499605
chromosome14	499722
chromosome14	499911
chromosome14	500071
chromosome14	500267
chromosome14	500645
chromosome14	500825
chromosome14	501398
chromosome14	501554
chromosome14	501702
chromosome14	501865
chromosome14	502042
chromosome14	502207
chromosome14	502360
chromosome14	502532
chromosome14	502718
chromosome14	503303
chromosome14	503437
chromosome14	503667
chromosome14	503818
chromosome14	504239
chromosome14	504402
chromosome14	504594
chromosome14	504752
chromosome14	504971
chromosome14	505115
chromosome14	505304
chromosome14	505450
chromosome14	505987
chromosome14	506194
chromosome14	506489
chromosome14	506760
chromosome14	506976
chromosome14	507311
chromosome14	507453
chromosome14	507591
chromosome14	507712
chromosome14	507858
chromosome14	508043
chromosome14	508167
chromosome14	508299
chromosome14	508430
chromosome14	508601
chromosome14	508756
chromosome14	508941
chromosome14	509136
chromosome14	509344
chromosome14	509541
chromosome14	509763
chromosome14	509993
chromosome14	510245
chromosome14	510728
chromosome14	510950
chromosome14	511157
chromosome14	511381
chromosome14	511673
chromosome14	511933
chromosome14	512183
chromosome14	512378
chromosome14	512800
chromosome14	512967
chromosome14	513184
chromosome14	513409
chromosome14	513675
chromosome14	513903
chromosome14	514138
chromosome14	514378
chromosome14	514631
chromosome14	514834
chromosome14	514978
chromosome14	515137
chromosome14	515249
chromosome14	515412
chromosome14	515572
chromosome14	515725
chromosome14	515901
chromosome14	516111
chromosome14	516267
chromosome14	516435
chromosome14	516632
chromosome14	517019
chromosome14	517222
chromosome14	517446
chromosome14	517672
chromosome14	517848
chromosome14	518216
chromosome14	518399
chromosome14	518633
chromosome14	518882
chromosome14	519016
chromosome14	525304
chromosome14	525477
chromosome14	525632
chromosome14	525787
chromosome14	525952
chromosome14	526135
chromosome14	526301
chromosome14	526518
chromosome14	526685
chromosome14	526904
chromosome14	527046
chromosome14	527180
chromosome14	527321
chromosome14	527702
chromosome14	527828
chromosome14	527993
chromosome14	528203
chromosome14	528413
chromosome14	528596
chromosome14	528767
chromosome14	529019
chromosome14	529180
chromosome14	529445
chromosome14	529897
chromosome14	530127
chromosome14	530277
chromosome14	530450
chromosome14	530626
chromosome14	530856
chromosome14	531071
chromosome14	531212
chromosome14	531399
chromosome14	531552
chromosome14	531739
chromosome14	531975
chromosome14	532220
chromosome14	532823
chromosome14	533055
chromosome14	533270
chromosome14	533428
chromosome14	533616
chromosome14	534210
chromosome14	534374
chromosome14	534576
chromosome14	534711
chromosome14	535458
chromosome14	535620
chromosome14	535870
chromosome14	536028
chromosome14	536283
chromosome14	536503
chromosome14	536687
chromosome14	536874
chromosome14	537107
chromosome14	537285
chromosome14	537501
chromosome14	537693
chromosome14	537908
chromosome14	538070
chromosome14	538229
chromosome14	538354
chromosome14	538513
chromosome14	538673
chromosome14	539000
chromosome14	539241
chromosome14	539503
chromosome14	539660
chromosome14	540003
chromosome14	540177
chromosome14	540330
chromosome14	540511
chromosome14	540721
chromosome14	540953
chromosome14	541164
chromosome14	541372
chromosome14	541771
chromosome14	541956
chromosome14	542122
chromosome14	542287
chromosome14	542431
chromosome14	542615
chromosome14	542783
chromosome14	542992
chromosome14	543208
chromosome14	543424
chromosome14	543642
chromosome14	543815
chromosome14	544106
chromosome14	544299
chromosome14	544453
chromosome14	544635
chromosome14	544824
chromosome14	545023
chromosome14	545295
chromosome14	545552
chromosome14	545737
chromosome14	546012
chromosome14	546140
chromosome14	546279
chromosome14	546588
chromosome14	547177
chromosome14	547521
chromosome14	547700
chromosome14	547890
chromosome14	548067
chromosome14	548287
chromosome14	548474
chromosome14	548678
chromosome14	548933
chromosome14	549158
chromosome14	549319
chromosome14	549471
chromosome14	549696
chromosome14	549895
chromosome14	550155
chromosome14	550336
chromosome14	550524
chromosome14	550731
chromosome14	551145
chromosome14	551350
chromosome14	551589
chromosome14	551812
chromosome14	551968
chromosome14	552091
chromosome14	552248
chromosome14	552488
chromosome14	552649
chromosome14	552814
chromosome14	552928
chromosome14	553154
chromosome14	553345
chromosome14	553484
chromosome14	553704
chromosome14	553860
chromosome14	554001
chromosome14	554208
chromosome14	554397
chromosome14	554598
chromosome14	554787
chromosome14	555210
chromosome14	555365
chromosome14	555522
chromosome14	555730
chromosome14	555962
chromosome14	556133
chromosome14	556412
chromosome14	556646
chromosome14	556909
chromosome14	557256
chromosome14	557449
chromosome14	557977
chromosome14	558262
chromosome14	558583
chromosome14	558817
chromosome14	559082
chromosome14	559212
chromosome14	559417
chromosome14	559613
chromosome14	559753
chromosome14	559914
chromosome14	560198
chromosome14	560386
chromosome14	568453
chromosome14	568613
chromosome14	568817
chromosome14	568987
chromosome14	569215
chromosome14	569424
chromosome14	569612
chromosome14	569764
chromosome14	573923
chromosome14	574139
chromosome14	574241
chromosome14	574443
chromosome14	574619
chromosome14	574808
chromosome14	575027
chromosome14	575354
chromosome14	575525
chromosome14	575791
chromosome14	576068
chromosome14	576222
chromosome14	576361
chromosome14	576542
chromosome14	576916
chromosome14	577362
chromosome14	577567
chromosome14	577791
chromosome14	577971
chromosome14	578215
chromosome14	578423
chromosome14	578605
chromosome14	578776
chromosome14	578990
chromosome14	579135
chromosome14	579272
chromosome14	579447
chromosome14	579616
chromosome14	579840
chromosome14	580138
chromosome14	580409
chromosome14	580593
chromosome14	580826
chromosome14	581083
chromosome14	581315
chromosome14	581818
chromosome14	581987
chromosome14	582162
chromosome14	582304
chromosome14	582696
chromosome14	582946
chromosome14	583206
chromosome14	583394
chromosome14	583572
chromosome14	583726
chromosome14	583891
chromosome14	584008
chromosome14	584138
chromosome14	584259
chromosome14	584501
chromosome14	584721
chromosome14	585022
chromosome14	585346
chromosome14	585639
chromosome14	585995
chromosome14	586176
chromosome14	586346
chromosome14	586562
chromosome14	586778
chromosome14	586983
chromosome14	587538
chromosome14	587783
chromosome14	587963
chromosome14	588288
chromosome14	588557
chromosome14	588698
chromosome14	588908
chromosome14	589146
chromosome14	589324
chromosome14	589526
chromosome14	589675
chromosome14	589883
chromosome14	590090
chromosome14	590286
chromosome14	590440
chromosome14	590609
chromosome14	590881
chromosome14	591074
chromosome14	591218
chromosome14	591394
chromosome14	591607
chromosome14	591847
chromosome14	592126
chromosome14	592397
chromosome14	592672
chromosome14	592931
chromosome14	593182
chromosome14	593433
chromosome14	593768
chromosome14	594133
chromosome14	594540
chromosome14	594738
chromosome14	595003
chromosome14	595311
chromosome14	595641
chromosome14	595842
chromosome14	595975
chromosome14	596144
chromosome14	596316
chromosome14	596476
chromosome14	596659
chromosome14	596876
chromosome14	597080
chromosome14	597327
chromosome14	597491
chromosome14	597654
chromosome14	597815
chromosome14	598040
chromosome14	598178
chromosome14	601746
chromosome14	602109
chromosome14	602213
chromosome14	602479
chromosome14	602792
chromosome14	602968
chromosome14	603172
chromosome14	603572
chromosome14	603860
chromosome14	604100
chromosome14	604916
chromosome14	605191
chromosome14	605359
chromosome14	605596
chromosome14	606511
chromosome14	606720
chromosome14	606946
chromosome14	607181
chromosome14	607363
chromosome14	607533
chromosome14	607682
chromosome14	607875
chromosome14	608112
chromosome14	608342
chromosome14	608586
chromosome14	608807
chromosome14	609073
chromosome14	609354
chromosome14	610072
chromosome14	610299
chromosome14	610487
chromosome14	610753
chromosome14	610954
chromosome14	611272
chromosome14	611444
chromosome14	611668
chromosome14	611912
chromosome14	612110
chromosome14	612469
chromosome14	612763
chromosome14	612982
chromosome14	613228
chromosome14	613363
chromosome14	613538
chromosome14	613793
chromosome14	614055
chromosome14	614341
chromosome14	614661
chromosome14	614835
chromosome14	615066
chromosome14	615313
chromosome14	615541
chromosome14	615780
chromosome14	615991
chromosome14	616119
chromosome14	616390
chromosome14	616619
chromosome14	616758
chromosome14	617026
chromosome14	617253
chromosome14	617435
chromosome14	617594
chromosome14	617816
chromosome14	618005
chromosome14	618165
chromosome14	618317
chromosome14	618852
chromosome14	619262
chromosome14	619830
chromosome14	619998
chromosome14	620243
chromosome14	620625
chromosome14	620891
chromosome14	621099
chromosome14	621341
chromosome14	621598
chromosome14	621808
chromosome14	622090
chromosome14	622392
chromosome14	622581
chromosome14	622728
chromosome14	622896
chromosome14	623113
chromosome14	623301
chromosome14	623546
chromosome14	623739
chromosome14	624000
chromosome14	624170
chromosome14	624417
chromosome14	624650
chromosome14	624934
chromosome14	625167
chromosome14	625484
chromosome14	625713
chromosome14	625915
chromosome14	626062
chromosome14	626335
chromosome14	626561
chromosome14	626798
chromosome14	627100
chromosome14	627249
chromosome14	627850
chromosome14	628259
chromosome14	628465
chromosome14	628606
chromosome14	629730
chromosome14	630005
chromosome14	630361
chromosome14	630632
chromosome14	630944
chromosome14	631168
chromosome14	631340
chromosome14	631594
chromosome14	631793
chromosome14	632876
chromosome14	633080
chromosome14	633299
chromosome14	633479
chromosome14	633716
chromosome14	633920
chromosome14	634066
chromosome14	634251
chromosome14	634471
chromosome14	634687
chromosome14	635044
chromosome14	635280
chromosome14	636027
chromosome14	636232
chromosome14	636415
chromosome14	636617
chromosome14	636770
chromosome14	636979
chromosome14	637218
chromosome14	637446
chromosome14	637673
chromosome14	637863
chromosome14	638122
chromosome14	638369
chromosome14	638593
chromosome14	638780
chromosome14	639287
chromosome14	639525
chromosome14	639702
chromosome14	639881
chromosome14	640138
chromosome14	640344
chromosome14	640542
chromosome14	640800
chromosome14	641143
chromosome14	641472
chromosome14	641796
chromosome14	642057
chromosome14	642351
chromosome14	642734
chromosome14	642963
chromosome14	643154
chromosome14	643588
chromosome14	643750
chromosome14	643932
chromosome14	644288
chromosome14	644434
chromosome14	644623
chromosome14	644827
chromosome14	645067
chromosome14	645337
chromosome14	645560
chromosome14	645775
chromosome14	646102
chromosome14	646284
chromosome14	646476
chromosome14	646620
chromosome14	646784
chromosome14	646953
chromosome14	647091
chromosome14	647233
chromosome14	647584
chromosome14	647812
chromosome14	648002
chromosome14	648265
chromosome14	648436
chromosome14	648635
chromosome14	648884
chromosome14	649180
chromosome14	649416
chromosome14	649659
chromosome14	649913
chromosome14	650226
chromosome14	650444
chromosome14	650683
chromosome14	650904
chromosome14	651128
chromosome14	651332
chromosome14	651570
chromosome14	652453
chromosome14	652657
chromosome14	652773
chromosome14	652964
chromosome14	653138
chromosome14	653399
chromosome14	653622
chromosome14	653896
chromosome14	654073
chromosome14	654205
chromosome14	654414
chromosome14	654918
chromosome14	655175
chromosome14	655452
chromosome14	655741
chromosome14	656002
chromosome14	656254
chromosome14	656447
chromosome14	656787
chromosome14	657043
chromosome14	657406
chromosome14	657730
chromosome14	657987
chromosome14	658243
chromosome14	658513
chromosome14	658747
chromosome14	658959
chromosome14	659326
chromosome14	659581
chromosome14	659965
chromosome14	660367
chromosome14	660652
chromosome14	660906
chromosome14	661144
chromosome14	661392
chromosome14	661860
chromosome14	662064
chromosome14	662341
chromosome14	662467
chromosome14	662565
chromosome14	663002
chromosome14	663269
chromosome14	663543
chromosome14	663725
chromosome14	663913
chromosome14	664009
chromosome14	664169
chromosome14	664348
chromosome14	664527
chromosome14	664785
chromosome14	664968
chromosome14	665243
chromosome14	665412
chromosome14	665579
chromosome14	665812
chromosome14	665936
chromosome14	666196
chromosome14	666427
chromosome14	666680
chromosome14	666995
chromosome14	667616
chromosome14	667869
chromosome14	668132
chromosome14	668324
chromosome14	668533
chromosome14	668827
chromosome14	669093
chromosome14	669258
chromosome14	669466
chromosome14	669666
chromosome14	669848
chromosome14	670053
chromosome14	670287
chromosome14	670525
chromosome14	670715
chromosome14	670970
chromosome14	671164
chromosome14	671324
chromosome14	671530
chromosome14	671692
chromosome14	671893
chromosome14	672210
chromosome14	672350
chromosome14	672547
chromosome14	672679
chromosome14	672869
chromosome14	673105
chromosome14	673310
chromosome14	673496
chromosome14	673715
chromosome14	673912
chromosome14	674140
chromosome14	674324
chromosome14	674501
chromosome14	674732
chromosome14	674920
chromosome14	675135
chromosome14	675328
chromosome14	675521
chromosome14	675714
chromosome14	675907
chromosome14	676273
chromosome14	676471
chromosome14	676666
chromosome14	676843
chromosome14	677029
chromosome14	677237
chromosome14	677385
chromosome14	677573
chromosome14	677730
chromosome14	677997
chromosome14	678311
chromosome14	678843
chromosome14	679106
chromosome14	679244
chromosome14	679438
chromosome14	679638
chromosome14	679831
chromosome14	680061
chromosome14	680195
chromosome14	680349
chromosome14	680691
chromosome14	681069
chromosome14	681314
chromosome14	681660
chromosome14	681965
chromosome14	682226
chromosome14	682560
chromosome14	682791
chromosome14	683054
chromosome14	683257
chromosome14	683499
chromosome14	683758
chromosome14	684015
chromosome14	684339
chromosome14	684516
chromosome14	684760
chromosome14	684971
chromosome14	685150
chromosome14	685348
chromosome14	685507
chromosome14	685678
chromosome14	685873
chromosome14	686066
chromosome14	686378
chromosome14	686645
chromosome14	686947
chromosome14	687146
chromosome14	687470
chromosome14	687661
chromosome14	687862
chromosome14	688077
chromosome14	688288
chromosome14	688474
chromosome14	688686
chromosome14	688826
chromosome14	688943
chromosome14	689133
chromosome14	689339
chromosome14	689553
chromosome14	689744
chromosome14	689939
chromosome14	690462
chromosome14	690672
chromosome14	690947
chromosome14	691262
chromosome14	691586
chromosome14	691692
chromosome14	691839
chromosome14	692004
chromosome14	692195
chromosome14	692326
chromosome14	692699
chromosome14	692881
chromosome14	693220
chromosome14	693486
chromosome14	693681
chromosome14	693877
chromosome14	694067
chromosome14	694316
chromosome14	694633
chromosome14	694823
chromosome14	695163
chromosome14	695380
chromosome14	695486
chromosome14	695613
chromosome14	695732
chromosome14	695879
chromosome14	696060
chromosome14	696218
chromosome14	696385
chromosome14	696629
chromosome14	696910
chromosome14	697044
chromosome14	697275
chromosome14	697476
chromosome14	697775
chromosome14	697931
chromosome14	698087
chromosome14	698310
chromosome14	698542
chromosome14	698776
chromosome14	698961
chromosome14	699168
chromosome14	699333
chromosome14	699529
chromosome14	699687
chromosome14	699840
chromosome14	700077
chromosome14	700264
chromosome14	700445
chromosome14	700673
chromosome14	700877
chromosome14	701131
chromosome14	701301
chromosome14	701501
chromosome14	701671
chromosome14	701852
chromosome14	702003
chromosome14	702210
chromosome14	702498
chromosome14	702701
chromosome14	702914
chromosome14	703120
chromosome14	703274
chromosome14	703430
chromosome14	703560
chromosome14	703696
chromosome14	703873
chromosome14	704027
chromosome14	704663
chromosome14	704868
chromosome14	705031
chromosome14	705229
chromosome14	705383
chromosome14	705550
chromosome14	705673
chromosome14	706016
chromosome14	706221
chromosome14	706438
chromosome14	706585
chromosome14	706777
chromosome14	707021
chromosome14	707209
chromosome14	707412
chromosome14	707578
chromosome14	707749
chromosome14	707924
chromosome14	708094
chromosome14	708286
chromosome14	708490
chromosome14	708666
chromosome14	708807
chromosome14	709011
chromosome14	709164
chromosome14	709351
chromosome14	709542
chromosome14	709760
chromosome14	709919
chromosome14	710259
chromosome14	710601
chromosome14	711543
chromosome14	711675
chromosome14	711897
chromosome14	712097
chromosome14	712290
chromosome14	712470
chromosome14	712689
chromosome14	713013
chromosome14	713191
chromosome14	713364
chromosome14	713538
chromosome14	713694
chromosome14	714036
chromosome14	714274
chromosome14	714480
chromosome14	714732
chromosome14	714997
chromosome14	715222
chromosome14	715403
chromosome14	715564
chromosome14	715698
chromosome14	715843
chromosome14	715990
chromosome14	716095
chromosome14	716900
chromosome14	717133
chromosome14	717307
chromosome14	717466
chromosome14	717595
chromosome14	717761
chromosome14	717926
chromosome14	718124
chromosome14	718832
chromosome14	719016
chromosome14	719194
chromosome14	719373
chromosome14	719586
chromosome14	719758
chromosome14	719955
chromosome14	720215
chromosome14	720658
chromosome14	721186
chromosome14	721502
chromosome14	722042
chromosome14	722432
chromosome14	722620
chromosome14	722813
chromosome14	722970
chromosome14	723150
chromosome14	723434
chromosome14	723659
chromosome14	723968
chromosome14	724092
chromosome14	724259
chromosome14	724402
chromosome14	724518
chromosome14	724722
chromosome14	724852
chromosome14	724968
chromosome14	725123
chromosome14	725254
chromosome14	725372
chromosome14	725489
chromosome14	725634
chromosome14	725748
chromosome14	725860
chromosome14	726058
chromosome14	726174
chromosome14	727805
chromosome14	727930
chromosome14	728047
chromosome14	728224
chromosome14	728432
chromosome14	728708
chromosome14	728912
chromosome14	729167
chromosome14	729366
chromosome14	729566
chromosome14	729812
chromosome14	730125
chromosome14	731225
chromosome14	731387
chromosome14	731512
chromosome14	731702
chromosome14	731840
chromosome14	732028
chromosome14	732182
chromosome14	732404
chromosome14	732608
chromosome14	732815
chromosome14	732983
chromosome14	733178
chromosome14	733337
chromosome14	733487
chromosome14	733667
chromosome14	733858
chromosome14	734021
chromosome14	734128
chromosome14	734269
chromosome14	734400
chromosome14	734571
chromosome14	734721
chromosome14	734863
chromosome14	735004
chromosome14	735140
chromosome14	735269
chromosome14	735409
chromosome14	735555
chromosome14	735707
chromosome14	735924
chromosome14	736007
chromosome14	736222
chromosome14	736379
chromosome14	736564
chromosome14	736680
chromosome14	736838
chromosome14	737010
chromosome14	737141
chromosome14	737319
chromosome14	737478
chromosome14	737636
chromosome14	737768
chromosome14	737907
chromosome14	738118
chromosome14	738302
chromosome14	738448
chromosome14	738650
chromosome14	739015
chromosome14	739254
chromosome14	739382
chromosome14	739528
chromosome14	739667
chromosome14	739779
chromosome14	739884
chromosome14	740010
chromosome14	740166
chromosome14	740358
chromosome14	740472
chromosome14	740569
chromosome14	740706
chromosome14	740837
chromosome14	740980
chromosome14	741117
chromosome14	741234
chromosome14	741401
chromosome14	741501
chromosome14	741667
chromosome14	741792
chromosome14	741939
chromosome14	742121
chromosome14	742703
chromosome14	742874
chromosome14	742998
chromosome14	743098
chromosome14	743215
chromosome14	743332
chromosome14	743430
chromosome14	744310
chromosome14	744417
chromosome14	744552
chromosome14	744734
chromosome14	744840
chromosome14	744953
chromosome14	745085
chromosome14	745216
chromosome14	745352
chromosome14	745524
chromosome14	745668
chromosome14	745812
chromosome14	745925
chromosome14	746063
chromosome14	746659
chromosome14	746807
chromosome14	746974
chromosome14	747094
chromosome14	747265
chromosome14	747435
chromosome14	747517
chromosome14	747654
chromosome14	747778
chromosome14	747940
chromosome14	748102
chromosome14	748266
chromosome14	748398
chromosome14	748578
chromosome14	748703
chromosome14	748846
chromosome14	748981
chromosome14	749102
chromosome14	749223
chromosome14	749360
chromosome14	749500
chromosome14	749642
chromosome14	749763
chromosome14	749899
chromosome14	750033
chromosome14	750208
chromosome14	750310
chromosome14	750413
chromosome14	752803
chromosome14	773086
chromosome14	773263
chromosome15	29779
chromosome15	29983
chromosome15	34509
chromosome15	34593
chromosome15	34696
chromosome15	34840
chromosome15	34974
chromosome15	35114
chromosome15	35251
chromosome15	35377
chromosome15	36953
chromosome15	37076
chromosome15	43640
chromosome15	43792
chromosome15	43921
chromosome15	44044
chromosome15	44197
chromosome15	44378
chromosome15	44543
chromosome15	44950
chromosome15	45136
chromosome15	45271
chromosome15	45423
chromosome15	46141
chromosome15	46297
chromosome15	46503
chromosome15	46697
chromosome15	46848
chromosome15	46976
chromosome15	47188
chromosome15	47380
chromosome15	47503
chromosome15	47768
chromosome15	48025
chromosome15	48165
chromosome15	48350
chromosome15	48467
chromosome15	48620
chromosome15	48822
chromosome15	48986
chromosome15	49121
chromosome15	49252
chromosome15	49621
chromosome15	49768
chromosome15	49955
chromosome15	50143
chromosome15	50263
chromosome15	50388
chromosome15	50530
chromosome15	50689
chromosome15	50853
chromosome15	51019
chromosome15	51166
chromosome15	51306
chromosome15	51460
chromosome15	51610
chromosome15	51812
chromosome15	51948
chromosome15	52054
chromosome15	52249
chromosome15	52429
chromosome15	52566
chromosome15	52726
chromosome15	52864
chromosome15	53176
chromosome15	53331
chromosome15	53550
chromosome15	53721
chromosome15	53889
chromosome15	54127
chromosome15	54264
chromosome15	54406
chromosome15	54550
chromosome15	54733
chromosome15	54934
chromosome15	55178
chromosome15	55310
chromosome15	55404
chromosome15	55527
chromosome15	55629
chromosome15	55782
chromosome15	55932
chromosome15	56112
chromosome15	56480
chromosome15	56767
chromosome15	56902
chromosome15	57028
chromosome15	57176
chromosome15	57370
chromosome15	57498
chromosome15	57596
chromosome15	57717
chromosome15	57828
chromosome15	57959
chromosome15	58104
chromosome15	58230
chromosome15	58340
chromosome15	58455
chromosome15	58628
chromosome15	58798
chromosome15	58979
chromosome15	59165
chromosome15	59321
chromosome15	59496
chromosome15	59737
chromosome15	59897
chromosome15	60572
chromosome15	60833
chromosome15	61077
chromosome15	61162
chromosome15	61324
chromosome15	61490
chromosome15	61622
chromosome15	61753
chromosome15	61889
chromosome15	62014
chromosome15	62136
chromosome15	62267
chromosome15	62395
chromosome15	62567
chromosome15	62750
chromosome15	62866
chromosome15	62976
chromosome15	63273
chromosome15	63407
chromosome15	63524
chromosome15	63657
chromosome15	63839
chromosome15	64021
chromosome15	64143
chromosome15	64310
chromosome15	64480
chromosome15	64625
chromosome15	64858
chromosome15	65011
chromosome15	65154
chromosome15	65278
chromosome15	65372
chromosome15	65494
chromosome15	65617
chromosome15	65787
chromosome15	65972
chromosome15	66139
chromosome15	66376
chromosome15	66488
chromosome15	66649
chromosome15	66779
chromosome15	66905
chromosome15	67057
chromosome15	67220
chromosome15	67486
chromosome15	67590
chromosome15	67744
chromosome15	67852
chromosome15	68056
chromosome15	68271
chromosome15	68431
chromosome15	68572
chromosome15	68692
chromosome15	68856
chromosome15	68956
chromosome15	69067
chromosome15	69286
chromosome15	69408
chromosome15	69573
chromosome15	69847
chromosome15	70018
chromosome15	70164
chromosome15	70299
chromosome15	70531
chromosome15	70797
chromosome15	70941
chromosome15	71071
chromosome15	71228
chromosome15	71338
chromosome15	71470
chromosome15	71659
chromosome15	71867
chromosome15	72076
chromosome15	72285
chromosome15	72478
chromosome15	72606
chromosome15	72866
chromosome15	73002
chromosome15	73148
chromosome15	73243
chromosome15	73401
chromosome15	73551
chromosome15	73720
chromosome15	73868
chromosome15	73963
chromosome15	74124
chromosome15	74345
chromosome15	74676
chromosome15	74859
chromosome15	75015
chromosome15	75161
chromosome15	75359
chromosome15	75505
chromosome15	75669
chromosome15	75788
chromosome15	75968
chromosome15	76142
chromosome15	76379
chromosome15	76547
chromosome15	76703
chromosome15	76892
chromosome15	77467
chromosome15	77589
chromosome15	77758
chromosome15	77882
chromosome15	78108
chromosome15	78526
chromosome15	78704
chromosome15	78927
chromosome15	79141
chromosome15	79327
chromosome15	79482
chromosome15	79620
chromosome15	79752
chromosome15	79906
chromosome15	80017
chromosome15	80142
chromosome15	80372
chromosome15	80483
chromosome15	80592
chromosome15	80709
chromosome15	81038
chromosome15	81472
chromosome15	81667
chromosome15	81806
chromosome15	81972
chromosome15	82181
chromosome15	82361
chromosome15	82550
chromosome15	82720
chromosome15	82959
chromosome15	83055
chromosome15	83209
chromosome15	83351
chromosome15	83481
chromosome15	83651
chromosome15	83785
chromosome15	83994
chromosome15	84169
chromosome15	84304
chromosome15	84490
chromosome15	84652
chromosome15	84841
chromosome15	84973
chromosome15	85099
chromosome15	85602
chromosome15	85809
chromosome15	86085
chromosome15	86295
chromosome15	86499
chromosome15	86648
chromosome15	86804
chromosome15	87937
chromosome15	88131
chromosome15	88353
chromosome15	88554
chromosome15	88815
chromosome15	88999
chromosome15	89214
chromosome15	89666
chromosome15	89846
chromosome15	90052
chromosome15	90328
chromosome15	90495
chromosome15	90667
chromosome15	90847
chromosome15	91000
chromosome15	91192
chromosome15	91865
chromosome15	92345
chromosome15	92621
chromosome15	92776
chromosome15	92914
chromosome15	93035
chromosome15	93241
chromosome15	93655
chromosome15	93993
chromosome15	94093
chromosome15	94257
chromosome15	94456
chromosome15	95024
chromosome15	95205
chromosome15	95394
chromosome15	95534
chromosome15	95696
chromosome15	95866
chromosome15	96066
chromosome15	96210
chromosome15	96374
chromosome15	96495
chromosome15	96607
chromosome15	96755
chromosome15	96906
chromosome15	97065
chromosome15	97188
chromosome15	97338
chromosome15	97448
chromosome15	97568
chromosome15	97750
chromosome15	97887
chromosome15	98012
chromosome15	98207
chromosome15	98365
chromosome15	98551
chromosome15	98747
chromosome15	98921
chromosome15	99090
chromosome15	99285
chromosome15	99460
chromosome15	99630
chromosome15	99734
chromosome15	99880
chromosome15	100098
chromosome15	100293
chromosome15	100446
chromosome15	100597
chromosome15	100795
chromosome15	101495
chromosome15	101652
chromosome15	101832
chromosome15	102080
chromosome15	102346
chromosome15	102623
chromosome15	102971
chromosome15	103166
chromosome15	103413
chromosome15	103595
chromosome15	103833
chromosome15	103986
chromosome15	104217
chromosome15	104428
chromosome15	104674
chromosome15	104883
chromosome15	105064
chromosome15	105198
chromosome15	105308
chromosome15	105480
chromosome15	105680
chromosome15	105871
chromosome15	106161
chromosome15	106565
chromosome15	106752
chromosome15	106997
chromosome15	107219
chromosome15	107413
chromosome15	107683
chromosome15	107858
chromosome15	108033
chromosome15	108229
chromosome15	108392
chromosome15	108545
chromosome15	108733
chromosome15	108945
chromosome15	109076
chromosome15	109228
chromosome15	109434
chromosome15	109560
chromosome15	109668
chromosome15	109811
chromosome15	109969
chromosome15	110157
chromosome15	111270
chromosome15	111402
chromosome15	111533
chromosome15	111761
chromosome15	111939
chromosome15	112088
chromosome15	112369
chromosome15	112566
chromosome15	112804
chromosome15	113013
chromosome15	114130
chromosome15	114354
chromosome15	114539
chromosome15	114724
chromosome15	114882
chromosome15	115320
chromosome15	115513
chromosome15	115729
chromosome15	116355
chromosome15	116508
chromosome15	116673
chromosome15	116823
chromosome15	116945
chromosome15	117093
chromosome15	117258
chromosome15	117389
chromosome15	117503
chromosome15	117648
chromosome15	123830
chromosome15	124027
chromosome15	124185
chromosome15	124405
chromosome15	124618
chromosome15	124890
chromosome15	125118
chromosome15	125400
chromosome15	125645
chromosome15	126119
chromosome15	126366
chromosome15	126570
chromosome15	126769
chromosome15	127033
chromosome15	127188
chromosome15	127321
chromosome15	127799
chromosome15	127902
chromosome15	128196
chromosome15	128339
chromosome15	128430
chromosome15	128536
chromosome15	128636
chromosome15	128751
chromosome15	128932
chromosome15	129302
chromosome15	129424
chromosome15	129552
chromosome15	129703
chromosome15	129905
chromosome15	130069
chromosome15	130227
chromosome15	130357
chromosome15	130517
chromosome15	130623
chromosome15	130729
chromosome15	130838
chromosome15	131056
chromosome15	131226
chromosome15	131366
chromosome15	131496
chromosome15	131621
chromosome15	131725
chromosome15	131849
chromosome15	131975
chromosome15	132117
chromosome15	132236
chromosome15	132369
chromosome15	132712
chromosome15	132875
chromosome15	133022
chromosome15	133167
chromosome15	133336
chromosome15	133473
chromosome15	133624
chromosome15	133751
chromosome15	133898
chromosome15	134051
chromosome15	134234
chromosome15	134375
chromosome15	134507
chromosome15	134678
chromosome15	134840
chromosome15	134993
chromosome15	135148
chromosome15	135320
chromosome15	135509
chromosome15	135710
chromosome15	135844
chromosome15	135973
chromosome15	136104
chromosome15	136296
chromosome15	136572
chromosome15	136749
chromosome15	136968
chromosome15	137208
chromosome15	137418
chromosome15	137637
chromosome15	137836
chromosome15	138263
chromosome15	138404
chromosome15	138628
chromosome15	138818
chromosome15	139029
chromosome15	139298
chromosome15	139450
chromosome15	139701
chromosome15	139886
chromosome15	140102
chromosome15	140493
chromosome15	140648
chromosome15	140861
chromosome15	141130
chromosome15	141639
chromosome15	141911
chromosome15	142187
chromosome15	142437
chromosome15	142661
chromosome15	142800
chromosome15	143042
chromosome15	143319
chromosome15	143476
chromosome15	143715
chromosome15	143836
chromosome15	143958
chromosome15	144081
chromosome15	144210
chromosome15	144440
chromosome15	144642
chromosome15	144802
chromosome15	145389
chromosome15	145620
chromosome15	145782
chromosome15	145967
chromosome15	146899
chromosome15	147367
chromosome15	147628
chromosome15	147840
chromosome15	148060
chromosome15	148281
chromosome15	148478
chromosome15	148735
chromosome15	148926
chromosome15	149112
chromosome15	149273
chromosome15	149477
chromosome15	149731
chromosome15	149997
chromosome15	150168
chromosome15	150618
chromosome15	150756
chromosome15	150949
chromosome15	151151
chromosome15	151310
chromosome15	151549
chromosome15	151951
chromosome15	152141
chromosome15	152290
chromosome15	152428
chromosome15	152664
chromosome15	152885
chromosome15	153083
chromosome15	153255
chromosome15	153400
chromosome15	153557
chromosome15	153718
chromosome15	153855
chromosome15	154010
chromosome15	154160
chromosome15	154320
chromosome15	154579
chromosome15	154768
chromosome15	155371
chromosome15	155597
chromosome15	155778
chromosome15	155982
chromosome15	156142
chromosome15	156337
chromosome15	156488
chromosome15	156626
chromosome15	156769
chromosome15	157162
chromosome15	157441
chromosome15	157586
chromosome15	157758
chromosome15	157931
chromosome15	158094
chromosome15	158259
chromosome15	158422
chromosome15	158598
chromosome15	158754
chromosome15	158922
chromosome15	159199
chromosome15	159361
chromosome15	159660
chromosome15	159903
chromosome15	160439
chromosome15	160664
chromosome15	160804
chromosome15	161074
chromosome15	161281
chromosome15	161429
chromosome15	161510
chromosome15	161641
chromosome15	161776
chromosome15	161969
chromosome15	162121
chromosome15	162419
chromosome15	162571
chromosome15	162703
chromosome15	162862
chromosome15	162996
chromosome15	163162
chromosome15	163334
chromosome15	163485
chromosome15	163633
chromosome15	163754
chromosome15	163879
chromosome15	164026
chromosome15	164186
chromosome15	164350
chromosome15	164501
chromosome15	164644
chromosome15	164750
chromosome15	164906
chromosome15	165097
chromosome15	165316
chromosome15	165623
chromosome15	165746
chromosome15	165919
chromosome15	166052
chromosome15	166155
chromosome15	166271
chromosome15	166406
chromosome15	166522
chromosome15	166641
chromosome15	166805
chromosome15	166932
chromosome15	167310
chromosome15	167455
chromosome15	167585
chromosome15	168126
chromosome15	168222
chromosome15	168334
chromosome15	168486
chromosome15	168605
chromosome15	168788
chromosome15	168996
chromosome15	169129
chromosome15	169240
chromosome15	169393
chromosome15	169583
chromosome15	169732
chromosome15	169899
chromosome15	170312
chromosome15	170454
chromosome15	170607
chromosome15	170733
chromosome15	170878
chromosome15	171010
chromosome15	171147
chromosome15	171292
chromosome15	171437
chromosome15	171540
chromosome15	171690
chromosome15	171806
chromosome15	171938
chromosome15	172119
chromosome15	172283
chromosome15	172433
chromosome15	172581
chromosome15	172839
chromosome15	172978
chromosome15	173153
chromosome15	173372
chromosome15	173577
chromosome15	173755
chromosome15	173940
chromosome15	174294
chromosome15	174510
chromosome15	174678
chromosome15	174927
chromosome15	175142
chromosome15	175419
chromosome15	175616
chromosome15	175836
chromosome15	176077
chromosome15	176316
chromosome15	176594
chromosome15	176837
chromosome15	177024
chromosome15	177259
chromosome15	177477
chromosome15	177702
chromosome15	177916
chromosome15	178131
chromosome15	178278
chromosome15	178469
chromosome15	178744
chromosome15	178938
chromosome15	179145
chromosome15	179346
chromosome15	179510
chromosome15	179771
chromosome15	179973
chromosome15	180178
chromosome15	180390
chromosome15	180560
chromosome15	180776
chromosome15	181062
chromosome15	181255
chromosome15	181400
chromosome15	181573
chromosome15	181747
chromosome15	181973
chromosome15	182159
chromosome15	182374
chromosome15	182575
chromosome15	182759
chromosome15	182940
chromosome15	183062
chromosome15	183217
chromosome15	183418
chromosome15	183558
chromosome15	183762
chromosome15	183990
chromosome15	184149
chromosome15	184378
chromosome15	184627
chromosome15	184801
chromosome15	185023
chromosome15	185230
chromosome15	185403
chromosome15	185616
chromosome15	186041
chromosome15	186282
chromosome15	186603
chromosome15	186835
chromosome15	186964
chromosome15	187128
chromosome15	187290
chromosome15	187482
chromosome15	187700
chromosome15	187930
chromosome15	188085
chromosome15	188236
chromosome15	188424
chromosome15	188616
chromosome15	188785
chromosome15	188955
chromosome15	189176
chromosome15	189938
chromosome15	190165
chromosome15	190470
chromosome15	190681
chromosome15	190965
chromosome15	191267
chromosome15	191681
chromosome15	191864
chromosome15	192115
chromosome15	192351
chromosome15	192534
chromosome15	192725
chromosome15	192973
chromosome15	193208
chromosome15	193372
chromosome15	193577
chromosome15	193911
chromosome15	194054
chromosome15	194198
chromosome15	194420
chromosome15	194627
chromosome15	194819
chromosome15	195113
chromosome15	195306
chromosome15	195515
chromosome15	195686
chromosome15	195870
chromosome15	196035
chromosome15	196195
chromosome15	196512
chromosome15	196704
chromosome15	196941
chromosome15	197436
chromosome15	197617
chromosome15	197775
chromosome15	197888
chromosome15	198119
chromosome15	198266
chromosome15	198418
chromosome15	198573
chromosome15	198727
chromosome15	198923
chromosome15	199145
chromosome15	199340
chromosome15	199620
chromosome15	199811
chromosome15	200601
chromosome15	200868
chromosome15	201132
chromosome15	201346
chromosome15	201555
chromosome15	201760
chromosome15	201909
chromosome15	202089
chromosome15	202312
chromosome15	202502
chromosome15	202677
chromosome15	202860
chromosome15	203025
chromosome15	203225
chromosome15	203423
chromosome15	203595
chromosome15	203728
chromosome15	203929
chromosome15	204129
chromosome15	204343
chromosome15	204906
chromosome15	205109
chromosome15	205277
chromosome15	205485
chromosome15	205640
chromosome15	205840
chromosome15	205976
chromosome15	206307
chromosome15	206532
chromosome15	206805
chromosome15	206961
chromosome15	207179
chromosome15	207330
chromosome15	207551
chromosome15	207752
chromosome15	207983
chromosome15	208142
chromosome15	208362
chromosome15	208566
chromosome15	208781
chromosome15	209000
chromosome15	209183
chromosome15	209395
chromosome15	209632
chromosome15	209777
chromosome15	209963
chromosome15	210190
chromosome15	210356
chromosome15	210737
chromosome15	210949
chromosome15	211143
chromosome15	211318
chromosome15	211516
chromosome15	211687
chromosome15	211920
chromosome15	212102
chromosome15	212234
chromosome15	212453
chromosome15	212750
chromosome15	212964
chromosome15	213220
chromosome15	213467
chromosome15	214037
chromosome15	214191
chromosome15	214364
chromosome15	214551
chromosome15	214724
chromosome15	214895
chromosome15	215115
chromosome15	215301
chromosome15	215541
chromosome15	215751
chromosome15	215969
chromosome15	216245
chromosome15	216502
chromosome15	216739
chromosome15	217422
chromosome15	217691
chromosome15	217914
chromosome15	218235
chromosome15	218761
chromosome15	218900
chromosome15	219089
chromosome15	219219
chromosome15	219457
chromosome15	219777
chromosome15	219986
chromosome15	220335
chromosome15	220821
chromosome15	221019
chromosome15	221225
chromosome15	221419
chromosome15	221545
chromosome15	221776
chromosome15	221997
chromosome15	222129
chromosome15	222329
chromosome15	222536
chromosome15	222686
chromosome15	222869
chromosome15	223023
chromosome15	223229
chromosome15	223408
chromosome15	223590
chromosome15	223808
chromosome15	223998
chromosome15	224480
chromosome15	224684
chromosome15	224907
chromosome15	225059
chromosome15	225220
chromosome15	225472
chromosome15	225683
chromosome15	225899
chromosome15	226259
chromosome15	226384
chromosome15	228409
chromosome15	228577
chromosome15	228808
chromosome15	229011
chromosome15	229229
chromosome15	229462
chromosome15	229648
chromosome15	229780
chromosome15	230209
chromosome15	230370
chromosome15	230507
chromosome15	230700
chromosome15	230934
chromosome15	231124
chromosome15	231562
chromosome15	231752
chromosome15	232098
chromosome15	232349
chromosome15	232524
chromosome15	232745
chromosome15	232925
chromosome15	233037
chromosome15	233259
chromosome15	233429
chromosome15	233619
chromosome15	233787
chromosome15	233941
chromosome15	234097
chromosome15	234251
chromosome15	234407
chromosome15	234588
chromosome15	234743
chromosome15	234939
chromosome15	235200
chromosome15	235534
chromosome15	235758
chromosome15	235959
chromosome15	236165
chromosome15	236620
chromosome15	237124
chromosome15	237260
chromosome15	237487
chromosome15	237675
chromosome15	237884
chromosome15	238127
chromosome15	238624
chromosome15	238788
chromosome15	238959
chromosome15	239158
chromosome15	239290
chromosome15	239504
chromosome15	239738
chromosome15	239926
chromosome15	240150
chromosome15	240366
chromosome15	240515
chromosome15	240792
chromosome15	241040
chromosome15	241221
chromosome15	241342
chromosome15	241763
chromosome15	241941
chromosome15	242128
chromosome15	242267
chromosome15	242446
chromosome15	242655
chromosome15	243223
chromosome15	243358
chromosome15	243467
chromosome15	243639
chromosome15	243826
chromosome15	243977
chromosome15	244218
chromosome15	244429
chromosome15	244711
chromosome15	244870
chromosome15	245068
chromosome15	245249
chromosome15	245495
chromosome15	245702
chromosome15	245914
chromosome15	246082
chromosome15	246297
chromosome15	246550
chromosome15	247017
chromosome15	247160
chromosome15	247333
chromosome15	247499
chromosome15	247689
chromosome15	247825
chromosome15	248007
chromosome15	248146
chromosome15	248319
chromosome15	248482
chromosome15	248683
chromosome15	248930
chromosome15	249105
chromosome15	249291
chromosome15	249463
chromosome15	249631
chromosome15	249830
chromosome15	250042
chromosome15	250250
chromosome15	250508
chromosome15	250687
chromosome15	251305
chromosome15	251577
chromosome15	251764
chromosome15	252033
chromosome15	252224
chromosome15	252384
chromosome15	252548
chromosome15	252714
chromosome15	252860
chromosome15	253479
chromosome15	253692
chromosome15	253850
chromosome15	253974
chromosome15	254089
chromosome15	254210
chromosome15	254402
chromosome15	254645
chromosome15	255071
chromosome15	255181
chromosome15	255369
chromosome15	255646
chromosome15	255930
chromosome15	256235
chromosome15	256385
chromosome15	256821
chromosome15	257012
chromosome15	257211
chromosome15	257492
chromosome15	257746
chromosome15	257893
chromosome15	258018
chromosome15	258211
chromosome15	258359
chromosome15	258509
chromosome15	258672
chromosome15	258853
chromosome15	259025
chromosome15	259367
chromosome15	259537
chromosome15	259741
chromosome15	259922
chromosome15	260137
chromosome15	260314
chromosome15	260558
chromosome15	260738
chromosome15	260945
chromosome15	261213
chromosome15	261434
chromosome15	261577
chromosome15	261765
chromosome15	261978
chromosome15	262165
chromosome15	262368
chromosome15	262558
chromosome15	262730
chromosome15	263030
chromosome15	263274
chromosome15	263403
chromosome15	263540
chromosome15	263805
chromosome15	263962
chromosome15	264195
chromosome15	264404
chromosome15	264631
chromosome15	264802
chromosome15	264916
chromosome15	265387
chromosome15	265608
chromosome15	265790
chromosome15	265968
chromosome15	266323
chromosome15	266524
chromosome15	266695
chromosome15	266862
chromosome15	267071
chromosome15	267217
chromosome15	267398
chromosome15	267577
chromosome15	267762
chromosome15	267891
chromosome15	268051
chromosome15	268282
chromosome15	268492
chromosome15	268706
chromosome15	268982
chromosome15	269235
chromosome15	269524
chromosome15	269893
chromosome15	270044
chromosome15	270218
chromosome15	270367
chromosome15	270495
chromosome15	270642
chromosome15	270823
chromosome15	270973
chromosome15	271163
chromosome15	271351
chromosome15	271518
chromosome15	271680
chromosome15	272022
chromosome15	272231
chromosome15	272329
chromosome15	272489
chromosome15	272741
chromosome15	272995
chromosome15	273281
chromosome15	273549
chromosome15	273712
chromosome15	273845
chromosome15	274023
chromosome15	274251
chromosome15	274380
chromosome15	274622
chromosome15	274809
chromosome15	274924
chromosome15	275034
chromosome15	275161
chromosome15	275324
chromosome15	275482
chromosome15	275671
chromosome15	275811
chromosome15	275978
chromosome15	276162
chromosome15	276345
chromosome15	276483
chromosome15	276688
chromosome15	276869
chromosome15	277025
chromosome15	277174
chromosome15	277274
chromosome15	277396
chromosome15	277505
chromosome15	278161
chromosome15	278394
chromosome15	278637
chromosome15	278901
chromosome15	279116
chromosome15	279324
chromosome15	279455
chromosome15	279683
chromosome15	279912
chromosome15	280122
chromosome15	280366
chromosome15	280583
chromosome15	280807
chromosome15	280935
chromosome15	281103
chromosome15	281268
chromosome15	281470
chromosome15	281673
chromosome15	281859
chromosome15	282307
chromosome15	282519
chromosome15	282733
chromosome15	283033
chromosome15	283324
chromosome15	283546
chromosome15	283740
chromosome15	283977
chromosome15	284202
chromosome15	284395
chromosome15	284578
chromosome15	284787
chromosome15	285006
chromosome15	285180
chromosome15	285385
chromosome15	285505
chromosome15	285711
chromosome15	285871
chromosome15	286029
chromosome15	286177
chromosome15	286323
chromosome15	286594
chromosome15	286855
chromosome15	287120
chromosome15	287428
chromosome15	287639
chromosome15	287902
chromosome15	288447
chromosome15	288552
chromosome15	288700
chromosome15	288830
chromosome15	289010
chromosome15	289131
chromosome15	289275
chromosome15	289466
chromosome15	289576
chromosome15	289701
chromosome15	289806
chromosome15	289910
chromosome15	290061
chromosome15	290258
chromosome15	290412
chromosome15	290861
chromosome15	290997
chromosome15	291220
chromosome15	291445
chromosome15	291628
chromosome15	291844
chromosome15	291968
chromosome15	292142
chromosome15	292357
chromosome15	292532
chromosome15	292713
chromosome15	292818
chromosome15	292989
chromosome15	293141
chromosome15	293323
chromosome15	293525
chromosome15	293658
chromosome15	293839
chromosome15	293993
chromosome15	294147
chromosome15	294308
chromosome15	294477
chromosome15	294650
chromosome15	294800
chromosome15	294979
chromosome15	295172
chromosome15	295386
chromosome15	295647
chromosome15	295869
chromosome15	296121
chromosome15	296253
chromosome15	296401
chromosome15	296535
chromosome15	296697
chromosome15	296809
chromosome15	297042
chromosome15	297197
chromosome15	297390
chromosome15	297528
chromosome15	297698
chromosome15	297851
chromosome15	297983
chromosome15	298098
chromosome15	298314
chromosome15	298457
chromosome15	298598
chromosome15	298724
chromosome15	298909
chromosome15	299065
chromosome15	299215
chromosome15	299539
chromosome15	299700
chromosome15	299838
chromosome15	300004
chromosome15	300435
chromosome15	300553
chromosome15	301190
chromosome15	301553
chromosome15	301700
chromosome15	301902
chromosome15	302114
chromosome15	302300
chromosome15	302474
chromosome15	302648
chromosome15	302912
chromosome15	303077
chromosome15	303267
chromosome15	303720
chromosome15	303942
chromosome15	304183
chromosome15	304350
chromosome15	304545
chromosome15	304666
chromosome15	304801
chromosome15	304992
chromosome15	305251
chromosome15	305406
chromosome15	305583
chromosome15	305766
chromosome15	306040
chromosome15	306290
chromosome15	306557
chromosome15	306754
chromosome15	307049
chromosome15	307274
chromosome15	307446
chromosome15	307720
chromosome15	307903
chromosome15	308055
chromosome15	308226
chromosome15	308420
chromosome15	308663
chromosome15	308942
chromosome15	309579
chromosome15	309802
chromosome15	309954
chromosome15	310225
chromosome15	310361
chromosome15	310541
chromosome15	310840
chromosome15	311021
chromosome15	311187
chromosome15	311340
chromosome15	311470
chromosome15	311646
chromosome15	311795
chromosome15	312020
chromosome15	312184
chromosome15	312325
chromosome15	312468
chromosome15	312641
chromosome15	312878
chromosome15	313210
chromosome15	313459
chromosome15	313690
chromosome15	313972
chromosome15	314275
chromosome15	314552
chromosome15	314809
chromosome15	315087
chromosome15	315349
chromosome15	315958
chromosome15	316210
chromosome15	316371
chromosome15	316553
chromosome15	316685
chromosome15	316874
chromosome15	317071
chromosome15	317295
chromosome15	317474
chromosome15	317642
chromosome15	317889
chromosome15	318044
chromosome15	318305
chromosome15	318593
chromosome15	318739
chromosome15	318931
chromosome15	319139
chromosome15	319589
chromosome15	319913
chromosome15	320128
chromosome15	320395
chromosome15	320590
chromosome15	320776
chromosome15	320918
chromosome15	321084
chromosome15	321275
chromosome15	321443
chromosome15	321592
chromosome15	321849
chromosome15	322081
chromosome15	322289
chromosome15	322478
chromosome15	322731
chromosome15	322893
chromosome15	323072
chromosome15	323221
chromosome15	323687
chromosome15	323903
chromosome15	324103
chromosome15	324384
chromosome15	324619
chromosome15	324846
chromosome15	325120
chromosome15	325253
chromosome15	325444
chromosome15	325695
chromosome15	325904
chromosome15	326059
chromosome15	326922
chromosome15	327089
chromosome15	327281
chromosome15	327428
chromosome15	327660
chromosome15	327901
chromosome15	328127
chromosome15	328307
chromosome15	328474
chromosome15	328645
chromosome15	328802
chromosome15	328954
chromosome15	329274
chromosome15	329404
chromosome15	329707
chromosome15	330014
chromosome15	330196
chromosome15	330403
chromosome15	330670
chromosome15	330909
chromosome15	331433
chromosome15	331614
chromosome15	331784
chromosome15	331983
chromosome15	332130
chromosome15	332365
chromosome15	332592
chromosome15	332835
chromosome15	333246
chromosome15	333558
chromosome15	333804
chromosome15	334015
chromosome15	334209
chromosome15	334376
chromosome15	334507
chromosome15	334673
chromosome15	334877
chromosome15	335055
chromosome15	335237
chromosome15	335401
chromosome15	335592
chromosome15	335837
chromosome15	336069
chromosome15	336265
chromosome15	336424
chromosome15	336633
chromosome15	336853
chromosome15	337042
chromosome15	337596
chromosome15	337698
chromosome15	337834
chromosome15	337971
chromosome15	338256
chromosome15	338544
chromosome15	338964
chromosome15	339175
chromosome15	339393
chromosome15	339544
chromosome15	339746
chromosome15	339936
chromosome15	340123
chromosome15	340275
chromosome15	341413
chromosome15	341656
chromosome15	341837
chromosome15	342091
chromosome15	342316
chromosome15	342475
chromosome15	342660
chromosome15	342820
chromosome15	343092
chromosome15	343217
chromosome15	343376
chromosome15	343526
chromosome15	343675
chromosome15	343815
chromosome15	344051
chromosome15	344199
chromosome15	344367
chromosome15	344460
chromosome15	344536
chromosome15	345192
chromosome15	345407
chromosome15	345581
chromosome15	345790
chromosome15	346609
chromosome15	346825
chromosome15	346981
chromosome15	347113
chromosome15	347384
chromosome15	347499
chromosome15	347632
chromosome15	347777
chromosome15	347924
chromosome15	348080
chromosome15	348241
chromosome15	348640
chromosome15	348775
chromosome15	348903
chromosome15	349030
chromosome15	349162
chromosome15	349292
chromosome15	349466
chromosome15	349843
chromosome15	350062
chromosome15	350353
chromosome15	350728
chromosome15	350923
chromosome15	351211
chromosome15	351469
chromosome15	351697
chromosome15	351803
chromosome15	351959
chromosome15	352198
chromosome15	352405
chromosome15	352668
chromosome15	352823
chromosome15	353038
chromosome15	353305
chromosome15	353656
chromosome15	354058
chromosome15	355541
chromosome15	355799
chromosome15	355978
chromosome15	356503
chromosome15	356706
chromosome15	356846
chromosome15	357054
chromosome15	357207
chromosome15	357437
chromosome15	357641
chromosome15	357879
chromosome15	358018
chromosome15	358153
chromosome15	358352
chromosome15	358542
chromosome15	358849
chromosome15	359179
chromosome15	359518
chromosome15	359830
chromosome15	360020
chromosome15	360149
chromosome15	360467
chromosome15	360678
chromosome15	360926
chromosome15	361145
chromosome15	361401
chromosome15	361554
chromosome15	361732
chromosome15	362063
chromosome15	362341
chromosome15	362546
chromosome15	362868
chromosome15	363067
chromosome15	363272
chromosome15	363475
chromosome15	363682
chromosome15	364093
chromosome15	364252
chromosome15	364437
chromosome15	364819
chromosome15	365089
chromosome15	365348
chromosome15	365613
chromosome15	365821
chromosome15	366036
chromosome15	366185
chromosome15	366444
chromosome15	366668
chromosome15	366856
chromosome15	367135
chromosome15	367467
chromosome15	367632
chromosome15	367808
chromosome15	367948
chromosome15	368062
chromosome15	368250
chromosome15	368359
chromosome15	368498
chromosome15	368687
chromosome15	368894
chromosome15	369242
chromosome15	369387
chromosome15	369595
chromosome15	369728
chromosome15	369851
chromosome15	370053
chromosome15	370273
chromosome15	370495
chromosome15	370824
chromosome15	371020
chromosome15	371199
chromosome15	371360
chromosome15	371501
chromosome15	371687
chromosome15	371851
chromosome15	372005
chromosome15	372828
chromosome15	373043
chromosome15	373268
chromosome15	373497
chromosome15	373601
chromosome15	373745
chromosome15	373972
chromosome15	374274
chromosome15	374502
chromosome15	374768
chromosome15	374942
chromosome15	375132
chromosome15	375299
chromosome15	375437
chromosome15	375589
chromosome15	375750
chromosome15	375897
chromosome15	376191
chromosome15	376325
chromosome15	376496
chromosome15	376651
chromosome15	376897
chromosome15	377022
chromosome15	377197
chromosome15	377329
chromosome15	377519
chromosome15	377749
chromosome15	377875
chromosome15	378002
chromosome15	378125
chromosome15	378243
chromosome15	378386
chromosome15	378681
chromosome15	378951
chromosome15	379173
chromosome15	379404
chromosome15	379607
chromosome15	379807
chromosome15	380026
chromosome15	380218
chromosome15	380409
chromosome15	380560
chromosome15	380742
chromosome15	380977
chromosome15	381168
chromosome15	381369
chromosome15	381565
chromosome15	381730
chromosome15	381941
chromosome15	382213
chromosome15	382432
chromosome15	382620
chromosome15	383743
chromosome15	383864
chromosome15	383982
chromosome15	384089
chromosome15	384212
chromosome15	384338
chromosome15	384461
chromosome15	384631
chromosome15	385604
chromosome15	386301
chromosome15	386413
chromosome15	386557
chromosome15	386727
chromosome15	386895
chromosome15	387059
chromosome15	387247
chromosome15	387429
chromosome15	387565
chromosome15	387726
chromosome15	387848
chromosome15	388178
chromosome15	388273
chromosome15	388395
chromosome15	388513
chromosome15	388652
chromosome15	388764
chromosome15	388855
chromosome15	388950
chromosome15	389109
chromosome15	389199
chromosome15	389336
chromosome15	389768
chromosome15	389926
chromosome15	390030
chromosome15	390169
chromosome15	390310
chromosome15	390450
chromosome15	390573
chromosome15	390683
chromosome15	390767
chromosome15	390888
chromosome15	391033
chromosome15	391192
chromosome15	391268
chromosome15	391428
chromosome15	391555
chromosome15	391683
chromosome15	391805
chromosome15	391895
chromosome15	391980
chromosome15	392154
chromosome15	392295
chromosome15	392431
chromosome15	392552
chromosome15	392636
chromosome15	392759
chromosome15	392905
chromosome15	393021
chromosome15	393137
chromosome15	393235
chromosome15	393384
chromosome15	393546
chromosome15	393734
chromosome15	393952
chromosome15	394168
chromosome15	394462
chromosome15	394627
chromosome15	394775
chromosome15	394995
chromosome15	395178
chromosome15	395335
chromosome15	395539
chromosome15	395727
chromosome15	395911
chromosome15	396076
chromosome15	396254
chromosome15	396412
chromosome15	396627
chromosome15	396766
chromosome15	396920
chromosome15	397070
chromosome15	397240
chromosome15	397554
chromosome15	397684
chromosome15	397851
chromosome15	398031
chromosome15	398221
chromosome15	398391
chromosome15	398514
chromosome15	398673
chromosome15	398809
chromosome15	398962
chromosome15	399113
chromosome15	399307
chromosome15	399495
chromosome15	399674
chromosome15	399883
chromosome15	400009
chromosome15	400126
chromosome15	400251
chromosome15	400386
chromosome15	400548
chromosome15	400740
chromosome15	400980
chromosome15	401172
chromosome15	401349
chromosome15	401491
chromosome15	401645
chromosome15	401837
chromosome15	402068
chromosome15	402239
chromosome15	402415
chromosome15	402532
chromosome15	402881
chromosome15	403048
chromosome15	403277
chromosome15	403529
chromosome15	403794
chromosome15	403951
chromosome15	404127
chromosome15	404291
chromosome15	404537
chromosome15	404729
chromosome15	404929
chromosome15	405177
chromosome15	405300
chromosome15	405466
chromosome15	405651
chromosome15	405802
chromosome15	406151
chromosome15	406457
chromosome15	406864
chromosome15	407002
chromosome15	407189
chromosome15	407335
chromosome15	407478
chromosome15	407628
chromosome15	407775
chromosome15	407977
chromosome15	408177
chromosome15	408303
chromosome15	408442
chromosome15	408612
chromosome15	408775
chromosome15	408996
chromosome15	409177
chromosome15	409351
chromosome15	409568
chromosome15	409880
chromosome15	410047
chromosome15	410200
chromosome15	410471
chromosome15	410844
chromosome15	411017
chromosome15	411259
chromosome15	411459
chromosome15	411606
chromosome15	411809
chromosome15	411919
chromosome15	412105
chromosome15	412301
chromosome15	412557
chromosome15	413105
chromosome15	413273
chromosome15	413405
chromosome15	413562
chromosome15	413802
chromosome15	413974
chromosome15	414340
chromosome15	414723
chromosome15	415011
chromosome15	415287
chromosome15	415482
chromosome15	415729
chromosome15	415882
chromosome15	416010
chromosome15	416424
chromosome15	416623
chromosome15	416794
chromosome15	416969
chromosome15	417149
chromosome15	417319
chromosome15	417474
chromosome15	417672
chromosome15	417815
chromosome15	417991
chromosome15	418181
chromosome15	418325
chromosome15	418636
chromosome15	418811
chromosome15	419041
chromosome15	419260
chromosome15	419470
chromosome15	419665
chromosome15	419878
chromosome15	420052
chromosome15	420244
chromosome15	420397
chromosome15	420672
chromosome15	421020
chromosome15	421285
chromosome15	421640
chromosome15	421781
chromosome15	421910
chromosome15	422155
chromosome15	422398
chromosome15	422553
chromosome15	422701
chromosome15	422839
chromosome15	423053
chromosome15	423245
chromosome15	423446
chromosome15	423613
chromosome15	423837
chromosome15	423999
chromosome15	424116
chromosome15	424266
chromosome15	424381
chromosome15	424520
chromosome15	424643
chromosome15	424844
chromosome15	425041
chromosome15	425186
chromosome15	425347
chromosome15	425575
chromosome15	425779
chromosome15	425993
chromosome15	426787
chromosome15	427018
chromosome15	427156
chromosome15	427335
chromosome15	427450
chromosome15	427628
chromosome15	428229
chromosome15	428529
chromosome15	428737
chromosome15	429000
chromosome15	429166
chromosome15	429357
chromosome15	429496
chromosome15	429666
chromosome15	429784
chromosome15	429991
chromosome15	430543
chromosome15	430787
chromosome15	431002
chromosome15	431124
chromosome15	431282
chromosome15	431523
chromosome15	431690
chromosome15	431852
chromosome15	431987
chromosome15	432123
chromosome15	432298
chromosome15	432492
chromosome15	432702
chromosome15	432838
chromosome15	433026
chromosome15	433207
chromosome15	433787
chromosome15	433964
chromosome15	434119
chromosome15	434261
chromosome15	434382
chromosome15	434591
chromosome15	435089
chromosome15	435256
chromosome15	435504
chromosome15	435625
chromosome15	435839
chromosome15	436241
chromosome15	436403
chromosome15	438057
chromosome15	438698
chromosome15	438823
chromosome15	438963
chromosome15	439152
chromosome15	439322
chromosome15	439504
chromosome15	439677
chromosome15	439885
chromosome15	440063
chromosome15	440266
chromosome15	440461
chromosome15	440658
chromosome15	440837
chromosome15	441078
chromosome15	441231
chromosome15	441390
chromosome15	441593
chromosome15	441880
chromosome15	442202
chromosome15	442443
chromosome15	442797
chromosome15	442951
chromosome15	443083
chromosome15	443227
chromosome15	443418
chromosome15	443565
chromosome15	443679
chromosome15	443834
chromosome15	443992
chromosome15	444117
chromosome15	444250
chromosome15	444651
chromosome15	444928
chromosome15	445168
chromosome15	445540
chromosome15	446022
chromosome15	446239
chromosome15	446379
chromosome15	446534
chromosome15	446721
chromosome15	446856
chromosome15	447436
chromosome15	447606
chromosome15	447864
chromosome15	448147
chromosome15	449079
chromosome15	449204
chromosome15	449380
chromosome15	449568
chromosome15	449735
chromosome15	449922
chromosome15	450093
chromosome15	450235
chromosome15	450368
chromosome15	450520
chromosome15	450764
chromosome15	450983
chromosome15	451145
chromosome15	451313
chromosome15	451447
chromosome15	452215
chromosome15	452392
chromosome15	452656
chromosome15	452882
chromosome15	453149
chromosome15	453406
chromosome15	453611
chromosome15	453818
chromosome15	453991
chromosome15	454176
chromosome15	454367
chromosome15	454503
chromosome15	454656
chromosome15	454891
chromosome15	455103
chromosome15	455291
chromosome15	455510
chromosome15	455691
chromosome15	456011
chromosome15	456291
chromosome15	456601
chromosome15	456911
chromosome15	457202
chromosome15	457383
chromosome15	457538
chromosome15	457718
chromosome15	457884
chromosome15	458103
chromosome15	458233
chromosome15	458438
chromosome15	458546
chromosome15	458702
chromosome15	458918
chromosome15	459107
chromosome15	459293
chromosome15	459430
chromosome15	459575
chromosome15	459700
chromosome15	459897
chromosome15	460035
chromosome15	460287
chromosome15	460440
chromosome15	460583
chromosome15	460713
chromosome15	460863
chromosome15	461035
chromosome15	461250
chromosome15	461548
chromosome15	461758
chromosome15	461884
chromosome15	462041
chromosome15	462899
chromosome15	463030
chromosome15	463155
chromosome15	463351
chromosome15	463740
chromosome15	463870
chromosome15	464493
chromosome15	464666
chromosome15	464863
chromosome15	465043
chromosome15	465226
chromosome15	465399
chromosome15	465531
chromosome15	465693
chromosome15	465964
chromosome15	466189
chromosome15	466762
chromosome15	467008
chromosome15	467338
chromosome15	467581
chromosome15	467809
chromosome15	467945
chromosome15	468087
chromosome15	468204
chromosome15	468371
chromosome15	468589
chromosome15	468796
chromosome15	469009
chromosome15	469469
chromosome15	469602
chromosome15	469751
chromosome15	469973
chromosome15	470133
chromosome15	470349
chromosome15	470499
chromosome15	470684
chromosome15	470832
chromosome15	470998
chromosome15	471117
chromosome15	471257
chromosome15	471366
chromosome15	471513
chromosome15	471680
chromosome15	471831
chromosome15	471997
chromosome15	472258
chromosome15	472450
chromosome15	472662
chromosome15	472796
chromosome15	472970
chromosome15	473126
chromosome15	473335
chromosome15	473587
chromosome15	473824
chromosome15	473996
chromosome15	474198
chromosome15	474388
chromosome15	474609
chromosome15	474800
chromosome15	475022
chromosome15	475483
chromosome15	475674
chromosome15	475816
chromosome15	475986
chromosome15	476156
chromosome15	476315
chromosome15	476462
chromosome15	477179
chromosome15	477296
chromosome15	477451
chromosome15	477590
chromosome15	477733
chromosome15	477868
chromosome15	478033
chromosome15	478240
chromosome15	478391
chromosome15	478568
chromosome15	478721
chromosome15	478901
chromosome15	479042
chromosome15	479161
chromosome15	479700
chromosome15	479845
chromosome15	480006
chromosome15	480167
chromosome15	480399
chromosome15	480558
chromosome15	480670
chromosome15	480878
chromosome15	480993
chromosome15	481144
chromosome15	481241
chromosome15	481391
chromosome15	481516
chromosome15	481612
chromosome15	481728
chromosome15	481872
chromosome15	481993
chromosome15	482126
chromosome15	482291
chromosome15	482440
chromosome15	482578
chromosome15	482716
chromosome15	482948
chromosome15	483216
chromosome15	483345
chromosome15	483507
chromosome15	483636
chromosome15	483804
chromosome15	483974
chromosome15	484134
chromosome15	484257
chromosome15	484381
chromosome15	484529
chromosome15	484776
chromosome15	484911
chromosome15	485096
chromosome15	485241
chromosome15	485370
chromosome15	485550
chromosome15	485820
chromosome15	485992
chromosome15	486185
chromosome15	486387
chromosome15	486552
chromosome15	486754
chromosome15	486973
chromosome15	487108
chromosome15	487600
chromosome15	487727
chromosome15	487885
chromosome15	488068
chromosome15	488263
chromosome15	488472
chromosome15	488670
chromosome15	488942
chromosome15	489227
chromosome15	489402
chromosome15	489544
chromosome15	490253
chromosome15	490487
chromosome15	490808
chromosome15	490926
chromosome15	491264
chromosome15	491429
chromosome15	491585
chromosome15	491837
chromosome15	492031
chromosome15	492235
chromosome15	492475
chromosome15	492629
chromosome15	492828
chromosome15	492941
chromosome15	493105
chromosome15	493305
chromosome15	493437
chromosome15	493668
chromosome15	493912
chromosome15	494170
chromosome15	494332
chromosome15	494761
chromosome15	494920
chromosome15	495029
chromosome15	495342
chromosome15	495561
chromosome15	495759
chromosome15	495901
chromosome15	496049
chromosome15	496227
chromosome15	496481
chromosome15	496797
chromosome15	497632
chromosome15	497818
chromosome15	498007
chromosome15	498186
chromosome15	498365
chromosome15	498559
chromosome15	498759
chromosome15	498983
chromosome15	499179
chromosome15	499341
chromosome15	499545
chromosome15	499713
chromosome15	499981
chromosome15	500180
chromosome15	500347
chromosome15	500544
chromosome15	500839
chromosome15	501165
chromosome15	501381
chromosome15	501551
chromosome15	501751
chromosome15	501958
chromosome15	502121
chromosome15	502278
chromosome15	502483
chromosome15	502645
chromosome15	502799
chromosome15	503114
chromosome15	503380
chromosome15	503666
chromosome15	503906
chromosome15	504136
chromosome15	504334
chromosome15	504481
chromosome15	504638
chromosome15	504770
chromosome15	504886
chromosome15	505024
chromosome15	505165
chromosome15	505304
chromosome15	505444
chromosome15	505574
chromosome15	505747
chromosome15	506022
chromosome15	506145
chromosome15	506278
chromosome15	506518
chromosome15	507078
chromosome15	507224
chromosome15	507385
chromosome15	507544
chromosome15	507656
chromosome15	507819
chromosome15	508001
chromosome15	508134
chromosome15	508263
chromosome15	508400
chromosome15	508553
chromosome15	508687
chromosome15	508809
chromosome15	508933
chromosome15	509092
chromosome15	509210
chromosome15	509349
chromosome15	509497
chromosome15	509621
chromosome15	509758
chromosome15	509894
chromosome15	510043
chromosome15	510179
chromosome15	510312
chromosome15	510472
chromosome15	510649
chromosome15	510838
chromosome15	511012
chromosome15	511122
chromosome15	511254
chromosome15	511387
chromosome15	511587
chromosome15	511736
chromosome15	511890
chromosome15	512082
chromosome15	512313
chromosome15	512576
chromosome15	512857
chromosome15	513214
chromosome15	513442
chromosome15	513625
chromosome15	513823
chromosome15	514029
chromosome15	514202
chromosome15	514334
chromosome15	514459
chromosome15	514594
chromosome15	514695
chromosome15	515228
chromosome15	515417
chromosome15	515569
chromosome15	515728
chromosome15	515871
chromosome15	516015
chromosome15	516154
chromosome15	516433
chromosome15	516662
chromosome15	516881
chromosome15	517065
chromosome15	517268
chromosome15	517411
chromosome15	517833
chromosome15	518025
chromosome15	518191
chromosome15	518346
chromosome15	518646
chromosome15	518754
chromosome15	518884
chromosome15	519088
chromosome15	519233
chromosome15	519387
chromosome15	519505
chromosome15	519697
chromosome15	519924
chromosome15	520062
chromosome15	520187
chromosome15	520319
chromosome15	520457
chromosome15	520624
chromosome15	520757
chromosome15	520880
chromosome15	521183
chromosome15	521322
chromosome15	521476
chromosome15	521664
chromosome15	521791
chromosome15	521920
chromosome15	522077
chromosome15	522232
chromosome15	522362
chromosome15	522519
chromosome15	523117
chromosome15	523294
chromosome15	523466
chromosome15	523864
chromosome15	524046
chromosome15	524235
chromosome15	524440
chromosome15	524608
chromosome15	525142
chromosome15	525296
chromosome15	525493
chromosome15	525706
chromosome15	525919
chromosome15	526189
chromosome15	526420
chromosome15	526616
chromosome15	526890
chromosome15	527074
chromosome15	527286
chromosome15	527505
chromosome15	527728
chromosome15	527972
chromosome15	528296
chromosome15	528428
chromosome15	528562
chromosome15	528900
chromosome15	529071
chromosome15	529293
chromosome15	529490
chromosome15	529722
chromosome15	529898
chromosome15	530068
chromosome15	530240
chromosome15	530388
chromosome15	530557
chromosome15	530674
chromosome15	530905
chromosome15	531100
chromosome15	531216
chromosome15	531344
chromosome15	531606
chromosome15	531790
chromosome15	531983
chromosome15	532147
chromosome15	532311
chromosome15	532496
chromosome15	532696
chromosome15	532892
chromosome15	533043
chromosome15	533193
chromosome15	533374
chromosome15	533545
chromosome15	533678
chromosome15	533848
chromosome15	534030
chromosome15	534183
chromosome15	534358
chromosome15	534660
chromosome15	534814
chromosome15	535004
chromosome15	535263
chromosome15	535439
chromosome15	535589
chromosome15	535786
chromosome15	536038
chromosome15	536328
chromosome15	536464
chromosome15	536638
chromosome15	537505
chromosome15	537614
chromosome15	537883
chromosome15	538052
chromosome15	538226
chromosome15	538385
chromosome15	538660
chromosome15	538871
chromosome15	539141
chromosome15	539327
chromosome15	539533
chromosome15	539901
chromosome15	540279
chromosome15	540491
chromosome15	540723
chromosome15	540995
chromosome15	541194
chromosome15	541374
chromosome15	541614
chromosome15	541948
chromosome15	542300
chromosome15	542616
chromosome15	542872
chromosome15	543142
chromosome15	543416
chromosome15	543642
chromosome15	543957
chromosome15	544177
chromosome15	544356
chromosome15	544488
chromosome15	544591
chromosome15	544693
chromosome15	544886
chromosome15	545005
chromosome15	545210
chromosome15	545461
chromosome15	545760
chromosome15	546093
chromosome15	546474
chromosome15	546733
chromosome15	546853
chromosome15	547002
chromosome15	547153
chromosome15	547373
chromosome15	547519
chromosome15	547732
chromosome15	547942
chromosome15	548117
chromosome15	548281
chromosome15	548434
chromosome15	548735
chromosome15	548954
chromosome15	549128
chromosome15	549388
chromosome15	549581
chromosome15	549836
chromosome15	550123
chromosome15	550660
chromosome15	550813
chromosome15	550943
chromosome15	551119
chromosome15	551305
chromosome15	551506
chromosome15	551711
chromosome15	551922
chromosome15	552200
chromosome15	552400
chromosome15	552684
chromosome15	552829
chromosome15	552987
chromosome15	553115
chromosome15	553320
chromosome15	553560
chromosome15	553764
chromosome15	554014
chromosome15	554217
chromosome15	554405
chromosome15	554576
chromosome15	554778
chromosome15	555016
chromosome15	555196
chromosome15	555425
chromosome15	555666
chromosome15	555953
chromosome15	556111
chromosome15	556341
chromosome15	556602
chromosome15	556807
chromosome15	557010
chromosome15	557265
chromosome15	557445
chromosome15	557630
chromosome15	557821
chromosome15	558046
chromosome15	558181
chromosome15	558450
chromosome15	558646
chromosome15	558953
chromosome15	559186
chromosome15	559347
chromosome15	559531
chromosome15	559749
chromosome15	560035
chromosome15	560232
chromosome15	560400
chromosome15	560622
chromosome15	560916
chromosome15	561129
chromosome15	561369
chromosome15	561583
chromosome15	561757
chromosome15	561919
chromosome15	562071
chromosome15	562258
chromosome15	562408
chromosome15	562567
chromosome15	562692
chromosome15	562843
chromosome15	563040
chromosome15	563220
chromosome15	563453
chromosome15	563653
chromosome15	563849
chromosome15	564168
chromosome15	564580
chromosome15	564824
chromosome15	565072
chromosome15	565271
chromosome15	565506
chromosome15	565776
chromosome15	566015
chromosome15	566242
chromosome15	566746
chromosome15	566895
chromosome15	567096
chromosome15	567269
chromosome15	567441
chromosome15	567638
chromosome15	567936
chromosome15	568083
chromosome15	568249
chromosome15	568357
chromosome15	568698
chromosome15	568945
chromosome15	569145
chromosome15	569415
chromosome15	569604
chromosome15	569843
chromosome15	570064
chromosome15	570356
chromosome15	570566
chromosome15	570789
chromosome15	571008
chromosome15	571149
chromosome15	571383
chromosome15	572327
chromosome15	572529
chromosome15	572725
chromosome15	572911
chromosome15	573085
chromosome15	573253
chromosome15	573441
chromosome15	573573
chromosome15	573810
chromosome15	574065
chromosome15	574290
chromosome15	574449
chromosome15	574665
chromosome15	574832
chromosome15	575009
chromosome15	577658
chromosome15	578079
chromosome15	578248
chromosome15	578388
chromosome15	578634
chromosome15	578810
chromosome15	579009
chromosome15	579184
chromosome15	579340
chromosome15	579504
chromosome15	579707
chromosome15	579821
chromosome15	580357
chromosome15	580612
chromosome15	580906
chromosome15	581188
chromosome15	581824
chromosome15	582047
chromosome15	582283
chromosome15	582471
chromosome15	582716
chromosome15	582924
chromosome15	583162
chromosome15	583414
chromosome15	583540
chromosome15	584220
chromosome15	584370
chromosome15	584509
chromosome15	584641
chromosome15	584801
chromosome15	584951
chromosome15	585080
chromosome15	585226
chromosome15	585426
chromosome15	585596
chromosome15	585701
chromosome15	585868
chromosome15	585987
chromosome15	586121
chromosome15	586289
chromosome15	586445
chromosome15	586558
chromosome15	586684
chromosome15	586833
chromosome15	586966
chromosome15	587089
chromosome15	587214
chromosome15	587375
chromosome15	587516
chromosome15	587642
chromosome15	587817
chromosome15	587984
chromosome15	588170
chromosome15	588305
chromosome15	588421
chromosome15	588542
chromosome15	588660
chromosome15	588774
chromosome15	588918
chromosome15	589032
chromosome15	589146
chromosome15	589249
chromosome15	589603
chromosome15	589813
chromosome15	589981
chromosome15	590139
chromosome15	590278
chromosome15	590439
chromosome15	590587
chromosome15	590715
chromosome15	590836
chromosome15	590968
chromosome15	591187
chromosome15	591331
chromosome15	591526
chromosome15	591679
chromosome15	591836
chromosome15	592000
chromosome15	592149
chromosome15	592256
chromosome15	592465
chromosome15	592628
chromosome15	592761
chromosome15	592892
chromosome15	593020
chromosome15	593119
chromosome15	593275
chromosome15	593451
chromosome15	593641
chromosome15	593838
chromosome15	594030
chromosome15	601363
chromosome15	601560
chromosome15	601746
chromosome15	601892
chromosome15	602127
chromosome15	602297
chromosome15	602432
chromosome15	602578
chromosome15	602726
chromosome15	602932
chromosome15	603086
chromosome15	603239
chromosome15	603401
chromosome15	603546
chromosome15	603672
chromosome15	603874
chromosome15	604042
chromosome15	604157
chromosome15	604342
chromosome15	604467
chromosome15	604605
chromosome15	604757
chromosome15	604902
chromosome15	605082
chromosome15	605270
chromosome15	605465
chromosome15	605710
chromosome15	605918
chromosome15	606058
chromosome15	606202
chromosome15	606340
chromosome15	606497
chromosome15	606620
chromosome15	606759
chromosome15	606993
chromosome15	607186
chromosome15	607510
chromosome15	607809
chromosome15	608071
chromosome15	608727
chromosome15	608865
chromosome15	609014
chromosome15	609275
chromosome15	609454
chromosome15	609560
chromosome15	609687
chromosome15	609792
chromosome15	609956
chromosome15	610158
chromosome15	610349
chromosome15	610544
chromosome15	610939
chromosome15	611152
chromosome15	611356
chromosome15	611499
chromosome15	611632
chromosome15	611770
chromosome15	611863
chromosome15	612040
chromosome15	612373
chromosome15	613348
chromosome15	613768
chromosome15	614029
chromosome15	614392
chromosome15	614685
chromosome15	615051
chromosome15	615414
chromosome15	615790
chromosome15	616240
chromosome15	616545
chromosome15	616744
chromosome15	616879
chromosome15	617064
chromosome15	617178
chromosome15	617280
chromosome15	617456
chromosome15	617610
chromosome15	617776
chromosome15	617956
chromosome15	618135
chromosome15	618301
chromosome15	618435
chromosome15	618592
chromosome15	618769
chromosome15	618899
chromosome15	619073
chromosome15	619201
chromosome15	619415
chromosome15	619564
chromosome15	619685
chromosome15	619828
chromosome15	620013
chromosome15	620108
chromosome15	620256
chromosome15	620435
chromosome15	620620
chromosome15	620799
chromosome15	620971
chromosome15	621131
chromosome15	621288
chromosome15	621420
chromosome15	621579
chromosome15	621735
chromosome15	621871
chromosome15	621994
chromosome15	622119
chromosome15	622273
chromosome15	622375
chromosome15	622501
chromosome15	622641
chromosome15	622768
chromosome15	622955
chromosome15	623193
chromosome15	623359
chromosome15	623523
chromosome15	623684
chromosome15	623874
chromosome15	624024
chromosome15	624132
chromosome15	624248
chromosome15	624803
chromosome15	624902
chromosome15	625039
chromosome15	625182
chromosome15	625378
chromosome15	625584
chromosome15	625840
chromosome15	625975
chromosome15	626200
chromosome15	626427
chromosome15	626710
chromosome15	626943
chromosome15	627120
chromosome15	627269
chromosome15	627424
chromosome15	627632
chromosome15	627867
chromosome15	628052
chromosome15	628199
chromosome15	628332
chromosome15	628495
chromosome15	628655
chromosome15	628790
chromosome15	628948
chromosome15	629086
chromosome15	629224
chromosome15	629454
chromosome15	629656
chromosome15	629857
chromosome15	630070
chromosome15	630277
chromosome15	631060
chromosome15	631299
chromosome15	631505
chromosome15	631756
chromosome15	631882
chromosome15	631986
chromosome15	632123
chromosome15	632333
chromosome15	632513
chromosome15	632722
chromosome15	632901
chromosome15	633214
chromosome15	633341
chromosome15	633561
chromosome15	633770
chromosome15	633955
chromosome15	634180
chromosome15	634428
chromosome15	634606
chromosome15	634782
chromosome15	635177
chromosome15	635446
chromosome15	635635
chromosome15	635802
chromosome15	635956
chromosome15	636172
chromosome15	636325
chromosome15	636555
chromosome15	636718
chromosome15	637143
chromosome15	637317
chromosome15	637467
chromosome15	637610
chromosome15	637794
chromosome15	637916
chromosome15	638089
chromosome15	638208
chromosome15	638358
chromosome15	638502
chromosome15	638623
chromosome15	638859
chromosome15	639165
chromosome15	639284
chromosome15	639414
chromosome15	639589
chromosome15	639699
chromosome15	639805
chromosome15	639911
chromosome15	640122
chromosome15	640245
chromosome15	640391
chromosome15	640521
chromosome15	640739
chromosome15	640866
chromosome15	641033
chromosome15	641189
chromosome15	641306
chromosome15	641456
chromosome15	641549
chromosome15	641657
chromosome15	641792
chromosome15	641930
chromosome15	642046
chromosome15	642165
chromosome15	642233
chromosome15	642383
chromosome15	642539
chromosome15	642656
chromosome15	642773
chromosome15	642931
chromosome15	643093
chromosome15	643262
chromosome15	643381
chromosome15	643730
chromosome15	643879
chromosome15	644022
chromosome15	644183
chromosome15	644396
chromosome15	644548
chromosome15	644741
chromosome15	644931
chromosome15	645148
chromosome15	645334
chromosome15	645530
chromosome15	645680
chromosome15	645816
chromosome15	645991
chromosome15	646197
chromosome15	646428
chromosome15	646660
chromosome15	647254
chromosome15	647525
chromosome15	647701
chromosome15	647914
chromosome15	648069
chromosome15	648319
chromosome15	648566
chromosome15	648985
chromosome15	649323
chromosome15	649530
chromosome15	649785
chromosome15	649987
chromosome15	650230
chromosome15	650521
chromosome15	650807
chromosome15	651054
chromosome15	651271
chromosome15	651523
chromosome15	652128
chromosome15	652306
chromosome15	652514
chromosome15	652724
chromosome15	652999
chromosome15	653178
chromosome15	653360
chromosome15	653530
chromosome15	653697
chromosome15	653809
chromosome15	653945
chromosome15	654045
chromosome15	654176
chromosome15	654328
chromosome15	654535
chromosome15	654745
chromosome15	654911
chromosome15	655100
chromosome15	655242
chromosome15	655466
chromosome15	655671
chromosome15	655846
chromosome15	656015
chromosome15	656169
chromosome15	656354
chromosome15	656472
chromosome15	656633
chromosome15	656854
chromosome15	656957
chromosome15	657172
chromosome15	657337
chromosome15	657553
chromosome15	657802
chromosome15	657971
chromosome15	658232
chromosome15	658372
chromosome15	658573
chromosome15	658721
chromosome15	658893
chromosome15	659111
chromosome15	659266
chromosome15	659463
chromosome15	659623
chromosome15	659902
chromosome15	660109
chromosome15	660361
chromosome15	660668
chromosome15	660943
chromosome15	661224
chromosome15	661423
chromosome15	661641
chromosome15	661783
chromosome15	662086
chromosome15	662229
chromosome15	662321
chromosome15	662443
chromosome15	662619
chromosome15	662769
chromosome15	662964
chromosome15	663138
chromosome15	663299
chromosome15	663471
chromosome15	664484
chromosome15	664599
chromosome15	665858
chromosome15	665994
chromosome15	666129
chromosome15	666441
chromosome15	666543
chromosome15	666689
chromosome15	666856
chromosome15	666976
chromosome15	667101
chromosome15	667967
chromosome15	668090
chromosome15	668193
chromosome15	668278
chromosome15	668424
chromosome15	668562
chromosome15	668748
chromosome15	668925
chromosome15	669378
chromosome15	669522
chromosome15	669623
chromosome15	669835
chromosome15	669994
chromosome15	670158
chromosome15	670976
chromosome15	671124
chromosome15	671251
chromosome15	671489
chromosome15	671653
chromosome15	671800
chromosome15	672032
chromosome15	672187
chromosome15	672346
chromosome15	672487
chromosome15	672885
chromosome15	673044
chromosome15	673180
chromosome15	673327
chromosome15	673445
chromosome15	673559
chromosome15	673678
chromosome15	673785
chromosome15	673904
chromosome15	674026
chromosome15	674763
chromosome15	674929
chromosome15	675060
chromosome15	675873
chromosome15	675995
chromosome15	676190
chromosome15	676415
chromosome15	676586
chromosome15	676745
chromosome15	676947
chromosome15	677299
chromosome15	677468
chromosome15	677671
chromosome15	678258
chromosome15	678869
chromosome15	679008
chromosome15	679146
chromosome15	679458
chromosome15	679671
chromosome15	679906
chromosome15	680106
chromosome15	680385
chromosome15	680616
chromosome15	681699
chromosome15	682073
chromosome15	682238
chromosome15	682400
chromosome15	682548
chromosome15	682695
chromosome15	682856
chromosome15	683031
chromosome15	683181
chromosome15	683302
chromosome15	683475
chromosome15	683627
chromosome15	683745
chromosome15	683868
chromosome15	684067
chromosome15	684329
chromosome15	684702
chromosome15	685043
chromosome15	685460
chromosome15	685569
chromosome15	685767
chromosome15	685933
chromosome15	686153
chromosome15	686441
chromosome15	686720
chromosome15	687226
chromosome15	687373
chromosome15	687593
chromosome15	687772
chromosome15	687959
chromosome15	688173
chromosome15	688311
chromosome15	688457
chromosome15	688599
chromosome15	688768
chromosome15	688918
chromosome15	689055
chromosome15	689495
chromosome15	689635
chromosome15	689849
chromosome15	690026
chromosome15	690238
chromosome15	690488
chromosome15	690686
chromosome15	690935
chromosome15	691169
chromosome15	691351
chromosome15	691504
chromosome15	691687
chromosome15	691921
chromosome15	692233
chromosome15	692387
chromosome15	692632
chromosome15	692783
chromosome15	692917
chromosome15	693028
chromosome15	693169
chromosome15	693300
chromosome15	693473
chromosome15	693645
chromosome15	693786
chromosome15	693961
chromosome15	694107
chromosome15	694293
chromosome15	694450
chromosome15	694667
chromosome15	694916
chromosome15	695108
chromosome15	695352
chromosome15	695634
chromosome15	695866
chromosome15	696125
chromosome15	696341
chromosome15	696573
chromosome15	696809
chromosome15	697083
chromosome15	697400
chromosome15	697524
chromosome15	697906
chromosome15	698062
chromosome15	698220
chromosome15	698380
chromosome15	698510
chromosome15	698646
chromosome15	698795
chromosome15	698916
chromosome15	699017
chromosome15	699154
chromosome15	699298
chromosome15	699460
chromosome15	699602
chromosome15	699736
chromosome15	699895
chromosome15	700062
chromosome15	700211
chromosome15	700343
chromosome15	700529
chromosome15	700660
chromosome15	700869
chromosome15	700989
chromosome15	701135
chromosome15	701267
chromosome15	701395
chromosome15	701539
chromosome15	701686
chromosome15	701826
chromosome15	701935
chromosome15	702052
chromosome15	702162
chromosome15	702293
chromosome15	702400
chromosome15	702524
chromosome15	702653
chromosome15	702793
chromosome15	703012
chromosome15	703139
chromosome15	710606
chromosome15	710746
chromosome15	711746
chromosome15	711967
chromosome15	712120
chromosome15	712398
chromosome15	712597
chromosome15	713028
chromosome15	713184
chromosome15	713371
chromosome15	713705
chromosome15	714398
chromosome15	714610
chromosome15	715602
chromosome15	715846
chromosome15	716120
chromosome15	716429
chromosome15	716639
chromosome15	716816
chromosome15	716931
chromosome15	717070
chromosome15	717404
chromosome15	717614
chromosome15	717863
chromosome15	718122
chromosome15	718384
chromosome15	718938
chromosome15	719146
chromosome15	719375
chromosome15	719640
chromosome15	719906
chromosome15	720134
chromosome15	720366
chromosome15	720581
chromosome15	720794
chromosome15	720959
chromosome15	721169
chromosome15	721355
chromosome15	721499
chromosome15	721751
chromosome15	722016
chromosome15	722254
chromosome15	722491
chromosome15	722746
chromosome15	722940
chromosome15	723160
chromosome15	723399
chromosome15	723606
chromosome15	723981
chromosome15	724261
chromosome15	724514
chromosome15	724742
chromosome15	725666
chromosome15	725818
chromosome15	725980
chromosome15	726188
chromosome15	726380
chromosome15	726574
chromosome15	726802
chromosome15	727012
chromosome15	727206
chromosome15	727328
chromosome15	727594
chromosome15	727784
chromosome15	727996
chromosome15	728226
chromosome15	728389
chromosome15	728669
chromosome15	728910
chromosome15	729213
chromosome15	729493
chromosome15	729762
chromosome15	729908
chromosome15	730184
chromosome15	730569
chromosome15	730830
chromosome15	731109
chromosome15	731421
chromosome15	731687
chromosome15	731934
chromosome15	732192
chromosome15	732483
chromosome15	732792
chromosome15	733116
chromosome15	733427
chromosome15	733555
chromosome15	733731
chromosome15	733878
chromosome15	734056
chromosome15	734197
chromosome15	734410
chromosome15	735187
chromosome15	735352
chromosome15	735686
chromosome15	735873
chromosome15	736426
chromosome15	736569
chromosome15	736818
chromosome15	737041
chromosome15	737251
chromosome15	737453
chromosome15	737670
chromosome15	737816
chromosome15	737931
chromosome15	738072
chromosome15	738472
chromosome15	739182
chromosome15	739369
chromosome15	739650
chromosome15	739878
chromosome15	740206
chromosome15	740475
chromosome15	740814
chromosome15	741085
chromosome15	741267
chromosome15	741446
chromosome15	741580
chromosome15	741733
chromosome15	741923
chromosome15	742097
chromosome15	742197
chromosome15	742313
chromosome15	742506
chromosome15	742661
chromosome15	742877
chromosome15	743068
chromosome15	743312
chromosome15	743612
chromosome15	743830
chromosome15	744166
chromosome15	744386
chromosome15	744560
chromosome15	744708
chromosome15	744867
chromosome15	745041
chromosome15	745193
chromosome15	745580
chromosome15	745685
chromosome15	745863
chromosome15	746013
chromosome15	746147
chromosome15	746284
chromosome15	746848
chromosome15	747077
chromosome15	747286
chromosome15	747447
chromosome15	747665
chromosome15	747909
chromosome15	748070
chromosome15	748386
chromosome15	748622
chromosome15	748780
chromosome15	748871
chromosome15	749041
chromosome15	749214
chromosome15	749417
chromosome15	749589
chromosome15	749744
chromosome15	749948
chromosome15	750133
chromosome15	750341
chromosome15	750608
chromosome15	750878
chromosome15	751140
chromosome15	751335
chromosome15	751545
chromosome15	751726
chromosome15	751901
chromosome15	752228
chromosome15	752409
chromosome15	752661
chromosome15	752906
chromosome15	753103
chromosome15	753280
chromosome15	753519
chromosome15	753707
chromosome15	753912
chromosome15	754116
chromosome15	754352
chromosome15	754525
chromosome15	754672
chromosome15	754866
chromosome15	755038
chromosome15	755147
chromosome15	755300
chromosome15	755491
chromosome15	755671
chromosome15	755891
chromosome15	756049
chromosome15	756387
chromosome15	756500
chromosome15	756815
chromosome15	757244
chromosome15	757429
chromosome15	757647
chromosome15	757838
chromosome15	758024
chromosome15	758241
chromosome15	758488
chromosome15	758718
chromosome15	759015
chromosome15	759232
chromosome15	759435
chromosome15	759825
chromosome15	760038
chromosome15	760192
chromosome15	760362
chromosome15	760593
chromosome15	761053
chromosome15	761608
chromosome15	761871
chromosome15	762067
chromosome15	762217
chromosome15	762395
chromosome15	762539
chromosome15	762660
chromosome15	762810
chromosome15	763009
chromosome15	763148
chromosome15	763379
chromosome15	763484
chromosome15	763636
chromosome15	763820
chromosome15	763979
chromosome15	764142
chromosome15	764378
chromosome15	764750
chromosome15	764967
chromosome15	765177
chromosome15	765404
chromosome15	765887
chromosome15	766075
chromosome15	766252
chromosome15	766443
chromosome15	767004
chromosome15	767174
chromosome15	767353
chromosome15	767546
chromosome15	767716
chromosome15	767830
chromosome15	767937
chromosome15	768095
chromosome15	768459
chromosome15	768793
chromosome15	769092
chromosome15	769344
chromosome15	769552
chromosome15	770153
chromosome15	770339
chromosome15	770889
chromosome15	771075
chromosome15	771351
chromosome15	771630
chromosome15	771864
chromosome15	772059
chromosome15	772390
chromosome15	772566
chromosome15	772808
chromosome15	772979
chromosome15	773142
chromosome15	773338
chromosome15	773560
chromosome15	773797
chromosome15	774076
chromosome15	774372
chromosome15	774516
chromosome15	774707
chromosome15	774889
chromosome15	775235
chromosome15	775580
chromosome15	775742
chromosome15	775885
chromosome15	776049
chromosome15	776268
chromosome15	776583
chromosome15	776814
chromosome15	776964
chromosome15	777104
chromosome15	777289
chromosome15	777473
chromosome15	777618
chromosome15	777737
chromosome15	777914
chromosome15	778067
chromosome15	778215
chromosome15	778933
chromosome15	779050
chromosome15	779212
chromosome15	779342
chromosome15	779464
chromosome15	779589
chromosome15	779691
chromosome15	780033
chromosome15	780094
chromosome15	780202
chromosome15	780371
chromosome15	780543
chromosome15	780799
chromosome15	780905
chromosome15	781155
chromosome15	781386
chromosome15	781596
chromosome15	781751
chromosome15	781945
chromosome15	782123
chromosome15	782352
chromosome15	782554
chromosome15	782783
chromosome15	782977
chromosome15	783169
chromosome15	783913
chromosome15	784283
chromosome15	784546
chromosome15	784747
chromosome15	784966
chromosome15	785153
chromosome15	785292
chromosome15	785631
chromosome15	785798
chromosome15	786132
chromosome15	786369
chromosome15	786645
chromosome15	787094
chromosome15	787321
chromosome15	787568
chromosome15	787855
chromosome15	788035
chromosome15	788253
chromosome15	788468
chromosome15	789067
chromosome15	789288
chromosome15	789494
chromosome15	789669
chromosome15	790061
chromosome15	790247
chromosome15	790477
chromosome15	790714
chromosome15	790960
chromosome15	791225
chromosome15	791448
chromosome15	791702
chromosome15	791915
chromosome15	792088
chromosome15	792258
chromosome15	792432
chromosome15	792587
chromosome15	792864
chromosome15	793113
chromosome15	793376
chromosome15	793653
chromosome15	794080
chromosome15	794463
chromosome15	794748
chromosome15	794986
chromosome15	795189
chromosome15	795366
chromosome15	795671
chromosome15	795941
chromosome15	796252
chromosome15	796461
chromosome15	796674
chromosome15	796864
chromosome15	797016
chromosome15	797201
chromosome15	797332
chromosome15	797388
chromosome15	797479
chromosome15	797753
chromosome15	797944
chromosome15	798119
chromosome15	798314
chromosome15	798812
chromosome15	799002
chromosome15	799224
chromosome15	799395
chromosome15	799760
chromosome15	799936
chromosome15	800132
chromosome15	800337
chromosome15	800566
chromosome15	800765
chromosome15	801068
chromosome15	801223
chromosome15	801427
chromosome15	801623
chromosome15	801900
chromosome15	802131
chromosome15	802312
chromosome15	802566
chromosome15	802756
chromosome15	802958
chromosome15	803128
chromosome15	803327
chromosome15	803524
chromosome15	803771
chromosome15	804039
chromosome15	804405
chromosome15	804589
chromosome15	804772
chromosome15	805296
chromosome15	805513
chromosome15	805708
chromosome15	805884
chromosome15	806148
chromosome15	806343
chromosome15	806610
chromosome15	807027
chromosome15	807231
chromosome15	807412
chromosome15	807585
chromosome15	807782
chromosome15	807918
chromosome15	808031
chromosome15	808431
chromosome15	808677
chromosome15	808888
chromosome15	809097
chromosome15	809328
chromosome15	809515
chromosome15	809665
chromosome15	809822
chromosome15	810042
chromosome15	810264
chromosome15	810461
chromosome15	810612
chromosome15	810783
chromosome15	810928
chromosome15	811177
chromosome15	811559
chromosome15	811712
chromosome15	811898
chromosome15	812041
chromosome15	812197
chromosome15	812375
chromosome15	812686
chromosome15	813058
chromosome15	813433
chromosome15	813679
chromosome15	813851
chromosome15	814174
chromosome15	814469
chromosome15	814784
chromosome15	814979
chromosome15	815207
chromosome15	815456
chromosome15	815646
chromosome15	816278
chromosome15	816505
chromosome15	816813
chromosome15	817079
chromosome15	817235
chromosome15	817582
chromosome15	817870
chromosome15	818148
chromosome15	818337
chromosome15	818538
chromosome15	818701
chromosome15	818917
chromosome15	819067
chromosome15	819201
chromosome15	819327
chromosome15	819501
chromosome15	819698
chromosome15	819842
chromosome15	819992
chromosome15	820157
chromosome15	820309
chromosome15	820442
chromosome15	820700
chromosome15	821109
chromosome15	821270
chromosome15	821450
chromosome15	821563
chromosome15	821761
chromosome15	822050
chromosome15	822791
chromosome15	823276
chromosome15	823412
chromosome15	823674
chromosome15	824022
chromosome15	824333
chromosome15	824545
chromosome15	824769
chromosome15	825232
chromosome15	825416
chromosome15	825571
chromosome15	825765
chromosome15	825992
chromosome15	826136
chromosome15	826289
chromosome15	826456
chromosome15	826624
chromosome15	826797
chromosome15	827008
chromosome15	827317
chromosome15	827580
chromosome15	827815
chromosome15	828250
chromosome15	828542
chromosome15	828820
chromosome15	829111
chromosome15	829438
chromosome15	829702
chromosome15	829984
chromosome15	830276
chromosome15	830545
chromosome15	831110
chromosome15	831353
chromosome15	831587
chromosome15	831791
chromosome15	832028
chromosome15	832187
chromosome15	832289
chromosome15	832490
chromosome15	832602
chromosome15	832727
chromosome15	832932
chromosome15	833156
chromosome15	833358
chromosome15	833586
chromosome15	833815
chromosome15	834073
chromosome15	834449
chromosome15	834604
chromosome15	834755
chromosome15	835001
chromosome15	835255
chromosome15	835505
chromosome15	835778
chromosome15	836025
chromosome15	836253
chromosome15	836393
chromosome15	836614
chromosome15	836758
chromosome15	836904
chromosome15	837070
chromosome15	837254
chromosome15	837401
chromosome15	837533
chromosome15	837746
chromosome15	838039
chromosome15	838208
chromosome15	838436
chromosome15	838621
chromosome15	838778
chromosome15	839014
chromosome15	839209
chromosome15	839413
chromosome15	839600
chromosome15	839776
chromosome15	839947
chromosome15	840142
chromosome15	840302
chromosome15	840482
chromosome15	840663
chromosome15	840936
chromosome15	841131
chromosome15	841277
chromosome15	841447
chromosome15	841689
chromosome15	842014
chromosome15	842212
chromosome15	842385
chromosome15	842717
chromosome15	842942
chromosome15	843190
chromosome15	843364
chromosome15	843580
chromosome15	843849
chromosome15	844059
chromosome15	844265
chromosome15	844384
chromosome15	845199
chromosome15	845385
chromosome15	845605
chromosome15	845836
chromosome15	845986
chromosome15	846110
chromosome15	846239
chromosome15	846508
chromosome15	846731
chromosome15	846962
chromosome15	847235
chromosome15	847417
chromosome15	847680
chromosome15	847922
chromosome15	848164
chromosome15	848426
chromosome15	848552
chromosome15	848740
chromosome15	848879
chromosome15	849122
chromosome15	849266
chromosome15	849396
chromosome15	849540
chromosome15	849682
chromosome15	849903
chromosome15	850101
chromosome15	850283
chromosome15	850507
chromosome15	850779
chromosome15	851118
chromosome15	851486
chromosome15	851663
chromosome15	851871
chromosome15	852043
chromosome15	852171
chromosome15	852364
chromosome15	852567
chromosome15	852838
chromosome15	853201
chromosome15	853351
chromosome15	853525
chromosome15	853773
chromosome15	853981
chromosome15	854215
chromosome15	855292
chromosome15	855509
chromosome15	855725
chromosome15	855913
chromosome15	856129
chromosome15	856387
chromosome15	856749
chromosome15	857034
chromosome15	857346
chromosome15	857634
chromosome15	857933
chromosome15	858245
chromosome15	858477
chromosome15	858686
chromosome15	858887
chromosome15	859054
chromosome15	859217
chromosome15	859395
chromosome15	859638
chromosome15	859809
chromosome15	859922
chromosome15	860085
chromosome15	860309
chromosome15	860453
chromosome15	860595
chromosome15	861294
chromosome15	861605
chromosome15	861795
chromosome15	862005
chromosome15	862218
chromosome15	862482
chromosome15	862756
chromosome15	863073
chromosome15	863324
chromosome15	863591
chromosome15	863813
chromosome15	864089
chromosome15	864321
chromosome15	864514
chromosome15	864771
chromosome15	865108
chromosome15	865396
chromosome15	865854
chromosome15	866138
chromosome15	866386
chromosome15	866570
chromosome15	866737
chromosome15	866858
chromosome15	866991
chromosome15	867230
chromosome15	867373
chromosome15	867504
chromosome15	868097
chromosome15	868334
chromosome15	868572
chromosome15	868755
chromosome15	869135
chromosome15	869300
chromosome15	869486
chromosome15	869687
chromosome15	869900
chromosome15	870106
chromosome15	870298
chromosome15	870464
chromosome15	870660
chromosome15	870879
chromosome15	871084
chromosome15	871374
chromosome15	871617
chromosome15	871830
chromosome15	872061
chromosome15	872257
chromosome15	872483
chromosome15	872718
chromosome15	872910
chromosome15	873192
chromosome15	873438
chromosome15	873594
chromosome15	873896
chromosome15	874109
chromosome15	874872
chromosome15	875113
chromosome15	875304
chromosome15	875491
chromosome15	875632
chromosome15	875778
chromosome15	876140
chromosome15	876576
chromosome15	876789
chromosome15	877239
chromosome15	877503
chromosome15	877748
chromosome15	877864
chromosome15	878019
chromosome15	878164
chromosome15	878382
chromosome15	878611
chromosome15	878750
chromosome15	878958
chromosome15	879136
chromosome15	879362
chromosome15	879515
chromosome15	879726
chromosome15	880030
chromosome15	880270
chromosome15	880468
chromosome15	880760
chromosome15	880942
chromosome15	881142
chromosome15	881375
chromosome15	881540
chromosome15	881798
chromosome15	882046
chromosome15	882182
chromosome15	882426
chromosome15	882887
chromosome15	883136
chromosome15	883336
chromosome15	883505
chromosome15	883720
chromosome15	883982
chromosome15	884166
chromosome15	884366
chromosome15	884572
chromosome15	884777
chromosome15	885004
chromosome15	885275
chromosome15	885680
chromosome15	886020
chromosome15	886271
chromosome15	886576
chromosome15	886838
chromosome15	887062
chromosome15	887309
chromosome15	887533
chromosome15	887811
chromosome15	888041
chromosome15	888155
chromosome15	888328
chromosome15	888497
chromosome15	888681
chromosome15	889186
chromosome15	889474
chromosome15	890062
chromosome15	890268
chromosome15	890524
chromosome15	890746
chromosome15	891006
chromosome15	891265
chromosome15	891410
chromosome15	891549
chromosome15	891823
chromosome15	892008
chromosome15	892187
chromosome15	892317
chromosome15	892497
chromosome15	892914
chromosome15	893093
chromosome15	893235
chromosome15	893494
chromosome15	893668
chromosome15	893885
chromosome15	894021
chromosome15	894504
chromosome15	894659
chromosome15	894858
chromosome15	894979
chromosome15	895133
chromosome15	895309
chromosome15	895469
chromosome15	895651
chromosome15	896036
chromosome15	896178
chromosome15	896298
chromosome15	897056
chromosome15	897353
chromosome15	897764
chromosome15	898067
chromosome15	898325
chromosome15	898541
chromosome15	898651
chromosome15	898799
chromosome15	898909
chromosome15	899030
chromosome15	899285
chromosome15	899540
chromosome15	899751
chromosome15	899947
chromosome15	900131
chromosome15	900538
chromosome15	900938
chromosome15	901077
chromosome15	901258
chromosome15	901403
chromosome15	901511
chromosome15	901608
chromosome15	902029
chromosome15	902214
chromosome15	902444
chromosome15	902609
chromosome15	902770
chromosome15	902954
chromosome15	903150
chromosome15	903251
chromosome15	903435
chromosome15	903590
chromosome15	903722
chromosome15	903853
chromosome15	904017
chromosome15	904260
chromosome15	904427
chromosome15	904593
chromosome15	904929
chromosome15	905167
chromosome15	905443
chromosome15	905717
chromosome15	906363
chromosome15	906511
chromosome15	906722
chromosome15	906886
chromosome15	907109
chromosome15	907278
chromosome15	907492
chromosome15	907657
chromosome15	907848
chromosome15	908003
chromosome15	908149
chromosome15	908580
chromosome15	908784
chromosome15	908976
chromosome15	909448
chromosome15	909655
chromosome15	909883
chromosome15	910120
chromosome15	910380
chromosome15	910580
chromosome15	910827
chromosome15	911106
chromosome15	911380
chromosome15	911835
chromosome15	911952
chromosome15	912082
chromosome15	912233
chromosome15	912354
chromosome15	912533
chromosome15	912711
chromosome15	912862
chromosome15	913123
chromosome15	913334
chromosome15	913500
chromosome15	913709
chromosome15	913922
chromosome15	914279
chromosome15	914510
chromosome15	914727
chromosome15	914978
chromosome15	915194
chromosome15	915335
chromosome15	915511
chromosome15	915620
chromosome15	915857
chromosome15	916044
chromosome15	916223
chromosome15	916504
chromosome15	916731
chromosome15	916965
chromosome15	917196
chromosome15	917540
chromosome15	917847
chromosome15	918124
chromosome15	918366
chromosome15	918626
chromosome15	918849
chromosome15	919053
chromosome15	919305
chromosome15	919505
chromosome15	919777
chromosome15	920000
chromosome15	920314
chromosome15	920524
chromosome15	920737
chromosome15	920950
chromosome15	921128
chromosome15	921284
chromosome15	921460
chromosome15	921687
chromosome15	921938
chromosome15	922137
chromosome15	922375
chromosome15	922605
chromosome15	922873
chromosome15	923036
chromosome15	923373
chromosome15	923585
chromosome15	923737
chromosome15	923875
chromosome15	924003
chromosome15	924143
chromosome15	924356
chromosome15	924517
chromosome15	924689
chromosome15	924830
chromosome15	925002
chromosome15	925308
chromosome15	925426
chromosome15	925615
chromosome15	925815
chromosome15	926140
chromosome15	926473
chromosome15	926689
chromosome15	926899
chromosome15	927292
chromosome15	927550
chromosome15	927853
chromosome15	928087
chromosome15	928301
chromosome15	928505
chromosome15	928823
chromosome15	929100
chromosome15	929330
chromosome15	929659
chromosome15	930034
chromosome15	930289
chromosome15	930947
chromosome15	931141
chromosome15	931295
chromosome15	931472
chromosome15	931600
chromosome15	931747
chromosome15	931893
chromosome15	932030
chromosome15	932204
chromosome15	932481
chromosome15	932652
chromosome15	932839
chromosome15	933039
chromosome15	933231
chromosome15	933428
chromosome15	933657
chromosome15	933941
chromosome15	934161
chromosome15	934352
chromosome15	934490
chromosome15	934656
chromosome15	934838
chromosome15	935021
chromosome15	935216
chromosome15	935378
chromosome15	935561
chromosome15	935823
chromosome15	936046
chromosome15	936247
chromosome15	936409
chromosome15	936783
chromosome15	936980
chromosome15	937172
chromosome15	937389
chromosome15	937560
chromosome15	937714
chromosome15	938038
chromosome15	938294
chromosome15	938469
chromosome15	938732
chromosome15	939003
chromosome15	939126
chromosome15	939354
chromosome15	939819
chromosome15	940085
chromosome15	940266
chromosome15	940514
chromosome15	940790
chromosome15	941092
chromosome15	941394
chromosome15	941571
chromosome15	941766
chromosome15	941973
chromosome15	942191
chromosome15	942409
chromosome15	942714
chromosome15	942921
chromosome15	943174
chromosome15	943333
chromosome15	943420
chromosome15	943585
chromosome15	943841
chromosome15	944207
chromosome15	944781
chromosome15	945078
chromosome15	945393
chromosome15	945636
chromosome15	945843
chromosome15	946341
chromosome15	946527
chromosome15	946796
chromosome15	947019
chromosome15	947260
chromosome15	947511
chromosome15	947691
chromosome15	948031
chromosome15	948309
chromosome15	948642
chromosome15	948996
chromosome15	949192
chromosome15	949416
chromosome15	949538
chromosome15	949665
chromosome15	949831
chromosome15	950055
chromosome15	950219
chromosome15	950417
chromosome15	950549
chromosome15	950711
chromosome15	950923
chromosome15	951254
chromosome15	951423
chromosome15	951644
chromosome15	951835
chromosome15	951977
chromosome15	952200
chromosome15	952460
chromosome15	952645
chromosome15	952797
chromosome15	952999
chromosome15	953201
chromosome15	953392
chromosome15	953603
chromosome15	953795
chromosome15	954418
chromosome15	954657
chromosome15	954843
chromosome15	954972
chromosome15	955171
chromosome15	955348
chromosome15	955576
chromosome15	955832
chromosome15	956059
chromosome15	956283
chromosome15	956510
chromosome15	956758
chromosome15	956973
chromosome15	957113
chromosome15	957305
chromosome15	957524
chromosome15	957728
chromosome15	957986
chromosome15	958309
chromosome15	958452
chromosome15	958707
chromosome15	958885
chromosome15	959231
chromosome15	959477
chromosome15	959666
chromosome15	959941
chromosome15	960173
chromosome15	960305
chromosome15	960449
chromosome15	961091
chromosome15	961361
chromosome15	961543
chromosome15	961747
chromosome15	961902
chromosome15	962099
chromosome15	962382
chromosome15	962659
chromosome15	962906
chromosome15	963140
chromosome15	963288
chromosome15	963482
chromosome15	963680
chromosome15	964013
chromosome15	964215
chromosome15	964415
chromosome15	964662
chromosome15	964840
chromosome15	965004
chromosome15	965252
chromosome15	965415
chromosome15	965609
chromosome15	965888
chromosome15	966077
chromosome15	966658
chromosome15	966798
chromosome15	966996
chromosome15	967182
chromosome15	967380
chromosome15	967538
chromosome15	967688
chromosome15	968090
chromosome15	968370
chromosome15	968546
chromosome15	968646
chromosome15	968792
chromosome15	968918
chromosome15	977287
chromosome15	977464
chromosome15	977626
chromosome15	977753
chromosome15	977932
chromosome15	978460
chromosome15	978570
chromosome15	978727
chromosome15	978864
chromosome15	979021
chromosome15	979150
chromosome15	979279
chromosome15	979419
chromosome15	979601
chromosome15	981407
chromosome15	981531
chromosome15	981703
chromosome15	981847
chromosome15	982016
chromosome15	982159
chromosome15	982305
chromosome15	982541
chromosome15	982708
chromosome15	982959
chromosome15	983246
chromosome15	983445
chromosome15	983580
chromosome15	983849
chromosome15	984100
chromosome15	984245
chromosome15	984465
chromosome15	984672
chromosome15	985114
chromosome15	985288
chromosome15	985466
chromosome15	985726
chromosome15	985921
chromosome15	986088
chromosome15	986280
chromosome15	986451
chromosome15	986572
chromosome15	986754
chromosome15	986878
chromosome15	987063
chromosome15	987218
chromosome15	987431
chromosome15	987670
chromosome15	987902
chromosome15	988139
chromosome15	988369
chromosome15	988575
chromosome15	988742
chromosome15	988881
chromosome15	989086
chromosome15	989250
chromosome15	989383
chromosome15	989507
chromosome15	989948
chromosome15	990130
chromosome15	990317
chromosome15	990518
chromosome15	990709
chromosome15	990848
chromosome15	991019
chromosome15	991250
chromosome15	991408
chromosome15	991591
chromosome15	991750
chromosome15	991945
chromosome15	992068
chromosome15	992252
chromosome15	992398
chromosome15	992589
chromosome15	992754
chromosome15	993087
chromosome15	993248
chromosome15	993403
chromosome15	993591
chromosome15	993749
chromosome15	993910
chromosome15	994057
chromosome15	994236
chromosome15	994424
chromosome15	994667
chromosome15	995043
chromosome15	995223
chromosome15	995531
chromosome15	995741
chromosome15	995951
chromosome15	996177
chromosome15	996401
chromosome15	996574
chromosome15	996753
chromosome15	996902
chromosome15	997008
chromosome15	997158
chromosome15	997324
chromosome15	997523
chromosome15	997749
chromosome15	998004
chromosome15	998170
chromosome15	998825
chromosome15	998999
chromosome15	999149
chromosome15	999294
chromosome15	999455
chromosome15	999709
chromosome15	999970
chromosome15	1000134
chromosome15	1000352
chromosome15	1000623
chromosome15	1000820
chromosome15	1001374
chromosome15	1001551
chromosome15	1001794
chromosome15	1001951
chromosome15	1002176
chromosome15	1002383
chromosome15	1002663
chromosome15	1002890
chromosome15	1003073
chromosome15	1003217
chromosome15	1003337
chromosome15	1003507
chromosome15	1003703
chromosome15	1003863
chromosome15	1004125
chromosome15	1005320
chromosome15	1005531
chromosome15	1005795
chromosome15	1005937
chromosome15	1006101
chromosome15	1006281
chromosome15	1006478
chromosome15	1006715
chromosome15	1007166
chromosome15	1007293
chromosome15	1007506
chromosome15	1007723
chromosome15	1007937
chromosome15	1008153
chromosome15	1008390
chromosome15	1008562
chromosome15	1008795
chromosome15	1009001
chromosome15	1009563
chromosome15	1009758
chromosome15	1009926
chromosome15	1010072
chromosome15	1010191
chromosome15	1010344
chromosome15	1010481
chromosome15	1010680
chromosome15	1010951
chromosome15	1011221
chromosome15	1011430
chromosome15	1011672
chromosome15	1011860
chromosome15	1012055
chromosome15	1012205
chromosome15	1012402
chromosome15	1012621
chromosome15	1013449
chromosome15	1013670
chromosome15	1013875
chromosome15	1014132
chromosome15	1014291
chromosome15	1014524
chromosome15	1014764
chromosome15	1014926
chromosome15	1015056
chromosome15	1015227
chromosome15	1015463
chromosome15	1015670
chromosome15	1015946
chromosome15	1016186
chromosome15	1016399
chromosome15	1016633
chromosome15	1016843
chromosome15	1017129
chromosome15	1017340
chromosome15	1017526
chromosome15	1017666
chromosome15	1017839
chromosome15	1017994
chromosome15	1018264
chromosome15	1018537
chromosome15	1018751
chromosome15	1018908
chromosome15	1019025
chromosome15	1019198
chromosome15	1019324
chromosome15	1019431
chromosome15	1020132
chromosome15	1020259
chromosome15	1020439
chromosome15	1020573
chromosome15	1020706
chromosome15	1020897
chromosome15	1021115
chromosome15	1021305
chromosome15	1021496
chromosome15	1021647
chromosome15	1021863
chromosome15	1022064
chromosome15	1022241
chromosome15	1022421
chromosome15	1022580
chromosome15	1022766
chromosome15	1022958
chromosome15	1023220
chromosome15	1023408
chromosome15	1023588
chromosome15	1023746
chromosome15	1023920
chromosome15	1024061
chromosome15	1024223
chromosome15	1024700
chromosome15	1024884
chromosome15	1025063
chromosome15	1025224
chromosome15	1025395
chromosome15	1025544
chromosome15	1025665
chromosome15	1025806
chromosome15	1025916
chromosome15	1026083
chromosome15	1026266
chromosome15	1026469
chromosome15	1026678
chromosome15	1026841
chromosome15	1027076
chromosome15	1027301
chromosome15	1027547
chromosome15	1027748
chromosome15	1027882
chromosome15	1028383
chromosome15	1028707
chromosome15	1028851
chromosome15	1028963
chromosome15	1029174
chromosome15	1029457
chromosome15	1029711
chromosome15	1029938
chromosome15	1030202
chromosome15	1030350
chromosome15	1030560
chromosome15	1030749
chromosome15	1030913
chromosome15	1031612
chromosome15	1031741
chromosome15	1031865
chromosome15	1032055
chromosome15	1032181
chromosome15	1032331
chromosome15	1032492
chromosome15	1032618
chromosome15	1032731
chromosome15	1032859
chromosome15	1033013
chromosome15	1033133
chromosome15	1033310
chromosome15	1033433
chromosome15	1033558
chromosome15	1033694
chromosome15	1033826
chromosome15	1033970
chromosome15	1034171
chromosome15	1034291
chromosome15	1034927
chromosome15	1035053
chromosome15	1035203
chromosome15	1035430
chromosome15	1035623
chromosome15	1035804
chromosome15	1036025
chromosome15	1036360
chromosome15	1036542
chromosome15	1036749
chromosome15	1036902
chromosome15	1037124
chromosome15	1037343
chromosome15	1037715
chromosome15	1037903
chromosome15	1038054
chromosome15	1038245
chromosome15	1038438
chromosome15	1038627
chromosome15	1038780
chromosome15	1038939
chromosome15	1039125
chromosome15	1039293
chromosome15	1039432
chromosome15	1039590
chromosome15	1039738
chromosome15	1039881
chromosome15	1040088
chromosome15	1040376
chromosome15	1040583
chromosome15	1040875
chromosome15	1041066
chromosome15	1041288
chromosome15	1041958
chromosome15	1042233
chromosome15	1042484
chromosome15	1042779
chromosome15	1043068
chromosome15	1043344
chromosome15	1043565
chromosome15	1043713
chromosome15	1043850
chromosome15	1044001
chromosome15	1044132
chromosome15	1044272
chromosome15	1044375
chromosome15	1044486
chromosome15	1044603
chromosome15	1044769
chromosome15	1044907
chromosome15	1045027
chromosome15	1045226
chromosome15	1045369
chromosome15	1045508
chromosome15	1045707
chromosome15	1045908
chromosome15	1046067
chromosome15	1046280
chromosome15	1046498
chromosome15	1046652
chromosome15	1046832
chromosome15	1046975
chromosome15	1047239
chromosome15	1047417
chromosome15	1047575
chromosome15	1047760
chromosome15	1047927
chromosome15	1048097
chromosome15	1048229
chromosome15	1048373
chromosome15	1048514
chromosome15	1048711
chromosome15	1048855
chromosome15	1048960
chromosome15	1049106
chromosome15	1049306
chromosome15	1049493
chromosome15	1049624
chromosome15	1049798
chromosome15	1049987
chromosome15	1050156
chromosome15	1050290
chromosome15	1050419
chromosome15	1050563
chromosome15	1050663
chromosome15	1050821
chromosome15	1050971
chromosome15	1051142
chromosome15	1051305
chromosome15	1051447
chromosome15	1051559
chromosome15	1051660
chromosome15	1051780
chromosome15	1051910
chromosome15	1052029
chromosome15	1052161
chromosome15	1052312
chromosome15	1052459
chromosome15	1052585
chromosome15	1052707
chromosome15	1052908
chromosome15	1053141
chromosome15	1053246
chromosome15	1053380
chromosome15	1054084
chromosome15	1054685
chromosome15	1054895
chromosome15	1054993
chromosome15	1055137
chromosome15	1055256
chromosome15	1055381
chromosome15	1055524
chromosome15	1055676
chromosome15	1055841
chromosome15	1055986
chromosome15	1056128
chromosome15	1056259
chromosome15	1056396
chromosome16	22477
chromosome16	22616
chromosome16	22792
chromosome16	23014
chromosome16	23132
chromosome16	23270
chromosome16	23431
chromosome16	23562
chromosome16	23685
chromosome16	23864
chromosome16	24014
chromosome16	24195
chromosome16	24390
chromosome16	24536
chromosome16	24649
chromosome16	24754
chromosome16	24860
chromosome16	25031
chromosome16	25188
chromosome16	25365
chromosome16	25518
chromosome16	25671
chromosome16	25796
chromosome16	26274
chromosome16	26392
chromosome16	26633
chromosome16	26818
chromosome16	27033
chromosome16	27252
chromosome16	27497
chromosome16	27706
chromosome16	27907
chromosome16	28054
chromosome16	28246
chromosome16	28476
chromosome16	28671
chromosome16	28833
chromosome16	28993
chromosome16	29139
chromosome16	29251
chromosome16	29377
chromosome16	29496
chromosome16	29637
chromosome16	29804
chromosome16	29911
chromosome16	30051
chromosome16	30337
chromosome16	30551
chromosome16	30718
chromosome16	31004
chromosome16	31318
chromosome16	31681
chromosome16	31971
chromosome16	32237
chromosome16	32504
chromosome16	32693
chromosome16	32883
chromosome16	33046
chromosome16	33241
chromosome16	33420
chromosome16	33603
chromosome16	33821
chromosome16	34220
chromosome16	34379
chromosome16	34594
chromosome16	34807
chromosome16	35129
chromosome16	35275
chromosome16	35418
chromosome16	35598
chromosome16	35808
chromosome16	36274
chromosome16	36549
chromosome16	36848
chromosome16	37089
chromosome16	37373
chromosome16	37548
chromosome16	37773
chromosome16	38008
chromosome16	38231
chromosome16	38477
chromosome16	38692
chromosome16	39070
chromosome16	39351
chromosome16	39667
chromosome16	39967
chromosome16	40175
chromosome16	40338
chromosome16	40533
chromosome16	40703
chromosome16	40890
chromosome16	41045
chromosome16	41281
chromosome16	41528
chromosome16	41877
chromosome16	42047
chromosome16	42296
chromosome16	42538
chromosome16	43339
chromosome16	43624
chromosome16	43876
chromosome16	44110
chromosome16	44360
chromosome16	44704
chromosome16	44956
chromosome16	45181
chromosome16	45367
chromosome16	45672
chromosome16	45976
chromosome16	46250
chromosome16	46727
chromosome16	46875
chromosome16	47019
chromosome16	47182
chromosome16	47405
chromosome16	47707
chromosome16	48016
chromosome16	48337
chromosome16	48578
chromosome16	48916
chromosome16	49184
chromosome16	49431
chromosome16	49645
chromosome16	49945
chromosome16	50210
chromosome16	50514
chromosome16	50846
chromosome16	51240
chromosome16	51437
chromosome16	51656
chromosome16	51937
chromosome16	52162
chromosome16	52458
chromosome16	52706
chromosome16	53311
chromosome16	53702
chromosome16	53889
chromosome16	54104
chromosome16	54263
chromosome16	54431
chromosome16	54605
chromosome16	54761
chromosome16	54937
chromosome16	55125
chromosome16	55278
chromosome16	55414
chromosome16	55535
chromosome16	55676
chromosome16	56167
chromosome16	64274
chromosome16	64529
chromosome16	65112
chromosome16	65320
chromosome16	65493
chromosome16	65689
chromosome16	65919
chromosome16	66156
chromosome16	66516
chromosome16	66715
chromosome16	66960
chromosome16	67177
chromosome16	67368
chromosome16	67505
chromosome16	67682
chromosome16	67865
chromosome16	68031
chromosome16	68200
chromosome16	68352
chromosome16	68609
chromosome16	68858
chromosome16	68997
chromosome16	69490
chromosome16	69661
chromosome16	69943
chromosome16	70258
chromosome16	70543
chromosome16	70689
chromosome16	70837
chromosome16	71197
chromosome16	71382
chromosome16	71587
chromosome16	71808
chromosome16	71979
chromosome16	72177
chromosome16	72362
chromosome16	72561
chromosome16	72759
chromosome16	72911
chromosome16	73042
chromosome16	73661
chromosome16	73859
chromosome16	74436
chromosome16	74657
chromosome16	74831
chromosome16	75003
chromosome16	75157
chromosome16	75308
chromosome16	75481
chromosome16	75730
chromosome16	76021
chromosome16	76174
chromosome16	76334
chromosome16	76550
chromosome16	76771
chromosome16	76972
chromosome16	77239
chromosome16	77437
chromosome16	77653
chromosome16	77882
chromosome16	78116
chromosome16	78336
chromosome16	78687
chromosome16	78800
chromosome16	78926
chromosome16	79102
chromosome16	79254
chromosome16	79407
chromosome16	79604
chromosome16	79732
chromosome16	79933
chromosome16	80097
chromosome16	80250
chromosome16	80362
chromosome16	80534
chromosome16	80720
chromosome16	80879
chromosome16	81031
chromosome16	81188
chromosome16	81394
chromosome16	81568
chromosome16	81713
chromosome16	81873
chromosome16	82061
chromosome16	82241
chromosome16	82464
chromosome16	82638
chromosome16	82826
chromosome16	83001
chromosome16	83181
chromosome16	83435
chromosome16	83660
chromosome16	83866
chromosome16	84089
chromosome16	84264
chromosome16	84530
chromosome16	84794
chromosome16	84998
chromosome16	85193
chromosome16	85558
chromosome16	85722
chromosome16	85951
chromosome16	86222
chromosome16	86385
chromosome16	86518
chromosome16	86720
chromosome16	86930
chromosome16	87209
chromosome16	87460
chromosome16	87677
chromosome16	87915
chromosome16	88146
chromosome16	88282
chromosome16	88437
chromosome16	88652
chromosome16	88900
chromosome16	89128
chromosome16	89339
chromosome16	89623
chromosome16	89892
chromosome16	90093
chromosome16	90651
chromosome16	90840
chromosome16	91030
chromosome16	91255
chromosome16	91436
chromosome16	91651
chromosome16	91882
chromosome16	92052
chromosome16	92294
chromosome16	92568
chromosome16	92848
chromosome16	93130
chromosome16	93344
chromosome16	93496
chromosome16	93688
chromosome16	93911
chromosome16	94131
chromosome16	94279
chromosome16	94444
chromosome16	94683
chromosome16	94915
chromosome16	95062
chromosome16	95213
chromosome16	95366
chromosome16	95514
chromosome16	95654
chromosome16	95831
chromosome16	95973
chromosome16	96217
chromosome16	96482
chromosome16	96638
chromosome16	96811
chromosome16	97030
chromosome16	97237
chromosome16	98660
chromosome16	98786
chromosome16	98956
chromosome16	99097
chromosome16	99216
chromosome16	99667
chromosome16	99891
chromosome16	100081
chromosome16	100290
chromosome16	100571
chromosome16	100762
chromosome16	100961
chromosome16	101523
chromosome16	101680
chromosome16	101886
chromosome16	102079
chromosome16	102259
chromosome16	102438
chromosome16	102587
chromosome16	102747
chromosome16	102929
chromosome16	103115
chromosome16	103230
chromosome16	103525
chromosome16	103827
chromosome16	104123
chromosome16	104390
chromosome16	104648
chromosome16	105411
chromosome16	105663
chromosome16	105792
chromosome16	105936
chromosome16	106100
chromosome16	106300
chromosome16	106453
chromosome16	106647
chromosome16	106777
chromosome16	106941
chromosome16	107083
chromosome16	107267
chromosome16	107467
chromosome16	107643
chromosome16	107823
chromosome16	108105
chromosome16	108402
chromosome16	108575
chromosome16	108792
chromosome16	109119
chromosome16	109416
chromosome16	109605
chromosome16	109815
chromosome16	110074
chromosome16	110415
chromosome16	110671
chromosome16	110915
chromosome16	111193
chromosome16	111574
chromosome16	111813
chromosome16	112080
chromosome16	112338
chromosome16	112723
chromosome16	113009
chromosome16	113212
chromosome16	113568
chromosome16	113820
chromosome16	113967
chromosome16	114188
chromosome16	114349
chromosome16	114479
chromosome16	114622
chromosome16	114747
chromosome16	114917
chromosome16	115133
chromosome16	115278
chromosome16	115434
chromosome16	115650
chromosome16	115831
chromosome16	116012
chromosome16	116138
chromosome16	116288
chromosome16	116450
chromosome16	116756
chromosome16	116862
chromosome16	117023
chromosome16	117294
chromosome16	117526
chromosome16	117804
chromosome16	118047
chromosome16	118193
chromosome16	118324
chromosome16	118544
chromosome16	118743
chromosome16	118859
chromosome16	118971
chromosome16	119287
chromosome16	119500
chromosome16	119818
chromosome16	120319
chromosome16	120586
chromosome16	120748
chromosome16	120954
chromosome16	121129
chromosome16	121261
chromosome16	121716
chromosome16	121942
chromosome16	122282
chromosome16	122473
chromosome16	122699
chromosome16	123050
chromosome16	123240
chromosome16	123446
chromosome16	123807
chromosome16	124079
chromosome16	124303
chromosome16	124706
chromosome16	125057
chromosome16	125346
chromosome16	125724
chromosome16	125833
chromosome16	125935
chromosome16	126137
chromosome16	126701
chromosome16	126887
chromosome16	127165
chromosome16	127413
chromosome16	127664
chromosome16	127871
chromosome16	128073
chromosome16	128259
chromosome16	128425
chromosome16	128600
chromosome16	128737
chromosome16	128850
chromosome16	128958
chromosome16	129162
chromosome16	129285
chromosome16	129467
chromosome16	129589
chromosome16	129711
chromosome16	129814
chromosome16	129940
chromosome16	130098
chromosome16	130232
chromosome16	130416
chromosome16	130520
chromosome16	130772
chromosome16	130971
chromosome16	131088
chromosome16	131271
chromosome16	131425
chromosome16	131631
chromosome16	131783
chromosome16	131923
chromosome16	132055
chromosome16	132199
chromosome16	132902
chromosome16	133093
chromosome16	133268
chromosome16	133515
chromosome16	133801
chromosome16	134040
chromosome16	134263
chromosome16	134497
chromosome16	134702
chromosome16	134899
chromosome16	135071
chromosome16	135219
chromosome16	135386
chromosome16	135645
chromosome16	135766
chromosome16	136560
chromosome16	136705
chromosome16	136857
chromosome16	137040
chromosome16	137205
chromosome16	137386
chromosome16	137550
chromosome16	137774
chromosome16	138019
chromosome16	138746
chromosome16	139209
chromosome16	139710
chromosome16	139959
chromosome16	140152
chromosome16	140499
chromosome16	140784
chromosome16	141061
chromosome16	141207
chromosome16	141372
chromosome16	141573
chromosome16	141780
chromosome16	142014
chromosome16	142239
chromosome16	142509
chromosome16	142829
chromosome16	143136
chromosome16	143299
chromosome16	143450
chromosome16	143607
chromosome16	143783
chromosome16	143916
chromosome16	144063
chromosome16	144236
chromosome16	144417
chromosome16	144570
chromosome16	144753
chromosome16	144909
chromosome16	145079
chromosome16	145205
chromosome16	145330
chromosome16	145489
chromosome16	145609
chromosome16	145786
chromosome16	145942
chromosome16	146106
chromosome16	146272
chromosome16	146413
chromosome16	146571
chromosome16	146744
chromosome16	146893
chromosome16	147105
chromosome16	147254
chromosome16	147421
chromosome16	147583
chromosome16	147820
chromosome16	148115
chromosome16	148348
chromosome16	148690
chromosome16	148909
chromosome16	149124
chromosome16	149339
chromosome16	149574
chromosome16	149804
chromosome16	150024
chromosome16	150229
chromosome16	150419
chromosome16	150570
chromosome16	150795
chromosome16	151026
chromosome16	151188
chromosome16	151684
chromosome16	151931
chromosome16	152217
chromosome16	152462
chromosome16	152778
chromosome16	152994
chromosome16	153457
chromosome16	153669
chromosome16	153966
chromosome16	154185
chromosome16	154431
chromosome16	154588
chromosome16	154765
chromosome16	154980
chromosome16	155194
chromosome16	155322
chromosome16	155625
chromosome16	155870
chromosome16	156077
chromosome16	156274
chromosome16	156556
chromosome16	156835
chromosome16	157362
chromosome16	157558
chromosome16	157722
chromosome16	157852
chromosome16	158050
chromosome16	158273
chromosome16	158466
chromosome16	158665
chromosome16	158883
chromosome16	159068
chromosome16	159234
chromosome16	159453
chromosome16	159593
chromosome16	159777
chromosome16	159943
chromosome16	160105
chromosome16	160376
chromosome16	160573
chromosome16	160765
chromosome16	160964
chromosome16	161186
chromosome16	161483
chromosome16	161735
chromosome16	162019
chromosome16	162218
chromosome16	162764
chromosome16	162968
chromosome16	163175
chromosome16	163371
chromosome16	163604
chromosome16	163711
chromosome16	163861
chromosome16	164033
chromosome16	164380
chromosome16	164774
chromosome16	165118
chromosome16	165331
chromosome16	165565
chromosome16	166200
chromosome16	166404
chromosome16	166814
chromosome16	167119
chromosome16	167455
chromosome16	167811
chromosome16	168242
chromosome16	168388
chromosome16	168575
chromosome16	168739
chromosome16	168942
chromosome16	169135
chromosome16	169386
chromosome16	169863
chromosome16	170096
chromosome16	170258
chromosome16	170435
chromosome16	170594
chromosome16	170761
chromosome16	170927
chromosome16	171064
chromosome16	171209
chromosome16	171435
chromosome16	171567
chromosome16	171768
chromosome16	172200
chromosome16	172404
chromosome16	172630
chromosome16	172808
chromosome16	172969
chromosome16	173082
chromosome16	173184
chromosome16	173350
chromosome16	173538
chromosome16	173748
chromosome16	174573
chromosome16	174835
chromosome16	174986
chromosome16	175202
chromosome16	175554
chromosome16	175747
chromosome16	176179
chromosome16	176420
chromosome16	176620
chromosome16	176843
chromosome16	177101
chromosome16	177333
chromosome16	177578
chromosome16	178104
chromosome16	178288
chromosome16	178488
chromosome16	178652
chromosome16	178832
chromosome16	179237
chromosome16	179504
chromosome16	179643
chromosome16	179840
chromosome16	180120
chromosome16	180392
chromosome16	180581
chromosome16	180753
chromosome16	180861
chromosome16	181395
chromosome16	181598
chromosome16	181745
chromosome16	181925
chromosome16	182129
chromosome16	182349
chromosome16	182776
chromosome16	182985
chromosome16	183310
chromosome16	183415
chromosome16	183524
chromosome16	183721
chromosome16	183902
chromosome16	184113
chromosome16	184261
chromosome16	184651
chromosome16	184747
chromosome16	185164
chromosome16	185551
chromosome16	185816
chromosome16	186069
chromosome16	186376
chromosome16	186706
chromosome16	186882
chromosome16	187045
chromosome16	187253
chromosome16	187624
chromosome16	187785
chromosome16	187902
chromosome16	188043
chromosome16	188308
chromosome16	188471
chromosome16	188615
chromosome16	189064
chromosome16	189271
chromosome16	189426
chromosome16	189852
chromosome16	190042
chromosome16	190229
chromosome16	190459
chromosome16	190683
chromosome16	190860
chromosome16	191166
chromosome16	191462
chromosome16	191756
chromosome16	191985
chromosome16	192281
chromosome16	192507
chromosome16	193248
chromosome16	193457
chromosome16	193606
chromosome16	193739
chromosome16	194163
chromosome16	194502
chromosome16	194686
chromosome16	194830
chromosome16	194982
chromosome16	195138
chromosome16	195325
chromosome16	195522
chromosome16	195686
chromosome16	195814
chromosome16	195940
chromosome16	196179
chromosome16	196522
chromosome16	196785
chromosome16	197015
chromosome16	197288
chromosome16	197471
chromosome16	197645
chromosome16	198280
chromosome16	198449
chromosome16	198670
chromosome16	198816
chromosome16	198965
chromosome16	199078
chromosome16	199295
chromosome16	199685
chromosome16	199864
chromosome16	200086
chromosome16	200304
chromosome16	200511
chromosome16	200695
chromosome16	200880
chromosome16	201041
chromosome16	201245
chromosome16	201421
chromosome16	201602
chromosome16	201777
chromosome16	202032
chromosome16	202182
chromosome16	202353
chromosome16	202558
chromosome16	202732
chromosome16	202853
chromosome16	202995
chromosome16	203160
chromosome16	203311
chromosome16	203481
chromosome16	203627
chromosome16	203888
chromosome16	204083
chromosome16	204279
chromosome16	204414
chromosome16	204569
chromosome16	204719
chromosome16	204950
chromosome16	205199
chromosome16	205412
chromosome16	205592
chromosome16	205806
chromosome16	206011
chromosome16	206145
chromosome16	206324
chromosome16	206564
chromosome16	206716
chromosome16	206880
chromosome16	207084
chromosome16	207320
chromosome16	207508
chromosome16	207689
chromosome16	207844
chromosome16	208010
chromosome16	208406
chromosome16	208615
chromosome16	208808
chromosome16	208951
chromosome16	209212
chromosome16	209544
chromosome16	211089
chromosome16	212295
chromosome16	212556
chromosome16	213096
chromosome16	213258
chromosome16	213492
chromosome16	213665
chromosome16	213792
chromosome16	213936
chromosome16	214402
chromosome16	214561
chromosome16	214742
chromosome16	214861
chromosome16	214963
chromosome16	215096
chromosome16	215215
chromosome16	215402
chromosome16	215537
chromosome16	215812
chromosome16	215941
chromosome16	216139
chromosome16	216369
chromosome16	216552
chromosome16	216759
chromosome16	216927
chromosome16	217101
chromosome16	217314
chromosome16	217515
chromosome16	217676
chromosome16	217858
chromosome16	218075
chromosome16	218251
chromosome16	218426
chromosome16	218572
chromosome16	218799
chromosome16	219197
chromosome16	219461
chromosome16	219781
chromosome16	220010
chromosome16	220184
chromosome16	220341
chromosome16	220790
chromosome16	220949
chromosome16	221101
chromosome16	221268
chromosome16	221437
chromosome16	221743
chromosome16	221929
chromosome16	222096
chromosome16	222230
chromosome16	222381
chromosome16	222505
chromosome16	222707
chromosome16	222846
chromosome16	222988
chromosome16	223134
chromosome16	223363
chromosome16	223630
chromosome16	223852
chromosome16	224353
chromosome16	224602
chromosome16	224884
chromosome16	225172
chromosome16	225410
chromosome16	225580
chromosome16	225797
chromosome16	225951
chromosome16	226335
chromosome16	226514
chromosome16	226663
chromosome16	226850
chromosome16	226990
chromosome16	227351
chromosome16	227471
chromosome16	227595
chromosome16	227741
chromosome16	227839
chromosome16	227919
chromosome16	228048
chromosome16	228268
chromosome16	228412
chromosome16	228661
chromosome16	228827
chromosome16	229106
chromosome16	229278
chromosome16	229398
chromosome16	229619
chromosome16	229828
chromosome16	230060
chromosome16	230338
chromosome16	230565
chromosome16	230812
chromosome16	231037
chromosome16	231155
chromosome16	231291
chromosome16	231462
chromosome16	231613
chromosome16	231756
chromosome16	231945
chromosome16	232158
chromosome16	232385
chromosome16	232713
chromosome16	232897
chromosome16	233066
chromosome16	233246
chromosome16	233486
chromosome16	233832
chromosome16	234060
chromosome16	234285
chromosome16	234510
chromosome16	234728
chromosome16	234910
chromosome16	235083
chromosome16	235248
chromosome16	235506
chromosome16	235616
chromosome16	235799
chromosome16	235944
chromosome16	236141
chromosome16	236391
chromosome16	236606
chromosome16	236825
chromosome16	237068
chromosome16	237193
chromosome16	237321
chromosome16	237712
chromosome16	237916
chromosome16	238145
chromosome16	238312
chromosome16	238499
chromosome16	238738
chromosome16	238974
chromosome16	239345
chromosome16	239542
chromosome16	239723
chromosome16	239967
chromosome16	240215
chromosome16	240397
chromosome16	240572
chromosome16	240817
chromosome16	240992
chromosome16	241162
chromosome16	241315
chromosome16	241517
chromosome16	241860
chromosome16	242008
chromosome16	242157
chromosome16	242314
chromosome16	242524
chromosome16	242700
chromosome16	242936
chromosome16	243201
chromosome16	243422
chromosome16	243601
chromosome16	243854
chromosome16	244502
chromosome16	244665
chromosome16	244792
chromosome16	245006
chromosome16	245162
chromosome16	245404
chromosome16	245566
chromosome16	245756
chromosome16	245914
chromosome16	246101
chromosome16	246281
chromosome16	246398
chromosome16	246609
chromosome16	246995
chromosome16	247352
chromosome16	247595
chromosome16	247889
chromosome16	248185
chromosome16	248524
chromosome16	248834
chromosome16	249074
chromosome16	249421
chromosome16	249644
chromosome16	249933
chromosome16	250171
chromosome16	250356
chromosome16	250895
chromosome16	251094
chromosome16	251303
chromosome16	251543
chromosome16	251758
chromosome16	251943
chromosome16	252383
chromosome16	252567
chromosome16	252841
chromosome16	253008
chromosome16	253191
chromosome16	253371
chromosome16	253559
chromosome16	253734
chromosome16	253949
chromosome16	254140
chromosome16	254340
chromosome16	254551
chromosome16	254785
chromosome16	255095
chromosome16	255429
chromosome16	255595
chromosome16	255764
chromosome16	256000
chromosome16	256177
chromosome16	256361
chromosome16	256555
chromosome16	256751
chromosome16	257032
chromosome16	257242
chromosome16	257414
chromosome16	257676
chromosome16	257905
chromosome16	258094
chromosome16	258347
chromosome16	258624
chromosome16	258874
chromosome16	259056
chromosome16	259330
chromosome16	259554
chromosome16	259894
chromosome16	260125
chromosome16	260371
chromosome16	260722
chromosome16	261192
chromosome16	261367
chromosome16	261880
chromosome16	262081
chromosome16	262396
chromosome16	262561
chromosome16	262691
chromosome16	262993
chromosome16	263291
chromosome16	263609
chromosome16	263782
chromosome16	264004
chromosome16	264243
chromosome16	264400
chromosome16	264575
chromosome16	264712
chromosome16	264839
chromosome16	264981
chromosome16	265184
chromosome16	265341
chromosome16	265653
chromosome16	265930
chromosome16	266177
chromosome16	266367
chromosome16	266604
chromosome16	266864
chromosome16	267176
chromosome16	267368
chromosome16	267557
chromosome16	267716
chromosome16	267885
chromosome16	268238
chromosome16	268541
chromosome16	268867
chromosome16	269113
chromosome16	269315
chromosome16	269508
chromosome16	269731
chromosome16	269852
chromosome16	270135
chromosome16	270346
chromosome16	270533
chromosome16	270730
chromosome16	270925
chromosome16	271355
chromosome16	271546
chromosome16	271768
chromosome16	271967
chromosome16	272208
chromosome16	272386
chromosome16	272552
chromosome16	272768
chromosome16	272923
chromosome16	273109
chromosome16	273292
chromosome16	273467
chromosome16	273985
chromosome16	274271
chromosome16	274541
chromosome16	274839
chromosome16	275034
chromosome16	275255
chromosome16	275553
chromosome16	275815
chromosome16	276241
chromosome16	276466
chromosome16	276832
chromosome16	277049
chromosome16	277344
chromosome16	277587
chromosome16	277764
chromosome16	278536
chromosome16	278810
chromosome16	279109
chromosome16	279382
chromosome16	279645
chromosome16	279899
chromosome16	280058
chromosome16	280312
chromosome16	280468
chromosome16	280608
chromosome16	280782
chromosome16	281105
chromosome16	281259
chromosome16	281577
chromosome16	281747
chromosome16	281885
chromosome16	281991
chromosome16	282155
chromosome16	282645
chromosome16	283597
chromosome16	283776
chromosome16	283954
chromosome16	284128
chromosome16	284308
chromosome16	284504
chromosome16	284625
chromosome16	284781
chromosome16	285012
chromosome16	285286
chromosome16	285567
chromosome16	285847
chromosome16	286073
chromosome16	286258
chromosome16	286441
chromosome16	286695
chromosome16	286803
chromosome16	286910
chromosome16	286996
chromosome16	287116
chromosome16	287255
chromosome16	287417
chromosome16	287583
chromosome16	287783
chromosome16	288121
chromosome16	288340
chromosome16	288524
chromosome16	288681
chromosome16	288890
chromosome16	289076
chromosome16	289840
chromosome16	290044
chromosome16	290274
chromosome16	290432
chromosome16	290603
chromosome16	290864
chromosome16	291046
chromosome16	291172
chromosome16	291316
chromosome16	291555
chromosome16	291761
chromosome16	291966
chromosome16	292174
chromosome16	292393
chromosome16	292540
chromosome16	292896
chromosome16	293149
chromosome16	293270
chromosome16	293488
chromosome16	293726
chromosome16	293960
chromosome16	294170
chromosome16	294478
chromosome16	294695
chromosome16	294910
chromosome16	295160
chromosome16	295386
chromosome16	295579
chromosome16	295757
chromosome16	295897
chromosome16	296067
chromosome16	296234
chromosome16	296384
chromosome16	296592
chromosome16	296949
chromosome16	297121
chromosome16	297340
chromosome16	297484
chromosome16	297622
chromosome16	297901
chromosome16	298185
chromosome16	298576
chromosome16	298816
chromosome16	299047
chromosome16	299233
chromosome16	299462
chromosome16	299608
chromosome16	299771
chromosome16	299948
chromosome16	300200
chromosome16	300485
chromosome16	300667
chromosome16	300830
chromosome16	300993
chromosome16	301220
chromosome16	301446
chromosome16	301603
chromosome16	301748
chromosome16	301915
chromosome16	302186
chromosome16	302468
chromosome16	303095
chromosome16	303435
chromosome16	303756
chromosome16	304376
chromosome16	304558
chromosome16	304702
chromosome16	304865
chromosome16	305025
chromosome16	305346
chromosome16	305600
chromosome16	305899
chromosome16	306404
chromosome16	306568
chromosome16	306749
chromosome16	307099
chromosome16	307238
chromosome16	307415
chromosome16	307623
chromosome16	308180
chromosome16	308332
chromosome16	308826
chromosome16	309059
chromosome16	309221
chromosome16	309504
chromosome16	309633
chromosome16	309819
chromosome16	309966
chromosome16	310134
chromosome16	310327
chromosome16	310545
chromosome16	310702
chromosome16	310840
chromosome16	310998
chromosome16	311188
chromosome16	311346
chromosome16	311544
chromosome16	311771
chromosome16	311937
chromosome16	312198
chromosome16	312405
chromosome16	312663
chromosome16	312843
chromosome16	313386
chromosome16	313636
chromosome16	313876
chromosome16	314068
chromosome16	314329
chromosome16	314539
chromosome16	314796
chromosome16	315046
chromosome16	315334
chromosome16	315513
chromosome16	315978
chromosome16	316168
chromosome16	316580
chromosome16	316706
chromosome16	316899
chromosome16	317070
chromosome16	317293
chromosome16	317758
chromosome16	317966
chromosome16	318223
chromosome16	318467
chromosome16	318683
chromosome16	318921
chromosome16	319104
chromosome16	319457
chromosome16	319714
chromosome16	319957
chromosome16	320281
chromosome16	320555
chromosome16	320802
chromosome16	321037
chromosome16	321255
chromosome16	321468
chromosome16	321644
chromosome16	321810
chromosome16	321970
chromosome16	322097
chromosome16	322268
chromosome16	322438
chromosome16	322652
chromosome16	323015
chromosome16	323195
chromosome16	323403
chromosome16	323567
chromosome16	323783
chromosome16	324282
chromosome16	324513
chromosome16	324648
chromosome16	324897
chromosome16	325121
chromosome16	325408
chromosome16	325609
chromosome16	325814
chromosome16	325956
chromosome16	326114
chromosome16	326256
chromosome16	326534
chromosome16	326753
chromosome16	327028
chromosome16	327213
chromosome16	327435
chromosome16	327883
chromosome16	328086
chromosome16	328344
chromosome16	328652
chromosome16	329554
chromosome16	329756
chromosome16	330013
chromosome16	330247
chromosome16	330489
chromosome16	330703
chromosome16	330998
chromosome16	331180
chromosome16	331390
chromosome16	331603
chromosome16	332295
chromosome16	332506
chromosome16	332788
chromosome16	332937
chromosome16	333147
chromosome16	333330
chromosome16	333642
chromosome16	333905
chromosome16	334043
chromosome16	334158
chromosome16	334276
chromosome16	334414
chromosome16	334547
chromosome16	334709
chromosome16	334872
chromosome16	335035
chromosome16	335214
chromosome16	335358
chromosome16	335498
chromosome16	335656
chromosome16	335760
chromosome16	335883
chromosome16	335983
chromosome16	336138
chromosome16	336418
chromosome16	336589
chromosome16	336834
chromosome16	336985
chromosome16	337150
chromosome16	337305
chromosome16	337572
chromosome16	337719
chromosome16	337915
chromosome16	338177
chromosome16	338434
chromosome16	338587
chromosome16	338750
chromosome16	339448
chromosome16	339575
chromosome16	339757
chromosome16	339877
chromosome16	340040
chromosome16	340252
chromosome16	340453
chromosome16	340615
chromosome16	340814
chromosome16	341189
chromosome16	341364
chromosome16	341572
chromosome16	341742
chromosome16	341893
chromosome16	342136
chromosome16	342281
chromosome16	342433
chromosome16	342619
chromosome16	342795
chromosome16	342966
chromosome16	343157
chromosome16	343360
chromosome16	343544
chromosome16	343707
chromosome16	343879
chromosome16	344017
chromosome16	344181
chromosome16	344372
chromosome16	344558
chromosome16	344725
chromosome16	344885
chromosome16	345050
chromosome16	345201
chromosome16	345466
chromosome16	345820
chromosome16	346048
chromosome16	346319
chromosome16	346530
chromosome16	346737
chromosome16	346925
chromosome16	347146
chromosome16	347343
chromosome16	347793
chromosome16	347919
chromosome16	348031
chromosome16	348127
chromosome16	348263
chromosome16	348393
chromosome16	348551
chromosome16	348745
chromosome16	348904
chromosome16	349093
chromosome16	349314
chromosome16	349547
chromosome16	349730
chromosome16	350173
chromosome16	350413
chromosome16	350675
chromosome16	350914
chromosome16	351217
chromosome16	351532
chromosome16	351861
chromosome16	352121
chromosome16	352593
chromosome16	353019
chromosome16	353214
chromosome16	353374
chromosome16	353525
chromosome16	353681
chromosome16	353876
chromosome16	354166
chromosome16	354307
chromosome16	354463
chromosome16	354592
chromosome16	354780
chromosome16	354974
chromosome16	355116
chromosome16	355295
chromosome16	355440
chromosome16	355543
chromosome16	355696
chromosome16	355867
chromosome16	356106
chromosome16	356400
chromosome16	356621
chromosome16	356805
chromosome16	357023
chromosome16	357205
chromosome16	357427
chromosome16	357669
chromosome16	358057
chromosome16	358285
chromosome16	358560
chromosome16	358804
chromosome16	358981
chromosome16	359238
chromosome16	359842
chromosome16	359962
chromosome16	360095
chromosome16	360236
chromosome16	360384
chromosome16	360583
chromosome16	360792
chromosome16	360993
chromosome16	361156
chromosome16	361423
chromosome16	361717
chromosome16	361921
chromosome16	362096
chromosome16	362456
chromosome16	362639
chromosome16	362861
chromosome16	363098
chromosome16	363314
chromosome16	363502
chromosome16	363645
chromosome16	363788
chromosome16	364001
chromosome16	364127
chromosome16	364455
chromosome16	364700
chromosome16	364859
chromosome16	364993
chromosome16	365147
chromosome16	365347
chromosome16	365519
chromosome16	365833
chromosome16	366000
chromosome16	366149
chromosome16	366385
chromosome16	366598
chromosome16	366759
chromosome16	366915
chromosome16	367082
chromosome16	367206
chromosome16	367366
chromosome16	367548
chromosome16	367771
chromosome16	367941
chromosome16	368188
chromosome16	368425
chromosome16	368637
chromosome16	368800
chromosome16	368950
chromosome16	369098
chromosome16	369277
chromosome16	369475
chromosome16	369648
chromosome16	369803
chromosome16	370079
chromosome16	370262
chromosome16	370432
chromosome16	370613
chromosome16	370861
chromosome16	371082
chromosome16	371395
chromosome16	371658
chromosome16	371943
chromosome16	372183
chromosome16	372430
chromosome16	372697
chromosome16	373394
chromosome16	373529
chromosome16	373897
chromosome16	374107
chromosome16	374280
chromosome16	374510
chromosome16	374678
chromosome16	374930
chromosome16	375083
chromosome16	375238
chromosome16	375388
chromosome16	375666
chromosome16	375918
chromosome16	376147
chromosome16	376331
chromosome16	376671
chromosome16	376952
chromosome16	378173
chromosome16	378310
chromosome16	378478
chromosome16	378635
chromosome16	378758
chromosome16	378839
chromosome16	379289
chromosome16	379477
chromosome16	379647
chromosome16	379858
chromosome16	380019
chromosome16	380278
chromosome16	380389
chromosome16	380553
chromosome16	380680
chromosome16	380817
chromosome16	380989
chromosome16	381287
chromosome16	381414
chromosome16	381587
chromosome16	381746
chromosome16	382131
chromosome16	382309
chromosome16	382522
chromosome16	382708
chromosome16	382875
chromosome16	383028
chromosome16	383161
chromosome16	383484
chromosome16	383821
chromosome16	384049
chromosome16	384288
chromosome16	384821
chromosome16	385115
chromosome16	385376
chromosome16	385808
chromosome16	386194
chromosome16	386467
chromosome16	386645
chromosome16	386768
chromosome16	386983
chromosome16	387208
chromosome16	387338
chromosome16	387454
chromosome16	387597
chromosome16	387741
chromosome16	387927
chromosome16	388099
chromosome16	388254
chromosome16	388425
chromosome16	388662
chromosome16	388850
chromosome16	389019
chromosome16	389208
chromosome16	389345
chromosome16	389518
chromosome16	389658
chromosome16	389800
chromosome16	389990
chromosome16	390174
chromosome16	390416
chromosome16	390624
chromosome16	390873
chromosome16	391095
chromosome16	391341
chromosome16	391530
chromosome16	391698
chromosome16	391878
chromosome16	392059
chromosome16	392203
chromosome16	392317
chromosome16	392480
chromosome16	392684
chromosome16	392822
chromosome16	393012
chromosome16	393240
chromosome16	393458
chromosome16	393830
chromosome16	394009
chromosome16	394283
chromosome16	394534
chromosome16	394778
chromosome16	395000
chromosome16	395164
chromosome16	395372
chromosome16	395631
chromosome16	396056
chromosome16	396228
chromosome16	396373
chromosome16	396709
chromosome16	396968
chromosome16	397208
chromosome16	397392
chromosome16	397584
chromosome16	397764
chromosome16	397997
chromosome16	398165
chromosome16	398718
chromosome16	399023
chromosome16	399262
chromosome16	399583
chromosome16	399795
chromosome16	400007
chromosome16	400284
chromosome16	400604
chromosome16	400809
chromosome16	401052
chromosome16	401295
chromosome16	401505
chromosome16	401822
chromosome16	402023
chromosome16	402256
chromosome16	402491
chromosome16	402691
chromosome16	402875
chromosome16	403123
chromosome16	403370
chromosome16	403559
chromosome16	403800
chromosome16	403988
chromosome16	404214
chromosome16	404418
chromosome16	404541
chromosome16	405135
chromosome16	405292
chromosome16	405477
chromosome16	405772
chromosome16	406050
chromosome16	406207
chromosome16	406332
chromosome16	406486
chromosome16	406742
chromosome16	406867
chromosome16	407065
chromosome16	407385
chromosome16	407939
chromosome16	408172
chromosome16	408415
chromosome16	408619
chromosome16	408790
chromosome16	408959
chromosome16	409060
chromosome16	409177
chromosome16	409338
chromosome16	409499
chromosome16	409715
chromosome16	409948
chromosome16	410084
chromosome16	410272
chromosome16	410415
chromosome16	410589
chromosome16	410781
chromosome16	411044
chromosome16	411306
chromosome16	411422
chromosome16	411581
chromosome16	411758
chromosome16	411957
chromosome16	412199
chromosome16	412409
chromosome16	412824
chromosome16	413050
chromosome16	413295
chromosome16	413532
chromosome16	413952
chromosome16	414150
chromosome16	414345
chromosome16	414525
chromosome16	414688
chromosome16	414871
chromosome16	415556
chromosome16	415721
chromosome16	415936
chromosome16	416126
chromosome16	416326
chromosome16	416491
chromosome16	416631
chromosome16	416871
chromosome16	416991
chromosome16	417187
chromosome16	417420
chromosome16	417619
chromosome16	417882
chromosome16	418356
chromosome16	418490
chromosome16	418653
chromosome16	418834
chromosome16	419036
chromosome16	419188
chromosome16	419475
chromosome16	419654
chromosome16	419804
chromosome16	419937
chromosome16	420178
chromosome16	420342
chromosome16	420713
chromosome16	420871
chromosome16	421045
chromosome16	421235
chromosome16	421661
chromosome16	421874
chromosome16	422123
chromosome16	422342
chromosome16	422555
chromosome16	422727
chromosome16	422941
chromosome16	423239
chromosome16	423416
chromosome16	423611
chromosome16	423853
chromosome16	424041
chromosome16	424157
chromosome16	424368
chromosome16	424536
chromosome16	424652
chromosome16	424837
chromosome16	424994
chromosome16	425201
chromosome16	425435
chromosome16	425554
chromosome16	425700
chromosome16	425835
chromosome16	425997
chromosome16	426186
chromosome16	426426
chromosome16	426572
chromosome16	426789
chromosome16	426963
chromosome16	427159
chromosome16	427375
chromosome16	427887
chromosome16	428120
chromosome16	428303
chromosome16	428545
chromosome16	428839
chromosome16	428939
chromosome16	429123
chromosome16	429235
chromosome16	429394
chromosome16	429548
chromosome16	429864
chromosome16	430023
chromosome16	430210
chromosome16	430413
chromosome16	430755
chromosome16	430961
chromosome16	431130
chromosome16	431383
chromosome16	431558
chromosome16	431675
chromosome16	431826
chromosome16	431964
chromosome16	432119
chromosome16	432358
chromosome16	432455
chromosome16	432720
chromosome16	432967
chromosome16	433286
chromosome16	433551
chromosome16	433766
chromosome16	434096
chromosome16	434538
chromosome16	434790
chromosome16	435035
chromosome16	435294
chromosome16	435599
chromosome16	435794
chromosome16	443372
chromosome16	443499
chromosome16	443623
chromosome16	443925
chromosome16	444068
chromosome16	444232
chromosome16	444460
chromosome16	444603
chromosome16	444843
chromosome16	445290
chromosome16	445419
chromosome16	445985
chromosome16	446281
chromosome16	446580
chromosome16	446915
chromosome16	447159
chromosome16	447423
chromosome16	447839
chromosome16	448097
chromosome16	448411
chromosome16	448694
chromosome16	449028
chromosome16	449252
chromosome16	449592
chromosome16	449832
chromosome16	450095
chromosome16	450728
chromosome16	450904
chromosome16	451069
chromosome16	451198
chromosome16	451646
chromosome16	451786
chromosome16	451945
chromosome16	452091
chromosome16	452323
chromosome16	452536
chromosome16	452790
chromosome16	452955
chromosome16	453175
chromosome16	453373
chromosome16	453789
chromosome16	453947
chromosome16	454121
chromosome16	454299
chromosome16	454598
chromosome16	454774
chromosome16	454929
chromosome16	455072
chromosome16	455291
chromosome16	455965
chromosome16	456165
chromosome16	456319
chromosome16	456578
chromosome16	457167
chromosome16	457373
chromosome16	457685
chromosome16	457937
chromosome16	458089
chromosome16	458354
chromosome16	458510
chromosome16	458887
chromosome16	459059
chromosome16	459822
chromosome16	459966
chromosome16	460286
chromosome16	460866
chromosome16	461131
chromosome16	461382
chromosome16	461621
chromosome16	462425
chromosome16	462631
chromosome16	462772
chromosome16	462956
chromosome16	463108
chromosome16	463324
chromosome16	463485
chromosome16	463681
chromosome16	463808
chromosome16	463957
chromosome16	464098
chromosome16	464209
chromosome16	464384
chromosome16	464535
chromosome16	464718
chromosome16	464947
chromosome16	465128
chromosome16	465339
chromosome16	465601
chromosome16	465880
chromosome16	466043
chromosome16	466243
chromosome16	466375
chromosome16	466563
chromosome16	466769
chromosome16	467134
chromosome16	467314
chromosome16	467528
chromosome16	467705
chromosome16	467886
chromosome16	468134
chromosome16	468286
chromosome16	468471
chromosome16	468640
chromosome16	468819
chromosome16	469070
chromosome16	469282
chromosome16	469440
chromosome16	469650
chromosome16	469966
chromosome16	470196
chromosome16	470439
chromosome16	470734
chromosome16	470973
chromosome16	471156
chromosome16	471432
chromosome16	471724
chromosome16	471969
chromosome16	472114
chromosome16	472222
chromosome16	472361
chromosome16	473085
chromosome16	473337
chromosome16	473512
chromosome16	473748
chromosome16	474009
chromosome16	474229
chromosome16	474444
chromosome16	474677
chromosome16	474887
chromosome16	475181
chromosome16	475421
chromosome16	475628
chromosome16	475758
chromosome16	475912
chromosome16	476056
chromosome16	476196
chromosome16	476344
chromosome16	476487
chromosome16	476681
chromosome16	476847
chromosome16	477015
chromosome16	477203
chromosome16	477372
chromosome16	477534
chromosome16	477717
chromosome16	477950
chromosome16	478095
chromosome16	478294
chromosome16	478490
chromosome16	478697
chromosome16	478876
chromosome16	479028
chromosome16	479214
chromosome16	479368
chromosome16	479491
chromosome16	479657
chromosome16	479806
chromosome16	479945
chromosome16	480136
chromosome16	480600
chromosome16	480756
chromosome16	480933
chromosome16	481508
chromosome16	481809
chromosome16	482013
chromosome16	482149
chromosome16	482264
chromosome16	482421
chromosome16	482528
chromosome16	482656
chromosome16	482932
chromosome16	483178
chromosome16	483451
chromosome16	483679
chromosome16	483847
chromosome16	484039
chromosome16	484249
chromosome16	484415
chromosome16	484601
chromosome16	484870
chromosome16	485051
chromosome16	485272
chromosome16	485580
chromosome16	485806
chromosome16	486484
chromosome16	486663
chromosome16	486854
chromosome16	487003
chromosome16	487188
chromosome16	487563
chromosome16	487721
chromosome16	487935
chromosome16	488177
chromosome16	488330
chromosome16	488976
chromosome16	489159
chromosome16	489328
chromosome16	489555
chromosome16	489684
chromosome16	489856
chromosome16	490047
chromosome16	490297
chromosome16	490501
chromosome16	490708
chromosome16	490877
chromosome16	491051
chromosome16	491164
chromosome16	491399
chromosome16	491550
chromosome16	492030
chromosome16	492231
chromosome16	492476
chromosome16	492695
chromosome16	492909
chromosome16	493045
chromosome16	493153
chromosome16	493265
chromosome16	493355
chromosome16	493516
chromosome16	493677
chromosome16	493835
chromosome16	493948
chromosome16	494151
chromosome16	494299
chromosome16	494472
chromosome16	494704
chromosome16	494988
chromosome16	495236
chromosome16	495509
chromosome16	495666
chromosome16	495942
chromosome16	496157
chromosome16	496382
chromosome16	496628
chromosome16	496895
chromosome16	497142
chromosome16	497347
chromosome16	497560
chromosome16	497773
chromosome16	497937
chromosome16	498056
chromosome16	498318
chromosome16	498572
chromosome16	498875
chromosome16	499118
chromosome16	499438
chromosome16	499578
chromosome16	499739
chromosome16	499909
chromosome16	500066
chromosome16	500268
chromosome16	500436
chromosome16	500572
chromosome16	500774
chromosome16	500939
chromosome16	501173
chromosome16	501341
chromosome16	501560
chromosome16	501761
chromosome16	502021
chromosome16	502177
chromosome16	502857
chromosome16	503160
chromosome16	503726
chromosome16	503960
chromosome16	504201
chromosome16	504368
chromosome16	504582
chromosome16	504835
chromosome16	505147
chromosome16	505320
chromosome16	505539
chromosome16	505749
chromosome16	505937
chromosome16	506192
chromosome16	506400
chromosome16	506561
chromosome16	506726
chromosome16	506870
chromosome16	507051
chromosome16	507248
chromosome16	507472
chromosome16	507767
chromosome16	507981
chromosome16	508317
chromosome16	508553
chromosome16	508712
chromosome16	508976
chromosome16	509192
chromosome16	509480
chromosome16	509717
chromosome16	509945
chromosome16	510837
chromosome16	510990
chromosome16	511154
chromosome16	511312
chromosome16	511470
chromosome16	512561
chromosome16	512846
chromosome16	513592
chromosome16	513757
chromosome16	513928
chromosome16	514076
chromosome16	514276
chromosome16	514641
chromosome16	514856
chromosome16	515126
chromosome16	515304
chromosome16	515579
chromosome16	515777
chromosome16	516113
chromosome16	516289
chromosome16	516507
chromosome16	516815
chromosome16	516984
chromosome16	517192
chromosome16	517391
chromosome16	517547
chromosome16	517726
chromosome16	517980
chromosome16	518157
chromosome16	518408
chromosome16	518583
chromosome16	518808
chromosome16	518981
chromosome16	519196
chromosome16	519344
chromosome16	519490
chromosome16	519702
chromosome16	519823
chromosome16	520012
chromosome16	520207
chromosome16	520374
chromosome16	520511
chromosome16	521345
chromosome16	521501
chromosome16	521707
chromosome16	521923
chromosome16	522604
chromosome16	522768
chromosome16	523005
chromosome16	523241
chromosome16	523420
chromosome16	523556
chromosome16	523749
chromosome16	524219
chromosome16	524476
chromosome16	525133
chromosome16	525249
chromosome16	525404
chromosome16	525539
chromosome16	525798
chromosome16	525998
chromosome16	526189
chromosome16	526340
chromosome16	526539
chromosome16	526782
chromosome16	526975
chromosome16	527128
chromosome16	527283
chromosome16	527485
chromosome16	527625
chromosome16	527792
chromosome16	528014
chromosome16	528380
chromosome16	528548
chromosome16	528688
chromosome16	529216
chromosome16	529402
chromosome16	529591
chromosome16	529756
chromosome16	530022
chromosome16	530205
chromosome16	530409
chromosome16	530598
chromosome16	530841
chromosome16	530998
chromosome16	531220
chromosome16	531420
chromosome16	531629
chromosome16	531844
chromosome16	532064
chromosome16	532316
chromosome16	532511
chromosome16	532772
chromosome16	533014
chromosome16	533304
chromosome16	533757
chromosome16	533924
chromosome16	534180
chromosome16	534445
chromosome16	534641
chromosome16	534783
chromosome16	534964
chromosome16	535161
chromosome16	535437
chromosome16	535817
chromosome16	536009
chromosome16	536185
chromosome16	536431
chromosome16	536598
chromosome16	536928
chromosome16	537150
chromosome16	537413
chromosome16	537577
chromosome16	537768
chromosome16	538004
chromosome16	538177
chromosome16	538381
chromosome16	538605
chromosome16	538832
chromosome16	539087
chromosome16	539219
chromosome16	539357
chromosome16	539601
chromosome16	539813
chromosome16	539954
chromosome16	540170
chromosome16	540329
chromosome16	540890
chromosome16	541283
chromosome16	541490
chromosome16	541758
chromosome16	541956
chromosome16	542292
chromosome16	542495
chromosome16	542700
chromosome16	542975
chromosome16	543223
chromosome16	543417
chromosome16	543642
chromosome16	543853
chromosome16	544016
chromosome16	544178
chromosome16	544343
chromosome16	544479
chromosome16	544673
chromosome16	544873
chromosome16	545174
chromosome16	545407
chromosome16	545573
chromosome16	545786
chromosome16	546029
chromosome16	546256
chromosome16	546572
chromosome16	546824
chromosome16	547051
chromosome16	547351
chromosome16	547624
chromosome16	547885
chromosome16	548234
chromosome16	548472
chromosome16	548680
chromosome16	548908
chromosome16	549131
chromosome16	549374
chromosome16	549656
chromosome16	549860
chromosome16	550099
chromosome16	550313
chromosome16	550755
chromosome16	551092
chromosome16	551427
chromosome16	551676
chromosome16	551795
chromosome16	552004
chromosome16	552226
chromosome16	552458
chromosome16	552647
chromosome16	552856
chromosome16	553050
chromosome16	553217
chromosome16	553593
chromosome16	553875
chromosome16	554146
chromosome16	554361
chromosome16	554562
chromosome16	554739
chromosome16	554900
chromosome16	555082
chromosome16	555261
chromosome16	555442
chromosome16	556381
chromosome16	556510
chromosome16	556672
chromosome16	556842
chromosome16	557039
chromosome16	557244
chromosome16	557421
chromosome16	557616
chromosome16	558358
chromosome16	558574
chromosome16	558784
chromosome16	559038
chromosome16	559261
chromosome16	559537
chromosome16	559746
chromosome16	559925
chromosome16	561556
chromosome16	561716
chromosome16	561995
chromosome16	562176
chromosome16	562431
chromosome16	562683
chromosome16	563015
chromosome16	563256
chromosome16	563496
chromosome16	563807
chromosome16	564064
chromosome16	564306
chromosome16	564482
chromosome16	564682
chromosome16	564850
chromosome16	565223
chromosome16	565417
chromosome16	565603
chromosome16	565763
chromosome16	565948
chromosome16	566123
chromosome16	566305
chromosome16	566455
chromosome16	566659
chromosome16	566908
chromosome16	567076
chromosome16	567278
chromosome16	567557
chromosome16	567780
chromosome16	568012
chromosome16	568235
chromosome16	568437
chromosome16	568736
chromosome16	568917
chromosome16	569102
chromosome16	569302
chromosome16	569482
chromosome16	569710
chromosome16	570016
chromosome16	570230
chromosome16	570390
chromosome16	570538
chromosome16	570728
chromosome16	570943
chromosome16	572285
chromosome16	572777
chromosome16	573191
chromosome16	573428
chromosome16	573664
chromosome16	573887
chromosome16	574103
chromosome16	574341
chromosome16	574524
chromosome16	574709
chromosome16	574882
chromosome16	575104
chromosome16	575377
chromosome16	575512
chromosome16	575767
chromosome16	575967
chromosome16	576224
chromosome16	576425
chromosome16	576629
chromosome16	576786
chromosome16	576985
chromosome16	577146
chromosome16	577545
chromosome16	577776
chromosome16	578146
chromosome16	578446
chromosome16	578773
chromosome16	579224
chromosome16	579497
chromosome16	579865
chromosome16	580145
chromosome16	580390
chromosome16	580699
chromosome16	581014
chromosome16	581237
chromosome16	581832
chromosome16	582122
chromosome16	582772
chromosome16	582925
chromosome16	583105
chromosome16	583312
chromosome16	583504
chromosome16	583733
chromosome16	584033
chromosome16	584348
chromosome16	584475
chromosome16	584643
chromosome16	584861
chromosome16	585010
chromosome16	585321
chromosome16	585485
chromosome16	585621
chromosome16	585786
chromosome16	585970
chromosome16	586140
chromosome16	586291
chromosome16	586462
chromosome16	586595
chromosome16	586773
chromosome16	586917
chromosome16	587073
chromosome16	587201
chromosome16	587377
chromosome16	587541
chromosome16	587751
chromosome16	587916
chromosome16	588073
chromosome16	588277
chromosome16	588442
chromosome16	588587
chromosome16	588758
chromosome16	588900
chromosome16	589022
chromosome16	589134
chromosome16	589272
chromosome16	589468
chromosome16	589623
chromosome16	589818
chromosome16	590079
chromosome16	590331
chromosome16	590487
chromosome16	590626
chromosome16	590784
chromosome16	590958
chromosome16	591270
chromosome16	591415
chromosome16	591550
chromosome16	591863
chromosome16	591984
chromosome16	592413
chromosome16	592722
chromosome16	593082
chromosome16	593358
chromosome16	593516
chromosome16	593674
chromosome16	593839
chromosome16	593963
chromosome16	594083
chromosome16	594216
chromosome16	594376
chromosome16	594565
chromosome16	594725
chromosome16	594870
chromosome16	595140
chromosome16	595387
chromosome16	595585
chromosome16	595829
chromosome16	596013
chromosome16	596248
chromosome16	596421
chromosome16	596561
chromosome16	596756
chromosome16	596963
chromosome16	597257
chromosome16	597520
chromosome16	597859
chromosome16	598160
chromosome16	598400
chromosome16	598765
chromosome16	599040
chromosome16	599284
chromosome16	599548
chromosome16	599822
chromosome16	599992
chromosome16	600799
chromosome16	600907
chromosome16	601147
chromosome16	601343
chromosome16	601583
chromosome16	601846
chromosome16	603148
chromosome16	603286
chromosome16	603484
chromosome16	603684
chromosome16	603989
chromosome16	604214
chromosome16	604385
chromosome16	604555
chromosome16	604773
chromosome16	604928
chromosome16	605099
chromosome16	605344
chromosome16	605597
chromosome16	605814
chromosome16	606016
chromosome16	606144
chromosome16	606491
chromosome16	606622
chromosome16	606917
chromosome16	607098
chromosome16	607600
chromosome16	608050
chromosome16	608182
chromosome16	608364
chromosome16	608697
chromosome16	608816
chromosome16	609033
chromosome16	609210
chromosome16	609376
chromosome16	609523
chromosome16	609648
chromosome16	609842
chromosome16	610050
chromosome16	610248
chromosome16	610394
chromosome16	610526
chromosome16	610662
chromosome16	610834
chromosome16	611092
chromosome16	611361
chromosome16	611698
chromosome16	611974
chromosome16	612254
chromosome16	612572
chromosome16	612758
chromosome16	612912
chromosome16	613048
chromosome16	613515
chromosome16	613638
chromosome16	613884
chromosome16	614104
chromosome16	614326
chromosome16	614471
chromosome16	614609
chromosome16	614736
chromosome16	614864
chromosome16	615010
chromosome16	615409
chromosome16	615625
chromosome16	615867
chromosome16	616080
chromosome16	616290
chromosome16	616474
chromosome16	616812
chromosome16	617040
chromosome16	617325
chromosome16	617550
chromosome16	617848
chromosome16	618141
chromosome16	618345
chromosome16	618568
chromosome16	618778
chromosome16	619292
chromosome16	619457
chromosome16	620116
chromosome16	620701
chromosome16	620876
chromosome16	621117
chromosome16	621341
chromosome16	621456
chromosome16	621609
chromosome16	621720
chromosome16	622021
chromosome16	622127
chromosome16	622243
chromosome16	622362
chromosome16	622459
chromosome16	622724
chromosome16	622921
chromosome16	623067
chromosome16	623496
chromosome16	623821
chromosome16	624046
chromosome16	624338
chromosome16	624534
chromosome16	624682
chromosome16	624838
chromosome16	625001
chromosome16	625174
chromosome16	625358
chromosome16	625761
chromosome16	625990
chromosome16	626122
chromosome16	626352
chromosome16	626571
chromosome16	626764
chromosome16	626969
chromosome16	627104
chromosome16	627257
chromosome16	627365
chromosome16	627446
chromosome16	627597
chromosome16	627759
chromosome16	627906
chromosome16	628042
chromosome16	628168
chromosome16	628301
chromosome16	628499
chromosome16	628626
chromosome16	628761
chromosome16	628913
chromosome16	629165
chromosome16	629361
chromosome16	629519
chromosome16	629670
chromosome16	629837
chromosome16	630004
chromosome16	630218
chromosome16	630383
chromosome16	630573
chromosome16	630752
chromosome16	630916
chromosome16	631050
chromosome16	631494
chromosome16	631658
chromosome16	631846
chromosome16	631999
chromosome16	632223
chromosome16	632483
chromosome16	632792
chromosome16	632993
chromosome16	633177
chromosome16	633504
chromosome16	633674
chromosome16	634465
chromosome16	634682
chromosome16	634919
chromosome16	635124
chromosome16	635307
chromosome16	635513
chromosome16	635766
chromosome16	635956
chromosome16	636120
chromosome16	636339
chromosome16	636556
chromosome16	636734
chromosome16	636918
chromosome16	637065
chromosome16	637468
chromosome16	637688
chromosome16	637937
chromosome16	638155
chromosome16	638415
chromosome16	638722
chromosome16	638951
chromosome16	639095
chromosome16	639241
chromosome16	639347
chromosome16	639488
chromosome16	639654
chromosome16	639824
chromosome16	640031
chromosome16	640266
chromosome16	640427
chromosome16	640630
chromosome16	640900
chromosome16	641059
chromosome16	641400
chromosome16	641518
chromosome16	641655
chromosome16	642393
chromosome16	642717
chromosome16	643018
chromosome16	643827
chromosome16	644057
chromosome16	644291
chromosome16	644456
chromosome16	644731
chromosome16	644978
chromosome16	645267
chromosome16	645409
chromosome16	645723
chromosome16	645846
chromosome16	645958
chromosome16	646483
chromosome16	646664
chromosome16	646838
chromosome16	647068
chromosome16	647216
chromosome16	647360
chromosome16	647547
chromosome16	647729
chromosome16	647940
chromosome16	648168
chromosome16	648379
chromosome16	648826
chromosome16	649156
chromosome16	649363
chromosome16	649597
chromosome16	649897
chromosome16	650893
chromosome16	651044
chromosome16	651288
chromosome16	651603
chromosome16	651917
chromosome16	652074
chromosome16	652234
chromosome16	652397
chromosome16	652581
chromosome16	652721
chromosome16	652892
chromosome16	653069
chromosome16	653270
chromosome16	653426
chromosome16	653559
chromosome16	653760
chromosome16	653912
chromosome16	654089
chromosome16	654216
chromosome16	654345
chromosome16	654435
chromosome16	654614
chromosome16	655640
chromosome16	655866
chromosome16	656048
chromosome16	656205
chromosome16	656405
chromosome16	656579
chromosome16	656740
chromosome16	656873
chromosome16	657047
chromosome16	657189
chromosome16	657545
chromosome16	657756
chromosome16	657943
chromosome16	658117
chromosome16	658323
chromosome16	658605
chromosome16	658833
chromosome16	659021
chromosome16	659170
chromosome16	659370
chromosome16	659543
chromosome16	659728
chromosome16	659917
chromosome16	660065
chromosome16	660291
chromosome16	660531
chromosome16	660913
chromosome16	661356
chromosome16	661504
chromosome16	661692
chromosome16	661825
chromosome16	662021
chromosome16	662184
chromosome16	662320
chromosome16	662509
chromosome16	662685
chromosome16	662995
chromosome16	663474
chromosome16	663663
chromosome16	663849
chromosome16	664044
chromosome16	664222
chromosome16	664408
chromosome16	664626
chromosome16	664782
chromosome16	664929
chromosome16	665129
chromosome16	665337
chromosome16	665786
chromosome16	666066
chromosome16	666268
chromosome16	666441
chromosome16	666586
chromosome16	666837
chromosome16	667035
chromosome16	667212
chromosome16	667375
chromosome16	667521
chromosome16	667647
chromosome16	667861
chromosome16	668234
chromosome16	668717
chromosome16	668974
chromosome16	669140
chromosome16	669382
chromosome16	669800
chromosome16	670041
chromosome16	670240
chromosome16	670502
chromosome16	670662
chromosome16	670815
chromosome16	671145
chromosome16	671410
chromosome16	671634
chromosome16	671887
chromosome16	672289
chromosome16	672484
chromosome16	672645
chromosome16	672824
chromosome16	672948
chromosome16	673139
chromosome16	673322
chromosome16	673466
chromosome16	673624
chromosome16	673814
chromosome16	674053
chromosome16	674290
chromosome16	674444
chromosome16	674654
chromosome16	674892
chromosome16	675104
chromosome16	676185
chromosome16	676368
chromosome16	676539
chromosome16	676706
chromosome16	676873
chromosome16	676980
chromosome16	677163
chromosome16	677486
chromosome16	677688
chromosome16	677817
chromosome16	677977
chromosome16	678232
chromosome16	678398
chromosome16	678556
chromosome16	678725
chromosome16	678860
chromosome16	679015
chromosome16	679166
chromosome16	679345
chromosome16	679731
chromosome16	679899
chromosome16	680083
chromosome16	680242
chromosome16	680348
chromosome16	680511
chromosome16	680684
chromosome16	681366
chromosome16	681542
chromosome16	681777
chromosome16	682023
chromosome16	682183
chromosome16	682347
chromosome16	682540
chromosome16	682708
chromosome16	682888
chromosome16	683101
chromosome16	683372
chromosome16	683601
chromosome16	683804
chromosome16	683980
chromosome16	684139
chromosome16	684340
chromosome16	684937
chromosome16	685231
chromosome16	685471
chromosome16	685685
chromosome16	685893
chromosome16	686219
chromosome16	686511
chromosome16	686965
chromosome16	687134
chromosome16	687335
chromosome16	687565
chromosome16	687681
chromosome16	687783
chromosome16	687916
chromosome16	688196
chromosome16	688302
chromosome16	688449
chromosome16	688634
chromosome16	688765
chromosome16	689080
chromosome16	689758
chromosome16	689906
chromosome16	690052
chromosome16	690301
chromosome16	690631
chromosome16	690875
chromosome16	691021
chromosome16	691234
chromosome16	691746
chromosome16	692054
chromosome16	692247
chromosome16	692433
chromosome16	692852
chromosome16	693111
chromosome16	693347
chromosome16	693636
chromosome16	693876
chromosome16	694126
chromosome16	694403
chromosome16	694614
chromosome16	694861
chromosome16	695021
chromosome16	695179
chromosome16	695462
chromosome16	695737
chromosome16	695912
chromosome16	696094
chromosome16	696332
chromosome16	696531
chromosome16	696761
chromosome16	696924
chromosome16	697106
chromosome16	697272
chromosome16	697444
chromosome16	697597
chromosome16	697738
chromosome16	697918
chromosome16	698028
chromosome16	698199
chromosome16	698828
chromosome16	698990
chromosome16	699134
chromosome16	699295
chromosome16	699558
chromosome16	699754
chromosome16	699928
chromosome16	700042
chromosome16	700591
chromosome16	702222
chromosome16	702386
chromosome16	702564
chromosome16	702697
chromosome16	702877
chromosome16	703047
chromosome16	703232
chromosome16	703408
chromosome16	703563
chromosome16	703767
chromosome16	703943
chromosome16	704123
chromosome16	704329
chromosome16	704552
chromosome16	704840
chromosome16	705009
chromosome16	705250
chromosome16	705395
chromosome16	705633
chromosome16	705849
chromosome16	706039
chromosome16	706218
chromosome16	706375
chromosome16	706551
chromosome16	706750
chromosome16	706897
chromosome16	707085
chromosome16	707313
chromosome16	707433
chromosome16	707703
chromosome16	707895
chromosome16	708114
chromosome16	708590
chromosome16	708729
chromosome16	708887
chromosome16	709085
chromosome16	709317
chromosome16	709547
chromosome16	709791
chromosome16	709926
chromosome16	710183
chromosome16	710490
chromosome16	710802
chromosome16	711123
chromosome16	711595
chromosome16	711973
chromosome16	712273
chromosome16	712563
chromosome16	712881
chromosome16	713091
chromosome16	713310
chromosome16	713435
chromosome16	713627
chromosome16	713826
chromosome16	714013
chromosome16	714230
chromosome16	714462
chromosome16	714660
chromosome16	714857
chromosome16	715143
chromosome16	715312
chromosome16	715530
chromosome16	715729
chromosome16	715879
chromosome16	716395
chromosome16	716532
chromosome16	716684
chromosome16	716861
chromosome16	717039
chromosome16	717332
chromosome16	717545
chromosome16	717778
chromosome16	717961
chromosome16	718155
chromosome16	718287
chromosome16	718484
chromosome16	718643
chromosome16	718879
chromosome16	719071
chromosome16	719286
chromosome16	719414
chromosome16	719602
chromosome16	719753
chromosome16	719912
chromosome16	720064
chromosome16	720199
chromosome16	720413
chromosome16	720591
chromosome16	720869
chromosome16	721304
chromosome16	721575
chromosome16	721757
chromosome16	721954
chromosome16	722168
chromosome16	722590
chromosome16	722771
chromosome16	722945
chromosome16	723152
chromosome16	723325
chromosome16	723524
chromosome16	723641
chromosome16	723799
chromosome16	723988
chromosome16	724200
chromosome16	724345
chromosome16	724522
chromosome16	724709
chromosome16	724880
chromosome16	725015
chromosome16	725192
chromosome16	725366
chromosome16	725529
chromosome16	725738
chromosome16	725975
chromosome16	726187
chromosome16	726365
chromosome16	726547
chromosome16	726752
chromosome16	726976
chromosome16	727125
chromosome16	727319
chromosome16	727476
chromosome16	727644
chromosome16	727817
chromosome16	728067
chromosome16	728317
chromosome16	729121
chromosome16	729298
chromosome16	729540
chromosome16	729698
chromosome16	729919
chromosome16	730203
chromosome16	730436
chromosome16	730605
chromosome16	730766
chromosome16	730925
chromosome16	731644
chromosome16	731892
chromosome16	732031
chromosome16	732124
chromosome16	732414
chromosome16	732549
chromosome16	732819
chromosome16	733154
chromosome16	733494
chromosome16	733593
chromosome16	733765
chromosome16	733914
chromosome16	734074
chromosome16	734225
chromosome16	734348
chromosome16	734593
chromosome16	734766
chromosome16	735030
chromosome16	735227
chromosome16	735441
chromosome16	735662
chromosome16	735810
chromosome16	735950
chromosome16	736076
chromosome16	736257
chromosome16	736410
chromosome16	736839
chromosome16	737050
chromosome16	737263
chromosome16	737473
chromosome16	737690
chromosome16	737908
chromosome16	738068
chromosome16	738235
chromosome16	738433
chromosome16	738558
chromosome16	738689
chromosome16	738829
chromosome16	738986
chromosome16	739146
chromosome16	739321
chromosome16	739470
chromosome16	739596
chromosome16	739710
chromosome16	739834
chromosome16	740022
chromosome16	740192
chromosome16	740286
chromosome16	740414
chromosome16	740526
chromosome16	740651
chromosome16	740787
chromosome16	740900
chromosome16	741020
chromosome16	741178
chromosome16	741315
chromosome16	741515
chromosome16	741663
chromosome16	741873
chromosome16	742047
chromosome16	742163
chromosome16	742378
chromosome16	742539
chromosome16	742675
chromosome16	742840
chromosome16	743023
chromosome16	743215
chromosome16	743347
chromosome16	743538
chromosome16	743747
chromosome16	743873
chromosome16	744460
chromosome16	744579
chromosome16	744677
chromosome16	744856
chromosome16	744980
chromosome16	745126
chromosome16	745279
chromosome16	745440
chromosome16	745956
chromosome16	746224
chromosome16	746480
chromosome16	746764
chromosome16	746972
chromosome16	747245
chromosome16	747415
chromosome16	747562
chromosome16	747779
chromosome16	748064
chromosome16	748292
chromosome16	748487
chromosome16	748694
chromosome16	748885
chromosome16	749454
chromosome16	749662
chromosome16	749883
chromosome16	750076
chromosome16	750260
chromosome16	750499
chromosome16	750734
chromosome16	750933
chromosome16	751124
chromosome16	751286
chromosome16	751449
chromosome16	751629
chromosome16	751858
chromosome16	752019
chromosome16	752242
chromosome16	752425
chromosome16	752653
chromosome16	752872
chromosome16	753024
chromosome16	753547
chromosome16	753720
chromosome16	753962
chromosome16	754185
chromosome16	754395
chromosome16	754548
chromosome16	754684
chromosome16	754854
chromosome16	755021
chromosome16	755183
chromosome16	755383
chromosome16	755592
chromosome16	755786
chromosome16	755944
chromosome16	756142
chromosome16	756346
chromosome16	756526
chromosome16	756676
chromosome16	756856
chromosome16	756995
chromosome16	757158
chromosome16	757334
chromosome16	757512
chromosome16	757669
chromosome16	757843
chromosome16	757993
chromosome16	758152
chromosome16	758300
chromosome16	758562
chromosome16	758702
chromosome16	758960
chromosome16	759140
chromosome16	759280
chromosome16	759471
chromosome16	759676
chromosome16	759858
chromosome16	760053
chromosome16	760251
chromosome16	760396
chromosome16	760604
chromosome16	760810
chromosome16	760973
chromosome16	761168
chromosome16	761308
chromosome16	761555
chromosome16	761792
chromosome16	761968
chromosome16	762187
chromosome16	762384
chromosome16	762553
chromosome16	762733
chromosome16	762973
chromosome16	763210
chromosome16	763429
chromosome16	763664
chromosome16	763891
chromosome16	764212
chromosome16	764489
chromosome16	764700
chromosome16	764942
chromosome16	765148
chromosome16	765323
chromosome16	765559
chromosome16	765811
chromosome16	766051
chromosome16	766285
chromosome16	766452
chromosome16	766685
chromosome16	766885
chromosome16	767145
chromosome16	767458
chromosome16	767770
chromosome16	767993
chromosome16	768149
chromosome16	768392
chromosome16	768671
chromosome16	768853
chromosome16	769247
chromosome16	770361
chromosome16	770509
chromosome16	770641
chromosome16	770780
chromosome16	770876
chromosome16	771021
chromosome16	771784
chromosome16	771961
chromosome16	772116
chromosome16	772420
chromosome16	772819
chromosome16	774016
chromosome16	774192
chromosome16	774523
chromosome16	774753
chromosome16	774964
chromosome16	775171
chromosome16	775363
chromosome16	775509
chromosome16	776452
chromosome16	781855
chromosome16	782002
chromosome16	782198
chromosome16	782460
chromosome16	782698
chromosome16	782864
chromosome16	783013
chromosome16	783196
chromosome16	783424
chromosome16	783810
chromosome16	783987
chromosome16	784220
chromosome16	784457
chromosome16	784624
chromosome16	784845
chromosome16	785051
chromosome16	785246
chromosome16	785474
chromosome16	785693
chromosome16	785889
chromosome16	786045
chromosome16	786265
chromosome16	786769
chromosome16	787081
chromosome16	787273
chromosome16	787510
chromosome16	787718
chromosome16	787904
chromosome16	788031
chromosome16	788183
chromosome16	788431
chromosome16	788716
chromosome16	788994
chromosome16	789281
chromosome16	789582
chromosome16	789742
chromosome16	790110
chromosome16	790345
chromosome16	790606
chromosome16	790795
chromosome16	790960
chromosome16	791238
chromosome16	791428
chromosome16	791680
chromosome16	791899
chromosome16	792175
chromosome16	792332
chromosome16	792471
chromosome16	792608
chromosome16	792845
chromosome16	793103
chromosome16	793246
chromosome16	793440
chromosome16	793693
chromosome16	793860
chromosome16	794073
chromosome16	794376
chromosome16	794540
chromosome16	794694
chromosome16	794778
chromosome16	794925
chromosome16	795139
chromosome16	795291
chromosome16	795527
chromosome16	796029
chromosome16	796228
chromosome16	796512
chromosome16	796832
chromosome16	796971
chromosome16	797090
chromosome16	797201
chromosome16	797334
chromosome16	797526
chromosome16	797736
chromosome16	798021
chromosome16	798233
chromosome16	798392
chromosome16	798542
chromosome16	798679
chromosome16	798845
chromosome16	798961
chromosome16	799134
chromosome16	799318
chromosome16	799536
chromosome16	799774
chromosome16	799948
chromosome16	800111
chromosome16	800295
chromosome16	800475
chromosome16	800626
chromosome16	800904
chromosome16	801086
chromosome16	801303
chromosome16	801549
chromosome16	801645
chromosome16	801838
chromosome16	802470
chromosome16	802634
chromosome16	802849
chromosome16	803030
chromosome16	803171
chromosome16	803420
chromosome16	803635
chromosome16	803861
chromosome16	804095
chromosome16	811013
chromosome16	811218
chromosome16	811392
chromosome16	811601
chromosome16	811857
chromosome16	812140
chromosome16	812424
chromosome16	812612
chromosome16	813022
chromosome16	813237
chromosome16	813380
chromosome16	813573
chromosome16	813729
chromosome16	813915
chromosome16	814112
chromosome16	814555
chromosome16	814846
chromosome16	815069
chromosome16	815295
chromosome16	815516
chromosome16	815788
chromosome16	816112
chromosome16	816520
chromosome16	816817
chromosome16	817024
chromosome16	817245
chromosome16	817666
chromosome16	817790
chromosome16	817900
chromosome16	818197
chromosome16	818421
chromosome16	818689
chromosome16	818857
chromosome16	819797
chromosome16	819960
chromosome16	820138
chromosome16	820277
chromosome16	820545
chromosome16	820721
chromosome16	820887
chromosome16	821008
chromosome16	821172
chromosome16	821272
chromosome16	821415
chromosome16	821593
chromosome16	821736
chromosome16	821984
chromosome16	822097
chromosome16	822218
chromosome16	822323
chromosome16	822458
chromosome16	822578
chromosome16	822754
chromosome16	822917
chromosome16	823153
chromosome16	823326
chromosome16	823480
chromosome16	823657
chromosome16	823824
chromosome16	824059
chromosome16	824609
chromosome16	824699
chromosome16	824827
chromosome16	825054
chromosome16	825169
chromosome16	825320
chromosome16	825548
chromosome16	825708
chromosome16	825831
chromosome16	826105
chromosome16	826350
chromosome16	826496
chromosome16	826670
chromosome16	826888
chromosome16	827038
chromosome16	827231
chromosome16	827417
chromosome16	827694
chromosome16	827847
chromosome16	827991
chromosome16	828149
chromosome16	828269
chromosome16	828381
chromosome16	828507
chromosome16	828634
chromosome16	828784
chromosome16	828928
chromosome16	829050
chromosome16	829168
chromosome16	829318
chromosome16	829483
chromosome16	830076
chromosome16	830310
chromosome16	831251
chromosome16	831365
chromosome16	831526
chromosome16	831663
chromosome16	831785
chromosome16	831928
chromosome16	832056
chromosome16	832160
chromosome16	832265
chromosome16	832370
chromosome16	832511
chromosome16	832657
chromosome16	832790
chromosome16	832993
chromosome16	833103
chromosome16	833236
chromosome16	833370
chromosome16	833507
chromosome16	833673
chromosome16	833804
chromosome16	833960
chromosome16	834086
chromosome16	834236
chromosome16	834371
chromosome16	834496
chromosome16	834610
chromosome16	834754
chromosome16	834876
chromosome16	834985
chromosome16	835562
chromosome16	835681
chromosome16	835840
chromosome16	836037
chromosome16	836238
chromosome16	836372
chromosome16	836498
chromosome16	836628
chromosome16	836757
chromosome16	836893
chromosome16	837027
chromosome16	837185
chromosome16	837371
chromosome16	839352
chromosome16	839547
chromosome16	839677
chromosome16	840009
chromosome16	840147
chromosome16	840301
chromosome16	840443
chromosome16	840916
chromosome16	841117
chromosome16	841241
chromosome16	841363
chromosome16	841490
chromosome16	841625
chromosome16	841736
chromosome16	841905
chromosome16	842080
chromosome16	842365
chromosome16	842883
chromosome16	843061
chromosome16	843298
chromosome16	843501
chromosome16	843702
chromosome16	843877
chromosome16	844028
chromosome16	857276
chromosome16	857445
chromosome16	857654
chromosome16	857825
chromosome16	858013
chromosome16	858223
chromosome16	858484
chromosome16	858770
chromosome16	859142
chromosome16	859562
chromosome16	859784
chromosome16	860523
chromosome16	860736
chromosome16	860888
chromosome16	861031
chromosome16	861161
chromosome16	861449
chromosome16	861743
chromosome16	862100
chromosome16	862355
chromosome16	862644
chromosome16	862970
chromosome16	863257
chromosome16	863603
chromosome16	863807
chromosome16	864051
chromosome16	864306
chromosome16	864507
chromosome16	864721
chromosome16	864897
chromosome16	865046
chromosome16	865223
chromosome16	865461
chromosome16	865757
chromosome16	866037
chromosome16	866342
chromosome16	866495
chromosome16	866640
chromosome16	866903
chromosome16	867168
chromosome16	867326
chromosome16	867461
chromosome16	867709
chromosome16	867915
chromosome16	868125
chromosome16	868696
chromosome16	868906
chromosome16	869408
chromosome16	869743
chromosome16	870050
chromosome16	870266
chromosome16	870399
chromosome16	870525
chromosome16	870674
chromosome16	870877
chromosome16	871079
chromosome16	871222
chromosome16	871398
chromosome16	871752
chromosome16	871980
chromosome16	872175
chromosome16	872469
chromosome16	872660
chromosome16	872840
chromosome16	872985
chromosome16	873117
chromosome16	873267
chromosome16	873402
chromosome16	873934
chromosome16	874082
chromosome16	874272
chromosome16	874450
chromosome16	874627
chromosome16	874812
chromosome16	875069
chromosome16	875763
chromosome16	876060
chromosome16	876498
chromosome16	876732
chromosome16	876906
chromosome16	877122
chromosome16	877326
chromosome16	877555
chromosome16	877845
chromosome16	877988
chromosome16	878182
chromosome16	878498
chromosome16	878737
chromosome16	878914
chromosome16	879094
chromosome16	879229
chromosome16	879454
chromosome16	879629
chromosome16	879866
chromosome16	880012
chromosome16	881117
chromosome16	881299
chromosome16	881442
chromosome16	881706
chromosome16	881821
chromosome16	881979
chromosome16	882097
chromosome16	882220
chromosome16	882374
chromosome16	882562
chromosome16	882761
chromosome16	882895
chromosome16	883007
chromosome16	883200
chromosome16	883430
chromosome16	883893
chromosome16	884070
chromosome16	884302
chromosome16	884511
chromosome16	884679
chromosome16	884875
chromosome16	885024
chromosome16	885175
chromosome16	885338
chromosome16	885506
chromosome16	885696
chromosome16	885823
chromosome16	886080
chromosome16	886308
chromosome16	886824
chromosome16	887193
chromosome16	887490
chromosome16	887745
chromosome16	888066
chromosome16	888286
chromosome16	888485
chromosome16	888652
chromosome16	888834
chromosome16	888981
chromosome16	889272
chromosome16	889430
chromosome16	889584
chromosome16	889756
chromosome16	889926
chromosome16	890177
chromosome16	890359
chromosome16	890560
chromosome16	890729
chromosome16	890947
chromosome16	891151
chromosome16	891346
chromosome16	891613
chromosome16	891791
chromosome16	892040
chromosome16	892257
chromosome16	892433
chromosome16	892626
chromosome16	892793
chromosome16	892940
chromosome16	893117
chromosome16	893454
chromosome16	893644
chromosome16	894011
chromosome16	894179
chromosome16	894339
chromosome16	894610
chromosome16	894799
chromosome16	895047
chromosome16	895241
chromosome16	895459
chromosome16	895738
chromosome16	895996
chromosome16	896262
chromosome16	896420
chromosome16	896606
chromosome16	896729
chromosome16	896968
chromosome16	897484
chromosome16	897937
chromosome16	898243
chromosome16	898432
chromosome16	898676
chromosome16	898927
chromosome16	899158
chromosome16	899412
chromosome16	899587
chromosome16	899781
chromosome16	899930
chromosome16	900003
chromosome16	900121
chromosome16	900286
chromosome16	900507
chromosome16	900674
chromosome16	900889
chromosome16	901099
chromosome16	901342
chromosome16	901546
chromosome16	901688
chromosome16	901777
chromosome16	901953
chromosome16	902098
chromosome16	902273
chromosome16	902466
chromosome16	902682
chromosome16	902929
chromosome16	903100
chromosome16	903224
chromosome16	903376
chromosome16	903583
chromosome16	903819
chromosome16	904009
chromosome16	904226
chromosome16	904421
chromosome16	904591
chromosome16	904776
chromosome16	904986
chromosome16	905213
chromosome16	905454
chromosome16	905589
chromosome16	905844
chromosome16	906015
chromosome16	906195
chromosome16	906363
chromosome16	906479
chromosome16	906682
chromosome16	907000
chromosome16	907148
chromosome16	907345
chromosome16	907564
chromosome16	907798
chromosome16	907949
chromosome16	908119
chromosome16	908321
chromosome16	908501
chromosome16	908725
chromosome16	908870
chromosome16	909017
chromosome16	909174
chromosome16	909928
chromosome16	910150
chromosome16	910345
chromosome16	910633
chromosome16	910834
chromosome16	911012
chromosome16	911446
chromosome16	911610
chromosome16	912056
chromosome16	912257
chromosome16	912461
chromosome16	912669
chromosome16	912850
chromosome16	913053
chromosome16	913226
chromosome16	913494
chromosome16	913687
chromosome16	913960
chromosome16	914169
chromosome16	914324
chromosome16	914546
chromosome16	914751
chromosome16	914962
chromosome16	915119
chromosome16	915273
chromosome16	915422
chromosome16	915571
chromosome16	915755
chromosome16	915973
chromosome16	916128
chromosome16	916302
chromosome16	916420
chromosome16	916601
chromosome16	916793
chromosome16	917119
chromosome16	917493
chromosome16	917712
chromosome16	917896
chromosome16	918068
chromosome16	918238
chromosome16	918413
chromosome16	918589
chromosome16	918763
chromosome16	918871
chromosome16	919055
chromosome16	919241
chromosome16	919362
chromosome16	919562
chromosome16	919775
chromosome16	919965
chromosome16	920132
chromosome16	920361
chromosome16	920791
chromosome16	920928
chromosome16	921065
chromosome16	921153
chromosome16	921287
chromosome16	921408
chromosome16	921492
chromosome16	921947
chromosome16	922100
chromosome16	922220
chromosome16	922348
chromosome16	922447
chromosome16	922554
chromosome16	922687
chromosome16	922801
chromosome16	923013
chromosome16	923175
chromosome16	923323
chromosome16	923439
chromosome16	923567
chromosome16	923693
chromosome16	923777
chromosome16	923904
chromosome16	923995
chromosome16	924179
chromosome16	924345
chromosome16	924517
chromosome16	924687
chromosome16	924892
chromosome16	925063
chromosome16	925292
chromosome16	925497
chromosome16	925619
chromosome16	925804
chromosome16	926041
chromosome16	926226
chromosome16	926414
chromosome16	926575
chromosome16	926753
chromosome16	926855
chromosome16	927746
chromosome16	927893
chromosome16	928000
chromosome16	928112
chromosome16	928268
chromosome16	928441
chromosome16	929423
chromosome16	929625
chromosome16	930397
chromosome16	930513
chromosome16	930818
chromosome16	930931
chromosome16	931065
chromosome16	931420
chromosome16	931669
chromosome16	931880
chromosome16	932021
chromosome16	932361
chromosome16	932657
